player_name,Team,W,L,SV,G,GS,IP,H,R,ER,HR,BB,SO,ERA,WHIP,K/9,BB/9,K%,BB%,K-BB%,FIP,xFIP,SIERA,SL%,CH%,KN%,SLv,CHv,KNv,vFA (pi),Barrel%,HardHit%,EV,LA,maxEV,GB%,FB%,LD%,IFFB%,Pull%,Cent%,Oppo%,Soft%,Med%,Hard%,HR/FB,xERA,xFIP,O-Swing%,Z-Swing%,Swing%,O-Contact%,Z-Contact%,Contact%,Zone%,F-Strike%,SwStr%,CStr%,CSW%,LOB%,HR/9,BABIP,FIP-,xFIP-,K/BB,WAR,RA9-WAR,RAR,Dollars,year
Aaron Nola,PHI,11,13,0,32,32,205.0,168,75,74,19,29,235,3.25,0.96,10.32,1.27,0.29100000000000004,0.036000000000000004,0.255,2.58,2.77,2.8,,0.145,,,86.0,,92.9,0.071,0.316,87.7,12.6,112.0,0.436,0.366,0.19899999999999998,0.062,0.42700000000000005,0.318,0.255,0.174,0.528,0.298,0.098,2.74,2.77,0.37,0.654,0.493,0.604,0.847,0.7440000000000001,0.43200000000000005,0.701,0.126,0.19699999999999998,0.324,0.73,0.83,0.289,64,70,8.1,6.3,5.5,55.6,$50.4,2022
Carlos Rodon,SFG,14,8,0,31,31,178.0,131,59,57,12,52,237,2.88,1.03,11.98,2.63,0.33399999999999996,0.073,0.261,2.25,2.91,2.83,0.31,0.02,,85.5,84.7,,95.5,0.065,0.397,89.0,19.4,112.5,0.341,0.446,0.213,0.13,0.345,0.36700000000000005,0.28800000000000003,0.177,0.53,0.293,0.065,2.64,2.91,0.344,0.698,0.49700000000000005,0.5760000000000001,0.807,0.716,0.431,0.615,0.141,0.16399999999999998,0.306,0.7509999999999999,0.61,0.293,59,73,4.56,6.2,5.3,54.5,$49.8,2022
Justin Verlander,HOU,18,4,0,28,28,175.0,116,43,34,12,29,185,1.75,0.83,9.51,1.49,0.278,0.044000000000000004,0.23399999999999999,2.49,3.23,3.09,0.28300000000000003,0.024,,87.5,86.3,,95.1,0.063,0.348,87.8,16.9,110.9,0.379,0.436,0.185,0.19699999999999998,0.33399999999999996,0.386,0.28,0.213,0.493,0.294,0.062,2.66,3.23,0.369,0.76,0.535,0.682,0.85,0.784,0.425,0.62,0.11599999999999999,0.15,0.265,0.805,0.62,0.24,63,82,6.38,6.1,7.0,52.1,$48.4,2022
Sandy Alcantara,MIA,14,9,0,32,32,228.2,174,67,58,16,50,207,2.28,0.98,8.15,1.97,0.23399999999999999,0.055999999999999994,0.177,2.99,3.29,3.42,0.221,0.27699999999999997,,90.0,91.8,,98.0,0.053,0.385,87.8,5.5,114.8,0.534,0.306,0.16,0.11699999999999999,0.408,0.363,0.22899999999999998,0.215,0.521,0.265,0.085,2.9,3.29,0.379,0.725,0.529,0.6459999999999999,0.8540000000000001,0.77,0.435,0.624,0.122,0.153,0.275,0.7879999999999999,0.63,0.262,75,83,4.14,5.9,8.5,53.0,$47.3,2022
Shohei Ohtani,LAA,15,9,0,28,28,166.0,124,45,43,14,44,219,2.33,1.01,11.87,2.39,0.332,0.067,0.265,2.4,2.65,2.73,0.39,,,85.4,,,97.4,0.063,0.332,87.1,14.5,113.3,0.419,0.38299999999999995,0.198,0.11900000000000001,0.39799999999999996,0.33,0.272,0.203,0.551,0.24600000000000002,0.09300000000000001,2.67,2.65,0.326,0.688,0.48700000000000004,0.48200000000000004,0.818,0.693,0.444,0.606,0.149,0.166,0.316,0.831,0.76,0.289,59,67,4.98,5.6,6.2,48.5,$44.7,2022
Kevin Gausman,TOR,12,10,0,31,31,174.2,188,72,65,15,28,205,3.35,1.24,10.56,1.44,0.28300000000000003,0.039,0.244,2.38,2.75,2.94,0.142,0.009000000000000001,,84.5,85.6,,94.9,0.081,0.385,89.0,12.2,116.6,0.392,0.361,0.24600000000000002,0.07400000000000001,0.36700000000000005,0.342,0.29100000000000004,0.159,0.5379999999999999,0.303,0.085,3.34,2.75,0.42700000000000005,0.737,0.557,0.584,0.831,0.721,0.419,0.68,0.155,0.14300000000000002,0.298,0.74,0.77,0.363,60,69,7.32,5.5,3.2,48.7,$44.4,2022
Max Fried,ATL,14,7,0,30,30,185.1,156,55,51,12,32,170,2.48,1.01,8.26,1.55,0.23199999999999998,0.044000000000000004,0.188,2.7,3.09,3.31,0.185,0.14,,87.4,86.6,,94.0,0.04,0.321,86.2,7.6,112.7,0.512,0.29600000000000004,0.192,0.091,0.397,0.34700000000000003,0.256,0.19899999999999998,0.556,0.245,0.078,2.85,3.09,0.368,0.701,0.495,0.636,0.861,0.758,0.38299999999999995,0.615,0.12,0.155,0.275,0.782,0.58,0.28,70,78,5.31,4.9,6.3,44.3,$39.3,2022
Spencer Strider,ATL,11,5,0,31,20,131.2,86,42,39,7,45,202,2.67,0.99,13.81,3.08,0.38299999999999995,0.085,0.297,1.83,2.3,2.41,0.282,0.048,,86.3,88.9,,98.1,0.061,0.36,88.0,14.0,111.4,0.40299999999999997,0.371,0.22699999999999998,0.107,0.313,0.392,0.295,0.183,0.514,0.302,0.068,2.4,2.3,0.345,0.6970000000000001,0.499,0.532,0.7909999999999999,0.69,0.43700000000000006,0.602,0.155,0.156,0.311,0.741,0.48,0.292,48,58,4.49,4.9,3.9,42.6,$38.9,2022
Shane Bieber,CLE,13,8,0,31,31,200.0,172,70,64,18,36,198,2.88,1.04,8.91,1.62,0.25,0.046,0.205,2.87,2.98,3.21,0.27899999999999997,0.024,,85.0,86.5,,91.5,0.07200000000000001,0.431,89.9,9.9,110.2,0.48200000000000004,0.315,0.204,0.064,0.431,0.341,0.22899999999999998,0.121,0.544,0.335,0.10400000000000001,3.51,2.98,0.348,0.69,0.495,0.479,0.882,0.721,0.43,0.66,0.138,0.175,0.314,0.758,0.81,0.287,73,75,5.5,4.8,5.1,42.9,$38.1,2022
Corbin Burnes,MIL,12,8,0,33,33,202.0,144,73,66,23,51,243,2.94,0.97,10.83,2.27,0.305,0.064,0.24100000000000002,3.14,2.85,2.91,0.091,0.099,,88.3,90.3,,96.2,0.057,0.341,87.2,10.0,117.5,0.47,0.335,0.195,0.11,0.455,0.341,0.204,0.182,0.502,0.316,0.141,3.06,2.85,0.35700000000000004,0.654,0.461,0.514,0.8340000000000001,0.6729999999999999,0.35100000000000003,0.58,0.151,0.17,0.321,0.768,1.02,0.259,78,72,4.76,4.6,5.3,42.1,$36.7,2022
Max Scherzer,NYM,11,5,0,23,23,145.1,108,39,37,13,24,173,2.29,0.91,10.71,1.49,0.306,0.042,0.264,2.62,3.23,2.88,0.23399999999999999,0.126,,85.0,84.2,,94.1,0.084,0.33899999999999997,87.8,21.3,113.2,0.311,0.496,0.19399999999999998,0.132,0.37799999999999995,0.34700000000000003,0.275,0.22699999999999998,0.504,0.26899999999999996,0.075,2.88,3.23,0.37799999999999995,0.7090000000000001,0.52,0.573,0.818,0.716,0.428,0.664,0.14800000000000002,0.161,0.308,0.833,0.81,0.276,66,81,7.21,4.5,5.3,39.6,$35.8,2022
Framber Valdez,HOU,17,6,0,31,31,201.1,166,71,63,11,67,194,2.82,1.16,8.67,3.0,0.235,0.081,0.154,3.06,2.99,3.14,,0.08800000000000001,,,88.6,,94.0,0.057999999999999996,0.41600000000000004,89.8,-3.6,118.4,0.665,0.16,0.175,0.091,0.43200000000000005,0.366,0.20199999999999999,0.162,0.537,0.301,0.125,3.32,2.99,0.306,0.6559999999999999,0.466,0.526,0.8859999999999999,0.758,0.45799999999999996,0.593,0.113,0.17600000000000002,0.28800000000000003,0.757,0.49,0.285,78,76,2.9,4.4,5.2,39.9,$35.1,2022
Dylan Cease,CHW,14,8,0,32,32,184.0,126,55,45,16,78,227,2.2,1.11,11.1,3.82,0.304,0.10400000000000001,0.19899999999999998,3.1,3.5,3.48,0.429,0.024,,87.4,77.8,,96.9,0.062,0.312,86.8,15.0,115.9,0.38799999999999996,0.43799999999999994,0.174,0.105,0.426,0.335,0.239,0.185,0.5579999999999999,0.257,0.084,2.7,3.5,0.355,0.679,0.47200000000000003,0.5589999999999999,0.797,0.682,0.36200000000000004,0.5820000000000001,0.15,0.149,0.299,0.823,0.78,0.26,76,89,2.91,4.4,5.9,39.6,$35.0,2022
Yu Darvish,SDP,16,8,0,30,30,194.2,148,67,67,22,37,197,3.1,0.95,9.11,1.71,0.256,0.048,0.20800000000000002,3.31,3.58,3.39,0.158,0.01,,82.7,87.4,,95.0,0.08800000000000001,0.371,88.5,17.0,111.3,0.369,0.43799999999999994,0.19399999999999998,0.066,0.43,0.318,0.251,0.18100000000000002,0.522,0.297,0.096,3.49,3.58,0.336,0.667,0.495,0.645,0.8370000000000001,0.77,0.48100000000000004,0.642,0.114,0.182,0.29600000000000004,0.782,1.02,0.25,84,90,5.32,4.2,5.5,38.4,$33.4,2022
Logan Webb,SFG,15,9,0,32,32,192.1,174,76,62,11,49,163,2.9,1.16,7.63,2.29,0.207,0.062,0.145,3.03,3.31,3.56,0.327,0.31,,82.5,86.4,,92.4,0.055,0.389,88.9,3.1,112.3,0.5670000000000001,0.23800000000000002,0.195,0.068,0.428,0.36700000000000005,0.205,0.155,0.5720000000000001,0.272,0.083,3.58,3.31,0.345,0.644,0.47,0.645,0.872,0.775,0.41600000000000004,0.653,0.106,0.188,0.293,0.718,0.51,0.293,79,83,3.33,4.2,4.3,39.0,$33.9,2022
Zac Gallen,ARI,12,4,0,31,31,184.0,121,56,52,15,47,192,2.54,0.91,9.39,2.3,0.26899999999999996,0.066,0.203,3.05,3.31,3.32,0.066,0.14300000000000002,,89.2,86.3,,93.9,0.078,0.361,87.8,10.8,111.3,0.46,0.361,0.179,0.085,0.40399999999999997,0.324,0.272,0.145,0.564,0.292,0.091,3.17,3.31,0.348,0.657,0.47100000000000003,0.6779999999999999,0.871,0.785,0.39799999999999996,0.6459999999999999,0.10099999999999999,0.177,0.278,0.78,0.73,0.237,79,83,4.09,4.2,6.3,38.3,$33.4,2022
Zack Wheeler,PHI,12,7,0,26,26,153.0,125,52,48,13,34,163,2.82,1.04,9.59,2.0,0.26899999999999996,0.055999999999999994,0.213,2.89,3.06,3.19,0.141,,,89.9,,,96.1,0.077,0.345,85.9,11.4,113.6,0.45899999999999996,0.32899999999999996,0.212,0.091,0.424,0.32,0.256,0.218,0.509,0.273,0.098,3.1,3.06,0.36,0.6990000000000001,0.503,0.677,0.841,0.773,0.423,0.672,0.114,0.162,0.27699999999999997,0.7709999999999999,0.76,0.287,71,77,4.79,4.2,4.5,37.5,$33.2,2022
Tyler Anderson,LAD,15,5,0,30,28,178.2,145,57,51,14,34,138,2.57,1.0,6.95,1.71,0.195,0.048,0.147,3.31,4.1,4.04,,0.316,,,79.1,,90.7,0.049,0.285,85.0,16.9,111.6,0.401,0.42,0.179,0.12300000000000001,0.39899999999999997,0.331,0.27,0.209,0.523,0.268,0.064,3.1,4.1,0.391,0.6970000000000001,0.524,0.653,0.863,0.774,0.434,0.6609999999999999,0.11800000000000001,0.162,0.281,0.778,0.71,0.256,82,103,4.06,4.1,5.5,37.2,$32.4,2022
Jose Quintana,- - -,6,7,0,32,32,165.2,154,61,54,8,47,137,2.93,1.21,7.44,2.55,0.20199999999999999,0.069,0.133,2.99,3.72,4.02,0.057999999999999996,0.195,,78.7,86.4,,91.3,0.055,0.358,86.5,9.9,114.9,0.46399999999999997,0.311,0.225,0.079,0.379,0.381,0.24,0.18899999999999997,0.521,0.289,0.053,3.85,3.72,0.36,0.69,0.47700000000000004,0.664,0.885,0.777,0.355,0.614,0.106,0.147,0.253,0.742,0.43,0.302,76,93,2.91,4.0,4.3,36.4,$31.7,2022
Alek Manoah,TOR,16,7,0,31,31,196.2,144,55,49,16,51,180,2.24,0.99,8.24,2.33,0.22899999999999998,0.065,0.16399999999999998,3.35,3.97,3.85,0.271,0.109,,81.5,86.5,,93.9,0.054000000000000006,0.315,87.5,16.9,114.9,0.375,0.419,0.20600000000000002,0.125,0.45299999999999996,0.317,0.23,0.16899999999999998,0.594,0.237,0.071,3.32,3.97,0.34700000000000003,0.6920000000000001,0.494,0.6409999999999999,0.8640000000000001,0.774,0.42700000000000005,0.617,0.11199999999999999,0.163,0.275,0.826,0.73,0.244,85,101,3.53,3.9,6.6,35.9,$31.3,2022
Clayton Kershaw,LAD,12,3,0,22,22,126.1,96,36,32,10,23,137,2.28,0.94,9.76,1.64,0.278,0.047,0.231,2.57,2.83,2.98,0.426,0.006,,86.7,83.9,,90.8,0.042,0.332,87.1,11.6,110.3,0.47100000000000003,0.33399999999999996,0.195,0.1,0.486,0.317,0.196,0.187,0.529,0.284,0.091,2.51,2.83,0.35600000000000004,0.6940000000000001,0.501,0.528,0.855,0.723,0.431,0.6859999999999999,0.139,0.171,0.31,0.794,0.71,0.268,64,71,5.96,3.9,4.4,34.4,$30.9,2022
Martin Perez,TEX,12,8,0,32,32,196.1,178,70,63,11,69,169,2.89,1.26,7.75,3.16,0.20600000000000002,0.084,0.122,3.27,3.8,4.08,0.013000000000000001,0.27699999999999997,,84.5,84.5,,92.9,0.043,0.348,88.2,8.1,112.0,0.514,0.298,0.188,0.071,0.39399999999999996,0.375,0.231,0.146,0.597,0.257,0.065,3.59,3.8,0.312,0.675,0.442,0.74,0.868,0.81,0.359,0.626,0.084,0.188,0.272,0.77,0.5,0.295,81,96,2.45,3.9,4.8,35.6,$31.0,2022
Nestor Cortes,NYY,12,4,0,28,28,158.1,108,44,43,16,38,163,2.44,0.92,9.27,2.16,0.265,0.062,0.203,3.13,3.63,3.48,0.187,0.044000000000000004,,77.2,83.0,,91.7,0.053,0.34700000000000003,87.9,19.2,113.7,0.335,0.473,0.192,0.133,0.38799999999999996,0.342,0.26899999999999996,0.18,0.544,0.27699999999999997,0.08199999999999999,2.7,3.63,0.34700000000000003,0.711,0.504,0.698,0.833,0.78,0.43200000000000005,0.6729999999999999,0.111,0.172,0.28300000000000003,0.828,0.91,0.232,77,92,4.29,3.7,5.3,33.9,$29.9,2022
Luis Castillo,- - -,8,6,0,25,25,150.1,118,56,50,13,45,167,2.99,1.08,10.0,2.69,0.272,0.073,0.198,3.07,3.23,3.35,0.21100000000000002,0.222,,86.6,88.5,,97.1,0.068,0.375,89.0,10.4,112.4,0.469,0.335,0.196,0.10800000000000001,0.431,0.327,0.24100000000000002,0.145,0.541,0.315,0.1,3.32,3.23,0.331,0.6990000000000001,0.493,0.611,0.826,0.745,0.44,0.61,0.126,0.158,0.284,0.753,0.78,0.275,76,81,3.71,3.7,3.8,33.5,$29.6,2022
Alex Cobb,SFG,7,8,0,28,28,149.2,152,72,62,9,43,151,3.73,1.3,9.08,2.59,0.239,0.068,0.171,2.8,2.89,3.15,,0.423,,,89.7,,95.3,0.037000000000000005,0.41,89.2,1.8,112.9,0.615,0.207,0.17800000000000002,0.045,0.446,0.316,0.23800000000000002,0.16399999999999998,0.552,0.284,0.102,3.15,2.89,0.32299999999999995,0.627,0.449,0.619,0.877,0.768,0.413,0.645,0.10400000000000001,0.19,0.294,0.68,0.54,0.336,73,73,3.51,3.7,1.9,33.8,$29.6,2022
Patrick Sandoval,LAA,6,9,0,27,27,148.2,139,56,48,8,60,151,2.91,1.34,9.14,3.63,0.237,0.094,0.14300000000000002,3.09,3.67,3.94,0.28800000000000003,0.24600000000000002,,86.4,83.8,,93.2,0.057,0.33899999999999997,87.3,11.4,111.0,0.474,0.308,0.21899999999999997,0.102,0.425,0.34700000000000003,0.228,0.171,0.565,0.264,0.063,3.92,3.67,0.355,0.665,0.48,0.595,0.825,0.723,0.402,0.58,0.133,0.159,0.292,0.768,0.48,0.316,76,93,2.52,3.7,3.7,33.5,$29.6,2022
Brandon Woodruff,MIL,13,4,0,27,27,153.1,122,56,52,18,42,190,3.05,1.07,11.15,2.47,0.306,0.068,0.239,3.08,3.14,3.03,0.11199999999999999,0.163,,88.1,86.2,,96.4,0.07,0.373,88.7,16.8,118.4,0.376,0.434,0.19,0.079,0.375,0.315,0.31,0.184,0.499,0.318,0.11,3.14,3.14,0.33899999999999997,0.698,0.49200000000000005,0.59,0.795,0.7140000000000001,0.426,0.6559999999999999,0.141,0.16899999999999998,0.31,0.7859999999999999,1.06,0.285,77,79,4.52,3.6,3.9,32.7,$28.5,2022
Shane McClanahan,TBR,12,8,0,28,28,166.1,116,52,47,19,38,194,2.54,0.93,10.5,2.06,0.303,0.059000000000000004,0.243,3.0,2.6,2.82,0.155,,,89.4,,,97.0,0.064,0.325,87.7,8.3,116.2,0.502,0.301,0.19699999999999998,0.07400000000000001,0.41700000000000004,0.341,0.242,0.128,0.588,0.284,0.157,2.79,2.6,0.35,0.682,0.495,0.524,0.795,0.6859999999999999,0.435,0.627,0.155,0.17300000000000001,0.32799999999999996,0.805,1.03,0.251,78,65,5.11,3.6,4.9,33.0,$29.0,2022
Blake Snell,SDP,8,10,0,24,24,128.0,103,51,48,11,51,171,3.38,1.2,12.02,3.59,0.32,0.095,0.22399999999999998,2.8,3.21,3.2,0.243,0.05,,88.9,87.1,,95.7,0.07400000000000001,0.395,90.1,17.1,113.5,0.366,0.42700000000000005,0.207,0.091,0.33799999999999997,0.36,0.302,0.14800000000000002,0.505,0.34700000000000003,0.083,3.2,3.21,0.33899999999999997,0.708,0.478,0.525,0.8240000000000001,0.6920000000000001,0.376,0.647,0.147,0.142,0.29,0.747,0.77,0.307,71,81,3.35,3.6,2.8,32.7,$29.0,2022
Gerrit Cole,NYY,13,8,0,33,33,200.2,154,81,78,33,50,257,3.5,1.02,11.53,2.24,0.324,0.063,0.261,3.47,2.77,2.77,0.228,0.085,,88.8,89.8,,97.8,0.095,0.401,89.4,12.6,112.4,0.424,0.406,0.17,0.077,0.369,0.344,0.28800000000000003,0.151,0.534,0.315,0.168,3.33,2.77,0.349,0.6809999999999999,0.48,0.5479999999999999,0.8240000000000001,0.7020000000000001,0.39399999999999996,0.613,0.14300000000000002,0.17600000000000002,0.319,0.782,1.48,0.268,85,70,5.14,3.4,3.6,31.9,$27.4,2022
Cristian Javier,HOU,11,9,0,30,25,148.2,89,44,42,17,52,194,2.54,0.95,11.74,3.15,0.332,0.08900000000000001,0.243,3.16,3.53,3.14,0.27699999999999997,0.040999999999999995,,79.9,85.3,,93.9,0.07200000000000001,0.336,88.4,25.4,113.8,0.26,0.569,0.171,0.134,0.375,0.33299999999999996,0.29100000000000004,0.195,0.508,0.297,0.091,2.44,3.53,0.332,0.715,0.491,0.595,0.8,0.7190000000000001,0.415,0.5589999999999999,0.138,0.14400000000000002,0.28300000000000003,0.836,1.03,0.228,81,89,3.73,3.4,4.6,30.6,$26.9,2022
Triston McKenzie,CLE,11,11,0,31,30,191.1,138,65,63,25,44,190,2.96,0.95,8.94,2.07,0.256,0.059000000000000004,0.19699999999999998,3.59,3.77,3.57,0.22,,,87.3,,,92.7,0.098,0.406,90.2,19.7,112.9,0.327,0.489,0.184,0.14,0.396,0.34299999999999997,0.261,0.145,0.52,0.335,0.10300000000000001,3.54,3.77,0.359,0.728,0.525,0.591,0.851,0.753,0.449,0.625,0.13,0.146,0.276,0.8029999999999999,1.18,0.237,92,95,4.32,3.4,5.2,31.8,$27.5,2022
Joe Musgrove,SDP,10,7,0,30,30,181.0,154,67,59,22,42,184,2.93,1.08,9.15,2.09,0.249,0.057,0.192,3.59,3.47,3.45,0.244,0.063,,83.0,86.6,,92.9,0.06,0.324,86.4,11.7,111.2,0.446,0.36200000000000004,0.192,0.11699999999999999,0.409,0.353,0.23800000000000002,0.198,0.5329999999999999,0.26899999999999996,0.12300000000000001,3.27,3.47,0.355,0.614,0.465,0.621,0.8759999999999999,0.763,0.42100000000000004,0.645,0.11,0.198,0.308,0.7979999999999999,1.09,0.276,91,87,4.38,3.4,4.5,31.9,$27.4,2022
Julio Urias,LAD,17,7,0,31,31,175.0,127,51,42,23,41,166,2.16,0.96,8.54,2.11,0.24100000000000002,0.06,0.18100000000000002,3.71,3.81,3.66,,0.175,,,86.3,,93.1,0.067,0.304,86.7,17.2,113.0,0.397,0.452,0.151,0.141,0.423,0.342,0.235,0.214,0.507,0.27899999999999997,0.10800000000000001,2.8,3.81,0.361,0.7,0.514,0.659,0.862,0.784,0.452,0.6659999999999999,0.111,0.171,0.282,0.866,1.18,0.229,92,95,4.05,3.2,6.0,30.2,$25.8,2022
Merrill Kelly,ARI,13,8,0,33,33,200.1,167,77,75,21,61,177,3.37,1.14,7.95,2.74,0.22,0.076,0.14400000000000002,3.65,3.86,4.01,0.002,0.213,,85.0,88.7,,92.4,0.083,0.365,88.5,14.0,111.7,0.428,0.379,0.193,0.10400000000000001,0.429,0.36,0.21100000000000002,0.149,0.5660000000000001,0.285,0.099,3.62,3.86,0.32899999999999996,0.6970000000000001,0.484,0.6920000000000001,0.8690000000000001,0.799,0.42,0.623,0.09699999999999999,0.17,0.267,0.763,0.94,0.269,95,97,2.9,3.2,5.0,30.1,$25.4,2022
Corey Kluber,TBR,10,10,0,31,31,164.0,178,82,79,20,21,139,4.34,1.21,7.63,1.15,0.20199999999999999,0.03,0.171,3.57,3.92,3.85,,0.102,,,82.9,,89.1,0.069,0.34700000000000003,87.1,18.5,113.8,0.361,0.42,0.22,0.17300000000000001,0.401,0.376,0.22399999999999998,0.185,0.5489999999999999,0.266,0.09300000000000001,3.99,3.92,0.38799999999999996,0.675,0.51,0.6509999999999999,0.8740000000000001,0.7759999999999999,0.425,0.684,0.114,0.183,0.297,0.7020000000000001,1.1,0.317,93,99,6.62,3.1,1.3,28.7,$24.8,2022
Jeffrey Springs,TBR,9,5,0,33,25,135.1,114,42,37,14,31,144,2.46,1.07,9.58,2.06,0.262,0.055999999999999994,0.20600000000000002,3.04,3.29,3.32,0.248,0.34700000000000003,,85.4,81.2,,91.7,0.059000000000000004,0.375,87.5,14.9,114.6,0.409,0.396,0.195,0.11,0.418,0.35600000000000004,0.226,0.17800000000000002,0.52,0.302,0.096,3.27,3.29,0.389,0.662,0.501,0.64,0.807,0.731,0.41100000000000003,0.6409999999999999,0.135,0.163,0.298,0.823,0.93,0.279,79,83,4.65,3.1,4.0,28.0,$24.4,2022
Logan Gilbert,SEA,13,6,0,32,32,185.2,170,71,66,19,49,174,3.2,1.18,8.43,2.38,0.22699999999999998,0.064,0.163,3.46,3.78,3.84,0.242,0.08,,86.9,86.2,,96.1,0.071,0.456,91.0,14.6,118.0,0.36700000000000005,0.391,0.242,0.092,0.408,0.33299999999999996,0.259,0.14300000000000002,0.503,0.354,0.092,4.11,3.78,0.302,0.748,0.501,0.675,0.84,0.785,0.447,0.637,0.10800000000000001,0.14400000000000002,0.251,0.7759999999999999,0.92,0.292,91,96,3.55,3.0,3.6,28.4,$24.3,2022
Drew Rasmussen,TBR,11,7,0,28,28,146.0,121,51,46,13,31,125,2.84,1.04,7.71,1.91,0.214,0.053,0.161,3.26,3.56,3.74,0.23600000000000002,,,84.6,,,95.7,0.066,0.391,88.9,10.1,114.8,0.466,0.342,0.192,0.11800000000000001,0.39,0.355,0.255,0.13699999999999998,0.5579999999999999,0.305,0.09,3.46,3.56,0.37200000000000005,0.738,0.527,0.627,0.8690000000000001,0.77,0.424,0.627,0.121,0.138,0.259,0.76,0.8,0.262,85,90,4.03,3.0,3.7,27.4,$23.8,2022
Ross Stripling,TOR,10,4,1,32,24,134.1,117,49,45,12,20,111,3.01,1.02,7.44,1.34,0.207,0.037000000000000005,0.17,3.11,3.67,3.71,0.21899999999999997,0.271,,87.1,82.6,,91.9,0.092,0.37200000000000005,88.9,12.2,115.8,0.43799999999999994,0.39,0.17300000000000001,0.10300000000000001,0.40399999999999997,0.32799999999999996,0.268,0.151,0.5479999999999999,0.3,0.077,3.56,3.67,0.379,0.698,0.514,0.6709999999999999,0.87,0.7859999999999999,0.424,0.703,0.11,0.165,0.275,0.736,0.8,0.269,79,93,5.55,3.0,3.1,27.3,$24.0,2022
Brady Singer,KCR,10,5,0,27,24,153.1,140,58,55,18,35,150,3.23,1.14,8.8,2.05,0.242,0.055999999999999994,0.185,3.58,3.3,3.4,0.38,0.077,,85.5,86.9,,92.4,0.08199999999999999,0.409,89.3,8.6,113.2,0.49,0.309,0.201,0.11599999999999999,0.35100000000000003,0.384,0.266,0.14400000000000002,0.541,0.315,0.14,3.97,3.3,0.295,0.619,0.442,0.63,0.8809999999999999,0.79,0.45299999999999996,0.601,0.09300000000000001,0.21,0.303,0.7959999999999999,1.06,0.3,91,83,4.29,3.0,4.3,27.1,$23.6,2022
Pablo Lopez,MIA,10,10,0,32,32,180.0,157,78,75,21,53,174,3.75,1.17,8.7,2.65,0.23600000000000002,0.07200000000000001,0.16399999999999998,3.71,3.56,3.71,,0.353,,,87.6,,93.5,0.09,0.35100000000000003,87.9,11.0,115.0,0.461,0.33299999999999996,0.20600000000000002,0.102,0.441,0.32899999999999996,0.23,0.17600000000000002,0.5489999999999999,0.275,0.127,3.74,3.56,0.35200000000000004,0.7,0.493,0.633,0.8240000000000001,0.743,0.40399999999999997,0.629,0.127,0.154,0.281,0.742,1.05,0.283,93,89,3.28,3.0,3.6,28.2,$23.9,2022
Edwin Diaz,NYM,3,1,32,61,0,62.0,34,9,9,3,18,118,1.31,0.84,17.13,2.61,0.502,0.077,0.426,0.9,1.04,1.11,0.581,,,90.8,,,99.1,0.040999999999999995,0.381,85.5,10.4,112.7,0.469,0.33299999999999996,0.198,0.094,0.371,0.32,0.309,0.237,0.536,0.22699999999999998,0.094,1.7,1.04,0.419,0.6609999999999999,0.516,0.335,0.6990000000000001,0.522,0.401,0.711,0.247,0.175,0.42100000000000004,0.904,0.44,0.33,24,27,6.56,3.0,3.0,28.0,$24.0,2022
Adam Wainwright,STL,11,12,0,32,32,191.2,192,80,79,16,54,143,3.71,1.28,6.71,2.54,0.17800000000000002,0.067,0.111,3.66,4.1,4.34,,0.06,,,82.2,,88.1,0.065,0.366,87.8,11.0,112.3,0.43200000000000005,0.32899999999999996,0.239,0.076,0.441,0.324,0.235,0.145,0.544,0.311,0.081,4.52,4.1,0.29,0.632,0.434,0.742,0.91,0.845,0.42100000000000004,0.626,0.067,0.21100000000000002,0.27899999999999997,0.75,0.75,0.302,93,103,2.65,2.9,3.6,27.4,$23.1,2022
George Kirby,SEA,8,5,0,25,25,130.0,135,54,49,13,22,133,3.39,1.21,9.21,1.52,0.245,0.040999999999999995,0.205,2.99,3.33,3.32,0.209,0.08,,87.2,86.1,,95.4,0.08900000000000001,0.387,89.3,11.2,111.5,0.455,0.381,0.16399999999999998,0.09699999999999999,0.35100000000000003,0.374,0.275,0.165,0.521,0.314,0.09,3.32,3.33,0.336,0.745,0.525,0.743,0.853,0.815,0.462,0.677,0.09699999999999999,0.162,0.259,0.7509999999999999,0.9,0.331,78,84,6.05,2.9,2.0,26.8,$23.5,2022
Tarik Skubal,DET,7,8,0,21,21,117.2,104,53,46,9,32,117,3.52,1.16,8.95,2.45,0.245,0.067,0.17800000000000002,2.96,3.4,3.58,0.307,0.15,,89.4,83.6,,94.2,0.055,0.39399999999999996,89.3,11.3,113.1,0.457,0.35200000000000004,0.191,0.08800000000000001,0.336,0.38799999999999996,0.275,0.131,0.575,0.294,0.079,3.33,3.4,0.342,0.708,0.505,0.606,0.866,0.768,0.445,0.65,0.11699999999999999,0.16,0.27699999999999997,0.675,0.69,0.299,76,86,3.66,2.9,1.8,26.0,$23.0,2022
Kyle Wright,ATL,21,5,0,30,30,180.1,156,67,64,19,53,174,3.19,1.16,8.68,2.65,0.23600000000000002,0.07200000000000001,0.16399999999999998,3.58,3.3,3.48,0.071,0.154,,90.1,88.2,,95.1,0.068,0.41,89.0,4.4,122.4,0.556,0.265,0.179,0.083,0.445,0.36700000000000005,0.188,0.14,0.557,0.303,0.14400000000000002,3.89,3.3,0.332,0.672,0.486,0.598,0.848,0.754,0.45299999999999996,0.6459999999999999,0.11900000000000001,0.17800000000000002,0.297,0.789,0.95,0.284,92,83,3.28,2.8,4.6,26.6,$22.5,2022
Chris Bassitt,NYM,15,9,0,30,30,181.2,159,71,69,19,49,167,3.42,1.14,8.27,2.43,0.22399999999999998,0.066,0.158,3.66,3.72,3.75,0.155,0.059000000000000004,,78.7,85.3,,93.3,0.066,0.32799999999999996,85.7,10.8,111.4,0.488,0.34,0.172,0.092,0.379,0.32799999999999996,0.293,0.221,0.526,0.252,0.109,3.45,3.72,0.304,0.65,0.46299999999999997,0.7070000000000001,0.825,0.7829999999999999,0.45899999999999996,0.609,0.1,0.192,0.292,0.772,0.94,0.282,92,93,3.41,2.8,3.8,26.9,$22.7,2022
Miles Mikolas,STL,12,13,0,33,32,202.1,170,81,74,25,39,153,3.29,1.03,6.81,1.73,0.19,0.048,0.142,3.87,3.8,3.99,0.253,0.039,0.0,87.7,82.7,75.0,93.6,0.069,0.359,87.8,11.0,113.6,0.45,0.348,0.20199999999999999,0.09,0.41700000000000004,0.322,0.261,0.18600000000000003,0.525,0.289,0.11900000000000001,3.89,3.8,0.316,0.6920000000000001,0.486,0.727,0.888,0.831,0.452,0.634,0.08199999999999999,0.177,0.26,0.7440000000000001,1.11,0.249,99,95,3.92,2.8,4.5,26.9,$22.6,2022
Jordan Montgomery,- - -,9,6,0,32,32,178.1,159,72,69,21,36,158,3.48,1.09,7.97,1.82,0.218,0.05,0.16899999999999998,3.61,3.43,3.61,,0.222,,,82.4,,93.1,0.071,0.375,88.5,9.7,114.6,0.47600000000000003,0.316,0.209,0.07400000000000001,0.387,0.36200000000000004,0.251,0.151,0.569,0.28,0.13,3.99,3.43,0.363,0.7090000000000001,0.505,0.64,0.82,0.7440000000000001,0.41,0.657,0.129,0.157,0.28600000000000003,0.755,1.06,0.275,90,87,4.39,2.8,3.4,26.2,$22.4,2022
Tony Gonsolin,LAD,16,1,0,24,24,130.1,79,32,31,11,35,119,2.14,0.87,8.22,2.42,0.239,0.07,0.16899999999999998,3.28,3.69,3.74,0.214,,,87.5,,,93.2,0.055999999999999994,0.35,89.0,13.8,114.4,0.431,0.392,0.177,0.053,0.465,0.312,0.22399999999999998,0.126,0.556,0.318,0.083,3.13,3.69,0.336,0.703,0.494,0.588,0.8540000000000001,0.7509999999999999,0.43,0.633,0.12300000000000001,0.16399999999999998,0.287,0.838,0.76,0.207,81,93,3.4,2.7,5.2,25.2,$21.8,2022
Taijuan Walker,NYM,12,5,0,29,29,157.1,143,63,61,15,45,132,3.49,1.19,7.55,2.57,0.203,0.069,0.134,3.65,3.88,4.05,0.17800000000000002,,,85.1,,,93.8,0.073,0.406,89.3,11.3,115.9,0.462,0.33799999999999997,0.2,0.14,0.431,0.354,0.215,0.174,0.528,0.298,0.096,3.93,3.88,0.33,0.6859999999999999,0.47200000000000003,0.667,0.8740000000000001,0.787,0.39799999999999996,0.627,0.1,0.166,0.266,0.757,0.86,0.284,92,97,2.93,2.7,3.1,25.2,$21.4,2022
Carlos Carrasco,NYM,15,7,0,29,29,152.0,161,71,67,17,41,152,3.97,1.33,9.0,2.43,0.23600000000000002,0.064,0.172,3.53,3.45,3.6,0.23199999999999998,0.243,,85.1,87.4,,93.3,0.07,0.396,88.5,9.7,116.6,0.46,0.32,0.22,0.064,0.447,0.316,0.237,0.16,0.521,0.318,0.121,4.08,3.45,0.385,0.728,0.518,0.608,0.868,0.7490000000000001,0.387,0.684,0.13,0.141,0.271,0.747,1.01,0.337,89,87,3.71,2.5,1.9,23.7,$20.1,2022
Kyle Freeland,COL,9,11,0,31,31,174.2,193,96,88,19,53,131,4.53,1.41,6.75,2.73,0.171,0.069,0.102,4.21,4.48,4.51,0.226,0.138,,85.5,84.8,,90.4,0.09699999999999999,0.424,89.8,12.7,115.2,0.42,0.355,0.225,0.10099999999999999,0.44,0.369,0.191,0.152,0.48200000000000004,0.366,0.095,5.15,4.48,0.313,0.716,0.474,0.6779999999999999,0.887,0.805,0.402,0.619,0.09300000000000001,0.156,0.249,0.705,0.98,0.318,101,112,2.47,2.5,2.4,23.7,$19.9,2022
Justin Steele,CHC,4,7,0,24,24,119.0,111,53,42,8,50,126,3.18,1.35,9.53,3.78,0.24600000000000002,0.098,0.14800000000000002,3.2,3.48,3.81,0.287,0.019,,82.3,87.8,,92.4,0.039,0.336,87.2,7.4,112.1,0.512,0.27899999999999997,0.209,0.098,0.392,0.37,0.23800000000000002,0.18100000000000002,0.56,0.259,0.087,3.58,3.48,0.28800000000000003,0.6920000000000001,0.47200000000000003,0.614,0.872,0.7859999999999999,0.455,0.598,0.10099999999999999,0.159,0.26,0.726,0.61,0.317,82,87,2.52,2.5,1.9,23.6,$20.3,2022
Jameson Taillon,NYY,14,5,0,32,32,177.1,168,78,77,26,32,151,3.91,1.13,7.66,1.62,0.207,0.044000000000000004,0.163,3.94,3.79,3.84,0.188,0.084,,86.2,87.8,,94.1,0.083,0.361,88.5,14.5,115.1,0.401,0.39299999999999996,0.20600000000000002,0.124,0.43200000000000005,0.349,0.21899999999999997,0.17300000000000001,0.51,0.317,0.124,4.2,3.79,0.34,0.7120000000000001,0.488,0.664,0.893,0.797,0.39799999999999996,0.636,0.099,0.16399999999999998,0.263,0.753,1.32,0.276,97,96,4.72,2.4,2.6,22.8,$19.3,2022
Sonny Gray,MIN,8,5,0,24,24,119.2,99,44,41,11,36,117,3.08,1.13,8.8,2.71,0.24,0.07400000000000001,0.166,3.4,3.66,3.73,0.10400000000000001,0.011000000000000001,,81.7,87.3,,92.1,0.055,0.39799999999999996,88.1,12.0,111.3,0.445,0.35700000000000004,0.198,0.171,0.419,0.401,0.179,0.198,0.49200000000000005,0.31,0.094,3.67,3.66,0.302,0.63,0.43200000000000005,0.659,0.88,0.7859999999999999,0.39399999999999996,0.605,0.092,0.20199999999999999,0.294,0.772,0.83,0.277,86,93,3.25,2.4,2.8,22.3,$19.3,2022
Johnny Cueto,CHW,8,10,0,25,24,158.1,161,66,59,15,33,102,3.35,1.23,5.8,1.88,0.157,0.051,0.106,3.79,4.38,4.49,0.158,0.201,,83.6,82.6,,91.5,0.073,0.359,87.7,13.3,115.2,0.426,0.384,0.19,0.08800000000000001,0.392,0.375,0.233,0.17300000000000001,0.527,0.3,0.077,4.03,4.38,0.34700000000000003,0.731,0.498,0.772,0.899,0.845,0.39299999999999996,0.667,0.077,0.156,0.233,0.7490000000000001,0.85,0.295,93,111,3.09,2.4,2.8,22.3,$19.1,2022
Ranger Suarez,PHI,10,7,0,29,29,155.1,149,74,63,15,58,129,3.65,1.33,7.47,3.36,0.195,0.08800000000000001,0.107,3.87,3.82,4.11,0.043,0.214,,82.8,85.0,,93.3,0.068,0.349,87.5,5.1,114.0,0.5539999999999999,0.271,0.175,0.079,0.42100000000000004,0.317,0.262,0.19,0.5579999999999999,0.252,0.11800000000000001,3.78,3.82,0.306,0.687,0.45299999999999996,0.6890000000000001,0.89,0.8059999999999999,0.386,0.5760000000000001,0.08800000000000001,0.16699999999999998,0.255,0.718,0.87,0.293,95,96,2.22,2.3,2.2,22.1,$18.6,2022
Jesus Luzardo,MIA,4,7,0,18,18,100.1,69,40,37,10,35,120,3.32,1.04,10.76,3.14,0.3,0.08800000000000001,0.213,3.12,3.11,3.28,0.301,0.225,,83.8,87.3,,96.4,0.066,0.391,89.0,13.3,111.6,0.401,0.36,0.24,0.069,0.457,0.342,0.20199999999999999,0.16,0.51,0.32899999999999996,0.115,3.38,3.11,0.311,0.674,0.456,0.537,0.8079999999999999,0.6970000000000001,0.39899999999999997,0.653,0.138,0.172,0.31,0.7170000000000001,0.9,0.253,79,78,3.43,2.3,2.4,20.8,$18.1,2022
Emmanuel Clase,CLE,3,4,42,77,0,72.2,43,18,11,3,10,77,1.36,0.73,9.54,1.24,0.284,0.037000000000000005,0.247,1.98,2.18,1.95,0.38,,,91.9,,,,0.022000000000000002,0.322,86.3,0.3,109.5,0.639,0.2,0.161,0.083,0.317,0.44799999999999995,0.235,0.158,0.645,0.19699999999999998,0.083,1.97,2.18,0.498,0.748,0.611,0.618,0.8140000000000001,0.726,0.45299999999999996,0.6459999999999999,0.16699999999999998,0.13699999999999998,0.304,0.723,0.37,0.222,50,55,7.7,2.3,2.6,21.9,$18.7,2022
Joe Ryan,MIN,13,8,0,27,27,147.0,115,60,58,20,47,151,3.55,1.1,9.24,2.88,0.25,0.078,0.172,3.99,4.35,3.98,0.207,0.121,,82.0,84.7,,92.0,0.086,0.354,88.2,24.2,113.0,0.27699999999999997,0.541,0.182,0.161,0.366,0.34600000000000003,0.28800000000000003,0.20199999999999999,0.49200000000000005,0.306,0.095,3.56,4.35,0.32,0.735,0.507,0.644,0.8440000000000001,0.775,0.452,0.644,0.114,0.159,0.273,0.778,1.22,0.253,101,110,3.21,2.2,2.8,20.4,$17.3,2022
Noah Syndergaard,- - -,10,10,0,25,24,134.2,138,62,59,14,31,95,3.94,1.25,6.35,2.07,0.168,0.055,0.113,3.83,4.28,4.39,0.223,0.193,,84.8,88.5,,94.5,0.078,0.34,87.1,12.3,111.0,0.428,0.381,0.191,0.11,0.43200000000000005,0.349,0.218,0.172,0.5429999999999999,0.285,0.085,4.42,4.28,0.33399999999999996,0.7020000000000001,0.498,0.723,0.872,0.816,0.445,0.653,0.091,0.172,0.263,0.7240000000000001,0.94,0.295,94,108,3.06,2.2,2.1,20.8,$17.7,2022
Evan Phillips,LAD,7,3,2,64,0,63.0,33,11,8,2,15,77,1.14,0.76,11.0,2.14,0.33,0.064,0.266,1.94,2.72,2.34,0.44299999999999995,,,85.4,,,96.1,0.043,0.312,86.1,15.0,109.8,0.456,0.375,0.16899999999999998,0.21600000000000003,0.341,0.384,0.275,0.203,0.5579999999999999,0.239,0.039,2.19,2.72,0.3,0.642,0.449,0.564,0.826,0.727,0.436,0.674,0.122,0.205,0.327,0.83,0.29,0.228,49,69,5.13,2.2,2.7,20.6,$17.5,2022
Reid Detmers,LAA,7,6,0,25,25,129.0,110,56,54,13,46,122,3.77,1.21,8.51,3.21,0.226,0.085,0.141,3.79,4.2,4.12,0.255,0.113,,86.0,84.3,,93.3,0.08,0.386,89.3,16.7,114.8,0.36,0.41600000000000004,0.22399999999999998,0.113,0.377,0.361,0.262,0.171,0.515,0.314,0.087,4.07,4.2,0.324,0.687,0.48100000000000004,0.662,0.8340000000000001,0.768,0.431,0.601,0.111,0.159,0.27,0.741,0.91,0.277,94,107,2.65,2.2,2.4,20.6,$17.7,2022
Devin Williams,MIL,6,4,15,65,0,60.2,31,17,13,2,30,96,1.93,1.01,14.24,4.45,0.4,0.125,0.275,2.01,2.36,2.43,,0.581,,,83.5,,94.1,0.009000000000000001,0.27,84.3,9.4,109.4,0.514,0.28800000000000003,0.198,0.094,0.505,0.315,0.18,0.21600000000000003,0.5770000000000001,0.207,0.063,2.04,2.36,0.36,0.67,0.47,0.47200000000000003,0.7440000000000001,0.61,0.355,0.579,0.184,0.155,0.33899999999999997,0.768,0.3,0.266,51,60,3.2,2.2,2.2,20.9,$17.7,2022
Tyler Mahle,- - -,6,8,0,23,23,120.2,104,61,59,16,43,126,4.4,1.22,9.4,3.21,0.25,0.085,0.165,3.87,4.03,3.88,0.124,,,83.8,,,93.3,0.075,0.38299999999999995,88.7,17.9,113.0,0.35600000000000004,0.46799999999999997,0.17600000000000002,0.11,0.392,0.325,0.28300000000000003,0.16899999999999998,0.539,0.292,0.10400000000000001,3.5,4.03,0.317,0.6629999999999999,0.452,0.6409999999999999,0.843,0.757,0.389,0.616,0.11,0.174,0.284,0.695,1.19,0.278,93,101,2.93,2.2,1.6,20.1,$17.4,2022
Jacob deGrom,NYM,5,4,0,11,11,64.1,40,22,22,9,8,102,3.08,0.75,14.27,1.12,0.42700000000000005,0.033,0.39299999999999996,2.13,1.53,1.59,0.39299999999999996,0.08199999999999999,,92.7,92.0,,98.9,0.09300000000000001,0.318,89.3,15.2,111.6,0.39399999999999996,0.41700000000000004,0.18899999999999997,0.075,0.318,0.395,0.287,0.10099999999999999,0.5579999999999999,0.341,0.17,2.25,1.53,0.41200000000000003,0.765,0.545,0.479,0.733,0.613,0.376,0.6990000000000001,0.21100000000000002,0.14400000000000002,0.354,0.7340000000000001,1.26,0.258,54,39,12.75,2.2,1.7,19.5,$17.9,2022
Cal Quantrill,CLE,15,5,0,32,32,186.1,178,78,70,21,47,128,3.38,1.21,6.18,2.27,0.166,0.061,0.105,4.12,4.39,4.49,0.361,0.11900000000000001,,88.5,85.4,,93.9,0.075,0.35700000000000004,87.6,13.8,114.9,0.42100000000000004,0.37799999999999995,0.201,0.133,0.35200000000000004,0.35,0.297,0.18100000000000002,0.53,0.289,0.096,4.3,4.39,0.349,0.696,0.485,0.757,0.887,0.831,0.39299999999999996,0.639,0.08199999999999999,0.156,0.23800000000000002,0.764,1.01,0.278,106,111,2.72,2.1,3.3,19.7,$16.5,2022
Mitch Keller,PIT,5,12,0,31,29,159.0,162,77,69,14,60,138,3.91,1.4,7.81,3.4,0.201,0.087,0.114,3.88,3.99,4.18,0.225,0.065,,84.3,91.2,,95.7,0.071,0.373,87.9,7.9,112.7,0.49,0.285,0.22399999999999998,0.096,0.342,0.384,0.275,0.166,0.556,0.27899999999999997,0.10400000000000001,4.22,3.99,0.301,0.6629999999999999,0.455,0.684,0.884,0.809,0.42700000000000005,0.568,0.087,0.171,0.258,0.732,0.79,0.32,97,100,2.3,2.1,2.1,20.0,$16.7,2022
Luis Garcia,HOU,15,8,0,28,28,157.1,131,70,65,23,47,157,3.72,1.13,8.98,2.69,0.244,0.073,0.171,3.93,3.82,3.77,0.086,0.094,,79.6,84.9,,94.1,0.078,0.363,88.4,17.2,116.1,0.376,0.436,0.188,0.1,0.425,0.308,0.267,0.16899999999999998,0.511,0.32,0.121,3.58,3.82,0.33399999999999996,0.716,0.48700000000000004,0.579,0.838,0.732,0.402,0.5820000000000001,0.13,0.157,0.287,0.743,1.32,0.26,101,97,3.34,2.0,2.4,19.3,$16.3,2022
Ryan Helsley,STL,9,1,19,54,0,64.2,28,11,9,6,20,94,1.25,0.74,13.08,2.78,0.39299999999999996,0.084,0.31,2.34,2.6,2.02,,0.006,,,89.7,,99.7,0.08800000000000001,0.392,88.8,22.2,112.0,0.34700000000000003,0.516,0.13699999999999998,0.141,0.344,0.368,0.28800000000000003,0.2,0.47200000000000003,0.32799999999999996,0.094,2.03,2.6,0.386,0.708,0.529,0.47100000000000003,0.7759999999999999,0.652,0.445,0.632,0.184,0.14300000000000002,0.327,0.934,0.84,0.185,60,66,4.7,2.0,3.2,18.8,$16.0,2022
Reynaldo Lopez,CHW,6,4,0,61,1,65.1,51,24,20,1,11,63,2.76,0.95,8.68,1.52,0.248,0.043,0.205,1.93,3.28,3.02,0.324,0.048,,87.5,86.0,,97.1,0.05,0.391,89.4,15.3,119.1,0.387,0.39299999999999996,0.22,0.132,0.287,0.371,0.34299999999999997,0.152,0.556,0.292,0.015,2.92,3.28,0.364,0.7070000000000001,0.499,0.599,0.818,0.722,0.395,0.614,0.139,0.154,0.293,0.633,0.14,0.281,47,83,5.73,2.0,1.0,18.7,$16.2,2022
Marcus Stroman,CHC,6,7,0,25,25,138.2,123,61,54,16,36,119,3.5,1.15,7.72,2.34,0.209,0.063,0.146,3.76,3.49,3.74,0.255,0.11800000000000001,,85.3,87.1,,92.9,0.066,0.40700000000000003,89.0,7.0,113.0,0.517,0.28300000000000003,0.2,0.07,0.39,0.371,0.239,0.17800000000000002,0.534,0.28800000000000003,0.139,3.94,3.49,0.319,0.65,0.457,0.6409999999999999,0.907,0.7979999999999999,0.415,0.6679999999999999,0.092,0.188,0.28,0.725,1.04,0.272,96,88,3.31,2.0,2.4,18.6,$15.6,2022
A.J. Minter,ATL,5,4,5,75,0,70.0,49,21,16,5,15,94,2.06,0.91,12.09,1.93,0.34700000000000003,0.055,0.292,2.13,2.68,2.13,0.321,0.18100000000000002,,90.4,87.6,,96.6,0.08800000000000001,0.34,88.3,18.0,112.2,0.385,0.449,0.16699999999999998,0.1,0.35200000000000004,0.34600000000000003,0.302,0.16399999999999998,0.585,0.252,0.071,2.4,2.68,0.38299999999999995,0.6990000000000001,0.514,0.5760000000000001,0.7879999999999999,0.695,0.413,0.6609999999999999,0.157,0.153,0.31,0.767,0.64,0.286,55,68,6.27,2.0,1.9,19.2,$16.3,2022
Frankie Montas,- - -,5,12,0,27,27,144.1,137,72,65,18,43,142,4.05,1.25,8.85,2.68,0.23399999999999999,0.071,0.163,3.78,3.61,3.74,0.239,,,88.1,,,96.2,0.079,0.341,87.6,11.2,115.8,0.456,0.344,0.2,0.142,0.42700000000000005,0.349,0.22399999999999998,0.19,0.53,0.28,0.128,4.01,3.61,0.358,0.752,0.511,0.625,0.85,0.753,0.38799999999999996,0.607,0.126,0.13,0.256,0.7090000000000001,1.12,0.298,97,91,3.3,2.0,1.2,18.9,$16.2,2022
Freddy Peralta,MIL,4,4,0,18,17,78.0,54,31,31,6,27,86,3.58,1.04,9.92,3.12,0.271,0.085,0.18600000000000003,3.06,3.66,3.57,0.183,0.10400000000000001,,80.4,85.9,,92.9,0.035,0.313,87.1,16.9,111.3,0.4,0.42,0.18,0.155,0.45799999999999996,0.27399999999999997,0.26899999999999996,0.174,0.557,0.26899999999999996,0.071,2.7,3.66,0.313,0.639,0.44,0.61,0.81,0.723,0.389,0.58,0.122,0.174,0.29600000000000004,0.701,0.69,0.246,76,92,3.19,2.0,1.7,17.8,$15.7,2022
Nick Lodolo,CIN,4,7,0,19,19,103.1,90,44,42,13,39,131,3.66,1.25,11.41,3.4,0.297,0.08800000000000001,0.209,3.9,3.49,3.29,0.306,0.106,,81.5,88.3,,94.5,0.091,0.385,88.7,11.9,111.9,0.46,0.341,0.198,0.14,0.361,0.39299999999999996,0.24600000000000002,0.16699999999999998,0.536,0.298,0.151,3.95,3.49,0.319,0.63,0.449,0.5760000000000001,0.8320000000000001,0.726,0.418,0.6729999999999999,0.12300000000000001,0.175,0.298,0.8009999999999999,1.13,0.322,92,88,3.36,1.9,2.4,17.7,$15.1,2022
Zack Greinke,KCR,4,9,0,26,26,137.0,157,65,56,14,27,73,3.68,1.34,4.8,1.77,0.125,0.046,0.079,4.03,4.54,4.84,0.11800000000000001,0.165,,83.2,86.5,,89.2,0.068,0.396,88.9,12.7,111.7,0.413,0.354,0.233,0.08800000000000001,0.4,0.342,0.257,0.162,0.535,0.303,0.08199999999999999,4.79,4.54,0.32899999999999996,0.659,0.46,0.769,0.898,0.8420000000000001,0.39799999999999996,0.648,0.073,0.177,0.25,0.7290000000000001,0.92,0.306,102,115,2.7,1.9,2.3,18.3,$15.5,2022
JT Brubaker,PIT,3,12,0,28,28,144.0,157,85,75,17,54,147,4.69,1.47,9.19,3.38,0.228,0.084,0.14400000000000002,3.92,3.87,3.97,0.31,0.051,,86.7,87.3,,93.0,0.076,0.413,89.6,10.8,116.9,0.44,0.33299999999999996,0.22699999999999998,0.09,0.43799999999999994,0.349,0.213,0.147,0.521,0.33299999999999996,0.11699999999999999,4.55,3.87,0.324,0.667,0.462,0.5489999999999999,0.884,0.7440000000000001,0.402,0.639,0.11800000000000001,0.17800000000000002,0.29600000000000004,0.688,1.06,0.334,98,97,2.72,1.9,0.5,18.1,$15.1,2022
Andres Munoz,SEA,2,5,4,64,0,65.0,43,20,18,5,15,96,2.49,0.89,13.29,2.08,0.387,0.06,0.327,2.04,2.04,1.74,0.6459999999999999,,,88.6,,,100.3,0.053,0.361,86.2,7.1,112.3,0.526,0.331,0.14300000000000002,0.045,0.34600000000000003,0.353,0.301,0.218,0.526,0.256,0.114,1.84,2.04,0.42100000000000004,0.73,0.541,0.47,0.721,0.601,0.38799999999999996,0.6809999999999999,0.21600000000000003,0.141,0.35600000000000004,0.764,0.69,0.297,53,51,6.4,1.9,1.5,17.3,$14.8,2022
Lucas Giolito,CHW,11,9,0,30,30,161.2,171,92,88,24,61,177,4.9,1.44,9.85,3.4,0.254,0.087,0.166,4.06,3.66,3.79,0.23600000000000002,0.255,,84.4,81.0,,92.7,0.075,0.39,88.8,12.6,117.4,0.385,0.368,0.247,0.048,0.379,0.34600000000000003,0.27399999999999997,0.138,0.5770000000000001,0.285,0.14400000000000002,4.24,3.66,0.321,0.6920000000000001,0.473,0.5660000000000001,0.861,0.743,0.409,0.613,0.122,0.16899999999999998,0.29100000000000004,0.711,1.34,0.34,100,93,2.9,1.8,0.3,16.8,$14.1,2022
Kyle Gibson,PHI,10,8,0,31,31,167.2,176,98,94,24,48,144,5.05,1.34,7.73,2.58,0.201,0.067,0.134,4.28,3.94,4.06,0.20800000000000002,0.107,,83.3,84.7,,92.3,0.075,0.375,88.6,10.6,112.9,0.45899999999999996,0.33799999999999997,0.203,0.081,0.41600000000000004,0.379,0.205,0.151,0.573,0.27699999999999997,0.139,4.45,3.94,0.33899999999999997,0.7040000000000001,0.483,0.621,0.8859999999999999,0.773,0.39399999999999996,0.589,0.11,0.153,0.262,0.677,1.29,0.308,105,99,3.0,1.8,0.6,17.8,$14.8,2022
Dean Kremer,BAL,8,7,0,22,21,125.1,123,48,45,11,34,87,3.23,1.25,6.25,2.44,0.17,0.066,0.10400000000000001,3.8,4.43,4.54,,0.154,,,83.7,,93.6,0.073,0.391,88.4,14.7,113.0,0.39399999999999996,0.39399999999999996,0.213,0.107,0.40299999999999997,0.327,0.27,0.138,0.561,0.301,0.073,4.47,4.43,0.35600000000000004,0.7070000000000001,0.504,0.688,0.878,0.8,0.42200000000000004,0.652,0.10099999999999999,0.152,0.252,0.778,0.79,0.299,97,112,2.56,1.8,2.7,17.0,$14.5,2022
Lance Lynn,CHW,8,7,0,21,21,121.2,119,65,54,19,19,124,3.99,1.13,9.17,1.41,0.242,0.037000000000000005,0.205,3.82,3.44,3.35,,0.039,,,85.8,,93.0,0.067,0.387,88.4,14.2,113.8,0.423,0.381,0.196,0.08800000000000001,0.415,0.345,0.24,0.175,0.499,0.326,0.14,3.63,3.44,0.359,0.755,0.523,0.649,0.813,0.746,0.41200000000000003,0.654,0.133,0.134,0.267,0.684,1.41,0.294,94,87,6.53,1.8,0.7,17.2,$14.7,2022
Rich Hill,BOS,8,7,0,26,26,124.1,125,67,59,15,37,109,4.27,1.3,7.89,2.68,0.207,0.07,0.13699999999999998,3.92,4.12,4.13,0.107,,,69.3,,,88.7,0.08199999999999999,0.34,88.2,14.9,110.8,0.402,0.402,0.19699999999999998,0.134,0.46299999999999997,0.34,0.19699999999999998,0.165,0.5660000000000001,0.26899999999999996,0.10099999999999999,4.09,4.12,0.313,0.6579999999999999,0.473,0.682,0.872,0.804,0.465,0.633,0.092,0.20199999999999999,0.294,0.6829999999999999,1.09,0.305,99,105,2.95,1.8,1.0,16.8,$14.3,2022
Jon Gray,TEX,7,7,0,24,24,127.1,105,61,56,17,39,134,3.96,1.13,9.47,2.76,0.257,0.075,0.182,3.8,3.46,3.56,0.361,0.09300000000000001,,85.0,88.7,,96.0,0.061,0.38,88.0,11.1,116.5,0.441,0.353,0.20600000000000002,0.1,0.325,0.395,0.281,0.19899999999999998,0.488,0.313,0.142,3.6,3.46,0.348,0.6659999999999999,0.484,0.634,0.847,0.76,0.429,0.674,0.11599999999999999,0.177,0.293,0.705,1.2,0.271,95,88,3.44,1.8,1.4,17.1,$14.5,2022
Daniel Bard,COL,6,4,34,57,0,60.1,35,15,12,3,25,69,1.79,0.99,10.29,3.73,0.282,0.102,0.18,2.86,3.3,3.17,0.426,0.024,,88.4,90.2,,97.9,0.047,0.37799999999999995,87.7,7.1,113.8,0.517,0.299,0.184,0.182,0.304,0.446,0.25,0.196,0.534,0.27,0.068,2.48,3.3,0.284,0.644,0.447,0.595,0.8270000000000001,0.746,0.45299999999999996,0.5920000000000001,0.113,0.193,0.306,0.816,0.45,0.221,69,83,2.76,1.8,3.0,16.9,$14.3,2022
John Schreiber,BOS,4,4,8,64,0,65.0,45,19,16,3,19,74,2.22,0.98,10.25,2.63,0.28800000000000003,0.07400000000000001,0.214,2.5,3.01,2.71,0.377,0.075,,82.2,88.5,,94.6,0.05,0.39399999999999996,87.2,2.5,108.4,0.563,0.31,0.127,0.122,0.35600000000000004,0.375,0.26899999999999996,0.2,0.506,0.294,0.061,2.56,3.01,0.32799999999999996,0.6679999999999999,0.46299999999999997,0.584,0.807,0.7120000000000001,0.396,0.556,0.133,0.17,0.303,0.768,0.42,0.268,62,76,3.89,1.8,2.1,16.4,$14.0,2022
Alex Wood,SFG,8,12,0,26,26,130.2,132,78,74,17,30,131,5.1,1.24,9.02,2.07,0.23600000000000002,0.054000000000000006,0.182,3.76,3.41,3.45,0.36,0.185,,84.5,85.7,,90.6,0.071,0.39799999999999996,88.6,8.5,112.1,0.48200000000000004,0.311,0.20800000000000002,0.059000000000000004,0.39799999999999996,0.37200000000000005,0.23,0.154,0.581,0.264,0.14400000000000002,4.0,3.41,0.335,0.665,0.479,0.648,0.8490000000000001,0.77,0.436,0.634,0.11,0.17800000000000002,0.289,0.639,1.17,0.315,98,86,4.37,1.7,0.1,16.6,$13.8,2022
Michael King,NYY,6,3,1,34,0,51.0,35,15,13,3,16,66,2.29,1.0,11.65,2.82,0.332,0.08,0.251,2.23,2.42,2.44,,0.09699999999999999,,,88.3,,96.5,0.068,0.359,86.2,8.4,109.5,0.47,0.282,0.248,0.212,0.41,0.359,0.231,0.248,0.504,0.248,0.091,2.77,2.42,0.331,0.627,0.451,0.529,0.797,0.68,0.405,0.638,0.14400000000000002,0.20199999999999999,0.34700000000000003,0.769,0.53,0.281,54,61,4.13,1.7,1.5,15.8,$13.6,2022
Trevor Stephan,CLE,6,5,3,66,0,63.2,57,24,19,3,18,82,2.69,1.18,11.59,2.54,0.307,0.067,0.24,2.19,2.81,2.55,0.248,,,85.9,,,96.8,0.031,0.344,87.5,10.2,111.6,0.48100000000000004,0.331,0.188,0.075,0.387,0.325,0.28800000000000003,0.12300000000000001,0.626,0.252,0.057,2.34,2.81,0.359,0.695,0.5,0.528,0.7829999999999999,0.6759999999999999,0.41700000000000004,0.644,0.162,0.153,0.315,0.735,0.42,0.338,55,71,4.56,1.7,0.9,15.9,$13.6,2022
Jose Alvarado,PHI,4,2,2,59,0,51.0,38,21,18,2,24,81,3.18,1.22,14.29,4.24,0.379,0.11199999999999999,0.266,1.92,2.16,2.37,0.42700000000000005,,,93.8,,,98.2,0.065,0.34299999999999997,87.2,3.1,112.0,0.561,0.243,0.196,0.077,0.46299999999999997,0.324,0.213,0.17600000000000002,0.556,0.26899999999999996,0.077,2.54,2.16,0.373,0.639,0.467,0.469,0.818,0.637,0.35200000000000004,0.607,0.16899999999999998,0.154,0.32299999999999995,0.698,0.35,0.34,48,55,3.38,1.7,0.7,15.6,$13.2,2022
Erik Swanson,SEA,3,2,3,57,1,53.2,39,11,10,3,10,70,1.68,0.91,11.74,1.68,0.34,0.049,0.29100000000000004,1.85,2.72,2.19,0.19899999999999998,,,85.0,,,93.7,0.064,0.304,85.0,20.3,110.3,0.325,0.47200000000000003,0.203,0.172,0.344,0.28,0.376,0.29600000000000004,0.44,0.264,0.052000000000000005,2.29,2.72,0.36200000000000004,0.747,0.528,0.68,0.7290000000000001,0.71,0.43200000000000005,0.65,0.153,0.149,0.302,0.852,0.5,0.295,48,68,7.0,1.7,1.8,16.0,$13.7,2022
Robbie Ray,SEA,12,12,0,32,32,189.0,163,80,78,32,62,212,3.71,1.19,10.1,2.95,0.27399999999999997,0.08,0.19399999999999998,4.17,3.58,3.5,0.37200000000000005,0.006999999999999999,,87.2,87.0,,93.6,0.079,0.391,89.7,14.8,111.7,0.392,0.419,0.18899999999999997,0.107,0.429,0.32799999999999996,0.243,0.158,0.51,0.332,0.155,3.6,3.58,0.35200000000000004,0.755,0.513,0.586,0.843,0.738,0.4,0.6409999999999999,0.135,0.13,0.265,0.812,1.52,0.284,110,91,3.42,1.6,2.8,15.8,$13.0,2022
Jose Suarez,LAA,8,8,0,22,20,109.0,103,49,48,14,33,103,3.96,1.25,8.5,2.72,0.223,0.071,0.152,3.91,3.86,3.91,0.2,0.244,,81.7,82.5,,92.8,0.084,0.382,88.7,12.0,114.2,0.413,0.37200000000000005,0.21600000000000003,0.084,0.413,0.37,0.217,0.11199999999999999,0.593,0.295,0.11800000000000001,3.67,3.86,0.361,0.7020000000000001,0.51,0.6409999999999999,0.856,0.77,0.43700000000000006,0.645,0.11699999999999999,0.153,0.27,0.7559999999999999,1.16,0.289,97,98,3.12,1.6,1.9,15.0,$12.7,2022
Hector Neris,HOU,6,4,3,70,0,65.1,49,29,27,3,17,79,3.72,1.01,10.88,2.34,0.3,0.065,0.23600000000000002,2.35,3.29,2.7,0.066,,,87.7,,,94.4,0.068,0.447,89.7,16.6,112.9,0.34600000000000003,0.428,0.226,0.10300000000000001,0.391,0.366,0.242,0.155,0.503,0.342,0.044000000000000004,3.3,3.29,0.373,0.6579999999999999,0.493,0.555,0.833,0.711,0.42200000000000004,0.593,0.142,0.16899999999999998,0.311,0.634,0.41,0.291,59,83,4.65,1.6,0.4,15.3,$13.1,2022
Hunter Greene,CIN,5,13,0,24,24,125.2,104,64,62,24,48,164,4.44,1.21,11.75,3.44,0.309,0.09,0.218,4.37,3.64,3.33,0.409,0.053,,88.1,90.1,,99.0,0.094,0.401,89.7,20.7,113.6,0.293,0.485,0.221,0.121,0.39799999999999996,0.327,0.275,0.139,0.537,0.324,0.161,3.99,3.64,0.319,0.725,0.48700000000000004,0.551,0.797,0.7020000000000001,0.414,0.644,0.145,0.147,0.292,0.763,1.72,0.281,103,91,3.42,1.6,1.7,15.7,$13.1,2022
Liam Hendriks,CHW,4,4,37,58,0,57.2,44,22,18,7,16,85,2.81,1.04,13.27,2.5,0.36200000000000004,0.068,0.294,2.68,2.64,2.14,0.29,,,89.0,,,97.8,0.091,0.39399999999999996,90.5,17.8,112.0,0.349,0.465,0.18600000000000003,0.11699999999999999,0.295,0.364,0.341,0.182,0.591,0.22699999999999998,0.11699999999999999,2.6,2.64,0.349,0.6940000000000001,0.474,0.42700000000000005,0.782,0.615,0.36200000000000004,0.634,0.182,0.146,0.32799999999999996,0.7659999999999999,1.09,0.296,65,66,5.31,1.6,1.0,14.8,$12.7,2022
Chris Martin,- - -,4,1,2,60,0,56.0,50,20,19,6,5,74,3.05,0.98,11.89,0.8,0.32899999999999996,0.022000000000000002,0.307,2.18,2.01,1.87,0.078,,,84.1,,,95.4,0.083,0.414,88.2,12.5,113.2,0.49,0.322,0.18899999999999997,0.13,0.379,0.303,0.317,0.18600000000000003,0.524,0.29,0.13,2.58,2.01,0.35700000000000004,0.738,0.54,0.654,0.8059999999999999,0.754,0.48,0.778,0.133,0.157,0.29,0.7559999999999999,0.96,0.317,56,51,14.8,1.6,1.1,15.0,$12.8,2022
Luis Garcia,SDP,4,6,3,64,0,61.0,57,28,23,3,17,68,3.39,1.21,10.03,2.51,0.263,0.066,0.19699999999999998,2.6,3.11,2.85,0.321,,,82.7,,,97.3,0.040999999999999995,0.385,89.0,6.6,114.0,0.5329999999999999,0.281,0.18600000000000003,0.17,0.355,0.42,0.225,0.18899999999999997,0.515,0.29600000000000004,0.064,2.83,3.11,0.33399999999999996,0.664,0.474,0.5379999999999999,0.8270000000000001,0.7090000000000001,0.423,0.598,0.138,0.16,0.298,0.682,0.44,0.325,66,78,4.0,1.6,0.4,14.9,$12.6,2022
Caleb Thielbar,MIN,4,3,1,67,0,59.1,51,26,23,5,18,80,3.49,1.16,12.13,2.73,0.327,0.073,0.253,2.42,3.07,2.59,0.248,0.011000000000000001,,81.4,82.6,,92.9,0.068,0.259,84.9,21.5,113.4,0.295,0.479,0.226,0.157,0.381,0.265,0.354,0.245,0.544,0.21100000000000002,0.071,2.53,3.07,0.377,0.7340000000000001,0.54,0.632,0.778,0.723,0.457,0.6859999999999999,0.15,0.152,0.301,0.6940000000000001,0.76,0.324,61,78,4.44,1.6,0.4,15.3,$13.1,2022
Jimmy Herget,LAA,2,1,9,49,1,69.0,48,20,19,4,15,63,2.48,0.91,8.22,1.96,0.237,0.055999999999999994,0.18,2.82,3.48,3.26,0.344,0.071,,83.3,84.4,,92.3,0.065,0.36200000000000004,88.1,15.0,109.1,0.401,0.363,0.23600000000000002,0.136,0.384,0.373,0.243,0.162,0.562,0.276,0.061,2.91,3.48,0.336,0.6459999999999999,0.46799999999999997,0.581,0.887,0.762,0.428,0.624,0.111,0.195,0.306,0.762,0.52,0.243,69,88,4.2,1.6,2.0,14.6,$12.6,2022
Jordan Lyles,BAL,12,11,0,32,32,179.0,196,94,88,26,52,144,4.42,1.39,7.24,2.61,0.18600000000000003,0.067,0.11900000000000001,4.4,4.39,4.36,0.239,0.10800000000000001,,80.1,86.4,,91.9,0.10400000000000001,0.38799999999999996,88.6,15.3,118.8,0.402,0.402,0.196,0.105,0.444,0.33899999999999997,0.218,0.165,0.532,0.304,0.114,4.92,4.39,0.319,0.672,0.462,0.667,0.892,0.799,0.40399999999999997,0.614,0.09300000000000001,0.171,0.264,0.738,1.31,0.313,112,112,2.77,1.5,1.2,14.5,$12.0,2022
Michael Wacha,BOS,11,2,0,23,23,127.1,111,49,47,18,31,104,3.32,1.12,7.35,2.19,0.20199999999999999,0.06,0.142,4.14,3.99,4.07,,0.298,,,84.4,,93.2,0.096,0.354,88.2,12.8,112.7,0.41,0.386,0.205,0.145,0.441,0.34299999999999997,0.215,0.18899999999999997,0.508,0.303,0.124,4.56,3.99,0.337,0.7390000000000001,0.505,0.715,0.872,0.8109999999999999,0.418,0.608,0.095,0.151,0.247,0.8029999999999999,1.27,0.26,104,101,3.35,1.5,3.1,14.6,$12.2,2022
Nick Pivetta,BOS,10,12,0,33,33,179.2,175,91,91,27,73,175,4.56,1.38,8.77,3.66,0.226,0.094,0.132,4.42,4.26,4.21,0.196,0.023,,85.8,87.0,,93.6,0.09,0.456,90.7,15.2,117.5,0.385,0.419,0.196,0.128,0.429,0.342,0.22899999999999998,0.158,0.5,0.342,0.124,4.65,4.26,0.302,0.7,0.47600000000000003,0.6829999999999999,0.85,0.7909999999999999,0.43700000000000006,0.599,0.1,0.168,0.267,0.753,1.35,0.3,112,108,2.4,1.5,2.1,14.6,$12.1,2022
Luis Severino,NYY,7,3,0,19,19,102.0,72,37,36,14,30,112,3.18,1.0,9.88,2.65,0.27699999999999997,0.07400000000000001,0.20199999999999999,3.7,3.38,3.37,0.19899999999999998,0.223,,85.0,88.8,,96.3,0.069,0.413,89.4,11.1,113.8,0.44299999999999995,0.396,0.161,0.05,0.42100000000000004,0.35100000000000003,0.228,0.166,0.51,0.324,0.139,2.91,3.38,0.315,0.728,0.49,0.606,0.8320000000000001,0.748,0.424,0.64,0.12300000000000001,0.158,0.281,0.799,1.24,0.237,91,86,3.73,1.5,2.4,13.9,$11.8,2022
David Peterson,NYM,7,5,0,28,19,105.2,93,50,45,11,48,126,3.83,1.33,10.73,4.09,0.278,0.106,0.172,3.64,3.31,3.57,0.29100000000000004,0.159,,84.5,85.8,,93.7,0.077,0.414,89.7,8.1,112.1,0.494,0.26899999999999996,0.23600000000000002,0.12300000000000001,0.359,0.385,0.256,0.165,0.509,0.326,0.151,3.94,3.31,0.312,0.68,0.444,0.544,0.848,0.7120000000000001,0.36,0.522,0.128,0.149,0.27699999999999997,0.7390000000000001,0.94,0.313,92,83,2.63,1.5,1.1,14.4,$12.3,2022
Jordan Romano,TOR,5,4,36,63,0,64.0,44,18,15,4,21,73,2.11,1.02,10.27,2.95,0.28300000000000003,0.081,0.20199999999999999,2.82,3.44,3.02,0.518,,,87.4,,,96.9,0.069,0.456,90.3,12.5,114.8,0.43700000000000006,0.392,0.171,0.081,0.415,0.308,0.27699999999999997,0.138,0.528,0.33299999999999996,0.065,3.32,3.44,0.369,0.715,0.52,0.568,0.818,0.718,0.436,0.69,0.147,0.16,0.306,0.804,0.56,0.256,71,87,3.48,1.5,2.3,14.3,$12.2,2022
Alex Vesia,LAD,5,0,1,63,0,54.1,37,14,13,2,24,79,2.15,1.12,13.09,3.98,0.348,0.106,0.242,2.12,3.03,2.68,0.324,0.045,,85.0,85.7,,94.1,0.066,0.344,87.0,17.4,108.6,0.35,0.425,0.225,0.13699999999999998,0.32799999999999996,0.418,0.254,0.213,0.467,0.32,0.039,2.79,3.03,0.318,0.705,0.48100000000000004,0.617,0.738,0.691,0.42100000000000004,0.604,0.14800000000000002,0.158,0.306,0.8140000000000001,0.33,0.292,53,76,3.29,1.5,1.5,14.2,$12.0,2022
Rafael Montero,HOU,5,2,14,71,0,68.1,47,22,18,3,23,73,2.37,1.02,9.61,3.03,0.27,0.085,0.185,2.64,3.22,3.05,0.122,0.193,,87.9,91.1,,96.5,0.028999999999999998,0.326,86.3,7.9,109.9,0.529,0.312,0.159,0.132,0.39,0.337,0.273,0.198,0.581,0.221,0.057,2.69,3.22,0.32899999999999996,0.675,0.45899999999999996,0.71,0.784,0.7509999999999999,0.377,0.619,0.114,0.17600000000000002,0.29,0.737,0.4,0.26,67,81,3.17,1.5,1.5,14.0,$12.0,2022
Braxton Garrett,MIA,3,7,0,17,17,88.0,86,38,35,9,24,90,3.58,1.25,9.2,2.45,0.24100000000000002,0.064,0.177,3.56,3.5,3.52,0.32299999999999995,0.098,,84.1,86.0,,91.5,0.07200000000000001,0.386,89.4,9.0,112.8,0.478,0.308,0.215,0.092,0.41,0.353,0.237,0.185,0.506,0.309,0.11800000000000001,4.05,3.5,0.37,0.632,0.48100000000000004,0.539,0.924,0.754,0.423,0.66,0.11800000000000001,0.191,0.309,0.764,0.92,0.321,89,88,3.75,1.5,1.7,14.5,$12.3,2022
Jhoan Duran,MIN,2,4,8,57,0,67.2,50,15,14,6,16,89,1.86,0.98,11.84,2.13,0.335,0.06,0.27399999999999997,2.52,2.11,1.96,0.032,,,89.7,,,100.9,0.045,0.35,88.2,-1.1,112.2,0.61,0.221,0.16899999999999998,0.059000000000000004,0.35700000000000004,0.363,0.28,0.19699999999999998,0.586,0.217,0.17600000000000002,2.2,2.11,0.402,0.7340000000000001,0.546,0.48100000000000004,0.804,0.669,0.434,0.635,0.18100000000000002,0.145,0.326,0.893,0.8,0.291,63,53,5.56,1.5,2.6,14.3,$12.2,2022
Raisel Iglesias,- - -,2,6,17,67,0,62.0,46,20,17,5,14,78,2.47,0.97,11.32,2.03,0.317,0.057,0.26,2.47,2.99,2.46,0.26,0.24,,84.2,88.7,,95.2,0.106,0.33799999999999997,87.3,17.5,112.5,0.342,0.44299999999999995,0.215,0.091,0.384,0.40399999999999997,0.212,0.159,0.5429999999999999,0.298,0.076,3.12,2.99,0.40399999999999997,0.6809999999999999,0.516,0.508,0.8290000000000001,0.679,0.40299999999999997,0.606,0.165,0.16,0.326,0.768,0.73,0.281,62,76,5.57,1.5,1.4,14.4,$12.3,2022
Cole Irvin,OAK,9,13,0,30,30,181.0,174,87,80,25,36,128,3.98,1.16,6.36,1.79,0.17300000000000001,0.049,0.124,4.21,4.35,4.37,0.105,0.182,,79.3,83.0,,90.9,0.096,0.395,89.4,15.5,113.8,0.377,0.42100000000000004,0.20199999999999999,0.07200000000000001,0.375,0.36,0.265,0.132,0.547,0.321,0.105,4.41,4.35,0.358,0.715,0.519,0.727,0.8690000000000001,0.815,0.451,0.6679999999999999,0.096,0.162,0.257,0.7140000000000001,1.24,0.273,111,110,3.56,1.4,1.8,13.4,$11.0,2022
Charlie Morton,ATL,9,6,0,31,31,172.0,149,85,83,28,63,205,4.34,1.23,10.73,3.3,0.282,0.087,0.195,4.26,3.6,3.48,,0.086,,,87.2,,94.9,0.095,0.42100000000000004,89.3,13.6,115.8,0.39799999999999996,0.386,0.21600000000000003,0.08800000000000001,0.371,0.353,0.276,0.163,0.534,0.303,0.165,4.1,3.6,0.32,0.654,0.455,0.556,0.858,0.731,0.40299999999999997,0.5870000000000001,0.122,0.183,0.306,0.76,1.47,0.292,109,90,3.25,1.4,2.1,13.8,$11.3,2022
Graham Ashcraft,CIN,5,6,0,19,19,105.0,119,61,57,11,30,71,4.89,1.42,6.09,2.57,0.153,0.065,0.08800000000000001,4.21,4.09,4.22,0.271,0.006999999999999999,,85.8,89.9,,97.3,0.048,0.363,86.9,3.8,115.9,0.545,0.249,0.20600000000000002,0.08,0.341,0.386,0.273,0.192,0.515,0.293,0.125,4.01,4.09,0.336,0.7,0.49200000000000005,0.695,0.914,0.8290000000000001,0.428,0.584,0.084,0.15,0.235,0.6779999999999999,0.94,0.314,99,102,2.37,1.4,0.7,13.2,$11.0,2022
Bryan Abreu,HOU,4,0,2,55,0,60.1,45,16,13,2,26,88,1.94,1.18,13.13,3.88,0.355,0.105,0.25,2.12,2.69,2.56,0.365,0.002,,88.4,89.5,,97.3,0.038,0.32299999999999995,86.6,12.8,109.6,0.485,0.315,0.2,0.146,0.32299999999999995,0.446,0.231,0.20800000000000002,0.546,0.24600000000000002,0.049,2.97,2.69,0.348,0.728,0.49200000000000005,0.441,0.8009999999999999,0.643,0.379,0.565,0.17600000000000002,0.13,0.305,0.8170000000000001,0.3,0.336,53,68,3.38,1.4,1.4,12.8,$11.0,2022
Felix Bautista,BAL,4,4,15,65,0,65.2,38,18,16,7,23,88,2.19,0.93,12.06,3.15,0.348,0.091,0.257,2.91,2.77,2.49,0.12300000000000001,,,85.3,,,99.3,0.085,0.369,86.8,14.7,115.7,0.429,0.39299999999999996,0.179,0.182,0.326,0.40399999999999997,0.27,0.22699999999999998,0.525,0.248,0.127,2.65,2.77,0.34,0.733,0.504,0.5579999999999999,0.7929999999999999,0.701,0.41700000000000004,0.605,0.151,0.151,0.302,0.843,0.96,0.231,74,70,3.83,1.4,2.1,13.1,$11.1,2022
Adrian Sampson,CHC,4,5,0,21,19,104.1,101,40,36,10,27,73,3.11,1.23,6.3,2.33,0.171,0.063,0.107,3.79,4.39,4.48,0.209,0.136,,83.6,85.1,,92.6,0.067,0.359,87.9,13.6,115.2,0.4,0.4,0.2,0.077,0.396,0.36200000000000004,0.242,0.156,0.586,0.258,0.077,4.42,4.39,0.33799999999999997,0.715,0.479,0.701,0.89,0.807,0.375,0.5770000000000001,0.09300000000000001,0.14300000000000002,0.23600000000000002,0.7759999999999999,0.86,0.288,97,110,2.7,1.4,2.3,13.3,$11.2,2022
Garrett Whitlock,BOS,4,2,6,31,9,78.1,65,32,30,10,15,82,3.45,1.02,9.42,1.72,0.264,0.048,0.215,3.29,3.2,3.06,0.18,0.198,,83.3,84.7,,96.1,0.08,0.39,88.8,15.3,113.0,0.408,0.39,0.20199999999999999,0.145,0.38,0.315,0.305,0.183,0.498,0.319,0.12,3.17,3.2,0.33299999999999996,0.715,0.511,0.599,0.802,0.732,0.467,0.659,0.13699999999999998,0.16699999999999998,0.304,0.731,1.15,0.271,83,81,5.47,1.4,1.5,13.1,$11.3,2022
Bryan Baker,BAL,4,3,1,66,2,69.2,60,29,27,3,26,76,3.49,1.23,9.82,3.36,0.261,0.08900000000000001,0.172,2.74,3.56,3.35,0.264,0.174,,87.4,84.1,,96.4,0.048,0.414,89.8,13.3,109.1,0.424,0.353,0.223,0.138,0.409,0.355,0.237,0.177,0.527,0.29600000000000004,0.046,3.22,3.56,0.27,0.701,0.449,0.7170000000000001,0.79,0.764,0.414,0.636,0.106,0.174,0.28,0.708,0.39,0.311,69,90,2.92,1.4,0.7,12.8,$10.9,2022
Collin McHugh,ATL,3,2,0,58,0,69.1,51,20,20,5,14,75,2.6,0.94,9.74,1.82,0.276,0.051,0.22399999999999998,2.71,3.24,2.78,0.483,,,80.3,,,91.3,0.051,0.315,86.6,15.4,108.9,0.39899999999999997,0.38799999999999996,0.213,0.11599999999999999,0.354,0.348,0.298,0.20199999999999999,0.517,0.281,0.07200000000000001,3.04,3.24,0.385,0.67,0.496,0.627,0.852,0.746,0.39,0.6509999999999999,0.126,0.161,0.287,0.794,0.65,0.266,70,82,5.36,1.4,1.9,13.0,$11.0,2022
David Bednar,PIT,3,4,19,45,0,51.2,42,19,15,4,16,69,2.61,1.12,12.02,2.79,0.32899999999999996,0.076,0.252,2.44,2.83,2.53,,,,,,,96.6,0.073,0.46,90.5,15.3,112.5,0.33299999999999996,0.39799999999999996,0.268,0.061,0.41100000000000003,0.395,0.19399999999999998,0.121,0.597,0.282,0.08199999999999999,3.22,2.83,0.33899999999999997,0.7240000000000001,0.5,0.5539999999999999,0.784,0.6940000000000001,0.418,0.6,0.153,0.162,0.315,0.7490000000000001,0.7,0.317,61,71,4.31,1.4,1.2,13.6,$11.6,2022
Ryan Pressly,HOU,3,3,33,50,0,48.1,30,17,16,4,13,65,2.98,0.89,12.1,2.42,0.35700000000000004,0.071,0.28600000000000003,2.31,2.21,2.14,0.368,0.035,,89.7,89.2,,94.5,0.057999999999999996,0.375,89.0,9.0,108.8,0.461,0.314,0.225,0.031,0.433,0.34600000000000003,0.221,0.135,0.596,0.26899999999999996,0.125,2.63,2.21,0.368,0.6809999999999999,0.48200000000000004,0.46399999999999997,0.7909999999999999,0.633,0.366,0.648,0.177,0.155,0.332,0.695,0.74,0.26,58,55,5.0,1.4,1.1,12.9,$11.0,2022
Giovanny Gallegos,STL,3,6,14,57,0,59.0,42,23,20,6,18,73,3.05,1.02,11.14,2.75,0.311,0.077,0.23399999999999999,2.88,3.51,2.89,0.47200000000000003,0.05,,85.6,87.1,,94.5,0.09,0.354,89.8,24.0,113.7,0.275,0.5489999999999999,0.17600000000000002,0.115,0.396,0.361,0.243,0.16,0.542,0.299,0.077,2.91,3.51,0.373,0.736,0.52,0.47,0.8140000000000001,0.667,0.406,0.672,0.17300000000000001,0.145,0.318,0.7170000000000001,0.92,0.261,74,88,4.06,1.4,1.0,12.8,$10.8,2022
Joe Jimenez,DET,3,2,2,62,0,56.2,49,24,22,4,13,77,3.49,1.09,12.23,2.06,0.33299999999999996,0.055999999999999994,0.27699999999999997,2.0,2.7,2.3,0.308,0.054000000000000006,,84.9,90.7,,95.9,0.078,0.397,88.6,20.0,111.3,0.331,0.446,0.223,0.129,0.44,0.305,0.255,0.191,0.5529999999999999,0.255,0.065,2.89,2.7,0.37,0.7090000000000001,0.529,0.5920000000000001,0.804,0.726,0.47,0.623,0.145,0.16,0.305,0.674,0.64,0.328,51,68,5.92,1.4,0.4,13.3,$11.4,2022
Zach Eflin,PHI,3,5,1,20,13,75.2,70,38,34,8,15,65,4.04,1.12,7.73,1.78,0.20800000000000002,0.048,0.16,3.56,3.81,3.78,0.04,0.06,,86.1,87.0,,93.3,0.061,0.311,85.3,10.5,111.1,0.445,0.366,0.18899999999999997,0.084,0.44299999999999995,0.325,0.23199999999999998,0.23199999999999998,0.5529999999999999,0.215,0.096,3.25,3.81,0.33799999999999997,0.6609999999999999,0.47600000000000003,0.672,0.875,0.792,0.425,0.6709999999999999,0.099,0.177,0.276,0.66,0.95,0.282,87,96,4.33,1.4,0.8,13.1,$11.1,2022
Antonio Senzatela,COL,3,7,0,19,19,92.1,133,56,52,9,23,54,5.07,1.69,5.26,2.24,0.131,0.055999999999999994,0.075,4.05,4.07,4.48,0.26899999999999996,0.07400000000000001,,86.1,86.9,,94.3,0.045,0.414,89.9,6.7,111.7,0.494,0.245,0.261,0.075,0.33899999999999997,0.354,0.306,0.135,0.532,0.33299999999999996,0.113,5.27,4.07,0.287,0.722,0.473,0.736,0.9129999999999999,0.851,0.42700000000000005,0.588,0.07,0.149,0.21899999999999997,0.7040000000000001,0.88,0.383,97,102,2.35,1.4,0.8,13.2,$11.1,2022
Bailey Ober,MIN,2,3,0,11,11,56.0,48,22,20,4,11,51,3.21,1.05,8.2,1.77,0.225,0.048,0.17600000000000002,2.92,4.18,3.99,0.23399999999999999,0.156,,82.9,84.4,,91.8,0.11699999999999999,0.368,90.0,19.5,112.3,0.278,0.512,0.21,0.084,0.38,0.36200000000000004,0.258,0.141,0.552,0.307,0.048,4.71,4.18,0.371,0.747,0.528,0.649,0.816,0.747,0.41700000000000004,0.6779999999999999,0.133,0.139,0.273,0.7040000000000001,0.64,0.277,74,106,4.64,1.4,1.2,13.0,$11.5,2022
German Marquez,COL,9,13,0,31,31,181.2,185,109,100,30,63,150,4.95,1.37,7.43,3.12,0.193,0.081,0.11199999999999999,4.71,4.02,4.27,0.2,0.027000000000000003,,87.8,87.7,,95.7,0.071,0.47200000000000003,90.5,9.2,112.2,0.47600000000000003,0.318,0.20600000000000002,0.067,0.39299999999999996,0.368,0.23800000000000002,0.11,0.528,0.361,0.16899999999999998,4.47,4.02,0.318,0.71,0.494,0.601,0.9009999999999999,0.795,0.44799999999999995,0.6509999999999999,0.10099999999999999,0.155,0.257,0.6809999999999999,1.49,0.291,112,101,2.38,1.3,1.6,12.8,$10.4,2022
Matt Moore,TEX,5,2,5,63,0,74.0,49,20,16,3,38,83,1.95,1.18,10.09,4.62,0.273,0.125,0.14800000000000002,2.98,3.87,3.69,,0.168,,,85.1,,94.0,0.044000000000000004,0.313,87.7,15.1,110.5,0.439,0.39399999999999996,0.16699999999999998,0.155,0.33,0.385,0.28600000000000003,0.22,0.555,0.225,0.042,2.84,3.87,0.35200000000000004,0.722,0.506,0.588,0.789,0.7070000000000001,0.415,0.5920000000000001,0.14800000000000002,0.145,0.293,0.8109999999999999,0.36,0.257,74,98,2.18,1.3,2.1,12.6,$10.8,2022
Jakob Junis,SFG,5,7,0,23,17,112.0,120,57,55,13,25,98,4.42,1.29,7.88,2.01,0.205,0.052000000000000005,0.153,3.65,3.67,3.78,0.514,0.16,,83.2,84.8,,92.0,0.07400000000000001,0.382,88.9,12.1,111.6,0.431,0.33299999999999996,0.23600000000000002,0.086,0.41,0.345,0.245,0.134,0.595,0.271,0.11199999999999999,4.15,3.67,0.321,0.611,0.45399999999999996,0.649,0.8809999999999999,0.792,0.45799999999999996,0.669,0.094,0.203,0.297,0.703,1.04,0.317,95,92,3.92,1.3,0.8,12.6,$10.7,2022
Aaron Civale,CLE,5,6,0,20,20,97.0,93,58,53,14,22,98,4.92,1.19,9.09,2.04,0.24100000000000002,0.054000000000000006,0.187,3.87,3.62,3.55,0.038,,,80.9,,,90.9,0.075,0.40399999999999997,88.6,13.4,114.0,0.41200000000000003,0.384,0.204,0.10300000000000001,0.48200000000000004,0.307,0.21100000000000002,0.168,0.518,0.314,0.131,3.81,3.62,0.337,0.6659999999999999,0.467,0.645,0.88,0.777,0.39399999999999996,0.631,0.10400000000000001,0.17300000000000001,0.276,0.625,1.3,0.297,99,92,4.45,1.3,-0.1,11.9,$10.0,2022
Anthony Bass,- - -,4,3,0,73,0,70.1,51,15,12,6,20,73,1.54,1.01,9.34,2.56,0.265,0.073,0.193,3.0,3.34,3.11,0.557,,,86.7,,,95.0,0.06,0.335,87.6,14.3,112.2,0.41200000000000003,0.379,0.209,0.11599999999999999,0.401,0.35700000000000004,0.242,0.209,0.527,0.264,0.087,3.02,3.34,0.349,0.6809999999999999,0.486,0.47,0.87,0.701,0.413,0.665,0.145,0.17600000000000002,0.322,0.895,0.77,0.256,76,84,3.65,1.3,2.6,12.1,$10.3,2022
Jason Adam,TBR,2,3,8,67,0,63.1,31,12,11,5,17,75,1.56,0.76,10.66,2.42,0.316,0.07200000000000001,0.245,2.86,3.17,2.57,0.358,0.322,,81.4,90.0,,95.1,0.05,0.273,85.2,14.4,113.0,0.457,0.413,0.13,0.175,0.413,0.36200000000000004,0.225,0.196,0.565,0.239,0.08800000000000001,2.1,3.17,0.386,0.65,0.498,0.474,0.773,0.64,0.425,0.6409999999999999,0.179,0.17300000000000001,0.35200000000000004,0.894,0.71,0.194,74,80,4.41,1.3,2.7,12.2,$10.4,2022
Brayan Bello,BOS,2,8,0,13,11,57.1,75,34,30,1,27,55,4.71,1.78,8.63,4.24,0.205,0.10099999999999999,0.10400000000000001,2.94,3.8,4.07,0.221,0.237,,85.0,88.3,,97.0,0.054000000000000006,0.375,88.0,5.3,112.2,0.557,0.23,0.213,0.048,0.391,0.359,0.25,0.163,0.56,0.27699999999999997,0.024,3.81,3.8,0.324,0.6779999999999999,0.45899999999999996,0.618,0.8420000000000001,0.745,0.38299999999999995,0.627,0.11699999999999999,0.159,0.27699999999999997,0.682,0.16,0.404,74,96,2.04,1.3,0.1,11.5,$10.1,2022
Scott Effross,- - -,1,4,4,60,1,56.2,45,23,16,3,15,62,2.54,1.06,9.85,2.38,0.271,0.066,0.205,2.46,3.18,2.95,0.402,0.146,,79.9,83.0,,91.0,0.04,0.371,87.3,8.7,108.0,0.446,0.365,0.18899999999999997,0.07400000000000001,0.295,0.45,0.255,0.201,0.604,0.195,0.055999999999999994,2.51,3.18,0.349,0.632,0.47,0.693,0.841,0.778,0.42700000000000005,0.659,0.10400000000000001,0.207,0.312,0.669,0.48,0.284,63,80,4.13,1.3,0.8,12.7,$10.7,2022
Mitch White,- - -,1,7,0,25,18,99.0,110,62,60,9,35,78,5.45,1.46,7.09,3.18,0.177,0.08,0.098,3.87,4.42,4.47,0.273,0.039,,85.5,87.3,,93.7,0.055999999999999994,0.34,87.9,14.7,113.9,0.43,0.361,0.209,0.11199999999999999,0.386,0.373,0.24100000000000002,0.16699999999999998,0.525,0.309,0.078,4.14,4.42,0.331,0.703,0.48200000000000004,0.727,0.894,0.826,0.40700000000000003,0.605,0.084,0.155,0.239,0.635,0.82,0.321,97,111,2.23,1.3,-0.3,11.9,$10.0,2022
Clay Holmes,NYY,7,4,20,62,0,63.2,45,21,18,2,20,65,2.54,1.02,9.19,2.83,0.25,0.077,0.17300000000000001,2.85,2.9,2.28,0.19699999999999998,,,86.1,,,97.8,0.018000000000000002,0.428,89.1,-8.0,112.2,0.758,0.121,0.121,0.1,0.406,0.41200000000000003,0.182,0.17,0.57,0.261,0.1,2.43,2.9,0.32899999999999996,0.652,0.46,0.531,0.8690000000000001,0.725,0.405,0.5539999999999999,0.126,0.177,0.304,0.7440000000000001,0.28,0.262,70,73,3.25,1.2,1.4,10.9,$9.3,2022
Drew Smyly,CHC,7,8,0,22,22,106.1,101,46,41,16,26,91,3.47,1.19,7.7,2.2,0.204,0.057999999999999996,0.145,4.23,4.18,4.06,,0.002,,,82.5,,,0.086,0.345,86.7,16.3,114.3,0.401,0.423,0.17600000000000002,0.146,0.483,0.298,0.218,0.19399999999999998,0.486,0.32,0.11699999999999999,4.27,4.18,0.364,0.7120000000000001,0.519,0.627,0.846,0.7609999999999999,0.447,0.685,0.124,0.15,0.275,0.785,1.35,0.275,108,105,3.5,1.2,1.9,11.7,$9.7,2022
Camilo Doval,SFG,6,6,27,68,0,67.2,54,27,19,4,30,80,2.53,1.24,10.64,3.99,0.28,0.105,0.175,2.98,3.04,3.07,0.436,,,87.8,,,,0.046,0.364,85.9,-0.8,110.3,0.564,0.221,0.215,0.105,0.405,0.353,0.243,0.243,0.503,0.254,0.105,2.9,3.04,0.32,0.693,0.469,0.535,0.826,0.7070000000000001,0.401,0.535,0.13699999999999998,0.159,0.29600000000000004,0.737,0.53,0.296,78,77,2.67,1.2,1.1,11.6,$9.8,2022
Jake Odorizzi,- - -,6,6,0,22,22,106.1,106,58,52,14,35,86,4.4,1.33,7.28,2.96,0.19,0.077,0.113,4.28,4.7,4.59,0.076,0.165,,82.8,85.1,,92.2,0.073,0.331,87.8,19.8,112.0,0.317,0.466,0.21600000000000003,0.14400000000000002,0.313,0.368,0.319,0.195,0.562,0.243,0.092,4.12,4.7,0.319,0.774,0.5,0.71,0.848,0.795,0.39799999999999996,0.5429999999999999,0.102,0.134,0.23600000000000002,0.691,1.18,0.292,109,118,2.46,1.2,0.7,11.4,$9.9,2022
Pete Fairbanks,TBR,0,0,8,24,0,24.0,13,3,3,1,3,38,1.13,0.67,14.25,1.13,0.43700000000000006,0.034,0.402,0.86,1.12,1.09,0.381,0.006,,85.8,96.0,,99.2,0.022000000000000002,0.261,87.3,9.4,107.3,0.5329999999999999,0.289,0.17800000000000002,0.077,0.4,0.311,0.289,0.17800000000000002,0.578,0.244,0.077,1.04,1.12,0.42100000000000004,0.647,0.517,0.624,0.711,0.67,0.426,0.655,0.17,0.17300000000000001,0.344,0.89,0.38,0.267,21,27,12.67,1.2,1.3,11.4,$9.9,2022
Eric Lauer,MIL,11,7,0,29,29,158.2,135,71,65,27,59,157,3.69,1.22,8.91,3.35,0.23800000000000002,0.08900000000000001,0.14800000000000002,4.5,4.08,4.07,0.18,0.032,,86.8,87.2,,93.3,0.079,0.377,88.8,17.8,116.0,0.336,0.442,0.221,0.078,0.364,0.38,0.255,0.17800000000000002,0.474,0.349,0.141,4.04,4.08,0.299,0.679,0.46299999999999997,0.7,0.838,0.7879999999999999,0.433,0.617,0.098,0.17600000000000002,0.27399999999999997,0.79,1.53,0.26,112,102,2.66,1.1,2.6,10.6,$8.7,2022
Dakota Hudson,STL,8,7,0,27,26,139.2,141,71,69,9,61,78,4.45,1.45,5.03,3.93,0.131,0.102,0.028999999999999998,4.34,4.82,5.11,0.27399999999999997,0.040999999999999995,,87.9,86.5,,91.6,0.06,0.40399999999999997,89.0,6.3,116.9,0.53,0.281,0.18899999999999997,0.064,0.426,0.359,0.214,0.154,0.551,0.295,0.07200000000000001,5.01,4.82,0.263,0.69,0.44,0.675,0.924,0.836,0.413,0.591,0.07200000000000001,0.158,0.23,0.706,0.58,0.301,110,121,1.28,1.1,1.4,10.4,$8.5,2022
Sean Manaea,SDP,8,9,0,30,28,158.0,155,95,87,29,50,156,4.96,1.3,8.89,2.85,0.23199999999999998,0.075,0.158,4.53,3.96,3.9,0.145,0.239,,81.2,84.8,,,0.091,0.429,90.3,16.3,113.3,0.382,0.425,0.193,0.08199999999999999,0.43700000000000006,0.344,0.21899999999999997,0.147,0.526,0.327,0.149,4.06,3.96,0.322,0.7390000000000001,0.512,0.624,0.8390000000000001,0.765,0.455,0.638,0.12,0.154,0.27399999999999997,0.675,1.65,0.291,114,99,3.12,1.1,-0.1,10.6,$8.6,2022
Alexis Diaz,CIN,7,3,10,59,0,63.2,28,18,13,5,33,83,1.84,0.96,11.73,4.66,0.325,0.129,0.196,3.32,3.97,3.29,0.354,,,86.9,,,95.8,0.075,0.32799999999999996,86.7,20.9,109.8,0.303,0.545,0.152,0.055999999999999994,0.358,0.38799999999999996,0.254,0.179,0.59,0.231,0.069,2.83,3.97,0.359,0.6890000000000001,0.489,0.513,0.782,0.662,0.395,0.604,0.165,0.141,0.306,0.8140000000000001,0.71,0.178,78,99,2.52,1.1,2.2,10.1,$8.5,2022
Adam Ottavino,NYM,6,3,3,66,0,65.2,48,15,15,6,16,79,2.06,0.97,10.83,2.19,0.306,0.062,0.244,2.85,2.79,2.45,0.428,,,81.1,,,94.8,0.032,0.297,84.8,7.6,112.0,0.519,0.316,0.165,0.12,0.43700000000000006,0.361,0.203,0.222,0.551,0.228,0.12,2.35,2.79,0.313,0.62,0.441,0.528,0.846,0.715,0.41600000000000004,0.605,0.126,0.20199999999999999,0.32799999999999996,0.8909999999999999,0.82,0.276,72,70,4.94,1.1,2.1,10.8,$9.1,2022
Dylan Lee,ATL,5,1,0,46,0,50.2,40,16,12,5,10,59,2.13,0.99,10.48,1.78,0.294,0.05,0.244,2.66,3.1,2.64,0.48,0.065,,83.8,86.3,,92.0,0.053,0.379,88.6,18.2,111.4,0.354,0.45399999999999996,0.192,0.153,0.39399999999999996,0.39399999999999996,0.212,0.19699999999999998,0.53,0.273,0.085,2.58,3.1,0.446,0.728,0.562,0.5329999999999999,0.775,0.6629999999999999,0.414,0.607,0.19,0.126,0.316,0.7909999999999999,0.89,0.276,69,78,5.9,1.1,1.2,10.6,$9.0,2022
Kenley Jansen,ATL,5,2,41,65,0,64.0,45,25,24,8,22,85,3.38,1.05,11.95,3.09,0.327,0.085,0.242,3.21,3.45,2.75,0.131,,,81.3,,,,0.073,0.325,87.1,21.9,117.2,0.299,0.551,0.15,0.12300000000000001,0.424,0.29100000000000004,0.285,0.205,0.53,0.265,0.099,2.34,3.45,0.34299999999999997,0.6779999999999999,0.5,0.6890000000000001,0.8190000000000001,0.7709999999999999,0.469,0.685,0.114,0.185,0.299,0.7609999999999999,1.13,0.259,82,87,3.86,1.1,1.1,10.0,$8.4,2022
Andrew Heaney,LAD,4,4,0,16,14,72.2,60,34,25,14,19,110,3.1,1.09,13.62,2.35,0.355,0.061,0.294,3.75,2.83,2.46,0.324,0.051,,83.4,85.0,,93.0,0.11,0.47700000000000004,91.2,17.9,109.9,0.345,0.46399999999999997,0.19,0.10300000000000001,0.401,0.337,0.262,0.163,0.47700000000000004,0.36,0.179,3.39,2.83,0.395,0.672,0.507,0.521,0.795,0.6679999999999999,0.40700000000000003,0.677,0.168,0.157,0.325,0.789,1.73,0.291,92,71,5.79,1.1,0.9,10.7,$9.1,2022
Joe Mantiply,ARI,2,5,2,69,0,60.0,59,22,19,6,6,61,2.85,1.08,9.15,0.9,0.251,0.025,0.226,2.83,2.52,2.4,0.302,0.26,,81.2,82.7,,91.0,0.04,0.376,86.5,5.4,110.9,0.535,0.235,0.22899999999999998,0.075,0.457,0.318,0.225,0.162,0.595,0.243,0.15,3.21,2.52,0.429,0.64,0.523,0.597,0.84,0.7290000000000001,0.44299999999999995,0.63,0.142,0.185,0.326,0.772,0.9,0.317,74,64,10.17,1.1,1.3,10.6,$8.9,2022
Jose Urquidy,HOU,13,8,0,29,28,164.1,154,74,72,29,38,134,3.94,1.17,7.34,2.08,0.19699999999999998,0.055999999999999994,0.141,4.6,4.32,4.18,0.136,0.149,,80.2,86.1,,93.6,0.094,0.408,89.7,17.2,119.1,0.36,0.44799999999999995,0.192,0.107,0.44,0.32299999999999995,0.237,0.171,0.522,0.307,0.129,4.56,4.32,0.34600000000000003,0.736,0.518,0.691,0.8759999999999999,0.807,0.441,0.653,0.1,0.158,0.258,0.789,1.59,0.264,118,110,3.53,1.0,2.4,9.3,$8.1,2022
Michael Lorenzen,LAA,8,6,0,18,18,97.2,81,48,46,11,44,85,4.24,1.28,7.83,4.05,0.207,0.107,0.1,4.31,4.2,4.43,0.203,0.222,,83.4,85.8,,95.0,0.068,0.371,88.1,9.8,115.0,0.502,0.321,0.177,0.11199999999999999,0.41700000000000004,0.327,0.255,0.17600000000000002,0.5539999999999999,0.27,0.124,3.92,4.2,0.326,0.7,0.475,0.654,0.8390000000000001,0.763,0.39799999999999996,0.625,0.11199999999999999,0.142,0.255,0.713,1.01,0.262,107,106,1.93,1.0,1.2,9.5,$7.9,2022
Cionel Perez,BAL,7,1,1,66,0,57.2,46,11,9,2,21,55,1.4,1.16,8.58,3.28,0.235,0.09,0.145,2.8,3.56,3.48,0.391,,,84.0,,,97.2,0.064,0.395,89.1,5.1,110.9,0.513,0.301,0.18600000000000003,0.0,0.331,0.408,0.261,0.10800000000000001,0.631,0.261,0.043,3.61,3.56,0.316,0.6729999999999999,0.475,0.5760000000000001,0.867,0.759,0.445,0.615,0.114,0.16399999999999998,0.27899999999999997,0.8740000000000001,0.31,0.284,71,90,2.62,1.0,2.4,9.3,$7.9,2022
Brock Burke,TEX,7,5,0,52,0,82.1,63,25,18,9,24,90,1.97,1.06,9.84,2.62,0.27399999999999997,0.073,0.201,3.29,3.49,3.05,0.19899999999999998,0.129,,87.2,88.2,,95.1,0.071,0.392,88.6,13.3,114.6,0.396,0.435,0.16899999999999998,0.111,0.321,0.387,0.292,0.13699999999999998,0.5660000000000001,0.297,0.1,3.32,3.49,0.299,0.6970000000000001,0.46399999999999997,0.69,0.805,0.762,0.415,0.601,0.111,0.171,0.282,0.838,0.98,0.266,82,88,3.75,1.0,1.8,9.0,$7.7,2022
Tyler Wells,BAL,7,7,0,23,23,103.2,90,49,49,16,28,76,4.25,1.14,6.6,2.43,0.18,0.066,0.113,4.52,4.6,4.53,0.065,0.184,,79.7,86.7,,93.7,0.079,0.391,88.3,19.0,113.5,0.366,0.465,0.16899999999999998,0.158,0.426,0.3,0.27399999999999997,0.183,0.539,0.278,0.11,3.79,4.6,0.34600000000000003,0.718,0.505,0.688,0.8340000000000001,0.777,0.428,0.619,0.113,0.152,0.265,0.727,1.39,0.246,116,117,2.71,1.0,1.3,9.1,$7.6,2022
Seranthony Dominguez,PHI,6,5,9,54,0,51.0,36,18,17,4,22,61,3.0,1.14,10.76,3.88,0.295,0.106,0.188,3.09,3.26,3.15,0.255,0.047,,89.6,92.1,,97.8,0.081,0.455,90.2,8.8,111.9,0.48,0.33299999999999996,0.187,0.122,0.46299999999999997,0.26,0.276,0.122,0.5529999999999999,0.325,0.098,3.35,3.26,0.32299999999999995,0.74,0.488,0.55,0.818,0.711,0.397,0.58,0.141,0.131,0.272,0.768,0.71,0.269,76,82,2.77,1.0,1.2,9.4,$7.9,2022
Nathan Eovaldi,BOS,6,3,0,20,20,109.1,115,55,47,21,20,103,3.87,1.23,8.48,1.65,0.22399999999999998,0.043,0.18,4.3,3.46,3.55,0.121,,,86.0,,,95.9,0.107,0.452,89.7,10.7,116.3,0.47,0.365,0.165,0.115,0.414,0.363,0.223,0.13699999999999998,0.479,0.384,0.172,4.31,3.46,0.363,0.73,0.523,0.618,0.856,0.763,0.436,0.68,0.124,0.16,0.284,0.76,1.73,0.298,109,87,5.15,1.0,1.3,9.9,$8.3,2022
Walker Buehler,LAD,6,3,0,12,12,65.0,67,30,29,8,17,58,4.02,1.29,8.03,2.35,0.212,0.062,0.15,3.8,3.64,3.82,0.115,0.078,,83.5,90.5,,95.4,0.066,0.41600000000000004,87.9,7.2,113.8,0.48,0.321,0.19899999999999998,0.079,0.406,0.345,0.249,0.183,0.508,0.31,0.127,4.28,3.64,0.344,0.7240000000000001,0.49700000000000005,0.633,0.8590000000000001,0.765,0.402,0.62,0.11699999999999999,0.145,0.262,0.7490000000000001,1.11,0.312,94,91,3.41,1.0,0.9,9.4,$7.9,2022
Adrian Houser,MIL,6,10,0,22,21,102.2,103,66,54,8,47,69,4.73,1.46,6.05,4.12,0.152,0.10300000000000001,0.048,4.21,4.64,5.03,0.134,0.095,,85.0,85.5,,94.4,0.055999999999999994,0.415,88.7,10.3,113.8,0.467,0.299,0.23399999999999999,0.13,0.409,0.368,0.223,0.18100000000000002,0.442,0.377,0.08,4.93,4.64,0.29600000000000004,0.662,0.43,0.7809999999999999,0.904,0.85,0.365,0.5760000000000001,0.064,0.17,0.23399999999999999,0.611,0.7,0.289,105,116,1.47,1.0,-0.4,10.0,$8.3,2022
Enyel De Los Santos,CLE,5,0,1,50,0,53.1,40,18,18,3,17,61,3.04,1.07,10.29,2.87,0.284,0.079,0.205,2.62,3.17,2.98,0.284,0.111,,83.1,87.4,,95.5,0.096,0.452,90.6,12.0,111.1,0.39799999999999996,0.34600000000000003,0.256,0.109,0.415,0.348,0.237,0.163,0.504,0.33299999999999996,0.065,3.89,3.17,0.34700000000000003,0.741,0.522,0.613,0.802,0.732,0.444,0.6559999999999999,0.14,0.149,0.289,0.748,0.51,0.28,67,80,3.59,1.0,0.9,9.1,$7.8,2022
Michael Kopech,CHW,5,9,0,25,25,119.1,85,53,47,15,57,105,3.54,1.19,7.92,4.3,0.213,0.115,0.09699999999999999,4.5,4.83,4.73,0.259,0.012,,84.5,85.3,,95.1,0.08800000000000001,0.41600000000000004,89.9,18.3,113.7,0.35700000000000004,0.485,0.159,0.107,0.413,0.34299999999999997,0.243,0.17,0.541,0.289,0.094,3.93,4.83,0.29100000000000004,0.664,0.44799999999999995,0.647,0.857,0.778,0.419,0.5670000000000001,0.099,0.17300000000000001,0.272,0.742,1.13,0.223,110,123,1.84,1.0,1.8,9.8,$8.1,2022
Austin Voth,- - -,5,4,0,41,17,101.2,111,52,49,14,31,90,4.34,1.4,7.97,2.74,0.204,0.07,0.133,4.14,4.33,4.16,0.048,0.006999999999999999,,83.8,87.2,,93.6,0.085,0.371,88.4,16.6,112.8,0.345,0.43,0.225,0.11,0.375,0.344,0.281,0.177,0.539,0.284,0.10300000000000001,4.39,4.33,0.304,0.7140000000000001,0.478,0.638,0.8490000000000001,0.772,0.426,0.62,0.109,0.155,0.264,0.742,1.24,0.319,105,110,2.9,1.0,1.0,9.4,$8.0,2022
J.P. Feyereisen,TBR,4,0,1,22,2,24.1,7,1,0,0,5,25,0.0,0.49,9.25,1.85,0.29100000000000004,0.057999999999999996,0.233,1.67,3.56,2.93,0.29100000000000004,0.265,,84.1,87.2,,92.7,0.071,0.39299999999999996,89.4,25.0,110.1,0.33899999999999997,0.5539999999999999,0.107,0.19399999999999998,0.33899999999999997,0.41100000000000003,0.25,0.214,0.46399999999999997,0.321,0.0,2.43,3.56,0.368,0.742,0.512,0.564,0.7759999999999999,0.682,0.384,0.6509999999999999,0.163,0.13699999999999998,0.299,0.917,0.0,0.125,43,90,5.0,1.0,1.5,8.8,$7.8,2022
Andrew Bellatti,PHI,4,4,2,59,1,54.1,47,25,20,5,25,78,3.31,1.33,12.92,4.14,0.33899999999999997,0.109,0.23,2.87,3.37,2.88,0.524,0.07200000000000001,,85.9,89.6,,94.5,0.127,0.35700000000000004,88.3,20.2,110.4,0.27399999999999997,0.5,0.226,0.09699999999999999,0.452,0.349,0.198,0.183,0.54,0.278,0.081,3.64,3.37,0.342,0.713,0.47,0.493,0.8029999999999999,0.6559999999999999,0.34700000000000003,0.557,0.162,0.142,0.304,0.727,0.83,0.347,71,85,3.12,1.0,0.4,9.4,$8.0,2022
Taylor Rogers,- - -,4,8,31,66,0,64.1,57,38,34,7,19,84,4.76,1.18,11.75,2.66,0.307,0.069,0.237,3.31,3.26,2.64,0.5710000000000001,,,80.9,,,94.3,0.08800000000000001,0.406,88.6,12.7,110.5,0.424,0.373,0.203,0.068,0.431,0.363,0.20600000000000002,0.156,0.494,0.35,0.11900000000000001,4.09,3.26,0.312,0.581,0.435,0.53,0.8340000000000001,0.716,0.45799999999999996,0.682,0.124,0.225,0.348,0.635,0.98,0.327,83,82,4.42,1.0,-0.8,9.4,$8.0,2022
Sam Hentges,CLE,3,2,1,57,0,62.0,41,17,16,3,19,72,2.32,0.97,10.45,2.76,0.294,0.078,0.21600000000000003,2.48,2.67,2.51,0.159,,,88.0,,,96.1,0.053,0.35100000000000003,88.8,-0.2,113.2,0.615,0.23,0.155,0.059000000000000004,0.35100000000000003,0.43700000000000006,0.212,0.172,0.53,0.298,0.08800000000000001,2.79,2.67,0.355,0.6759999999999999,0.49,0.5770000000000001,0.8290000000000001,0.7240000000000001,0.42200000000000004,0.616,0.136,0.166,0.302,0.782,0.44,0.257,63,67,3.79,1.0,1.4,9.7,$8.3,2022
Wandy Peralta,NYY,3,4,4,56,0,56.1,42,19,17,2,17,47,2.72,1.05,7.51,2.72,0.21100000000000002,0.076,0.135,2.86,3.61,3.51,0.158,0.423,,87.7,88.6,,95.3,0.044000000000000004,0.316,85.5,7.6,111.6,0.539,0.299,0.162,0.087,0.386,0.361,0.253,0.247,0.57,0.184,0.043,2.66,3.61,0.37799999999999995,0.764,0.512,0.532,0.82,0.682,0.348,0.5870000000000001,0.163,0.115,0.278,0.7170000000000001,0.32,0.256,70,91,2.76,1.0,1.1,9.3,$8.0,2022
Nick Nelson,PHI,3,2,1,47,2,68.2,66,38,37,1,36,69,4.85,1.49,9.04,4.72,0.225,0.11800000000000001,0.10800000000000001,3.04,4.47,4.16,0.242,0.293,,89.9,88.0,,96.5,0.036000000000000004,0.325,87.6,15.1,111.4,0.39799999999999996,0.38299999999999995,0.21899999999999997,0.133,0.381,0.33,0.289,0.162,0.624,0.213,0.013000000000000001,3.63,4.47,0.29,0.727,0.466,0.593,0.8270000000000001,0.74,0.402,0.588,0.121,0.135,0.257,0.65,0.13,0.332,75,112,1.92,1.0,-0.2,9.4,$8.0,2022
James Karinchak,CLE,2,0,3,38,0,39.0,22,9,9,2,21,62,2.08,1.1,14.31,4.85,0.38799999999999996,0.131,0.256,2.29,3.11,2.68,,,,,,,95.3,0.053,0.408,91.0,26.6,109.6,0.25,0.513,0.237,0.179,0.382,0.316,0.303,0.19699999999999998,0.5,0.303,0.051,2.92,3.11,0.266,0.591,0.385,0.521,0.7959999999999999,0.675,0.365,0.55,0.125,0.203,0.32799999999999996,0.85,0.46,0.27,58,78,2.95,1.0,1.1,9.0,$7.7,2022
Hunter Harvey,WSN,2,1,0,38,0,39.1,33,12,11,1,12,45,2.52,1.14,10.3,2.75,0.287,0.076,0.21,2.07,3.4,2.96,0.005,,,86.7,,,98.3,0.05,0.44,90.4,14.5,110.1,0.39,0.44,0.17,0.091,0.31,0.3,0.39,0.18,0.55,0.27,0.023,2.75,3.4,0.322,0.711,0.495,0.627,0.833,0.758,0.445,0.624,0.12,0.165,0.284,0.757,0.23,0.323,52,85,3.75,1.0,0.8,9.3,$7.9,2022
Matt Manning,DET,2,3,0,12,12,63.0,55,27,24,6,19,48,3.43,1.17,6.86,2.71,0.183,0.07200000000000001,0.11,3.78,4.37,4.45,0.22899999999999998,0.075,,83.8,86.2,,93.5,0.062,0.369,89.1,14.8,112.4,0.41,0.4,0.19,0.141,0.405,0.33299999999999996,0.262,0.179,0.49700000000000005,0.32299999999999995,0.077,3.98,4.37,0.313,0.7020000000000001,0.496,0.72,0.856,0.8109999999999999,0.47100000000000003,0.574,0.094,0.154,0.247,0.721,0.86,0.259,97,111,2.53,1.0,1.1,9.7,$8.3,2022
Buck Farmer,CIN,2,2,2,44,0,47.0,36,21,20,2,25,54,3.83,1.3,10.34,4.79,0.271,0.126,0.146,3.03,3.86,3.71,,0.235,,,88.7,,94.8,0.05,0.387,88.2,14.5,109.5,0.42700000000000005,0.376,0.19699999999999998,0.22699999999999998,0.45399999999999996,0.353,0.193,0.20199999999999999,0.529,0.26899999999999996,0.045,3.55,3.86,0.336,0.691,0.456,0.626,0.809,0.72,0.337,0.633,0.127,0.158,0.285,0.693,0.38,0.291,72,97,2.16,1.0,0.5,9.8,$8.3,2022
Brooks Raley,TBR,1,2,6,60,0,53.2,37,19,16,3,15,61,2.68,0.97,10.23,2.52,0.27899999999999997,0.068,0.21,2.74,3.28,2.92,0.38299999999999995,0.196,,81.4,85.6,,90.9,0.022000000000000002,0.285,86.7,12.3,109.2,0.375,0.33799999999999997,0.287,0.043,0.45299999999999996,0.387,0.161,0.19,0.562,0.248,0.065,2.79,3.28,0.35200000000000004,0.638,0.465,0.594,0.878,0.748,0.395,0.635,0.11699999999999999,0.184,0.301,0.725,0.5,0.254,71,83,4.07,1.0,0.9,9.1,$7.7,2022
Jose Berrios,TOR,12,7,0,32,32,172.0,199,103,100,29,45,149,5.23,1.42,7.8,2.35,0.198,0.06,0.138,4.55,4.21,4.13,,0.154,,,84.7,,94.0,0.095,0.436,90.0,14.0,113.8,0.40299999999999997,0.397,0.2,0.079,0.363,0.359,0.278,0.158,0.535,0.308,0.135,5.12,4.21,0.341,0.675,0.484,0.682,0.892,0.8079999999999999,0.429,0.66,0.09300000000000001,0.184,0.27699999999999997,0.7090000000000001,1.52,0.328,116,107,3.31,0.9,-0.3,8.6,$7.1,2022
Ian Anderson,ATL,10,6,0,22,22,111.2,115,63,62,12,54,97,5.0,1.51,7.82,4.35,0.19699999999999998,0.11,0.087,4.25,4.22,4.58,,0.33399999999999996,,,88.2,,93.9,0.062,0.405,89.2,8.4,113.4,0.479,0.303,0.218,0.068,0.475,0.305,0.22,0.141,0.5720000000000001,0.287,0.11699999999999999,4.38,4.22,0.311,0.738,0.46799999999999997,0.595,0.84,0.737,0.36700000000000005,0.568,0.12300000000000001,0.134,0.257,0.698,0.97,0.313,109,106,1.8,0.9,0.6,8.6,$7.0,2022
Scott Barlow,KCR,7,4,24,69,0,74.1,52,23,18,9,22,77,2.18,1.0,9.32,2.66,0.266,0.076,0.19,3.62,3.42,3.1,0.44299999999999995,,,84.2,,,93.7,0.069,0.303,86.4,11.6,113.5,0.47600000000000003,0.369,0.155,0.13,0.46799999999999997,0.303,0.22899999999999998,0.19699999999999998,0.505,0.298,0.13,2.96,3.42,0.381,0.596,0.462,0.516,0.873,0.6890000000000001,0.376,0.61,0.14400000000000002,0.18899999999999997,0.332,0.8390000000000001,1.09,0.24,92,87,3.5,0.9,2.4,8.7,$7.3,2022
Griffin Jax,MIN,7,4,1,65,0,72.1,56,29,27,7,20,78,3.36,1.05,9.71,2.49,0.26899999999999996,0.069,0.2,3.17,3.32,2.98,0.484,0.13699999999999998,,86.5,89.9,,95.4,0.069,0.37,88.1,10.6,110.8,0.473,0.36700000000000005,0.16,0.087,0.376,0.354,0.27,0.14800000000000002,0.54,0.312,0.10099999999999999,3.17,3.32,0.38,0.632,0.485,0.5760000000000001,0.855,0.727,0.41600000000000004,0.645,0.132,0.188,0.32,0.723,0.87,0.269,80,84,3.9,0.9,0.8,8.5,$7.3,2022
John Brebbia,SFG,6,2,0,76,11,68.0,71,27,24,5,18,54,3.18,1.31,7.15,2.38,0.188,0.063,0.125,3.32,4.5,4.08,0.5379999999999999,,,84.0,,,94.3,0.065,0.386,87.8,17.1,111.3,0.363,0.462,0.175,0.102,0.37200000000000005,0.358,0.27,0.191,0.484,0.326,0.051,3.48,4.5,0.35,0.737,0.522,0.6809999999999999,0.848,0.7859999999999999,0.44299999999999995,0.688,0.11199999999999999,0.149,0.261,0.759,0.66,0.314,87,112,3.0,0.9,1.0,8.6,$7.2,2022
Craig Kimbrel,LAD,6,7,22,63,0,60.0,51,31,25,4,28,72,3.75,1.32,10.8,4.2,0.27699999999999997,0.10800000000000001,0.16899999999999998,3.23,4.04,3.44,,,,,,,95.8,0.09,0.439,90.7,16.0,110.7,0.397,0.45,0.152,0.147,0.368,0.374,0.258,0.168,0.49700000000000005,0.335,0.059000000000000004,3.5,4.04,0.29600000000000004,0.67,0.451,0.578,0.826,0.73,0.414,0.631,0.122,0.17300000000000001,0.294,0.6759999999999999,0.6,0.311,80,101,2.57,0.9,-0.1,8.4,$7.1,2022
Taylor Hearn,TEX,6,8,1,31,13,100.0,107,60,57,11,43,97,5.13,1.5,8.73,3.87,0.21600000000000003,0.096,0.12,3.98,4.2,4.18,0.25,0.085,,84.7,87.6,,94.8,0.098,0.402,89.5,15.1,111.9,0.376,0.366,0.257,0.10800000000000001,0.415,0.337,0.248,0.17,0.513,0.317,0.099,4.82,4.2,0.316,0.7040000000000001,0.48,0.682,0.866,0.7959999999999999,0.42100000000000004,0.637,0.098,0.161,0.259,0.6759999999999999,0.99,0.325,99,106,2.26,0.9,-0.5,8.3,$7.1,2022
Roansy Contreras,PIT,5,5,0,21,18,95.0,82,45,40,13,39,86,3.79,1.27,8.15,3.69,0.21100000000000002,0.096,0.115,4.38,4.48,4.41,0.34299999999999997,0.027999999999999997,,83.9,89.7,,95.8,0.11,0.45899999999999996,90.1,17.7,112.0,0.364,0.43200000000000005,0.204,0.149,0.47,0.299,0.231,0.16,0.491,0.349,0.107,4.45,4.48,0.355,0.6659999999999999,0.475,0.565,0.875,0.733,0.387,0.608,0.127,0.171,0.298,0.7440000000000001,1.23,0.257,109,112,2.21,0.9,1.3,8.6,$7.1,2022
Spenser Watkins,BAL,5,6,0,23,20,105.1,119,59,55,11,30,63,4.7,1.41,5.38,2.56,0.13699999999999998,0.065,0.07200000000000001,4.24,4.68,4.86,0.177,0.044000000000000004,,78.5,86.1,,91.6,0.07200000000000001,0.376,90.0,11.6,112.8,0.415,0.35700000000000004,0.228,0.086,0.436,0.307,0.257,0.133,0.555,0.312,0.086,5.06,4.68,0.318,0.669,0.474,0.69,0.904,0.8240000000000001,0.445,0.6579999999999999,0.083,0.172,0.255,0.6829999999999999,0.94,0.308,108,119,2.1,0.9,0.5,9.0,$7.6,2022
Austin Gomber,COL,5,7,0,33,17,124.2,137,80,77,20,34,95,5.56,1.37,6.86,2.45,0.18,0.064,0.115,4.54,4.19,4.24,0.24600000000000002,0.17600000000000002,,84.4,82.1,,91.1,0.085,0.359,88.1,12.4,110.2,0.426,0.371,0.203,0.075,0.44,0.35200000000000004,0.209,0.151,0.515,0.33399999999999996,0.13699999999999998,4.57,4.19,0.313,0.72,0.486,0.6759999999999999,0.872,0.799,0.425,0.5920000000000001,0.098,0.153,0.251,0.6409999999999999,1.44,0.31,108,105,2.79,0.9,0.3,8.3,$6.9,2022
Jorge Lopez,- - -,4,7,23,67,0,71.0,53,26,20,4,31,72,2.54,1.18,9.13,3.93,0.242,0.10400000000000001,0.138,3.42,3.69,3.46,0.102,0.156,,87.6,90.0,,97.3,0.048,0.33,87.3,1.7,110.8,0.578,0.257,0.166,0.083,0.36700000000000005,0.38799999999999996,0.245,0.17600000000000002,0.612,0.213,0.083,3.31,3.69,0.301,0.654,0.467,0.589,0.86,0.768,0.47,0.621,0.109,0.18899999999999997,0.297,0.7609999999999999,0.51,0.266,87,93,2.32,0.9,1.4,8.0,$6.8,2022
Lucas Luetge,NYY,4,4,2,50,0,57.1,63,19,17,4,17,60,2.67,1.4,9.42,2.67,0.239,0.068,0.171,3.03,3.95,3.41,0.312,,,77.5,,,,0.053,0.235,85.2,17.6,112.4,0.353,0.418,0.22899999999999998,0.19699999999999998,0.38799999999999996,0.341,0.271,0.22399999999999998,0.5,0.276,0.055999999999999994,3.57,3.95,0.336,0.659,0.446,0.591,0.862,0.727,0.341,0.5820000000000001,0.122,0.16399999999999998,0.285,0.8290000000000001,0.63,0.355,74,100,3.53,0.9,0.9,8.4,$7.2,2022
Dane Dunning,TEX,4,8,0,29,29,153.1,158,80,76,20,62,137,4.46,1.43,8.04,3.64,0.204,0.092,0.11199999999999999,4.45,4.03,4.17,0.27899999999999997,0.201,,78.8,84.1,,89.0,0.08900000000000001,0.38,87.9,5.4,114.4,0.5329999999999999,0.29100000000000004,0.17600000000000002,0.053,0.45899999999999996,0.35200000000000004,0.18899999999999997,0.15,0.517,0.33299999999999996,0.152,4.49,4.03,0.32,0.6509999999999999,0.44,0.6579999999999999,0.872,0.773,0.364,0.596,0.1,0.17800000000000002,0.278,0.7440000000000001,1.17,0.313,111,102,2.21,0.9,1.0,8.7,$7.1,2022
Trevor Rogers,MIA,4,11,0,23,23,107.0,116,69,65,15,45,106,5.47,1.5,8.92,3.79,0.222,0.094,0.128,4.36,4.11,4.2,0.17800000000000002,0.293,,80.7,85.7,,94.6,0.075,0.374,88.4,12.1,113.8,0.42,0.35700000000000004,0.223,0.053,0.42100000000000004,0.34299999999999997,0.237,0.193,0.517,0.29,0.132,4.84,4.11,0.321,0.715,0.486,0.695,0.828,0.777,0.42,0.614,0.10800000000000001,0.152,0.26,0.669,1.26,0.33,109,103,2.36,0.9,-0.1,8.7,$7.1,2022
Ryne Stanek,HOU,2,1,1,59,0,54.2,36,8,7,2,31,62,1.15,1.23,10.21,5.1,0.27699999999999997,0.138,0.138,3.02,3.95,3.85,0.183,,,87.1,,,98.5,0.038,0.41200000000000003,88.8,15.0,109.5,0.389,0.397,0.214,0.17300000000000001,0.267,0.405,0.32799999999999996,0.153,0.573,0.275,0.038,3.19,3.95,0.321,0.7490000000000001,0.47200000000000003,0.5429999999999999,0.7709999999999999,0.6709999999999999,0.35200000000000004,0.598,0.155,0.133,0.28800000000000003,0.919,0.33,0.264,77,100,2.0,0.9,2.3,8.7,$7.4,2022
Andrew Chafin,DET,2,3,3,64,0,57.1,48,26,18,5,19,67,2.83,1.17,10.52,2.98,0.276,0.078,0.198,3.06,3.27,2.97,0.319,0.003,,82.9,84.7,,91.8,0.084,0.33799999999999997,87.5,11.0,115.4,0.513,0.34700000000000003,0.14,0.096,0.409,0.344,0.247,0.14300000000000002,0.591,0.266,0.096,2.92,3.27,0.359,0.6729999999999999,0.467,0.519,0.889,0.7020000000000001,0.344,0.634,0.139,0.161,0.3,0.698,0.78,0.289,78,83,3.53,0.9,0.4,8.7,$7.4,2022
Zach Jackson,OAK,2,3,3,54,0,48.0,28,18,16,1,33,67,3.0,1.27,12.56,6.19,0.332,0.163,0.168,2.78,4.14,3.71,0.446,0.01,,85.3,89.0,,94.6,0.1,0.4,89.3,21.5,110.1,0.268,0.546,0.18600000000000003,0.113,0.31,0.41,0.28,0.22,0.52,0.26,0.019,3.59,4.14,0.27399999999999997,0.632,0.402,0.5,0.816,0.6779999999999999,0.359,0.525,0.13,0.166,0.295,0.731,0.19,0.273,72,105,2.03,0.9,0.7,8.5,$7.2,2022
Aaron Ashby,MIL,2,10,1,27,19,107.1,106,62,53,15,47,126,4.44,1.43,10.57,3.94,0.265,0.099,0.166,4.06,3.29,3.48,0.292,0.20800000000000002,,83.6,89.2,,95.9,0.068,0.341,87.1,2.0,112.3,0.569,0.262,0.16899999999999998,0.066,0.405,0.348,0.247,0.179,0.547,0.27399999999999997,0.19699999999999998,3.74,3.29,0.332,0.584,0.44,0.545,0.85,0.718,0.426,0.617,0.124,0.201,0.325,0.703,1.26,0.324,101,83,2.68,0.9,0.2,9.0,$7.5,2022
Tyler Kinley,COL,1,1,0,25,0,24.0,21,5,2,0,6,27,0.75,1.13,10.13,2.25,0.27,0.06,0.21,1.74,3.16,2.91,0.529,0.005,,89.6,88.5,,95.7,0.015,0.424,88.8,13.6,108.7,0.39399999999999996,0.348,0.258,0.13,0.39399999999999996,0.455,0.152,0.152,0.5760000000000001,0.273,0.0,2.59,3.16,0.32299999999999995,0.77,0.535,0.5,0.774,0.687,0.473,0.57,0.16699999999999998,0.127,0.294,0.821,0.0,0.318,42,79,4.5,0.9,1.0,8.7,$7.4,2022
Chris Paddack,MIN,1,2,0,5,5,22.1,25,10,10,0,2,20,4.03,1.21,8.06,0.81,0.215,0.022000000000000002,0.19399999999999998,1.72,3.18,3.41,0.038,0.262,,83.6,82.5,,93.5,0.057,0.414,88.7,10.1,106.4,0.441,0.324,0.235,0.136,0.4,0.32899999999999996,0.271,0.157,0.6,0.243,0.0,3.1,3.18,0.369,0.6829999999999999,0.523,0.754,0.8290000000000001,0.802,0.49,0.6559999999999999,0.10400000000000001,0.16899999999999998,0.272,0.643,0.0,0.357,43,80,10.0,0.9,0.3,8.0,$7.4,2022
Duane Underwood Jr.,PIT,1,6,1,51,1,57.1,58,35,28,1,25,57,4.4,1.45,8.95,3.92,0.22,0.09699999999999999,0.124,2.92,3.91,3.74,,0.21899999999999997,,,89.7,,96.2,0.035,0.36,87.8,7.3,113.3,0.485,0.275,0.24,0.064,0.436,0.349,0.215,0.203,0.541,0.256,0.021,4.1,3.91,0.332,0.726,0.491,0.573,0.857,0.742,0.40299999999999997,0.575,0.126,0.14,0.267,0.612,0.16,0.333,73,98,2.28,0.9,-0.6,8.8,$7.4,2022
Jovani Moran,MIN,0,1,1,31,0,40.2,25,11,10,0,18,54,2.21,1.06,11.95,3.98,0.32899999999999996,0.11,0.22,1.78,2.88,2.86,0.036000000000000004,0.45399999999999996,,81.5,83.3,,93.4,0.054000000000000006,0.28300000000000003,85.0,7.5,111.4,0.489,0.326,0.185,0.1,0.38,0.413,0.207,0.239,0.511,0.25,0.0,2.28,2.88,0.322,0.72,0.466,0.514,0.7490000000000001,0.645,0.36200000000000004,0.561,0.165,0.155,0.32,0.7440000000000001,0.0,0.272,44,73,3.0,0.9,0.8,8.1,$7.0,2022
Adam Cimber,TOR,10,6,4,77,0,70.2,66,28,22,6,13,58,2.8,1.12,7.39,1.66,0.198,0.044000000000000004,0.154,3.47,3.87,3.53,0.354,,,77.9,,,86.4,0.051,0.38799999999999996,89.1,12.1,119.8,0.418,0.34600000000000003,0.23600000000000002,0.16699999999999998,0.285,0.439,0.276,0.17300000000000001,0.565,0.262,0.083,3.65,3.87,0.321,0.711,0.506,0.733,0.866,0.8220000000000001,0.475,0.648,0.09,0.17800000000000002,0.268,0.7509999999999999,0.76,0.288,88,98,4.46,0.8,0.8,7.6,$6.4,2022
Keegan Thompson,CHC,10,5,1,29,17,115.0,103,54,48,16,43,108,3.76,1.27,8.45,3.37,0.223,0.08900000000000001,0.134,4.4,4.26,4.05,0.040999999999999995,0.048,,83.8,86.1,,93.8,0.086,0.391,89.0,13.2,111.3,0.409,0.402,0.18899999999999997,0.1,0.391,0.33799999999999997,0.271,0.203,0.45799999999999996,0.33799999999999997,0.12300000000000001,4.45,4.26,0.313,0.669,0.46,0.659,0.867,0.7829999999999999,0.41200000000000003,0.573,0.1,0.16899999999999998,0.268,0.762,1.25,0.282,113,107,2.51,0.8,1.9,7.1,$6.1,2022
Dylan Bundy,MIN,8,8,0,29,29,140.0,151,79,76,24,28,94,4.89,1.28,6.04,1.8,0.158,0.047,0.111,4.66,4.7,4.65,0.24,0.187,,79.2,81.2,,89.1,0.08900000000000001,0.38299999999999995,88.9,18.7,116.0,0.34,0.45799999999999996,0.201,0.10300000000000001,0.44299999999999995,0.315,0.243,0.174,0.504,0.321,0.11199999999999999,4.33,4.7,0.375,0.685,0.517,0.696,0.887,0.812,0.456,0.6759999999999999,0.09699999999999999,0.16899999999999998,0.267,0.6940000000000001,1.54,0.285,119,119,3.36,0.8,0.4,7.4,$6.0,2022
Paul Blackburn,OAK,7,6,0,21,21,111.1,110,53,53,15,30,89,4.28,1.26,7.19,2.43,0.191,0.064,0.126,4.21,3.89,4.09,0.047,0.124,,79.2,86.0,,91.7,0.07,0.405,88.2,9.0,113.9,0.474,0.318,0.209,0.09300000000000001,0.426,0.364,0.21,0.166,0.528,0.306,0.139,4.12,3.89,0.306,0.6679999999999999,0.44299999999999995,0.662,0.872,0.782,0.38,0.636,0.096,0.17800000000000002,0.27399999999999997,0.742,1.21,0.29,111,99,2.97,0.8,1.1,7.6,$6.3,2022
Brad Keller,KCR,6,14,1,35,22,139.2,153,86,79,17,57,102,5.09,1.5,6.57,3.67,0.165,0.092,0.073,4.5,4.35,4.57,0.361,0.055,,87.0,90.2,,94.6,0.066,0.414,89.3,6.7,112.9,0.521,0.297,0.182,0.059000000000000004,0.371,0.40399999999999997,0.226,0.136,0.568,0.29600000000000004,0.126,4.37,4.35,0.317,0.7190000000000001,0.485,0.618,0.909,0.7979999999999999,0.41700000000000004,0.541,0.098,0.136,0.23399999999999999,0.67,1.1,0.31,114,110,1.79,0.8,0.2,7.6,$6.3,2022
Nabil Crismatt,SDP,5,2,0,50,1,67.1,57,29,22,5,22,65,2.94,1.17,8.69,2.94,0.23199999999999998,0.079,0.154,3.22,3.46,3.37,0.004,0.501,,84.3,82.8,,90.6,0.052000000000000005,0.361,87.7,7.7,115.1,0.505,0.289,0.205,0.055,0.47100000000000003,0.366,0.162,0.12,0.586,0.293,0.091,3.48,3.46,0.35600000000000004,0.6409999999999999,0.47200000000000003,0.632,0.853,0.754,0.409,0.586,0.11599999999999999,0.185,0.3,0.703,0.67,0.28,81,87,2.95,0.8,0.6,7.3,$6.2,2022
Lance McCullers Jr.,HOU,4,2,0,8,8,47.2,37,12,12,4,22,50,2.27,1.24,9.44,4.15,0.256,0.113,0.14400000000000002,3.49,3.58,3.96,0.261,0.174,,85.2,87.0,,93.3,0.049,0.325,87.7,8.0,111.3,0.5,0.311,0.18899999999999997,0.079,0.415,0.33299999999999996,0.252,0.171,0.61,0.22,0.105,3.57,3.58,0.313,0.626,0.43200000000000005,0.551,0.9009999999999999,0.7440000000000001,0.381,0.5379999999999999,0.111,0.179,0.29,0.88,0.76,0.277,89,91,2.27,0.8,1.8,7.5,$6.4,2022
Yimi Garcia,TOR,4,5,1,61,0,61.0,48,26,21,6,16,58,3.1,1.05,8.56,2.36,0.235,0.065,0.17,3.47,4.09,3.43,0.16699999999999998,0.073,,82.5,87.3,,94.9,0.065,0.331,86.5,18.9,114.0,0.396,0.462,0.142,0.16699999999999998,0.349,0.34299999999999997,0.308,0.213,0.544,0.243,0.077,2.89,4.09,0.28600000000000003,0.715,0.475,0.687,0.826,0.779,0.442,0.615,0.105,0.16399999999999998,0.26899999999999996,0.705,0.89,0.258,88,104,3.63,0.8,0.5,7.5,$6.4,2022
MacKenzie Gore,SDP,4,4,0,16,13,70.0,66,35,35,7,37,72,4.5,1.47,9.26,4.76,0.233,0.12,0.113,4.11,4.42,4.43,0.154,0.057,,87.5,85.2,,94.8,0.09699999999999999,0.45399999999999996,90.8,13.7,112.2,0.376,0.392,0.23199999999999998,0.079,0.36200000000000004,0.342,0.29600000000000004,0.14300000000000002,0.515,0.342,0.092,5.2,4.42,0.289,0.71,0.46,0.644,0.851,0.774,0.406,0.612,0.10400000000000001,0.16,0.264,0.741,0.9,0.312,104,111,1.95,0.8,0.7,7.6,$6.4,2022
Kyle Bradish,BAL,4,7,0,23,23,117.2,119,68,64,17,46,111,4.9,1.4,8.49,3.52,0.218,0.09,0.128,4.46,4.01,4.15,0.298,0.085,,87.0,89.9,,,0.078,0.409,89.9,8.7,114.7,0.456,0.33299999999999996,0.21100000000000002,0.08800000000000001,0.381,0.39,0.23,0.128,0.5489999999999999,0.32299999999999995,0.149,4.49,4.01,0.28800000000000003,0.6829999999999999,0.45399999999999996,0.605,0.882,0.78,0.418,0.578,0.1,0.159,0.259,0.7020000000000001,1.3,0.311,114,102,2.41,0.8,0.1,7.4,$6.1,2022
Daniel Lynch IV,KCR,4,13,0,27,27,131.2,155,79,75,21,52,122,5.13,1.57,8.34,3.55,0.203,0.087,0.11699999999999999,4.63,4.3,4.34,0.304,0.183,,86.0,84.9,,94.2,0.08800000000000001,0.47700000000000004,91.2,12.8,114.6,0.415,0.37200000000000005,0.213,0.057999999999999996,0.418,0.342,0.24,0.135,0.485,0.38,0.135,5.08,4.3,0.32899999999999996,0.735,0.49700000000000005,0.639,0.856,0.772,0.415,0.5870000000000001,0.113,0.134,0.248,0.728,1.44,0.335,118,109,2.35,0.8,0.5,7.8,$6.4,2022
Zach Plesac,CLE,3,12,0,25,24,131.2,136,74,63,19,38,100,4.31,1.32,6.84,2.6,0.17600000000000002,0.067,0.109,4.45,4.39,4.46,0.242,0.225,,85.4,85.8,,92.2,0.096,0.414,89.5,13.0,114.4,0.4,0.384,0.21600000000000003,0.086,0.466,0.29600000000000004,0.23800000000000002,0.14400000000000002,0.551,0.306,0.11699999999999999,5.28,4.39,0.361,0.73,0.512,0.71,0.867,0.8009999999999999,0.41,0.614,0.102,0.14,0.242,0.6890000000000001,1.3,0.288,114,112,2.63,0.8,0.3,7.9,$6.5,2022
Daniel Hudson,LAD,2,3,5,25,0,24.1,17,7,6,1,5,30,2.22,0.9,11.1,1.85,0.309,0.052000000000000005,0.258,2.04,2.42,2.23,0.419,0.034,,88.8,88.4,,97.1,0.033,0.36700000000000005,88.3,8.3,110.6,0.534,0.259,0.207,0.133,0.483,0.317,0.2,0.133,0.5670000000000001,0.3,0.067,2.75,2.42,0.264,0.8270000000000001,0.512,0.433,0.784,0.6829999999999999,0.441,0.536,0.163,0.113,0.276,0.752,0.37,0.271,51,61,6.0,0.8,0.7,7.7,$6.5,2022
Bryce Elder,ATL,2,4,0,10,9,54.0,44,19,19,4,23,47,3.17,1.24,7.83,3.83,0.207,0.10099999999999999,0.106,3.78,4.16,4.34,0.266,0.12300000000000001,,82.4,86.0,,91.5,0.057999999999999996,0.344,88.2,8.8,112.8,0.493,0.322,0.184,0.122,0.455,0.35100000000000003,0.195,0.162,0.578,0.26,0.08199999999999999,4.24,4.16,0.336,0.65,0.45,0.631,0.917,0.7809999999999999,0.363,0.5589999999999999,0.099,0.16399999999999998,0.262,0.792,0.67,0.267,97,104,2.04,0.8,1.6,7.2,$6.0,2022
Brusdar Graterol,LAD,2,4,4,46,1,49.2,39,20,18,3,10,43,3.26,0.99,7.79,1.81,0.218,0.051,0.168,2.95,3.12,2.75,0.179,,,90.5,,,99.4,0.043,0.255,85.5,-0.7,111.4,0.631,0.22699999999999998,0.142,0.094,0.39,0.312,0.298,0.184,0.56,0.255,0.094,2.47,3.12,0.395,0.741,0.5670000000000001,0.701,0.88,0.8170000000000001,0.498,0.66,0.10400000000000001,0.153,0.256,0.669,0.54,0.261,73,78,4.3,0.8,0.7,8.0,$6.7,2022
Josh Hader,- - -,2,5,36,56,0,50.0,43,30,29,8,21,81,5.22,1.28,14.58,3.78,0.37,0.096,0.27399999999999997,3.45,2.94,2.38,0.28300000000000003,0.022000000000000002,,84.0,88.7,,,0.115,0.363,87.7,16.4,113.2,0.292,0.469,0.239,0.132,0.363,0.345,0.292,0.212,0.48700000000000004,0.301,0.151,3.5,2.94,0.326,0.6940000000000001,0.469,0.5529999999999999,0.736,0.6579999999999999,0.38799999999999996,0.525,0.16,0.159,0.319,0.669,1.44,0.333,86,74,3.86,0.8,-0.7,7.2,$6.1,2022
Jason Foley,DET,1,0,0,60,0,60.1,72,27,26,2,11,43,3.88,1.38,6.41,1.64,0.168,0.043,0.125,2.76,3.56,3.36,0.235,0.069,,85.5,89.5,,96.4,0.045,0.425,90.7,3.2,111.4,0.5710000000000001,0.253,0.177,0.04,0.34,0.365,0.295,0.125,0.61,0.265,0.04,3.61,3.56,0.32,0.71,0.504,0.706,0.907,0.8390000000000001,0.47,0.648,0.081,0.166,0.248,0.706,0.3,0.354,70,90,3.91,0.8,0.3,7.6,$6.5,2022
Chris Stratton,- - -,10,4,2,60,1,63.1,72,34,30,4,25,60,4.26,1.53,8.53,3.55,0.215,0.09,0.125,3.32,4.04,3.84,0.192,0.07,,86.7,86.9,,92.9,0.057,0.41100000000000003,89.7,12.7,111.7,0.442,0.34700000000000003,0.21100000000000002,0.091,0.359,0.37,0.271,0.135,0.552,0.313,0.061,4.15,4.04,0.35600000000000004,0.684,0.479,0.66,0.848,0.7609999999999999,0.376,0.606,0.115,0.16,0.275,0.696,0.57,0.362,84,101,2.4,0.7,-0.2,6.8,$5.7,2022
Alex Lange,DET,7,4,0,71,0,63.1,47,30,24,5,31,82,3.41,1.23,11.65,4.41,0.303,0.114,0.188,3.25,3.23,3.09,,0.195,,,89.8,,96.1,0.052000000000000005,0.359,86.1,4.8,109.9,0.556,0.285,0.159,0.07,0.49,0.33299999999999996,0.17600000000000002,0.19,0.529,0.281,0.11599999999999999,3.29,3.23,0.373,0.586,0.441,0.386,0.8140000000000001,0.5660000000000001,0.316,0.546,0.191,0.153,0.344,0.6970000000000001,0.71,0.284,83,82,2.65,0.7,0.2,6.9,$5.9,2022
Patrick Corbin,WSN,6,19,0,31,31,152.2,210,119,107,27,49,128,6.31,1.7,7.55,2.89,0.18,0.069,0.111,4.84,4.21,4.33,0.294,0.083,,81.8,82.5,,92.1,0.11,0.45,90.8,11.6,112.9,0.442,0.33,0.22899999999999998,0.075,0.371,0.382,0.248,0.136,0.465,0.39899999999999997,0.156,6.41,4.21,0.331,0.6809999999999999,0.47200000000000003,0.691,0.888,0.805,0.40299999999999997,0.6890000000000001,0.092,0.166,0.258,0.644,1.59,0.365,120,105,2.61,0.7,-2.1,7.1,$5.7,2022
Robert Suarez,SDP,5,1,1,45,0,47.2,29,13,12,4,21,61,2.27,1.05,11.52,3.97,0.319,0.11,0.209,3.22,3.24,2.99,0.019,0.21,,89.2,89.3,,97.9,0.086,0.35200000000000004,88.4,12.4,106.5,0.433,0.34600000000000003,0.221,0.055999999999999994,0.305,0.36200000000000004,0.33299999999999996,0.114,0.59,0.295,0.111,3.27,3.24,0.32,0.6920000000000001,0.483,0.715,0.778,0.755,0.43799999999999994,0.607,0.11900000000000001,0.149,0.267,0.847,0.76,0.248,81,82,2.9,0.7,1.5,6.6,$5.5,2022
Tanner Houck,BOS,5,4,8,32,4,60.0,49,22,21,3,22,56,3.15,1.18,8.4,3.3,0.22699999999999998,0.08900000000000001,0.138,3.3,3.68,3.61,0.408,,,85.4,,,95.5,0.049,0.39299999999999996,89.7,4.5,112.5,0.509,0.261,0.23,0.024,0.38,0.374,0.245,0.17800000000000002,0.54,0.282,0.071,3.86,3.68,0.332,0.7,0.469,0.529,0.883,0.726,0.374,0.514,0.129,0.158,0.28600000000000003,0.755,0.45,0.288,83,93,2.55,0.7,1.3,6.8,$5.8,2022
Michael Fulmer,- - -,5,6,3,67,0,63.2,59,27,24,4,28,61,3.39,1.37,8.62,3.96,0.221,0.10099999999999999,0.12,3.57,4.45,4.01,0.635,0.06,,90.3,86.5,,94.3,0.044000000000000004,0.368,88.3,16.8,110.0,0.354,0.40299999999999997,0.243,0.13699999999999998,0.35700000000000004,0.368,0.275,0.17,0.555,0.275,0.055,3.77,4.45,0.312,0.6920000000000001,0.456,0.584,0.847,0.735,0.38,0.5429999999999999,0.121,0.154,0.275,0.752,0.57,0.309,91,113,2.18,0.7,0.6,6.4,$5.4,2022
Steven Matz,STL,5,3,0,15,10,48.0,50,28,28,8,10,54,5.25,1.25,10.13,1.88,0.261,0.048,0.213,3.78,3.15,3.22,0.026000000000000002,0.289,,89.6,85.1,,,0.092,0.36200000000000004,88.4,13.9,111.9,0.38299999999999995,0.355,0.262,0.06,0.39,0.348,0.262,0.177,0.5670000000000001,0.255,0.16,3.66,3.15,0.32,0.687,0.494,0.629,0.8190000000000001,0.754,0.473,0.643,0.121,0.183,0.304,0.669,1.5,0.316,96,79,5.4,0.7,0.1,6.4,$5.3,2022
David Robertson,- - -,4,3,20,58,0,63.2,39,18,17,6,35,81,2.4,1.16,11.45,4.95,0.307,0.133,0.174,3.58,3.71,3.43,0.226,,,84.0,,,,0.076,0.386,88.6,12.8,109.6,0.465,0.40299999999999997,0.132,0.10300000000000001,0.366,0.33799999999999997,0.297,0.138,0.6,0.262,0.10300000000000001,3.06,3.71,0.301,0.64,0.44,0.48100000000000004,0.8190000000000001,0.682,0.408,0.659,0.14,0.191,0.33,0.86,0.85,0.237,90,93,2.31,0.7,2.3,6.8,$5.7,2022
Brad Boxberger,MIL,4,3,1,70,0,64.0,52,23,21,6,27,68,2.95,1.23,9.56,3.8,0.254,0.10099999999999999,0.153,3.57,4.06,3.65,0.225,0.226,,87.4,81.3,,92.8,0.064,0.33899999999999997,86.4,19.2,110.2,0.34299999999999997,0.446,0.21100000000000002,0.122,0.40399999999999997,0.35100000000000003,0.24600000000000002,0.19899999999999998,0.52,0.281,0.081,3.45,4.06,0.268,0.633,0.428,0.701,0.818,0.777,0.439,0.66,0.095,0.212,0.307,0.799,0.84,0.279,89,102,2.52,0.7,1.4,7.1,$6.0,2022
Penn Murfee,SEA,4,0,0,64,1,69.1,48,23,23,7,18,76,2.99,0.95,9.87,2.34,0.27899999999999997,0.066,0.213,3.1,3.6,3.01,0.51,,,79.8,,,89.0,0.051,0.301,85.7,19.5,112.2,0.34299999999999997,0.486,0.171,0.08199999999999999,0.33,0.313,0.358,0.159,0.608,0.233,0.08199999999999999,2.65,3.6,0.361,0.685,0.502,0.623,0.877,0.774,0.43700000000000006,0.654,0.114,0.184,0.298,0.773,0.91,0.243,81,91,4.22,0.7,0.9,6.2,$5.3,2022
Johan Oviedo,- - -,4,3,0,21,8,56.0,49,21,20,5,23,54,3.21,1.29,8.68,3.7,0.223,0.095,0.128,3.74,4.14,4.01,0.40299999999999997,0.055,,85.7,88.8,,96.2,0.062,0.377,87.3,10.6,111.4,0.494,0.364,0.142,0.11900000000000001,0.48100000000000004,0.284,0.235,0.16,0.5429999999999999,0.29600000000000004,0.085,3.16,4.14,0.31,0.698,0.48200000000000004,0.58,0.871,0.767,0.44299999999999995,0.599,0.11199999999999999,0.16399999999999998,0.27699999999999997,0.794,0.8,0.28,94,104,2.35,0.7,1.1,6.4,$5.4,2022
Jesse Chavez,- - -,4,3,0,60,1,69.1,71,34,29,8,20,74,3.76,1.31,9.61,2.6,0.253,0.068,0.185,3.39,3.32,3.19,,0.129,,,85.6,,91.0,0.081,0.462,90.1,13.4,116.8,0.38799999999999996,0.342,0.27,0.134,0.264,0.41100000000000003,0.325,0.183,0.503,0.315,0.11900000000000001,4.31,3.32,0.33,0.638,0.456,0.7170000000000001,0.835,0.785,0.41100000000000003,0.6709999999999999,0.098,0.20800000000000002,0.306,0.718,1.04,0.333,86,84,3.7,0.7,0.4,6.8,$5.8,2022
Tylor Megill,NYM,4,2,0,15,9,47.1,46,27,27,7,13,51,5.13,1.25,9.7,2.47,0.255,0.065,0.19,3.77,3.35,3.45,0.195,0.183,,85.7,89.2,,95.8,0.10400000000000001,0.348,89.2,13.5,110.8,0.409,0.364,0.22699999999999998,0.10400000000000001,0.4,0.348,0.252,0.17,0.57,0.259,0.146,4.31,3.35,0.295,0.738,0.49200000000000005,0.608,0.8420000000000001,0.763,0.444,0.625,0.11599999999999999,0.15,0.267,0.657,1.33,0.305,95,84,3.92,0.7,0.1,6.3,$5.3,2022
Hayden Wesneski,CHC,3,2,0,6,4,33.0,24,9,8,3,7,33,2.18,0.94,9.0,1.91,0.25,0.053,0.19699999999999998,3.2,3.64,3.32,0.319,0.079,,81.3,87.0,,93.4,0.045,0.27,84.5,14.0,110.2,0.47100000000000003,0.414,0.115,0.139,0.47200000000000003,0.303,0.225,0.213,0.618,0.16899999999999998,0.083,2.18,3.64,0.34700000000000003,0.7,0.511,0.6629999999999999,0.8320000000000001,0.7709999999999999,0.465,0.629,0.11699999999999999,0.155,0.272,0.8390000000000001,0.82,0.244,82,91,4.71,0.7,1.1,6.1,$5.4,2022
Kendall Graveman,CHW,3,4,6,65,0,65.0,65,29,23,5,26,66,3.18,1.4,9.14,3.6,0.23199999999999998,0.091,0.14,3.42,3.44,3.39,0.27399999999999997,0.136,,88.7,90.8,,96.7,0.042,0.34700000000000003,88.1,6.0,111.1,0.54,0.23800000000000002,0.222,0.067,0.447,0.342,0.21100000000000002,0.158,0.579,0.263,0.111,3.51,3.44,0.32799999999999996,0.6629999999999999,0.45799999999999996,0.638,0.846,0.755,0.389,0.6,0.11199999999999999,0.18100000000000002,0.293,0.747,0.69,0.324,84,87,2.54,0.7,0.4,6.3,$5.4,2022
Trevor Williams,NYM,3,5,1,30,9,89.2,87,34,32,12,23,84,3.21,1.23,8.43,2.31,0.226,0.062,0.16399999999999998,3.88,3.94,3.66,0.162,0.133,,82.2,84.5,,91.2,0.077,0.37200000000000005,87.8,18.3,111.2,0.36200000000000004,0.424,0.214,0.138,0.406,0.368,0.226,0.17600000000000002,0.54,0.284,0.11,3.67,3.94,0.319,0.748,0.48700000000000004,0.645,0.888,0.7909999999999999,0.392,0.6829999999999999,0.102,0.14800000000000002,0.249,0.823,1.2,0.301,98,99,3.65,0.7,1.3,6.5,$5.6,2022
Hoby Milner,MIL,3,3,0,67,0,64.2,61,29,27,5,15,64,3.76,1.18,8.91,2.09,0.235,0.055,0.18,3.16,3.37,3.08,0.327,0.203,,79.5,81.4,,89.2,0.032,0.33299999999999996,85.0,6.1,109.1,0.489,0.29100000000000004,0.22,0.057,0.376,0.355,0.26899999999999996,0.22,0.522,0.258,0.094,3.38,3.37,0.319,0.5820000000000001,0.41100000000000003,0.6990000000000001,0.8420000000000001,0.77,0.349,0.5660000000000001,0.095,0.213,0.308,0.711,0.7,0.309,79,85,4.27,0.7,0.4,6.9,$5.8,2022
Taylor Clarke,KCR,3,1,3,47,0,49.0,50,25,22,6,8,48,4.04,1.18,8.82,1.47,0.23600000000000002,0.039,0.19699999999999998,3.3,3.64,3.16,0.36200000000000004,0.214,,88.5,89.1,,95.7,0.062,0.39,89.5,19.1,109.2,0.368,0.444,0.188,0.094,0.39,0.315,0.295,0.151,0.5479999999999999,0.301,0.094,3.15,3.64,0.365,0.7829999999999999,0.536,0.645,0.858,0.772,0.40700000000000003,0.665,0.122,0.10800000000000001,0.231,0.672,1.1,0.314,83,92,6.0,0.7,0.2,6.7,$5.7,2022
Jose Urena,- - -,3,8,0,21,17,97.0,109,62,54,11,43,63,5.01,1.57,5.85,3.99,0.146,0.1,0.046,4.65,4.61,4.95,0.247,0.159,,86.8,90.3,,96.0,0.068,0.385,88.2,7.4,114.5,0.49700000000000005,0.29,0.213,0.064,0.45799999999999996,0.32,0.222,0.172,0.502,0.326,0.11699999999999999,4.91,4.61,0.337,0.705,0.46399999999999997,0.721,0.909,0.8190000000000001,0.345,0.583,0.084,0.142,0.226,0.6609999999999999,1.02,0.312,111,115,1.47,0.7,0.4,6.9,$5.7,2022
Dennis Santana,TEX,3,8,1,63,1,58.2,50,39,34,2,28,54,5.22,1.33,8.28,4.3,0.212,0.11,0.102,3.35,4.19,4.06,0.405,0.133,,85.8,90.0,,97.7,0.047,0.331,86.6,9.7,112.6,0.48200000000000004,0.304,0.214,0.11800000000000001,0.391,0.408,0.201,0.166,0.556,0.278,0.039,3.89,4.19,0.34299999999999997,0.62,0.442,0.621,0.863,0.742,0.35600000000000004,0.529,0.114,0.175,0.289,0.5429999999999999,0.31,0.287,83,106,1.93,0.7,-1.2,6.4,$5.4,2022
Domingo German,NYY,2,5,0,15,14,72.1,65,31,29,11,19,58,3.61,1.16,7.22,2.36,0.195,0.064,0.131,4.44,4.33,4.22,,0.23199999999999998,,,86.0,,92.7,0.069,0.406,89.4,16.8,110.3,0.39799999999999996,0.42100000000000004,0.18100000000000002,0.187,0.47,0.359,0.171,0.147,0.5670000000000001,0.28600000000000003,0.121,3.79,4.33,0.33799999999999997,0.6920000000000001,0.496,0.594,0.88,0.772,0.447,0.6579999999999999,0.113,0.172,0.285,0.785,1.37,0.262,110,110,3.05,0.7,1.1,6.9,$5.7,2022
Connor Overton,CIN,1,0,0,6,4,33.0,21,10,10,1,11,14,2.73,0.97,3.82,3.0,0.113,0.08900000000000001,0.024,3.66,4.97,5.44,0.196,0.18600000000000003,,81.9,85.0,,91.4,0.03,0.414,90.2,16.2,115.5,0.414,0.384,0.20199999999999999,0.21100000000000002,0.39399999999999996,0.364,0.242,0.152,0.636,0.212,0.026000000000000002,3.41,4.97,0.264,0.6559999999999999,0.44299999999999995,0.7909999999999999,0.9009999999999999,0.865,0.45799999999999996,0.629,0.06,0.19399999999999998,0.254,0.7190000000000001,0.27,0.204,86,124,1.27,0.7,1.2,6.3,$5.6,2022
Dylan Floro,MIA,1,3,10,56,0,53.2,48,23,18,4,15,48,3.02,1.17,8.05,2.52,0.218,0.068,0.15,3.13,3.6,3.51,,0.151,,,85.2,,92.5,0.051,0.325,87.4,8.5,112.3,0.452,0.335,0.213,0.077,0.401,0.293,0.306,0.153,0.58,0.268,0.077,3.04,3.6,0.368,0.6509999999999999,0.484,0.706,0.892,0.809,0.41100000000000003,0.6409999999999999,0.09300000000000001,0.18899999999999997,0.282,0.6970000000000001,0.67,0.288,79,90,3.2,0.7,0.6,6.9,$5.8,2022
David Phelps,TOR,0,2,1,65,1,63.2,52,22,20,2,31,64,2.83,1.3,9.05,4.38,0.235,0.114,0.121,3.16,4.26,4.0,,0.075,,,86.5,,93.2,0.052000000000000005,0.34700000000000003,88.4,16.1,111.9,0.355,0.385,0.26,0.10800000000000001,0.285,0.413,0.302,0.145,0.605,0.25,0.031,3.92,4.26,0.27399999999999997,0.61,0.396,0.73,0.902,0.8270000000000001,0.365,0.599,0.069,0.201,0.26899999999999996,0.772,0.28,0.292,80,108,2.06,0.7,0.9,6.4,$5.4,2022
Chris Flexen,SEA,8,9,2,33,22,137.2,132,61,57,17,51,95,3.73,1.33,6.21,3.33,0.161,0.086,0.075,4.49,5.04,4.99,0.08199999999999999,0.161,,81.0,81.1,,91.8,0.09,0.4,89.1,18.4,114.7,0.33799999999999997,0.46,0.20199999999999999,0.11,0.353,0.371,0.276,0.163,0.529,0.308,0.085,4.6,5.04,0.326,0.752,0.48700000000000004,0.6859999999999999,0.887,0.8029999999999999,0.379,0.588,0.096,0.129,0.225,0.769,1.11,0.271,118,128,1.86,0.6,1.5,5.6,$4.7,2022
Andre Pallante,STL,6,5,0,47,10,108.0,113,39,38,9,40,73,3.17,1.42,6.08,3.33,0.16,0.08800000000000001,0.07200000000000001,3.98,3.71,3.78,0.196,0.001,,86.9,83.0,,95.3,0.032,0.42,89.4,-3.3,113.7,0.639,0.17300000000000001,0.188,0.034,0.364,0.306,0.32899999999999996,0.195,0.531,0.27399999999999997,0.153,3.76,3.71,0.252,0.698,0.44799999999999995,0.68,0.905,0.8340000000000001,0.44,0.6,0.07400000000000001,0.171,0.245,0.813,0.75,0.311,101,93,1.83,0.6,2.5,5.9,$4.9,2022
Kyle Finnegan,WSN,6,4,11,66,0,66.2,54,28,26,9,22,70,3.51,1.14,9.45,2.97,0.261,0.08199999999999999,0.179,3.76,3.22,3.16,0.122,,,89.1,,,97.0,0.08,0.43799999999999994,90.2,8.3,114.3,0.483,0.316,0.201,0.127,0.386,0.33,0.284,0.153,0.517,0.33,0.16399999999999998,3.3,3.22,0.28800000000000003,0.722,0.494,0.642,0.789,0.7440000000000001,0.475,0.616,0.126,0.16,0.287,0.757,1.22,0.269,94,81,3.18,0.6,0.9,5.6,$4.7,2022
Bailey Falter,PHI,6,4,0,20,16,84.0,85,39,36,16,17,74,3.86,1.21,7.93,1.82,0.212,0.049,0.163,4.65,4.13,3.94,,0.042,,,83.1,,91.6,0.083,0.385,89.0,17.6,115.9,0.317,0.44,0.242,0.081,0.369,0.373,0.258,0.163,0.556,0.282,0.14400000000000002,4.62,4.13,0.314,0.679,0.486,0.606,0.86,0.773,0.469,0.662,0.11,0.192,0.303,0.8059999999999999,1.71,0.292,114,103,4.35,0.6,1.3,5.9,$4.9,2022
Eli Morgan,CLE,5,3,0,50,1,66.2,46,29,25,10,13,72,3.38,0.89,9.72,1.76,0.281,0.051,0.23,3.58,3.54,2.92,0.158,0.278,,85.7,76.0,,92.2,0.08900000000000001,0.349,87.8,19.6,112.0,0.304,0.512,0.185,0.105,0.391,0.32,0.29,0.172,0.521,0.308,0.11599999999999999,2.9,3.54,0.341,0.74,0.514,0.643,0.847,0.7709999999999999,0.435,0.703,0.11800000000000001,0.161,0.27899999999999997,0.6809999999999999,1.35,0.226,92,90,5.54,0.6,0.5,5.3,$4.6,2022
Eduardo Rodriguez,DET,5,5,0,17,17,91.0,87,49,41,12,34,72,4.05,1.33,7.12,3.36,0.184,0.087,0.09699999999999999,4.43,4.41,4.56,0.042,0.163,,82.8,85.5,,92.0,0.071,0.36,87.5,12.5,111.3,0.434,0.373,0.19399999999999998,0.087,0.396,0.353,0.251,0.155,0.555,0.29,0.115,4.2,4.41,0.327,0.68,0.47,0.797,0.871,0.841,0.40399999999999997,0.639,0.075,0.163,0.23800000000000002,0.6970000000000001,1.19,0.277,114,112,2.12,0.6,0.5,6.2,$5.1,2022
Jake Woodford,STL,4,0,0,27,1,48.1,43,13,12,1,11,24,2.23,1.12,4.47,2.05,0.128,0.059000000000000004,0.069,3.13,4.18,4.24,0.28300000000000003,0.037000000000000005,,82.1,85.2,,92.6,0.053,0.36200000000000004,88.0,9.4,117.7,0.52,0.28300000000000003,0.19699999999999998,0.209,0.441,0.349,0.21100000000000002,0.204,0.5589999999999999,0.237,0.023,3.99,4.18,0.33299999999999996,0.73,0.498,0.757,0.8859999999999999,0.836,0.415,0.601,0.08199999999999999,0.156,0.23800000000000002,0.784,0.19,0.278,80,105,2.18,0.6,1.0,5.4,$4.6,2022
Matt Brash,SEA,4,4,0,39,5,50.2,46,25,25,3,33,62,4.44,1.56,11.01,5.86,0.27899999999999997,0.149,0.131,3.51,3.7,4.0,0.446,0.009000000000000001,,86.6,85.9,,97.0,0.048,0.392,88.8,6.8,117.6,0.516,0.266,0.218,0.121,0.344,0.376,0.28,0.192,0.536,0.272,0.091,4.52,3.7,0.308,0.594,0.424,0.526,0.836,0.7020000000000001,0.405,0.608,0.126,0.19699999999999998,0.32299999999999995,0.7290000000000001,0.53,0.352,92,94,1.88,0.6,0.2,5.5,$4.9,2022
Ryan Feltner,COL,4,9,0,20,19,97.1,102,65,63,16,35,84,5.83,1.41,7.77,3.24,0.196,0.08199999999999999,0.114,4.76,4.43,4.38,0.287,0.063,,84.4,83.8,,94.5,0.08199999999999999,0.428,89.7,13.2,114.7,0.413,0.39299999999999996,0.195,0.076,0.389,0.363,0.248,0.145,0.498,0.35600000000000004,0.134,4.89,4.43,0.273,0.713,0.45899999999999996,0.659,0.887,0.809,0.423,0.57,0.08800000000000001,0.16699999999999998,0.255,0.644,1.48,0.299,113,111,2.4,0.6,0.3,5.7,$4.6,2022
Tyler Rogers,SFG,3,4,0,68,0,75.2,73,34,30,3,23,49,3.57,1.27,5.83,2.74,0.154,0.07200000000000001,0.08199999999999999,3.44,4.12,3.93,0.461,,,72.2,,,83.5,0.037000000000000005,0.326,84.2,1.4,108.7,0.561,0.255,0.184,0.098,0.311,0.37799999999999995,0.311,0.261,0.519,0.22,0.049,3.37,4.12,0.287,0.624,0.44299999999999995,0.7090000000000001,0.8759999999999999,0.818,0.465,0.639,0.081,0.209,0.29,0.6920000000000001,0.36,0.293,90,103,2.13,0.6,0.5,5.8,$4.8,2022
Davis Martin,CHW,3,6,0,14,9,63.1,63,36,34,8,19,48,4.83,1.29,6.82,2.7,0.17800000000000002,0.071,0.10800000000000001,4.28,4.42,4.4,0.32299999999999995,0.10800000000000001,,84.3,85.9,,94.1,0.07,0.377,89.1,17.1,111.5,0.36700000000000005,0.38799999999999996,0.245,0.158,0.424,0.32799999999999996,0.247,0.162,0.505,0.33299999999999996,0.105,4.72,4.42,0.35100000000000003,0.728,0.513,0.617,0.8809999999999999,0.778,0.43,0.613,0.114,0.14800000000000002,0.261,0.664,1.14,0.288,105,112,2.53,0.6,0.0,5.5,$4.7,2022
Amir Garrett,KCR,3,1,0,60,0,45.1,28,26,25,0,32,49,4.96,1.32,9.73,6.35,0.25,0.163,0.087,3.4,4.77,4.53,0.565,,,84.8,,,94.2,0.064,0.3,88.3,17.8,117.8,0.389,0.389,0.222,0.14300000000000002,0.409,0.355,0.23600000000000002,0.145,0.573,0.282,0.0,3.62,4.77,0.29600000000000004,0.632,0.424,0.633,0.845,0.754,0.382,0.5870000000000001,0.10400000000000001,0.17300000000000001,0.27699999999999997,0.6,0.0,0.255,86,121,1.53,0.6,-0.1,5.3,$4.5,2022
Kris Bubic,KCR,3,13,0,28,27,129.0,156,87,80,18,63,110,5.58,1.7,7.67,4.4,0.187,0.107,0.08,4.78,4.51,4.77,,0.278,,,80.8,,91.9,0.078,0.449,90.0,10.7,114.4,0.41,0.33299999999999996,0.257,0.052000000000000005,0.38799999999999996,0.354,0.259,0.159,0.507,0.33399999999999996,0.133,5.66,4.51,0.289,0.703,0.469,0.703,0.867,0.809,0.434,0.591,0.08900000000000001,0.16,0.249,0.688,1.26,0.352,121,115,1.75,0.6,-0.3,5.7,$4.7,2022
Justin Lawrence,COL,3,1,1,38,0,42.2,44,27,27,3,22,48,5.7,1.55,10.13,4.64,0.251,0.115,0.136,3.39,3.59,3.63,0.44799999999999995,,,82.4,,,,0.042,0.392,87.8,5.9,109.2,0.508,0.271,0.22,0.094,0.41700000000000004,0.38299999999999995,0.2,0.20800000000000002,0.5,0.292,0.094,3.55,3.59,0.28800000000000003,0.612,0.43,0.5770000000000001,0.893,0.774,0.44,0.613,0.09699999999999999,0.195,0.292,0.637,0.63,0.35,81,90,2.18,0.6,-0.2,5.3,$4.4,2022
Hunter Brown,HOU,2,0,0,7,2,20.1,15,2,2,0,7,22,0.89,1.08,9.74,3.1,0.275,0.08800000000000001,0.188,1.98,2.78,2.87,,0.023,,,89.1,,96.7,0.059000000000000004,0.47100000000000003,93.2,2.8,109.6,0.68,0.22,0.1,0.091,0.373,0.41200000000000003,0.21600000000000003,0.13699999999999998,0.569,0.294,0.0,2.95,2.78,0.295,0.662,0.45299999999999996,0.5770000000000001,0.898,0.779,0.43,0.638,0.1,0.214,0.314,0.909,0.0,0.294,50,70,3.14,0.6,1.0,5.2,$4.8,2022
Jalen Beeks,TBR,2,3,2,42,7,61.0,49,22,19,7,22,70,2.8,1.16,10.33,3.25,0.28,0.08800000000000001,0.192,3.49,3.26,3.16,,0.493,,,90.4,,95.3,0.083,0.37200000000000005,86.7,9.6,112.4,0.45799999999999996,0.335,0.20600000000000002,0.115,0.391,0.353,0.256,0.18600000000000003,0.519,0.295,0.135,3.69,3.26,0.336,0.711,0.484,0.586,0.8009999999999999,0.711,0.395,0.648,0.14,0.149,0.289,0.807,1.03,0.282,91,82,3.18,0.6,1.0,5.7,$4.8,2022
Connor Brogdon,PHI,2,2,2,47,0,44.0,44,16,16,6,11,50,3.27,1.25,10.23,2.25,0.266,0.059000000000000004,0.207,3.43,3.47,3.06,,0.43200000000000005,,,83.9,,95.3,0.063,0.294,87.4,18.8,115.0,0.311,0.44299999999999995,0.24600000000000002,0.14800000000000002,0.413,0.373,0.214,0.198,0.563,0.23800000000000002,0.111,3.17,3.47,0.37200000000000005,0.7290000000000001,0.518,0.622,0.755,0.698,0.41,0.66,0.156,0.146,0.303,0.84,1.23,0.317,84,87,4.55,0.6,0.7,5.3,$4.5,2022
Gregory Soto,DET,2,11,30,64,0,60.1,49,32,22,2,34,60,3.28,1.38,8.95,5.07,0.228,0.129,0.099,3.59,4.59,4.21,0.21600000000000003,0.01,,89.3,91.9,,98.8,0.062,0.43200000000000005,91.4,7.7,111.0,0.48100000000000004,0.363,0.156,0.069,0.302,0.426,0.272,0.111,0.531,0.358,0.034,4.1,4.59,0.29600000000000004,0.698,0.469,0.629,0.836,0.762,0.43,0.5670000000000001,0.11199999999999999,0.149,0.26,0.665,0.3,0.294,92,117,1.76,0.6,-0.2,5.3,$4.5,2022
Lucas Gilbreath,COL,2,0,0,47,0,43.0,37,22,20,2,26,49,4.19,1.47,10.26,5.44,0.262,0.139,0.12300000000000001,3.53,4.06,3.95,0.249,,,82.8,,,93.8,0.027999999999999997,0.40700000000000003,88.5,13.5,110.3,0.467,0.308,0.22399999999999998,0.212,0.278,0.47200000000000003,0.25,0.204,0.47200000000000003,0.324,0.061,4.18,4.06,0.26899999999999996,0.6779999999999999,0.429,0.6,0.8059999999999999,0.727,0.391,0.594,0.11699999999999999,0.165,0.281,0.701,0.42,0.33,85,102,1.88,0.6,0.3,5.7,$4.8,2022
Ian Gibaut,- - -,1,2,1,34,0,36.0,39,18,18,3,18,48,4.5,1.58,12.0,4.5,0.3,0.113,0.188,3.11,3.51,3.24,0.222,0.111,,84.3,85.9,,95.9,0.043,0.387,86.6,14.9,109.1,0.376,0.387,0.237,0.139,0.376,0.344,0.28,0.204,0.473,0.32299999999999995,0.083,3.27,3.51,0.292,0.6709999999999999,0.447,0.667,0.826,0.765,0.408,0.544,0.105,0.184,0.29,0.743,0.75,0.4,74,88,2.67,0.6,0.2,5.8,$4.9,2022
Jose Leclerc,TEX,0,3,7,39,0,47.2,33,17,15,5,21,54,2.83,1.13,10.2,3.97,0.273,0.106,0.16699999999999998,3.72,4.38,3.62,0.069,0.22,,88.9,89.7,,96.4,0.067,0.325,86.6,24.2,110.3,0.292,0.542,0.16699999999999998,0.231,0.49200000000000005,0.317,0.192,0.225,0.442,0.33299999999999996,0.077,3.17,4.38,0.355,0.721,0.47600000000000003,0.489,0.78,0.634,0.33,0.652,0.174,0.124,0.298,0.8,0.94,0.243,93,111,2.57,0.6,0.8,5.2,$4.4,2022
JP Sears,- - -,6,3,0,17,11,70.0,67,31,30,8,23,51,3.86,1.29,6.56,2.96,0.177,0.08,0.09699999999999999,4.21,4.57,4.53,0.259,0.175,,79.3,82.8,,93.2,0.09,0.434,90.5,17.3,118.0,0.405,0.414,0.18100000000000002,0.149,0.377,0.368,0.255,0.151,0.5,0.349,0.092,4.51,4.57,0.29100000000000004,0.672,0.45899999999999996,0.705,0.893,0.826,0.44,0.635,0.08,0.192,0.272,0.755,1.03,0.289,109,116,2.22,0.5,0.9,4.8,$4.3,2022
Clarke Schmidt,NYY,5,5,2,29,3,57.2,46,23,20,5,23,56,3.12,1.2,8.74,3.59,0.237,0.09699999999999999,0.14,3.6,3.96,3.79,0.377,0.051,,86.5,89.7,,94.7,0.09699999999999999,0.374,89.1,13.4,117.3,0.42100000000000004,0.382,0.19699999999999998,0.10300000000000001,0.419,0.32299999999999995,0.258,0.155,0.516,0.32899999999999996,0.086,3.51,3.96,0.307,0.677,0.467,0.537,0.868,0.7440000000000001,0.43200000000000005,0.581,0.11900000000000001,0.185,0.304,0.75,0.78,0.273,89,100,2.43,0.5,0.7,4.5,$4.1,2022
Zach Pop,- - -,4,0,0,35,0,39.0,41,13,12,2,4,25,2.77,1.15,5.77,0.92,0.159,0.025,0.134,2.96,3.43,3.21,0.22899999999999998,0.002,,85.0,89.0,,,0.055999999999999994,0.452,88.2,1.4,110.0,0.568,0.24,0.192,0.067,0.397,0.35700000000000004,0.24600000000000002,0.183,0.5479999999999999,0.27,0.067,3.37,3.43,0.409,0.6559999999999999,0.509,0.746,0.9229999999999999,0.8390000000000001,0.40700000000000003,0.611,0.08199999999999999,0.168,0.25,0.769,0.46,0.315,75,87,6.25,0.5,0.6,4.6,$3.9,2022
Dillon Tate,BAL,4,4,5,67,0,73.2,57,29,25,6,16,60,3.05,0.99,7.33,1.95,0.205,0.055,0.151,3.48,3.4,3.09,0.248,0.237,,80.3,83.9,,,0.053,0.38299999999999995,87.1,-0.1,111.8,0.574,0.23399999999999999,0.191,0.0,0.45,0.316,0.23399999999999999,0.177,0.545,0.278,0.122,3.14,3.4,0.331,0.6759999999999999,0.48700000000000004,0.6509999999999999,0.861,0.7829999999999999,0.45299999999999996,0.647,0.106,0.19,0.29600000000000004,0.7120000000000001,0.73,0.251,89,86,3.75,0.5,0.9,4.7,$4.0,2022
Tanner Scott,MIA,4,5,20,67,0,62.2,55,34,30,5,46,90,4.31,1.61,12.93,6.61,0.311,0.159,0.152,3.67,3.53,3.74,0.621,,,89.2,,,96.9,0.054000000000000006,0.32899999999999996,86.1,7.6,111.6,0.46299999999999997,0.259,0.27899999999999997,0.105,0.45,0.302,0.248,0.141,0.5770000000000001,0.282,0.132,4.17,3.53,0.316,0.679,0.45899999999999996,0.516,0.768,0.6629999999999999,0.39399999999999996,0.547,0.155,0.158,0.313,0.7240000000000001,0.72,0.347,92,89,1.96,0.5,-0.1,4.4,$3.7,2022
Drey Jameson,ARI,3,0,0,4,4,24.1,20,4,4,2,7,24,1.48,1.11,8.88,2.59,0.245,0.071,0.17300000000000001,3.19,2.98,3.27,0.249,0.084,,84.8,86.4,,95.6,0.076,0.485,88.9,3.2,107.9,0.561,0.212,0.22699999999999998,0.071,0.5,0.318,0.182,0.16699999999999998,0.455,0.379,0.14300000000000002,4.48,2.98,0.271,0.718,0.485,0.5770000000000001,0.843,0.765,0.48,0.5820000000000001,0.114,0.163,0.276,0.9520000000000001,0.74,0.281,83,75,3.43,0.5,1.3,4.8,$4.2,2022
Keegan Akin,BAL,3,3,2,45,1,81.2,69,35,29,10,20,77,3.2,1.09,8.49,2.2,0.23399999999999999,0.061,0.17300000000000001,3.59,3.34,3.2,0.295,0.18100000000000002,,85.4,84.2,,93.7,0.065,0.37200000000000005,87.8,7.9,113.9,0.493,0.326,0.18100000000000002,0.054000000000000006,0.413,0.35200000000000004,0.235,0.157,0.526,0.317,0.135,3.6,3.34,0.374,0.696,0.526,0.6709999999999999,0.833,0.772,0.474,0.632,0.12,0.17,0.29,0.7240000000000001,1.1,0.267,91,84,3.85,0.5,0.6,4.6,$4.0,2022
Tim Hill,SDP,3,0,0,55,0,48.0,45,20,19,1,14,25,3.56,1.23,4.69,2.63,0.126,0.07,0.055,3.47,4.31,4.02,0.091,,,82.5,,,91.5,0.013000000000000001,0.34,88.2,1.6,111.3,0.6,0.23199999999999998,0.168,0.16699999999999998,0.37200000000000005,0.33299999999999996,0.295,0.25,0.513,0.237,0.027999999999999997,3.07,4.31,0.302,0.665,0.46399999999999997,0.7659999999999999,0.9009999999999999,0.853,0.44799999999999995,0.5479999999999999,0.068,0.172,0.24,0.698,0.19,0.284,88,108,1.79,0.5,0.4,4.4,$3.7,2022
Kutter Crawford,BOS,3,6,0,21,12,77.1,81,49,47,12,29,77,5.47,1.42,8.96,3.38,0.231,0.087,0.14400000000000002,4.34,4.33,4.11,0.064,0.07200000000000001,,85.3,86.7,,94.7,0.08800000000000001,0.389,89.7,17.1,116.8,0.313,0.469,0.21899999999999997,0.095,0.40700000000000003,0.363,0.23,0.146,0.478,0.376,0.114,4.62,4.33,0.32,0.6859999999999999,0.475,0.628,0.846,0.7609999999999999,0.423,0.614,0.113,0.162,0.275,0.662,1.4,0.322,110,110,2.66,0.5,-0.2,5.0,$4.2,2022
Joey Wentz,DET,2,2,0,7,7,32.2,23,13,11,2,13,27,3.03,1.1,7.44,3.58,0.2,0.096,0.10400000000000001,3.54,4.56,4.58,,0.135,,,84.1,,92.6,0.07400000000000001,0.35100000000000003,88.8,12.9,109.4,0.366,0.43,0.204,0.025,0.39399999999999996,0.36200000000000004,0.245,0.18100000000000002,0.521,0.298,0.05,3.62,4.56,0.299,0.674,0.45,0.677,0.894,0.8079999999999999,0.40399999999999997,0.585,0.086,0.155,0.24100000000000002,0.7020000000000001,0.55,0.228,91,116,2.08,0.5,0.7,5.0,$4.3,2022
Wade Miley,CHC,2,2,0,9,8,37.0,31,20,13,3,14,28,3.16,1.22,6.81,3.41,0.17600000000000002,0.08800000000000001,0.08800000000000001,3.95,4.42,4.48,0.065,0.313,,78.5,81.5,,89.2,0.052000000000000005,0.35700000000000004,86.7,10.3,115.0,0.526,0.33299999999999996,0.14,0.158,0.426,0.313,0.261,0.183,0.53,0.287,0.079,3.87,4.42,0.33799999999999997,0.621,0.44299999999999995,0.633,0.878,0.7609999999999999,0.373,0.66,0.106,0.18600000000000003,0.292,0.631,0.73,0.25,101,110,2.0,0.5,0.3,4.9,$4.1,2022
Richard Bleier,MIA,2,2,1,55,1,50.2,63,22,20,3,10,32,3.55,1.44,5.68,1.78,0.14400000000000002,0.045,0.099,3.27,3.76,3.74,0.159,0.069,,77.8,82.9,,90.9,0.045,0.408,89.6,4.3,111.9,0.525,0.243,0.23199999999999998,0.023,0.447,0.324,0.22899999999999998,0.14,0.581,0.27899999999999997,0.07,3.77,3.76,0.387,0.732,0.5489999999999999,0.7070000000000001,0.9059999999999999,0.8320000000000001,0.47100000000000003,0.6579999999999999,0.092,0.159,0.251,0.745,0.53,0.341,82,94,3.2,0.5,0.5,4.8,$4.0,2022
Shawn Armstrong,- - -,2,3,2,50,3,61.2,66,32,30,7,17,66,4.38,1.35,9.63,2.48,0.245,0.063,0.182,3.47,3.46,3.18,,,,,,,95.5,0.077,0.335,87.4,10.6,115.3,0.475,0.337,0.188,0.08199999999999999,0.264,0.401,0.335,0.159,0.593,0.247,0.115,3.27,3.46,0.379,0.708,0.5379999999999999,0.6990000000000001,0.807,0.767,0.48100000000000004,0.643,0.125,0.157,0.282,0.7120000000000001,1.02,0.337,90,87,3.88,0.5,0.1,4.6,$3.9,2022
Chris Archer,MIN,2,8,0,25,25,102.2,87,56,52,12,48,84,4.56,1.31,7.36,4.21,0.192,0.11,0.08199999999999999,4.49,4.57,4.76,0.44299999999999995,0.147,,88.8,87.1,,93.2,0.086,0.444,89.5,11.0,111.6,0.43700000000000006,0.37,0.193,0.063,0.389,0.342,0.26899999999999996,0.14,0.488,0.37200000000000005,0.10800000000000001,4.81,4.57,0.27699999999999997,0.682,0.442,0.648,0.865,0.785,0.408,0.568,0.095,0.161,0.256,0.677,1.05,0.259,114,116,1.75,0.5,0.4,5.3,$4.3,2022
Caleb Ferguson,LAD,1,0,0,37,1,34.2,23,9,7,1,17,37,1.82,1.15,9.61,4.41,0.261,0.12,0.141,3.0,3.86,3.74,,,,,,,94.7,0.035,0.302,84.8,13.8,110.2,0.424,0.341,0.235,0.10300000000000001,0.36,0.395,0.244,0.198,0.523,0.27899999999999997,0.034,3.05,3.86,0.28600000000000003,0.691,0.47100000000000003,0.622,0.825,0.758,0.457,0.563,0.114,0.179,0.293,0.813,0.26,0.259,74,97,2.18,0.5,0.8,4.3,$3.7,2022
Ron Marinaccio,NYY,1,0,0,40,0,44.0,22,12,10,2,24,56,2.05,1.05,11.45,4.91,0.309,0.133,0.177,3.2,4.06,3.42,0.17800000000000002,0.379,,80.4,83.9,,94.6,0.053,0.253,84.5,16.6,106.2,0.415,0.457,0.128,0.09300000000000001,0.46799999999999997,0.36200000000000004,0.17,0.149,0.638,0.213,0.047,2.7,4.06,0.33299999999999996,0.659,0.444,0.602,0.7709999999999999,0.688,0.341,0.586,0.139,0.17600000000000002,0.314,0.813,0.41,0.215,79,103,2.33,0.5,1.0,4.3,$3.6,2022
Kevin Ginkel,ARI,1,1,1,30,0,29.1,27,14,11,1,11,30,3.38,1.3,9.2,3.38,0.242,0.08900000000000001,0.153,2.74,3.61,3.44,0.37799999999999995,0.002,,85.4,84.0,,96.2,0.049,0.32899999999999996,89.0,8.6,109.7,0.488,0.317,0.195,0.077,0.317,0.402,0.28,0.183,0.5489999999999999,0.268,0.038,2.89,3.61,0.331,0.618,0.455,0.5329999999999999,0.8909999999999999,0.743,0.43200000000000005,0.669,0.11699999999999999,0.196,0.313,0.665,0.31,0.321,71,90,2.73,0.5,0.2,5.0,$4.2,2022
Daulton Jefferies,OAK,1,7,0,8,8,39.1,46,26,25,4,8,28,5.72,1.37,6.41,1.83,0.163,0.047,0.11599999999999999,3.77,4.33,4.31,0.136,0.196,,80.3,86.1,,92.8,0.08199999999999999,0.38799999999999996,89.2,11.1,112.7,0.466,0.376,0.158,0.06,0.41,0.321,0.26899999999999996,0.127,0.5820000000000001,0.29100000000000004,0.08,3.74,4.33,0.305,0.7290000000000001,0.47600000000000003,0.6940000000000001,0.861,0.797,0.40399999999999997,0.581,0.09699999999999999,0.157,0.254,0.595,0.92,0.323,99,110,3.5,0.5,-0.4,4.4,$3.7,2022
Joe Kelly,CHW,1,3,1,43,1,37.0,36,26,25,2,23,53,6.08,1.59,12.89,5.59,0.312,0.135,0.17600000000000002,3.06,3.16,3.18,,0.085,,,87.2,,96.6,0.033,0.319,85.9,-0.7,106.0,0.644,0.222,0.133,0.1,0.33,0.44,0.231,0.242,0.516,0.242,0.1,3.15,3.16,0.326,0.552,0.41,0.521,0.847,0.684,0.371,0.535,0.129,0.198,0.327,0.608,0.49,0.382,75,80,2.3,0.5,-0.9,4.7,$4.0,2022
Luke Weaver,- - -,1,1,0,26,1,35.2,52,29,26,1,13,38,6.56,1.82,9.59,3.28,0.218,0.075,0.14400000000000002,2.69,3.82,3.64,,0.261,,,87.0,,94.8,0.10800000000000001,0.45,91.5,11.2,112.5,0.4,0.3,0.3,0.111,0.36700000000000005,0.33299999999999996,0.3,0.10800000000000001,0.525,0.36700000000000005,0.027999999999999997,5.45,3.82,0.36,0.7659999999999999,0.528,0.6779999999999999,0.878,0.7979999999999999,0.415,0.557,0.107,0.121,0.22699999999999998,0.586,0.25,0.429,69,97,2.92,0.5,-0.6,4.4,$3.7,2022
Yency Almonte,LAD,0,0,1,33,0,35.1,18,4,4,2,10,33,1.02,0.79,8.41,2.55,0.244,0.07400000000000001,0.17,3.17,3.65,3.25,0.479,0.067,,84.0,89.7,,95.8,0.045,0.25,83.4,11.1,111.6,0.489,0.33,0.182,0.172,0.386,0.375,0.239,0.25,0.534,0.21600000000000003,0.069,3.0,3.65,0.33799999999999997,0.642,0.455,0.485,0.861,0.6890000000000001,0.384,0.607,0.142,0.191,0.33299999999999996,0.9590000000000001,0.51,0.186,78,92,3.3,0.5,1.6,4.9,$4.1,2022
Ryan Brasier,BOS,0,3,1,68,0,62.1,68,43,40,9,13,64,5.78,1.3,9.24,1.88,0.243,0.049,0.19399999999999998,3.61,3.49,3.12,0.429,0.013000000000000001,,85.6,88.0,,96.0,0.086,0.465,90.7,11.5,113.4,0.405,0.4,0.195,0.10800000000000001,0.33,0.41600000000000004,0.254,0.157,0.49200000000000005,0.35100000000000003,0.122,3.97,3.49,0.386,0.742,0.547,0.615,0.861,0.7659999999999999,0.45299999999999996,0.677,0.128,0.152,0.28,0.562,1.3,0.335,91,88,4.92,0.5,-1.2,5.0,$4.2,2022
Mike Clevinger,SDP,7,7,0,23,22,114.1,102,56,55,20,35,91,4.33,1.2,7.16,2.76,0.188,0.07200000000000001,0.115,4.98,4.76,4.49,0.207,0.092,,80.0,86.2,,93.5,0.095,0.39,88.2,18.7,111.1,0.35200000000000004,0.45799999999999996,0.19,0.113,0.456,0.312,0.23199999999999998,0.183,0.524,0.292,0.126,4.64,4.76,0.319,0.693,0.48200000000000004,0.6629999999999999,0.8490000000000001,0.78,0.436,0.606,0.106,0.156,0.263,0.765,1.57,0.249,125,119,2.6,0.4,1.3,4.0,$3.3,2022
Madison Bumgarner,ARI,7,15,0,30,30,158.2,179,97,86,25,49,112,4.88,1.44,6.35,2.78,0.16,0.07,0.09,4.85,4.83,4.76,0.364,0.113,,87.5,85.5,,91.0,0.098,0.43200000000000005,90.3,16.8,113.6,0.369,0.419,0.212,0.083,0.47700000000000004,0.324,0.19899999999999998,0.11900000000000001,0.496,0.384,0.115,5.52,4.83,0.301,0.723,0.48100000000000004,0.752,0.888,0.8390000000000001,0.426,0.616,0.077,0.162,0.239,0.693,1.42,0.306,125,121,2.29,0.4,0.3,3.6,$2.9,2022
Edward Cabrera,MIA,6,4,0,14,14,71.2,44,24,24,10,33,75,3.01,1.07,9.42,4.14,0.258,0.113,0.14400000000000002,4.59,4.12,4.05,0.154,0.319,,86.9,92.5,,96.0,0.086,0.33299999999999996,86.7,12.7,115.6,0.45299999999999996,0.382,0.165,0.077,0.425,0.33299999999999996,0.24100000000000002,0.161,0.563,0.276,0.154,4.04,4.12,0.335,0.627,0.44,0.569,0.82,0.6970000000000001,0.35700000000000004,0.56,0.133,0.17300000000000001,0.306,0.861,1.26,0.207,115,103,2.27,0.4,2.2,3.7,$3.0,2022
Chad Kuhl,COL,6,11,0,27,27,137.0,155,91,87,25,58,110,5.72,1.55,7.23,3.81,0.17800000000000002,0.094,0.084,5.26,4.78,4.8,0.366,0.067,,86.6,87.8,,93.6,0.09699999999999999,0.446,90.5,15.8,117.2,0.366,0.39799999999999996,0.23600000000000002,0.09699999999999999,0.44799999999999995,0.313,0.239,0.135,0.484,0.381,0.14300000000000002,5.28,4.78,0.282,0.698,0.45399999999999996,0.628,0.872,0.7829999999999999,0.414,0.596,0.099,0.16,0.259,0.6940000000000001,1.64,0.31,125,119,1.9,0.4,0.5,4.5,$3.6,2022
Paul Sewald,SEA,5,4,20,65,0,64.0,32,21,19,10,17,72,2.67,0.77,10.13,2.39,0.298,0.07,0.22699999999999998,3.88,3.58,2.89,0.486,,,82.8,,,92.5,0.094,0.336,86.3,20.6,112.3,0.306,0.51,0.184,0.2,0.409,0.282,0.309,0.262,0.44299999999999995,0.295,0.133,2.63,3.58,0.307,0.726,0.489,0.562,0.769,0.695,0.434,0.607,0.149,0.163,0.312,0.821,1.41,0.158,102,91,4.24,0.4,1.4,4.1,$3.5,2022
Dylan Coleman,KCR,5,2,0,68,0,68.0,47,26,21,5,37,71,2.78,1.24,9.4,4.9,0.24600000000000002,0.128,0.11800000000000001,3.88,4.38,4.04,0.425,,,83.4,,,97.7,0.069,0.366,86.4,12.5,108.7,0.414,0.385,0.201,0.09,0.331,0.349,0.32,0.21100000000000002,0.5429999999999999,0.24600000000000002,0.075,3.78,4.38,0.299,0.66,0.44299999999999995,0.588,0.7829999999999999,0.7040000000000001,0.4,0.5429999999999999,0.131,0.154,0.285,0.7709999999999999,0.66,0.247,98,111,1.92,0.4,1.2,4.0,$3.4,2022
Nick Martinez,SDP,4,4,8,47,10,106.1,96,44,41,15,41,95,3.47,1.29,8.04,3.47,0.212,0.092,0.121,4.43,4.04,4.03,,0.256,,,79.8,,93.5,0.081,0.37,86.5,11.5,111.4,0.474,0.34,0.18600000000000003,0.106,0.42200000000000004,0.39,0.188,0.175,0.5579999999999999,0.266,0.14400000000000002,3.84,4.04,0.349,0.665,0.47200000000000003,0.635,0.8420000000000001,0.748,0.38799999999999996,0.654,0.11900000000000001,0.174,0.292,0.8079999999999999,1.27,0.276,111,101,2.32,0.4,1.6,4.0,$3.4,2022
Trevor Megill,MIN,4,3,0,39,0,45.0,50,29,24,4,17,49,4.8,1.49,9.8,3.4,0.25,0.087,0.163,3.29,3.52,3.38,0.136,,,88.6,,,98.0,0.085,0.48100000000000004,92.2,9.4,110.7,0.45,0.326,0.225,0.095,0.295,0.349,0.35700000000000004,0.132,0.5429999999999999,0.326,0.095,4.91,3.52,0.32299999999999995,0.706,0.495,0.623,0.8490000000000001,0.768,0.44799999999999995,0.628,0.115,0.155,0.27,0.625,0.8,0.368,83,89,2.88,0.4,-0.7,4.0,$3.4,2022
Dany Jimenez,OAK,3,4,11,34,0,34.1,23,16,13,2,18,34,3.41,1.19,8.91,4.72,0.23399999999999999,0.124,0.11,3.46,4.47,4.14,,0.004,,,79.0,,94.2,0.043,0.43,89.4,16.2,109.8,0.409,0.441,0.151,0.171,0.419,0.43,0.151,0.11800000000000001,0.602,0.28,0.049,2.81,4.47,0.294,0.628,0.41700000000000004,0.46,0.8240000000000001,0.662,0.369,0.6409999999999999,0.141,0.20199999999999999,0.34299999999999997,0.654,0.52,0.231,91,114,1.89,0.4,0.1,3.8,$3.2,2022
Jackson Stephens,ATL,3,3,2,39,1,53.2,49,32,22,3,23,47,3.69,1.34,7.88,3.86,0.2,0.098,0.102,3.54,4.06,4.03,0.035,0.096,,87.0,86.0,,94.1,0.049,0.321,87.0,8.8,113.8,0.46299999999999997,0.281,0.256,0.156,0.358,0.34,0.302,0.204,0.58,0.21600000000000003,0.067,3.84,4.06,0.326,0.6970000000000001,0.488,0.6940000000000001,0.875,0.807,0.43799999999999994,0.596,0.094,0.163,0.257,0.607,0.5,0.289,91,102,2.04,0.4,-0.3,3.6,$3.0,2022
Ryan Thompson,TBR,3,3,3,47,0,42.2,39,24,18,4,11,39,3.8,1.17,8.23,2.32,0.215,0.061,0.155,3.42,3.55,3.33,0.39299999999999996,0.015,,79.5,81.3,,91.9,0.047,0.37200000000000005,87.8,6.7,110.7,0.512,0.307,0.18100000000000002,0.128,0.465,0.341,0.19399999999999998,0.20199999999999999,0.527,0.271,0.10300000000000001,3.06,3.55,0.353,0.628,0.465,0.69,0.856,0.782,0.408,0.591,0.102,0.20199999999999999,0.303,0.603,0.84,0.28,89,90,3.55,0.4,-0.5,3.9,$3.3,2022
Will Vest,DET,3,3,1,59,2,63.0,62,30,28,6,22,63,4.0,1.33,9.0,3.14,0.23199999999999998,0.081,0.151,3.54,3.48,3.39,0.332,0.105,,86.5,86.9,,95.3,0.071,0.44,87.8,5.7,109.2,0.49700000000000005,0.276,0.22699999999999998,0.1,0.301,0.41,0.29,0.142,0.541,0.317,0.12,4.0,3.48,0.32299999999999995,0.6829999999999999,0.47600000000000003,0.64,0.867,0.779,0.428,0.618,0.105,0.16,0.265,0.725,0.86,0.315,91,88,2.86,0.4,0.2,3.9,$3.4,2022
Vince Velasquez,CHW,3,3,0,27,9,75.1,68,42,40,11,25,69,4.78,1.23,8.24,2.99,0.21600000000000003,0.078,0.138,4.25,4.48,4.06,0.223,0.086,,84.8,88.2,,93.3,0.13,0.444,91.6,19.7,114.0,0.35700000000000004,0.489,0.154,0.102,0.413,0.368,0.22,0.099,0.534,0.368,0.102,4.65,4.48,0.309,0.716,0.485,0.631,0.8270000000000001,0.7559999999999999,0.433,0.624,0.11800000000000001,0.162,0.28,0.6659999999999999,1.31,0.269,104,114,2.76,0.4,-0.1,3.8,$3.2,2022
Kyle Nelson,ARI,2,1,0,43,1,37.0,26,10,9,1,14,30,2.19,1.08,7.3,3.41,0.19899999999999998,0.09300000000000001,0.106,3.22,4.39,4.13,0.636,,,84.3,,,91.7,0.077,0.385,88.5,13.7,111.8,0.406,0.376,0.218,0.026000000000000002,0.385,0.423,0.192,0.115,0.5670000000000001,0.317,0.026000000000000002,4.02,4.39,0.33299999999999996,0.6990000000000001,0.48100000000000004,0.602,0.88,0.765,0.40299999999999997,0.5760000000000001,0.113,0.147,0.26,0.7929999999999999,0.24,0.243,84,110,2.14,0.4,1.0,3.5,$2.9,2022
Peter Strzelecki,MIL,2,1,1,30,0,35.0,28,13,11,2,15,40,2.83,1.23,10.29,3.86,0.27,0.10099999999999999,0.16899999999999998,2.94,3.81,3.47,0.332,0.136,,83.0,83.4,,93.5,0.076,0.38,88.1,16.5,112.6,0.311,0.42200000000000004,0.267,0.026000000000000002,0.315,0.424,0.261,0.152,0.511,0.337,0.053,3.4,3.81,0.327,0.664,0.46299999999999997,0.627,0.809,0.732,0.40299999999999997,0.622,0.124,0.182,0.306,0.752,0.51,0.289,73,95,2.67,0.4,0.5,4.2,$3.6,2022
Javier Assad,CHC,2,2,0,9,8,37.2,35,14,13,4,20,30,3.11,1.46,7.17,4.78,0.18100000000000002,0.12,0.06,4.49,4.92,5.09,0.094,0.067,,81.3,85.5,,93.0,0.052000000000000005,0.336,87.5,17.8,113.0,0.38799999999999996,0.397,0.21600000000000003,0.239,0.42200000000000004,0.276,0.302,0.233,0.483,0.284,0.087,4.51,4.92,0.327,0.691,0.462,0.655,0.8809999999999999,0.7809999999999999,0.371,0.596,0.10099999999999999,0.149,0.251,0.83,0.96,0.277,115,123,1.5,0.4,0.9,3.8,$3.1,2022
Zach Davies,ARI,2,5,0,27,27,134.1,122,66,61,21,52,102,4.09,1.3,6.83,3.48,0.179,0.091,0.08800000000000001,4.83,4.57,4.71,0.01,0.332,,76.3,79.8,,,0.08,0.345,87.4,13.0,112.7,0.429,0.397,0.175,0.106,0.413,0.36,0.22699999999999998,0.184,0.514,0.302,0.13,4.55,4.57,0.278,0.6729999999999999,0.42,0.7240000000000001,0.851,0.7979999999999999,0.361,0.5579999999999999,0.085,0.182,0.267,0.75,1.41,0.257,125,114,1.96,0.4,1.9,4.4,$3.5,2022
Jonathan Loaisiga,NYY,2,3,2,50,0,48.0,43,25,22,3,19,37,4.13,1.29,6.94,3.56,0.182,0.094,0.08900000000000001,3.57,3.78,3.76,0.20199999999999999,0.15,,87.0,90.0,,98.1,0.02,0.299,83.9,3.2,114.4,0.596,0.226,0.17800000000000002,0.182,0.374,0.354,0.272,0.245,0.524,0.231,0.091,3.48,3.78,0.402,0.6829999999999999,0.505,0.68,0.853,0.7659999999999999,0.365,0.616,0.11800000000000001,0.15,0.268,0.64,0.56,0.278,88,96,1.95,0.4,-0.2,4.2,$3.6,2022
Joely Rodriguez,NYM,2,4,0,55,0,50.1,42,28,25,3,26,57,4.47,1.35,10.19,4.65,0.264,0.12,0.14400000000000002,3.23,3.46,3.54,0.059000000000000004,0.387,,84.0,87.8,,92.8,0.038,0.318,85.3,5.0,110.5,0.5379999999999999,0.262,0.2,0.059000000000000004,0.424,0.295,0.28,0.22,0.583,0.19699999999999998,0.08800000000000001,3.62,3.46,0.384,0.49200000000000005,0.425,0.642,0.8540000000000001,0.735,0.379,0.648,0.113,0.205,0.318,0.633,0.54,0.302,82,87,2.19,0.4,-0.3,3.9,$3.3,2022
Seth Martinez,HOU,1,1,0,29,0,38.2,26,10,9,3,14,38,2.09,1.03,8.84,3.26,0.245,0.09,0.155,3.32,3.92,3.56,0.302,0.122,,79.7,86.5,,92.0,0.059000000000000004,0.324,86.6,15.4,112.0,0.41600000000000004,0.41600000000000004,0.168,0.16699999999999998,0.42200000000000004,0.392,0.18600000000000003,0.235,0.539,0.225,0.071,2.76,3.92,0.309,0.691,0.47,0.698,0.8079999999999999,0.7659999999999999,0.42100000000000004,0.6709999999999999,0.11,0.179,0.289,0.8420000000000001,0.7,0.232,85,99,2.71,0.4,0.9,3.9,$3.3,2022
Alex Young,- - -,1,1,0,25,1,26.2,29,11,7,0,11,21,2.36,1.5,7.09,3.71,0.18100000000000002,0.095,0.086,2.89,4.05,3.98,,0.33,,,86.3,,91.5,0.024,0.386,88.9,7.3,109.8,0.542,0.253,0.205,0.048,0.542,0.289,0.16899999999999998,0.133,0.578,0.289,0.0,3.64,4.05,0.401,0.6829999999999999,0.503,0.535,0.855,0.6920000000000001,0.36200000000000004,0.621,0.155,0.13699999999999998,0.292,0.732,0.0,0.349,76,101,1.91,0.4,0.4,3.9,$3.3,2022
Garrett Cleavinger,- - -,1,1,0,17,0,23.0,14,12,10,2,7,32,3.91,0.91,12.52,2.74,0.348,0.076,0.272,2.5,2.72,2.33,0.415,,,82.8,,,96.3,0.077,0.40399999999999997,88.2,15.1,113.2,0.373,0.41200000000000003,0.21600000000000003,0.095,0.442,0.28800000000000003,0.26899999999999996,0.154,0.48100000000000004,0.365,0.095,3.29,2.72,0.363,0.573,0.45,0.5539999999999999,0.8540000000000001,0.7120000000000001,0.41200000000000003,0.5760000000000001,0.13,0.225,0.354,0.521,0.78,0.24,63,68,4.57,0.4,0.0,3.7,$3.2,2022
Mike Baumann,BAL,1,3,0,13,4,34.1,43,19,18,3,9,23,4.72,1.51,6.03,2.36,0.154,0.06,0.094,3.87,4.29,4.22,0.284,0.045,,91.5,88.7,,96.1,0.07,0.461,91.8,9.4,112.9,0.509,0.316,0.175,0.16699999999999998,0.426,0.322,0.252,0.157,0.496,0.348,0.083,4.42,4.29,0.29,0.763,0.493,0.7709999999999999,0.9159999999999999,0.867,0.429,0.5770000000000001,0.066,0.129,0.195,0.703,0.79,0.357,99,109,2.56,0.4,0.0,3.3,$2.8,2022
Jose Quijada,LAA,0,5,3,42,0,40.2,25,19,18,5,21,52,3.98,1.13,11.51,4.65,0.308,0.124,0.183,3.85,4.14,3.41,0.042,0.109,,81.4,86.9,,94.6,0.106,0.38299999999999995,88.1,22.1,109.0,0.33,0.5529999999999999,0.11699999999999999,0.154,0.309,0.426,0.266,0.223,0.532,0.245,0.096,2.88,4.14,0.36,0.7390000000000001,0.509,0.603,0.7859999999999999,0.7070000000000001,0.39399999999999996,0.615,0.149,0.133,0.282,0.7070000000000001,1.11,0.225,95,105,2.48,0.4,0.3,4.1,$3.5,2022
Packy Naughton,STL,0,2,1,26,3,32.0,39,17,17,3,7,31,4.78,1.44,8.72,1.97,0.22,0.05,0.17,3.14,3.36,3.26,0.21,0.253,,80.9,84.5,,92.9,0.069,0.353,87.1,10.0,110.1,0.495,0.307,0.198,0.065,0.42200000000000004,0.382,0.196,0.147,0.598,0.255,0.09699999999999999,3.74,3.36,0.366,0.662,0.473,0.649,0.8590000000000001,0.7559999999999999,0.363,0.631,0.11599999999999999,0.16,0.276,0.701,0.84,0.364,80,84,4.43,0.4,0.0,4.2,$3.6,2022
Diego Castillo,SEA,7,3,7,59,0,54.1,40,27,22,5,22,53,3.64,1.14,8.78,3.64,0.239,0.099,0.14,3.68,3.85,3.67,0.633,,,88.4,,,95.8,0.076,0.303,86.4,9.0,114.4,0.462,0.345,0.193,0.14,0.462,0.331,0.207,0.221,0.5720000000000001,0.207,0.1,2.97,3.85,0.32799999999999996,0.693,0.484,0.563,0.868,0.75,0.428,0.563,0.121,0.157,0.278,0.649,0.83,0.25,97,98,2.41,0.3,-0.2,2.9,$2.4,2022
Erick Fedde,WSN,6,13,0,27,27,127.0,149,84,82,21,58,94,5.81,1.63,6.66,4.11,0.16399999999999998,0.10099999999999999,0.063,5.15,4.74,5.0,0.287,0.035,,78.5,86.0,,,0.081,0.435,89.5,13.3,112.2,0.419,0.35600000000000004,0.225,0.114,0.39899999999999997,0.382,0.21899999999999997,0.17300000000000001,0.537,0.29,0.141,5.45,4.74,0.252,0.6729999999999999,0.426,0.7170000000000001,0.889,0.8290000000000001,0.414,0.614,0.073,0.17300000000000001,0.245,0.693,1.49,0.32,128,118,1.62,0.3,-0.4,2.9,$2.4,2022
Nick Sandlin,CLE,5,2,0,46,0,44.0,27,13,11,2,24,41,2.25,1.16,8.39,4.91,0.228,0.133,0.094,3.68,4.23,4.14,0.447,,,78.9,,,93.8,0.045,0.375,86.5,8.0,110.2,0.5589999999999999,0.306,0.135,0.147,0.43799999999999994,0.366,0.196,0.23199999999999998,0.48200000000000004,0.28600000000000003,0.059000000000000004,3.35,4.23,0.309,0.693,0.45899999999999996,0.619,0.831,0.7440000000000001,0.392,0.539,0.11800000000000001,0.161,0.278,0.8009999999999999,0.41,0.227,94,107,1.71,0.3,1.1,2.7,$2.3,2022
Colin Holderman,- - -,5,0,0,24,0,28.1,20,14,12,0,14,24,3.81,1.2,7.62,4.45,0.203,0.11900000000000001,0.085,3.32,4.79,4.37,0.428,0.012,,87.4,86.4,,96.9,0.066,0.32899999999999996,87.3,18.0,107.1,0.45299999999999996,0.373,0.17300000000000001,0.179,0.42100000000000004,0.289,0.289,0.237,0.48700000000000004,0.276,0.0,3.59,4.79,0.29100000000000004,0.6829999999999999,0.44,0.615,0.902,0.784,0.38,0.627,0.095,0.14800000000000002,0.243,0.632,0.0,0.263,84,120,1.71,0.3,0.1,3.1,$2.6,2022
James Kaprielian,OAK,5,9,0,26,26,134.0,121,68,63,16,59,98,4.23,1.34,6.58,3.96,0.17,0.102,0.068,4.63,5.06,5.04,0.231,0.1,,85.0,85.3,,94.0,0.08,0.364,88.4,16.9,117.7,0.377,0.436,0.187,0.073,0.4,0.335,0.265,0.147,0.537,0.316,0.08900000000000001,4.63,5.06,0.298,0.723,0.47600000000000003,0.674,0.873,0.8,0.419,0.581,0.095,0.154,0.249,0.72,1.07,0.263,122,129,1.66,0.3,0.9,3.1,$2.5,2022
Erasmo Ramirez,WSN,4,2,0,60,2,86.1,79,31,28,11,14,61,2.92,1.08,6.36,1.46,0.17600000000000002,0.04,0.135,4.05,3.94,3.72,0.067,0.034,,80.6,85.4,,93.9,0.049,0.361,88.7,11.9,115.2,0.452,0.342,0.205,0.133,0.35,0.376,0.27399999999999997,0.162,0.534,0.305,0.122,3.49,3.94,0.342,0.72,0.516,0.677,0.8690000000000001,0.8,0.45899999999999996,0.648,0.10300000000000001,0.158,0.261,0.813,1.15,0.267,101,99,4.36,0.3,1.2,2.8,$2.5,2022
Steven Wilson,SDP,4,2,1,50,1,53.0,36,20,18,7,20,53,3.06,1.06,9.0,3.4,0.248,0.09300000000000001,0.154,4.13,4.62,3.95,0.42200000000000004,0.055999999999999994,,82.2,85.2,,95.1,0.07200000000000001,0.355,87.6,26.0,113.7,0.235,0.581,0.184,0.152,0.341,0.348,0.312,0.225,0.5579999999999999,0.217,0.08900000000000001,2.83,4.62,0.302,0.723,0.469,0.591,0.8170000000000001,0.7290000000000001,0.397,0.612,0.127,0.161,0.28800000000000003,0.7929999999999999,1.19,0.221,104,116,2.65,0.3,0.8,2.6,$2.2,2022
A.J. Puk,OAK,4,3,4,62,0,66.1,53,27,23,7,23,76,3.12,1.15,10.31,3.12,0.27,0.08199999999999999,0.18899999999999997,3.69,3.67,3.15,0.381,0.002,,86.9,89.0,,96.9,0.087,0.349,86.9,11.4,111.1,0.434,0.36700000000000005,0.19899999999999998,0.098,0.363,0.35700000000000004,0.281,0.228,0.462,0.31,0.115,3.71,3.67,0.318,0.6729999999999999,0.473,0.552,0.835,0.728,0.43700000000000006,0.609,0.129,0.179,0.308,0.774,0.95,0.279,97,93,3.3,0.3,0.6,2.5,$2.1,2022
Carlos Estevez,COL,4,4,2,62,0,57.0,44,27,22,7,23,54,3.47,1.18,8.53,3.63,0.23,0.098,0.132,4.08,4.27,3.88,0.149,0.146,,87.3,88.5,,97.5,0.076,0.389,89.6,17.6,110.2,0.361,0.445,0.19399999999999998,0.07200000000000001,0.363,0.331,0.306,0.166,0.503,0.331,0.10099999999999999,4.16,4.27,0.307,0.7829999999999999,0.5,0.78,0.843,0.82,0.406,0.6,0.09,0.122,0.213,0.7040000000000001,1.11,0.247,97,107,2.35,0.3,0.7,3.1,$2.6,2022
Matt Strahm,BOS,4,4,4,50,0,44.2,38,24,19,5,17,52,3.83,1.23,10.48,3.43,0.26899999999999996,0.08800000000000001,0.18100000000000002,3.72,4.02,3.3,0.209,0.09300000000000001,,88.7,88.2,,94.3,0.076,0.336,87.5,18.2,110.0,0.368,0.45299999999999996,0.179,0.094,0.387,0.353,0.261,0.16,0.588,0.252,0.094,3.34,4.02,0.299,0.664,0.475,0.7120000000000001,0.8290000000000001,0.7909999999999999,0.483,0.617,0.099,0.187,0.287,0.679,1.01,0.289,94,102,3.06,0.3,-0.1,3.1,$2.6,2022
Kyle Hendricks,CHC,4,6,0,16,16,84.1,85,45,45,15,24,66,4.8,1.29,7.04,2.56,0.185,0.067,0.11800000000000001,4.82,4.46,4.43,,0.307,,,80.0,,87.1,0.099,0.38799999999999996,87.5,16.5,111.9,0.36200000000000004,0.42700000000000005,0.212,0.099,0.401,0.32799999999999996,0.271,0.187,0.496,0.317,0.135,5.07,4.46,0.332,0.647,0.45399999999999996,0.675,0.852,0.773,0.387,0.629,0.10300000000000001,0.18,0.28300000000000003,0.736,1.6,0.282,123,111,2.75,0.3,0.6,3.0,$2.4,2022
Brad Hand,PHI,3,2,5,55,0,45.0,37,18,14,2,23,38,2.8,1.33,7.6,4.6,0.192,0.11599999999999999,0.076,3.93,4.9,4.51,0.52,,,79.3,,,92.8,0.053,0.267,87.2,14.3,107.4,0.40299999999999997,0.364,0.233,0.128,0.48100000000000004,0.298,0.221,0.191,0.557,0.252,0.043,4.42,4.9,0.235,0.621,0.40399999999999997,0.713,0.8690000000000001,0.818,0.43700000000000006,0.561,0.073,0.214,0.28800000000000003,0.759,0.4,0.271,96,122,1.65,0.3,0.6,2.7,$2.3,2022
Seth Lugo,NYM,3,2,3,62,0,65.0,58,26,26,9,18,69,3.6,1.17,9.55,2.49,0.254,0.066,0.188,3.76,3.51,3.14,0.134,0.017,,89.0,87.7,,94.4,0.08199999999999999,0.33,88.5,10.9,109.0,0.456,0.37799999999999995,0.16699999999999998,0.059000000000000004,0.374,0.396,0.231,0.17,0.5489999999999999,0.28,0.132,3.47,3.51,0.263,0.638,0.426,0.588,0.893,0.787,0.436,0.614,0.091,0.203,0.294,0.7979999999999999,1.25,0.283,95,88,3.83,0.3,0.7,2.4,$2.0,2022
Jordan Hicks,STL,3,6,0,35,8,61.1,46,33,33,5,35,63,4.84,1.32,9.24,5.14,0.24,0.133,0.106,4.17,4.03,4.06,0.316,,,84.8,,,98.0,0.07,0.32299999999999995,86.9,1.4,112.1,0.5760000000000001,0.24100000000000002,0.184,0.053,0.36700000000000005,0.43700000000000006,0.196,0.203,0.544,0.253,0.132,3.92,4.03,0.272,0.622,0.42100000000000004,0.591,0.878,0.7709999999999999,0.425,0.5820000000000001,0.096,0.17600000000000002,0.272,0.679,0.73,0.268,106,101,1.8,0.3,0.1,2.9,$2.6,2022
Aaron Bummer,CHW,2,1,2,32,0,26.2,30,11,7,2,10,30,2.36,1.5,10.13,3.38,0.256,0.085,0.171,3.19,2.82,2.73,0.271,0.006999999999999999,,82.0,89.0,,,0.067,0.45299999999999996,90.2,-3.5,113.2,0.635,0.149,0.21600000000000003,0.0,0.387,0.33299999999999996,0.28,0.107,0.573,0.32,0.182,3.95,2.82,0.27,0.54,0.381,0.603,0.8320000000000001,0.736,0.409,0.53,0.10099999999999999,0.212,0.313,0.7909999999999999,0.68,0.384,78,71,3.0,0.3,0.3,2.9,$2.5,2022
Tanner Banks,CHW,2,0,0,35,0,53.0,42,25,18,5,18,49,3.06,1.13,8.32,3.06,0.226,0.083,0.14300000000000002,3.57,3.6,3.55,0.295,0.201,,86.8,85.0,,93.1,0.07400000000000001,0.409,88.1,9.7,116.7,0.466,0.304,0.23,0.067,0.369,0.35600000000000004,0.275,0.154,0.557,0.289,0.111,4.07,3.6,0.327,0.7,0.495,0.727,0.873,0.82,0.45,0.682,0.08900000000000001,0.18100000000000002,0.27,0.667,0.85,0.257,87,91,2.72,0.3,0.1,2.4,$2.0,2022
Tommy Nance,MIA,2,3,0,35,2,43.2,45,22,21,5,21,57,4.33,1.51,11.75,4.33,0.29100000000000004,0.107,0.184,3.71,3.37,3.24,0.184,,,87.0,,,93.8,0.044000000000000004,0.36,88.5,9.2,109.0,0.46399999999999997,0.304,0.23199999999999998,0.059000000000000004,0.386,0.41200000000000003,0.20199999999999999,0.184,0.544,0.272,0.147,3.95,3.37,0.272,0.649,0.435,0.414,0.8859999999999999,0.7190000000000001,0.433,0.5820000000000001,0.12300000000000001,0.18100000000000002,0.304,0.762,1.03,0.367,93,85,2.71,0.3,0.2,2.6,$2.2,2022
Manny Banuelos,- - -,2,1,1,35,0,41.0,32,23,20,2,21,42,4.39,1.29,9.22,4.61,0.24,0.12,0.12,3.45,3.98,3.82,0.258,0.1,,85.6,83.1,,93.8,0.037000000000000005,0.36700000000000005,85.6,7.1,114.7,0.542,0.299,0.159,0.125,0.39399999999999996,0.358,0.248,0.22899999999999998,0.46799999999999997,0.303,0.063,3.7,3.98,0.321,0.649,0.447,0.57,0.877,0.741,0.384,0.6509999999999999,0.11599999999999999,0.15,0.266,0.62,0.44,0.28,86,100,2.0,0.3,-0.3,2.8,$2.4,2022
Dustin May,LAD,2,3,0,6,6,30.0,21,17,15,3,14,29,4.5,1.17,8.7,4.2,0.228,0.11,0.11800000000000001,4.38,4.21,4.21,,0.057,,,88.6,,98.1,0.051,0.32899999999999996,86.6,4.6,110.5,0.513,0.295,0.192,0.13,0.43,0.316,0.253,0.24100000000000002,0.532,0.228,0.13,3.68,4.21,0.307,0.69,0.46799999999999997,0.5479999999999999,0.833,0.725,0.42200000000000004,0.591,0.129,0.158,0.287,0.642,0.9,0.237,108,105,2.07,0.3,0.1,2.7,$2.2,2022
Lou Trivino,- - -,2,8,11,64,0,53.2,64,31,27,6,24,67,4.53,1.64,11.24,4.02,0.268,0.096,0.172,3.63,3.34,3.19,0.237,0.107,,82.0,87.4,,95.7,0.071,0.47100000000000003,88.7,6.8,112.4,0.526,0.276,0.19699999999999998,0.071,0.39399999999999996,0.39399999999999996,0.213,0.161,0.529,0.31,0.14300000000000002,4.39,3.34,0.332,0.7,0.474,0.588,0.857,0.742,0.387,0.56,0.12300000000000001,0.154,0.276,0.73,1.01,0.389,93,84,2.79,0.3,-0.6,2.4,$2.0,2022
Ken Waldichuk,OAK,2,2,0,7,7,34.2,32,19,19,5,10,33,4.93,1.21,8.57,2.6,0.226,0.068,0.158,4.3,4.26,3.95,0.21,0.145,,81.1,82.4,,94.1,0.121,0.39399999999999996,88.7,16.9,112.9,0.354,0.434,0.212,0.09300000000000001,0.40399999999999997,0.33299999999999996,0.263,0.131,0.535,0.33299999999999996,0.11599999999999999,4.6,4.26,0.302,0.76,0.507,0.612,0.8490000000000001,0.7709999999999999,0.447,0.616,0.11599999999999999,0.135,0.251,0.6920000000000001,1.3,0.287,113,108,3.3,0.3,0.1,2.7,$2.2,2022
Austin Davis,- - -,2,1,0,52,3,56.0,57,39,36,5,33,64,5.79,1.61,10.29,5.3,0.242,0.125,0.11699999999999999,4.02,4.66,4.13,0.384,0.16,,80.5,86.4,,94.2,0.07400000000000001,0.309,86.5,16.9,108.8,0.335,0.43,0.23399999999999999,0.132,0.364,0.34,0.29600000000000004,0.21,0.562,0.228,0.07400000000000001,4.59,4.66,0.308,0.6890000000000001,0.457,0.632,0.848,0.759,0.392,0.564,0.11,0.162,0.272,0.636,0.8,0.331,101,118,1.94,0.3,-0.6,2.4,$2.1,2022
Joel Kuhnel,CIN,2,3,1,53,0,58.0,67,41,41,8,14,56,6.36,1.4,8.69,2.17,0.22,0.055,0.165,3.96,3.52,3.19,0.301,0.153,,86.9,90.3,,96.3,0.07200000000000001,0.389,90.1,7.5,109.4,0.522,0.298,0.18,0.094,0.38299999999999995,0.36700000000000005,0.25,0.11699999999999999,0.5670000000000001,0.317,0.151,3.76,3.52,0.359,0.679,0.496,0.6559999999999999,0.856,0.773,0.42700000000000005,0.588,0.11199999999999999,0.16,0.272,0.602,1.24,0.343,93,88,4.0,0.3,-0.8,3.3,$2.7,2022
Jimmy Lambert,CHW,1,2,0,42,2,47.0,40,18,17,4,24,45,3.26,1.36,8.62,4.6,0.221,0.11800000000000001,0.10300000000000001,3.9,4.62,4.29,0.33,0.142,,84.5,85.4,,94.4,0.045,0.32799999999999996,86.7,17.8,114.0,0.361,0.436,0.203,0.10300000000000001,0.47,0.254,0.276,0.16399999999999998,0.5820000000000001,0.254,0.069,3.06,4.62,0.32299999999999995,0.716,0.483,0.66,0.828,0.762,0.409,0.618,0.115,0.154,0.26899999999999996,0.7909999999999999,0.77,0.277,96,117,1.88,0.3,0.7,3.0,$2.5,2022
Brett Martin,TEX,1,7,3,55,1,50.0,50,27,23,4,18,40,4.14,1.36,7.2,3.24,0.18899999999999997,0.085,0.10400000000000001,3.63,3.81,3.87,0.18,,,86.9,,,93.6,0.052000000000000005,0.396,89.5,6.3,111.2,0.507,0.27,0.22399999999999998,0.073,0.364,0.38299999999999995,0.253,0.11699999999999999,0.532,0.35100000000000003,0.098,3.82,3.81,0.41100000000000003,0.665,0.504,0.6459999999999999,0.907,0.772,0.36700000000000005,0.632,0.115,0.157,0.272,0.657,0.72,0.307,91,96,2.22,0.3,-0.3,3.1,$2.6,2022
Victor Arano,WSN,1,1,1,43,0,42.0,47,30,21,5,12,44,4.5,1.4,9.43,2.57,0.235,0.064,0.171,3.71,3.46,3.14,0.469,,,84.9,,,94.4,0.055,0.354,85.8,6.4,113.2,0.516,0.294,0.19,0.10800000000000001,0.449,0.34600000000000003,0.205,0.228,0.52,0.252,0.135,3.61,3.46,0.414,0.645,0.499,0.596,0.856,0.7190000000000001,0.366,0.652,0.14,0.14300000000000002,0.28300000000000003,0.589,1.07,0.344,92,87,3.67,0.3,-0.9,3.0,$2.5,2022
Garrett Richards,TEX,1,1,1,32,2,42.2,44,28,25,3,13,36,5.27,1.34,7.59,2.74,0.195,0.07,0.124,3.46,3.94,3.66,0.377,0.34700000000000003,,88.6,90.0,,94.4,0.075,0.391,89.3,8.7,110.5,0.526,0.301,0.17300000000000001,0.1,0.42100000000000004,0.368,0.21100000000000002,0.098,0.5489999999999999,0.353,0.075,4.4,3.94,0.365,0.706,0.503,0.63,0.856,0.758,0.40399999999999997,0.589,0.121,0.145,0.267,0.573,0.63,0.315,86,100,2.77,0.3,-0.5,2.4,$2.1,2022
Alex Faedo,DET,1,5,0,12,12,53.2,63,34,33,7,25,44,5.53,1.64,7.38,4.19,0.18,0.102,0.078,4.62,5.02,4.98,0.35100000000000003,0.129,,85.0,86.3,,92.8,0.098,0.391,91.1,19.1,117.9,0.312,0.439,0.249,0.105,0.408,0.379,0.213,0.10300000000000001,0.546,0.35100000000000003,0.092,5.54,5.02,0.287,0.706,0.461,0.623,0.877,0.785,0.41600000000000004,0.607,0.099,0.161,0.261,0.6940000000000001,1.17,0.335,119,128,1.76,0.3,-0.2,3.3,$2.7,2022
Ty Blach,COL,1,0,1,24,1,44.1,51,29,29,4,11,29,5.89,1.4,5.89,2.23,0.15,0.057,0.09300000000000001,3.86,4.59,4.3,0.171,0.196,,85.0,80.7,,91.2,0.06,0.371,87.4,13.6,110.0,0.43,0.38299999999999995,0.188,0.07,0.364,0.305,0.331,0.159,0.517,0.325,0.07,4.08,4.59,0.331,0.688,0.49700000000000005,0.7140000000000001,0.88,0.821,0.466,0.6940000000000001,0.08900000000000001,0.191,0.28,0.599,0.81,0.32,92,115,2.64,0.3,-0.2,2.9,$2.4,2022
Aaron Loup,LAA,0,5,1,65,0,58.2,54,38,25,4,22,52,3.84,1.3,7.98,3.38,0.2,0.085,0.115,3.76,4.11,3.79,0.027999999999999997,0.125,,76.1,80.3,,,0.055999999999999994,0.34299999999999997,88.0,6.5,111.3,0.49700000000000005,0.28,0.223,0.02,0.40399999999999997,0.309,0.287,0.16899999999999998,0.5,0.331,0.08199999999999999,4.34,4.11,0.366,0.664,0.488,0.6509999999999999,0.863,0.769,0.41,0.581,0.113,0.161,0.27399999999999997,0.5870000000000001,0.61,0.287,93,104,2.36,0.3,-1.0,3.2,$2.7,2022
Mychal Givens,- - -,7,3,2,59,1,61.1,56,27,23,8,25,71,3.38,1.32,10.42,3.67,0.273,0.096,0.177,3.96,3.66,3.3,0.298,0.19,,84.8,82.2,,93.6,0.08199999999999999,0.377,87.6,11.9,112.6,0.428,0.365,0.20800000000000002,0.069,0.365,0.396,0.239,0.182,0.541,0.27699999999999997,0.138,3.74,3.66,0.287,0.6759999999999999,0.45399999999999996,0.655,0.826,0.764,0.43,0.573,0.107,0.17800000000000002,0.28600000000000003,0.789,1.17,0.318,101,92,2.84,0.2,0.6,1.6,$1.3,2022
Adrian Morejon,SDP,5,1,0,26,0,34.0,31,18,16,4,9,28,4.24,1.18,7.41,2.38,0.19899999999999998,0.064,0.135,3.88,4.57,4.01,0.13699999999999998,,,87.6,,,96.7,0.087,0.379,90.0,19.2,107.9,0.324,0.5,0.17600000000000002,0.11800000000000001,0.369,0.35,0.282,0.146,0.544,0.311,0.078,3.94,4.57,0.33,0.764,0.537,0.688,0.8270000000000001,0.7829999999999999,0.478,0.61,0.11699999999999999,0.122,0.239,0.65,1.06,0.273,98,114,3.11,0.2,-0.1,2.2,$1.9,2022
Matt Wisler,TBR,3,3,1,39,5,44.0,30,18,11,6,14,35,2.25,1.0,7.16,2.86,0.19899999999999998,0.08,0.11900000000000001,4.25,4.9,4.52,0.915,,,79.8,,,90.0,0.11800000000000001,0.307,87.5,27.3,118.8,0.248,0.5760000000000001,0.17600000000000002,0.18100000000000002,0.47200000000000003,0.29100000000000004,0.23600000000000002,0.205,0.5429999999999999,0.252,0.083,3.26,4.9,0.282,0.7190000000000001,0.475,0.593,0.861,0.772,0.442,0.642,0.10800000000000001,0.16699999999999998,0.275,0.73,1.23,0.198,111,125,2.5,0.2,0.4,1.9,$1.6,2022
Joel Payamps,- - -,3,6,0,41,0,55.2,60,24,20,7,16,41,3.23,1.37,6.63,2.59,0.17,0.066,0.10400000000000001,4.24,4.07,3.86,0.361,0.138,,82.3,88.9,,94.9,0.077,0.434,89.0,6.5,113.0,0.528,0.306,0.16699999999999998,0.218,0.473,0.33,0.198,0.209,0.527,0.264,0.127,3.84,4.07,0.309,0.7020000000000001,0.467,0.682,0.866,0.7929999999999999,0.402,0.527,0.09699999999999999,0.15,0.247,0.792,1.13,0.303,108,103,2.56,0.2,0.5,1.7,$1.4,2022
Rony Garcia,DET,3,3,0,16,8,51.0,40,27,25,9,13,48,4.41,1.04,8.47,2.29,0.233,0.063,0.17,4.52,4.15,3.79,0.317,0.102,,80.3,87.4,,93.0,0.163,0.511,91.5,18.9,112.4,0.312,0.46799999999999997,0.22,0.121,0.38299999999999995,0.39,0.22699999999999998,0.149,0.504,0.348,0.136,6.32,4.15,0.27899999999999997,0.728,0.465,0.6940000000000001,0.8909999999999999,0.8220000000000001,0.415,0.602,0.08199999999999999,0.15,0.233,0.6759999999999999,1.59,0.235,116,105,3.69,0.2,0.2,2.0,$1.7,2022
Zach Thompson,PIT,3,10,0,29,22,121.2,138,76,70,19,46,90,5.18,1.51,6.66,3.4,0.166,0.085,0.081,4.87,4.44,4.62,,0.085,,,85.8,,92.4,0.062,0.396,88.3,11.3,111.1,0.45299999999999996,0.326,0.221,0.115,0.44799999999999995,0.314,0.23800000000000002,0.183,0.495,0.322,0.145,5.07,4.44,0.321,0.6970000000000001,0.469,0.649,0.867,0.777,0.39399999999999996,0.63,0.105,0.158,0.263,0.6920000000000001,1.41,0.309,122,111,1.96,0.2,-0.1,1.7,$1.5,2022
Aaron Sanchez,- - -,3,4,0,15,10,60.0,78,46,44,8,15,41,6.6,1.55,6.15,2.25,0.155,0.057,0.098,4.48,4.18,4.16,,0.099,,,87.7,,92.6,0.059000000000000004,0.48,92.4,8.0,113.2,0.528,0.29100000000000004,0.18100000000000002,0.017,0.377,0.41200000000000003,0.21100000000000002,0.069,0.569,0.363,0.138,4.52,4.18,0.33299999999999996,0.6559999999999999,0.469,0.758,0.888,0.835,0.42100000000000004,0.619,0.078,0.175,0.252,0.599,1.2,0.357,112,105,2.73,0.2,-0.9,1.8,$1.7,2022
Jeff Hoffman,CIN,2,0,0,35,1,44.2,40,22,19,5,23,45,3.83,1.41,9.07,4.63,0.228,0.11699999999999999,0.11199999999999999,4.3,5.06,4.32,0.237,0.243,,81.3,87.7,,94.4,0.087,0.389,89.3,22.3,112.0,0.28600000000000003,0.532,0.183,0.149,0.429,0.317,0.254,0.19,0.46799999999999997,0.341,0.075,4.2,5.06,0.27899999999999997,0.72,0.447,0.6459999999999999,0.841,0.765,0.38,0.528,0.105,0.153,0.258,0.746,1.01,0.289,101,126,1.96,0.2,0.2,2.1,$1.8,2022
Mark Leiter Jr.,CHC,2,7,3,35,4,67.2,52,32,30,10,25,73,3.99,1.14,9.71,3.33,0.259,0.08900000000000001,0.17,4.29,3.62,3.36,0.052000000000000005,,,79.4,,,91.2,0.062,0.345,87.2,10.4,116.8,0.489,0.32799999999999996,0.184,0.105,0.45799999999999996,0.33899999999999997,0.203,0.153,0.5479999999999999,0.299,0.175,3.89,3.62,0.32299999999999995,0.621,0.436,0.5529999999999999,0.875,0.728,0.381,0.5920000000000001,0.11900000000000001,0.182,0.301,0.743,1.33,0.251,110,91,2.92,0.2,0.6,1.5,$1.7,2022
Robert Stephenson,- - -,2,2,0,58,0,58.0,63,39,35,10,14,55,5.43,1.33,8.53,2.17,0.223,0.057,0.166,4.23,4.11,3.64,0.505,0.005,,84.0,88.2,,96.9,0.09,0.418,90.6,21.0,112.3,0.28600000000000003,0.474,0.24,0.10800000000000001,0.384,0.33299999999999996,0.282,0.141,0.452,0.40700000000000003,0.12,4.78,4.11,0.371,0.737,0.526,0.579,0.836,0.732,0.425,0.628,0.141,0.15,0.29100000000000004,0.609,1.55,0.317,102,103,3.93,0.2,-0.4,2.0,$1.7,2022
Tanner Rainey,WSN,1,3,12,29,0,30.0,26,16,11,5,13,36,3.3,1.3,10.8,3.9,0.281,0.102,0.18,4.18,3.99,3.41,0.28600000000000003,0.01,,88.4,88.6,,97.0,0.10099999999999999,0.43,89.4,22.6,113.1,0.316,0.506,0.177,0.175,0.266,0.354,0.38,0.19,0.44299999999999995,0.36700000000000005,0.125,3.96,3.99,0.345,0.7559999999999999,0.522,0.578,0.759,0.691,0.43200000000000005,0.563,0.161,0.12300000000000001,0.284,0.7190000000000001,1.5,0.284,104,100,2.77,0.2,0.0,2.2,$1.8,2022
Louie Varland,MIN,1,2,0,5,5,26.0,26,11,11,4,6,21,3.81,1.23,7.27,2.08,0.198,0.057,0.142,4.3,4.13,4.14,0.192,0.146,,83.3,83.8,,93.8,0.064,0.41,88.7,14.8,112.6,0.359,0.41,0.231,0.094,0.449,0.295,0.256,0.154,0.474,0.37200000000000005,0.125,4.56,4.13,0.321,0.6990000000000001,0.501,0.652,0.92,0.83,0.47700000000000004,0.642,0.085,0.17800000000000002,0.263,0.8029999999999999,1.38,0.297,110,105,3.5,0.2,0.5,2.2,$1.8,2022
Konnor Pilkington,CLE,1,2,0,15,11,58.0,53,30,25,6,32,50,3.88,1.47,7.76,4.97,0.19399999999999998,0.124,0.07,4.49,4.86,4.93,0.08199999999999999,0.214,,81.9,84.5,,92.2,0.121,0.44799999999999995,89.2,13.1,113.4,0.39899999999999997,0.387,0.214,0.09,0.35600000000000004,0.33899999999999997,0.305,0.172,0.511,0.316,0.09,4.79,4.86,0.29600000000000004,0.753,0.47200000000000003,0.667,0.821,0.7609999999999999,0.385,0.5429999999999999,0.113,0.125,0.23800000000000002,0.725,0.93,0.28,116,123,1.56,0.2,0.2,2.4,$2.0,2022
Matt Foster,CHW,1,2,1,48,0,45.0,43,25,22,6,17,42,4.4,1.33,8.4,3.4,0.218,0.08800000000000001,0.13,4.11,4.39,3.99,0.305,0.098,,85.9,83.9,,93.9,0.06,0.336,88.2,20.4,114.6,0.311,0.462,0.22699999999999998,0.14800000000000002,0.373,0.239,0.38799999999999996,0.187,0.552,0.261,0.098,4.2,4.39,0.308,0.763,0.49700000000000005,0.688,0.873,0.8059999999999999,0.41700000000000004,0.642,0.096,0.138,0.23399999999999999,0.6779999999999999,1.2,0.289,101,111,2.47,0.2,-0.3,1.5,$1.2,2022
Dinelson Lamet,- - -,1,2,0,32,0,32.1,30,23,22,4,19,45,6.12,1.52,12.53,5.29,0.302,0.128,0.174,4.07,3.93,3.43,0.54,,,86.3,,,95.4,0.099,0.444,90.5,15.6,110.7,0.342,0.405,0.253,0.125,0.40700000000000003,0.29600000000000004,0.29600000000000004,0.136,0.444,0.42,0.125,4.55,3.93,0.254,0.698,0.441,0.43,0.725,0.626,0.42,0.604,0.165,0.16,0.324,0.633,1.11,0.338,100,98,2.37,0.2,-0.4,1.8,$1.5,2022
Jeff Brigham,MIA,0,1,1,16,0,24.0,22,10,9,3,10,28,3.38,1.33,10.5,3.75,0.27699999999999997,0.099,0.17800000000000002,3.65,3.88,3.54,0.575,,,82.3,,,94.7,0.063,0.33299999999999996,89.5,23.4,110.1,0.19399999999999998,0.484,0.32299999999999995,0.133,0.317,0.381,0.302,0.19,0.508,0.302,0.1,3.96,3.88,0.337,0.653,0.465,0.631,0.8290000000000001,0.7440000000000001,0.406,0.634,0.11900000000000001,0.177,0.29600000000000004,0.7909999999999999,1.13,0.317,92,97,2.8,0.2,0.3,2.3,$1.9,2022
Wyatt Mills,- - -,0,1,0,27,0,29.1,26,15,15,1,13,26,4.6,1.33,7.98,3.99,0.203,0.102,0.102,3.62,4.64,4.15,0.37799999999999995,,,80.9,,,92.4,0.048,0.31,85.2,12.9,107.9,0.42200000000000004,0.349,0.22899999999999998,0.10300000000000001,0.321,0.39299999999999996,0.28600000000000003,0.179,0.512,0.31,0.034,4.42,4.64,0.327,0.6890000000000001,0.475,0.711,0.768,0.745,0.41,0.531,0.121,0.153,0.27399999999999997,0.6809999999999999,0.31,0.301,93,118,2.0,0.2,0.0,2.1,$1.8,2022
Cole Ragans,TEX,0,3,0,9,9,40.0,43,24,22,6,16,27,4.95,1.48,6.08,3.6,0.155,0.092,0.063,4.91,4.85,5.07,,0.32899999999999996,,,82.1,,92.1,0.069,0.32799999999999996,87.5,18.2,110.2,0.36200000000000004,0.392,0.24600000000000002,0.21600000000000003,0.466,0.267,0.267,0.17600000000000002,0.466,0.359,0.11800000000000001,4.78,4.85,0.354,0.773,0.503,0.634,0.907,0.7829999999999999,0.35600000000000004,0.603,0.109,0.113,0.222,0.6920000000000001,1.35,0.296,123,123,1.69,0.2,0.0,2.2,$1.8,2022
Carl Edwards Jr.,WSN,6,3,2,57,0,62.0,51,22,19,8,25,56,2.76,1.23,8.13,3.63,0.21899999999999997,0.098,0.121,4.24,4.09,3.88,,0.09699999999999999,,,90.7,,94.6,0.046,0.35600000000000004,87.7,12.2,111.0,0.47700000000000004,0.368,0.155,0.109,0.31,0.414,0.276,0.14400000000000002,0.575,0.282,0.125,3.32,4.09,0.34,0.688,0.479,0.643,0.8740000000000001,0.775,0.39899999999999997,0.613,0.107,0.163,0.27,0.836,1.16,0.259,106,102,2.24,0.1,1.1,0.9,$0.8,2022
Ryan Tepera,LAA,5,4,6,59,0,57.1,42,27,23,7,20,47,3.61,1.08,7.38,3.14,0.203,0.086,0.11599999999999999,4.21,4.25,4.0,0.059000000000000004,,,80.2,,,92.8,0.055,0.282,87.4,16.2,111.7,0.41,0.391,0.19899999999999998,0.079,0.466,0.337,0.196,0.129,0.632,0.239,0.111,3.25,4.25,0.33299999999999996,0.7090000000000001,0.46799999999999997,0.526,0.885,0.722,0.359,0.591,0.13,0.132,0.262,0.6829999999999999,1.1,0.224,104,108,2.35,0.1,0.3,0.8,$0.7,2022
Miguel Castro,NYY,5,0,0,34,0,29.0,27,16,13,2,15,31,4.03,1.45,9.62,4.66,0.237,0.115,0.122,3.84,4.22,3.87,0.446,0.19,,85.9,92.5,,,0.111,0.321,88.3,11.0,116.1,0.475,0.313,0.213,0.08,0.475,0.363,0.163,0.113,0.588,0.3,0.08,5.04,4.22,0.302,0.614,0.42,0.602,0.76,0.6890000000000001,0.377,0.519,0.13,0.195,0.326,0.6940000000000001,0.62,0.316,95,107,2.07,0.1,-0.2,0.8,$0.7,2022
Luis Cessa,CIN,4,4,0,46,10,80.2,76,44,41,14,28,59,4.57,1.29,6.58,3.12,0.17600000000000002,0.083,0.092,5.02,4.29,4.35,0.389,0.18899999999999997,,82.9,87.9,,93.5,0.09300000000000001,0.429,89.7,8.4,113.7,0.488,0.34,0.172,0.084,0.429,0.385,0.18600000000000003,0.15,0.555,0.29600000000000004,0.16899999999999998,4.44,4.29,0.314,0.667,0.462,0.644,0.899,0.799,0.42,0.619,0.09300000000000001,0.172,0.265,0.718,1.56,0.266,118,107,2.11,0.1,0.5,0.6,$0.4,2022
Josh Winder,MIN,4,6,0,15,11,67.0,69,37,35,11,18,47,4.7,1.3,6.31,2.42,0.16399999999999998,0.063,0.10099999999999999,4.87,4.9,4.63,0.332,0.141,,84.3,88.9,,94.3,0.10099999999999999,0.387,89.1,17.1,114.1,0.35,0.452,0.198,0.122,0.442,0.359,0.198,0.166,0.5579999999999999,0.276,0.11199999999999999,5.2,4.9,0.32899999999999996,0.706,0.474,0.6679999999999999,0.8909999999999999,0.795,0.384,0.606,0.09699999999999999,0.162,0.259,0.718,1.48,0.282,124,125,2.61,0.1,0.1,1.0,$0.9,2022
Beau Brieske,DET,3,6,0,15,15,81.2,73,39,38,14,25,54,4.19,1.2,5.95,2.76,0.159,0.07400000000000001,0.086,4.97,4.78,4.83,0.207,0.221,,86.2,82.0,,94.4,0.10400000000000001,0.413,89.2,17.2,113.2,0.375,0.43799999999999994,0.188,0.08,0.39799999999999996,0.375,0.228,0.166,0.49,0.344,0.125,5.58,4.78,0.306,0.77,0.505,0.813,0.8490000000000001,0.8370000000000001,0.429,0.599,0.08199999999999999,0.138,0.221,0.7559999999999999,1.54,0.241,128,121,2.16,0.1,1.0,1.2,$1.0,2022
Ryan Yarbrough,TBR,3,8,0,20,9,80.0,88,44,40,12,22,61,4.5,1.38,6.86,2.48,0.172,0.062,0.11,4.77,4.75,4.32,0.27,0.239,,71.3,78.6,,86.9,0.073,0.31,85.1,17.3,111.4,0.379,0.406,0.215,0.163,0.418,0.33299999999999996,0.249,0.192,0.544,0.264,0.115,4.4,4.75,0.341,0.7040000000000001,0.5,0.746,0.835,0.8009999999999999,0.43700000000000006,0.679,0.1,0.16,0.26,0.7390000000000001,1.35,0.305,125,121,2.77,0.1,-0.2,0.1,$0.5,2022
Drew Hutchison,DET,3,9,0,28,18,105.1,114,58,53,15,42,68,4.53,1.48,5.81,3.59,0.147,0.091,0.055999999999999994,4.93,4.93,5.07,0.371,0.102,,86.0,86.5,,92.7,0.08800000000000001,0.409,90.3,14.3,110.0,0.40299999999999997,0.38,0.21600000000000003,0.091,0.429,0.327,0.244,0.128,0.531,0.341,0.114,5.38,4.93,0.319,0.7090000000000001,0.475,0.722,0.8809999999999999,0.8170000000000001,0.39899999999999997,0.603,0.087,0.149,0.23600000000000002,0.73,1.28,0.294,127,125,1.62,0.1,0.4,0.7,$0.6,2022
Mark Melancon,ARI,3,10,18,62,0,56.0,63,37,29,5,21,35,4.66,1.5,5.63,3.38,0.142,0.085,0.057,4.2,4.63,4.62,0.018000000000000002,0.024,,84.6,83.8,,91.2,0.068,0.389,89.7,11.0,109.7,0.441,0.319,0.239,0.16699999999999998,0.342,0.368,0.289,0.158,0.505,0.337,0.083,4.77,4.63,0.298,0.716,0.47700000000000004,0.649,0.875,0.794,0.429,0.623,0.098,0.152,0.251,0.615,0.8,0.314,109,116,1.67,0.1,-0.9,0.8,$0.7,2022
Trevor Richards,TOR,3,2,0,62,4,64.0,57,41,38,9,35,82,5.34,1.44,11.53,4.92,0.292,0.125,0.16699999999999998,4.07,4.0,3.56,0.184,0.375,,85.2,84.1,,93.4,0.11,0.39299999999999996,89.4,17.0,110.5,0.34,0.469,0.191,0.092,0.368,0.319,0.313,0.11699999999999999,0.5770000000000001,0.307,0.11800000000000001,4.62,4.0,0.345,0.664,0.446,0.535,0.815,0.6659999999999999,0.315,0.534,0.149,0.14,0.289,0.647,1.27,0.312,103,101,2.34,0.1,-0.9,1.2,$1.0,2022
Humberto Castellanos,ARI,3,2,0,11,9,44.1,50,29,28,7,12,32,5.68,1.4,6.5,2.44,0.165,0.062,0.10300000000000001,4.8,4.69,4.61,0.213,0.10400000000000001,,76.5,84.1,,89.4,0.068,0.377,89.5,16.0,113.0,0.33299999999999996,0.40299999999999997,0.264,0.10300000000000001,0.4,0.33799999999999997,0.262,0.145,0.545,0.31,0.121,5.37,4.69,0.3,0.672,0.465,0.7440000000000001,0.879,0.83,0.444,0.588,0.079,0.179,0.258,0.6579999999999999,1.42,0.309,124,117,2.67,0.1,-0.1,1.2,$0.9,2022
Josh Staumont,KCR,3,3,3,42,0,37.2,37,28,27,3,29,43,6.45,1.75,10.27,6.93,0.244,0.165,0.08,4.25,4.99,4.67,,,,,,,96.3,0.057999999999999996,0.43700000000000006,90.2,18.6,107.8,0.304,0.441,0.255,0.08900000000000001,0.39799999999999996,0.33,0.272,0.146,0.544,0.311,0.067,4.96,4.99,0.278,0.6709999999999999,0.42700000000000005,0.611,0.8440000000000001,0.75,0.379,0.54,0.107,0.152,0.259,0.621,0.72,0.34,108,127,1.48,0.1,-0.8,0.8,$0.6,2022
David Price,LAD,2,0,2,40,0,40.1,38,11,11,6,9,37,2.45,1.17,8.26,2.01,0.222,0.054000000000000006,0.168,3.88,3.23,3.06,,0.106,,,83.7,,92.5,0.07400000000000001,0.38,89.5,6.8,112.8,0.5579999999999999,0.292,0.15,0.028999999999999998,0.322,0.455,0.223,0.157,0.537,0.306,0.171,3.84,3.23,0.268,0.7070000000000001,0.48700000000000004,0.725,0.8759999999999999,0.8340000000000001,0.498,0.665,0.081,0.19,0.27,0.9329999999999999,1.34,0.278,96,81,4.11,0.1,0.9,1.0,$0.8,2022
Matt Bush,- - -,2,3,3,65,6,59.2,43,31,23,11,18,74,3.47,1.02,11.16,2.72,0.303,0.07400000000000001,0.23,4.08,3.28,2.78,0.154,,,92.9,,,97.4,0.054000000000000006,0.396,90.3,15.2,110.4,0.401,0.435,0.163,0.063,0.315,0.32899999999999996,0.35600000000000004,0.121,0.55,0.32899999999999996,0.172,2.63,3.28,0.295,0.6579999999999999,0.455,0.5529999999999999,0.83,0.7290000000000001,0.441,0.643,0.12300000000000001,0.213,0.337,0.679,1.66,0.232,101,83,4.11,0.1,-0.1,0.8,$0.8,2022
Reyes Moronta,- - -,2,2,2,39,0,37.2,30,20,18,5,18,38,4.3,1.27,9.08,4.3,0.23600000000000002,0.11199999999999999,0.124,4.41,4.81,4.11,0.37,0.09699999999999999,,82.1,89.0,,95.3,0.068,0.35,86.4,23.4,111.3,0.317,0.535,0.149,0.13,0.379,0.311,0.311,0.233,0.485,0.282,0.09300000000000001,3.27,4.81,0.305,0.6759999999999999,0.446,0.62,0.83,0.741,0.381,0.578,0.115,0.17,0.285,0.698,1.19,0.255,110,120,2.11,0.1,-0.2,1.2,$1.0,2022
Phil Bickford,LAD,2,1,0,60,0,61.0,53,33,32,12,14,67,4.72,1.1,9.89,2.07,0.271,0.057,0.215,4.26,3.57,2.96,0.319,,,83.3,,,94.1,0.11599999999999999,0.348,88.8,18.4,113.0,0.373,0.478,0.149,0.13,0.396,0.287,0.317,0.146,0.573,0.28,0.156,3.46,3.57,0.319,0.727,0.505,0.721,0.8079999999999999,0.778,0.456,0.611,0.11199999999999999,0.174,0.28600000000000003,0.69,1.77,0.27,105,90,4.79,0.1,-0.2,0.9,$0.7,2022
Trevor May,NYM,2,0,1,26,0,25.0,27,14,14,4,9,30,5.04,1.44,10.8,3.24,0.27,0.081,0.18899999999999997,3.87,3.75,3.29,0.265,0.21100000000000002,,84.9,87.4,,96.2,0.09699999999999999,0.444,89.4,19.4,111.0,0.292,0.45799999999999996,0.25,0.121,0.486,0.319,0.19399999999999998,0.153,0.542,0.306,0.121,3.65,3.75,0.271,0.662,0.445,0.557,0.774,0.7,0.445,0.523,0.133,0.172,0.305,0.7240000000000001,1.44,0.338,98,94,3.33,0.1,-0.2,1.0,$0.9,2022
Hyun-Jin Ryu,TOR,2,0,0,6,6,27.0,32,17,17,5,4,16,5.67,1.33,5.33,1.33,0.142,0.035,0.106,4.78,4.24,4.46,0.035,0.235,,85.5,79.7,,89.4,0.09699999999999999,0.441,91.1,11.2,114.0,0.457,0.37,0.174,0.028999999999999998,0.473,0.32299999999999995,0.204,0.09699999999999999,0.527,0.376,0.147,5.23,4.24,0.292,0.6859999999999999,0.461,0.758,0.879,0.835,0.428,0.575,0.076,0.175,0.251,0.655,1.67,0.307,122,108,4.0,0.1,-0.1,0.5,$0.4,2022
Chase Anderson,CIN,2,4,0,9,7,24.0,17,18,17,3,15,23,6.38,1.33,8.63,5.63,0.223,0.146,0.078,5.07,4.62,4.77,0.079,0.284,,83.2,83.0,,92.1,0.065,0.387,84.2,9.3,110.4,0.516,0.306,0.177,0.105,0.5,0.33899999999999997,0.161,0.21,0.532,0.258,0.158,3.76,4.62,0.332,0.6609999999999999,0.442,0.7609999999999999,0.826,0.794,0.335,0.534,0.091,0.142,0.233,0.552,1.13,0.237,119,115,1.53,0.1,-0.2,0.6,$0.6,2022
Jose Cisnero,DET,1,0,0,28,0,25.0,15,4,3,0,19,23,1.08,1.36,8.28,6.84,0.21899999999999997,0.18100000000000002,0.038,3.67,5.09,5.19,0.258,0.063,,85.5,89.7,,95.7,0.0,0.27399999999999997,85.7,12.2,106.2,0.371,0.387,0.242,0.042,0.32299999999999995,0.387,0.29,0.145,0.565,0.29,0.0,3.9,5.09,0.281,0.6709999999999999,0.435,0.63,0.789,0.727,0.395,0.5329999999999999,0.11900000000000001,0.156,0.27399999999999997,0.8859999999999999,0.0,0.242,94,130,1.21,0.1,0.9,1.0,$0.9,2022
Zack Thompson,STL,1,1,1,22,1,34.2,20,9,8,3,14,27,2.08,0.98,7.01,3.63,0.19899999999999998,0.10300000000000001,0.096,3.89,3.96,4.05,,0.083,,,87.8,,94.8,0.063,0.379,87.0,5.5,108.0,0.537,0.295,0.168,0.036000000000000004,0.474,0.253,0.27399999999999997,0.168,0.568,0.263,0.107,3.73,3.96,0.27699999999999997,0.6829999999999999,0.46399999999999997,0.7559999999999999,0.878,0.8390000000000001,0.461,0.588,0.075,0.18600000000000003,0.261,0.8390000000000001,0.78,0.185,99,99,1.93,0.1,0.8,0.6,$0.8,2022
Cody Morris,CLE,1,2,0,7,5,23.2,21,8,6,3,12,23,2.28,1.39,8.75,4.56,0.23,0.12,0.11,4.34,4.19,4.44,,0.171,,,81.9,,94.7,0.12300000000000001,0.369,88.0,16.4,113.9,0.354,0.369,0.27699999999999997,0.0,0.369,0.431,0.2,0.138,0.49200000000000005,0.369,0.125,4.94,4.19,0.322,0.8,0.517,0.675,0.765,0.732,0.408,0.63,0.139,0.114,0.252,0.868,1.14,0.29,112,106,1.92,0.1,0.6,0.9,$0.8,2022
Daniel Castano,MIA,1,3,0,10,7,35.2,42,20,16,5,9,20,4.04,1.43,5.05,2.27,0.128,0.057999999999999996,0.071,4.74,4.37,4.68,0.27899999999999997,0.127,,81.3,84.1,,91.7,0.064,0.336,86.9,11.0,113.5,0.45899999999999996,0.287,0.254,0.14300000000000002,0.46399999999999997,0.32799999999999996,0.20800000000000002,0.192,0.5920000000000001,0.21600000000000003,0.14300000000000002,4.78,4.37,0.35100000000000003,0.693,0.506,0.757,0.9229999999999999,0.86,0.452,0.647,0.071,0.159,0.231,0.7170000000000001,1.26,0.308,118,109,2.22,0.1,0.2,1.0,$0.9,2022
Shane Baz,TBR,1,2,0,6,6,27.0,27,15,15,5,9,30,5.0,1.33,10.0,3.0,0.256,0.077,0.179,4.41,3.43,3.59,0.37200000000000005,0.083,,87.7,88.5,,96.0,0.078,0.519,91.1,12.0,111.3,0.429,0.33799999999999997,0.23399999999999999,0.038,0.40299999999999997,0.41600000000000004,0.182,0.13,0.442,0.429,0.192,4.25,3.43,0.294,0.688,0.47100000000000003,0.528,0.818,0.718,0.44799999999999995,0.59,0.133,0.16,0.293,0.733,1.67,0.306,115,87,3.33,0.1,0.0,1.1,$0.9,2022
Sean Hjelle,SFG,1,2,0,8,0,25.0,33,19,16,3,8,28,5.76,1.64,10.08,2.88,0.243,0.07,0.174,3.51,2.72,2.72,0.384,0.068,,85.8,88.4,,91.9,0.064,0.449,89.5,3.3,109.6,0.59,0.16699999999999998,0.244,0.077,0.385,0.37200000000000005,0.244,0.141,0.5379999999999999,0.321,0.231,4.22,2.72,0.258,0.624,0.43200000000000005,0.6409999999999999,0.887,0.81,0.47700000000000004,0.6,0.08199999999999999,0.203,0.285,0.608,1.08,0.4,92,69,3.5,0.1,-0.6,1.4,$1.2,2022
Nick Wittgren,STL,1,0,1,29,0,29.0,35,19,19,1,10,17,5.9,1.55,5.28,3.1,0.127,0.075,0.052000000000000005,3.84,5.12,4.73,0.10800000000000001,0.231,,82.1,84.1,,91.6,0.01,0.34,89.0,14.2,109.2,0.43,0.34,0.23,0.059000000000000004,0.408,0.252,0.34,0.146,0.583,0.272,0.028999999999999998,4.19,5.12,0.293,0.722,0.47,0.795,0.8809999999999999,0.85,0.41200000000000003,0.59,0.071,0.168,0.239,0.63,0.31,0.333,98,128,1.7,0.1,-0.4,0.8,$0.7,2022
Josh Sborz,TEX,1,0,0,19,1,22.1,25,16,16,4,11,32,6.45,1.61,12.9,4.43,0.32,0.11,0.21,4.05,3.25,3.05,0.24600000000000002,,,87.7,,,97.0,0.105,0.474,92.1,18.8,108.9,0.298,0.40399999999999997,0.298,0.174,0.281,0.368,0.35100000000000003,0.08800000000000001,0.561,0.35100000000000003,0.174,4.99,3.25,0.307,0.6779999999999999,0.439,0.518,0.792,0.6679999999999999,0.35600000000000004,0.6,0.146,0.16699999999999998,0.313,0.6579999999999999,1.61,0.396,101,82,2.91,0.1,-0.4,0.7,$0.6,2022
Joan Adon,WSN,1,12,0,14,14,64.2,76,53,51,8,39,55,7.1,1.78,7.65,5.43,0.177,0.126,0.052000000000000005,5.11,5.06,5.08,0.006,0.068,,87.0,87.4,,95.0,0.1,0.371,89.3,7.5,112.5,0.478,0.32899999999999996,0.193,0.059000000000000004,0.452,0.305,0.243,0.16699999999999998,0.519,0.314,0.11800000000000001,6.03,5.06,0.265,0.6679999999999999,0.439,0.762,0.899,0.853,0.433,0.565,0.065,0.168,0.233,0.619,1.11,0.337,127,126,1.41,0.1,-1.1,0.7,$0.6,2022
Matt Barnes,BOS,0,4,8,44,0,39.2,36,22,19,2,21,34,4.31,1.44,7.71,4.76,0.193,0.11900000000000001,0.07400000000000001,3.87,4.97,4.53,0.003,0.07200000000000001,,87.0,87.2,,95.2,0.085,0.449,91.1,11.2,113.0,0.45299999999999996,0.402,0.145,0.043,0.331,0.449,0.22,0.153,0.517,0.331,0.043,4.27,4.97,0.293,0.648,0.431,0.581,0.851,0.7390000000000001,0.39,0.625,0.113,0.175,0.287,0.664,0.45,0.293,97,126,1.62,0.1,-0.1,1.1,$0.9,2022
Yerry De Los Santos,PIT,0,3,3,26,0,25.2,22,18,14,3,11,26,4.91,1.29,9.12,3.86,0.23199999999999998,0.098,0.134,4.01,3.93,3.67,0.39899999999999997,,,83.9,,,95.2,0.122,0.392,88.8,9.2,109.4,0.528,0.34700000000000003,0.125,0.12,0.384,0.466,0.151,0.16399999999999998,0.562,0.27399999999999997,0.12,4.67,3.93,0.32799999999999996,0.647,0.43700000000000006,0.649,0.9390000000000001,0.7959999999999999,0.341,0.634,0.08900000000000001,0.18,0.26899999999999996,0.537,1.05,0.268,100,98,2.36,0.1,-0.6,0.8,$0.7,2022
Jordan Weems,WSN,0,1,0,32,0,39.2,35,24,23,7,12,41,5.22,1.18,9.3,2.72,0.247,0.07200000000000001,0.175,4.25,3.97,3.44,0.24,,,88.2,,,96.8,0.071,0.41600000000000004,90.6,20.6,109.3,0.33899999999999997,0.48200000000000004,0.179,0.13,0.363,0.319,0.319,0.106,0.54,0.354,0.13,3.39,3.97,0.375,0.7809999999999999,0.546,0.675,0.84,0.774,0.42100000000000004,0.5539999999999999,0.12300000000000001,0.122,0.245,0.618,1.59,0.264,106,99,3.42,0.1,-0.3,0.8,$0.7,2022
Julian Merryweather,TOR,0,3,0,26,1,26.2,31,20,20,4,7,23,6.75,1.43,7.76,2.36,0.193,0.059000000000000004,0.134,4.35,4.29,3.75,0.341,0.096,,87.8,81.6,,97.4,0.10300000000000001,0.44799999999999995,90.3,14.3,110.5,0.48200000000000004,0.4,0.11800000000000001,0.235,0.345,0.379,0.276,0.184,0.494,0.322,0.11800000000000001,4.51,4.29,0.33899999999999997,0.7509999999999999,0.53,0.5529999999999999,0.917,0.792,0.46299999999999997,0.6809999999999999,0.11,0.165,0.276,0.581,1.35,0.325,110,109,3.29,0.1,-0.6,0.7,$0.6,2022
Tim Mayza,TOR,8,1,2,63,0,48.2,42,19,17,7,12,44,3.14,1.11,8.14,2.22,0.228,0.062,0.166,3.98,2.93,2.88,0.174,,,88.6,,,93.7,0.07400000000000001,0.39,88.6,0.2,118.3,0.579,0.203,0.218,0.037000000000000005,0.353,0.434,0.213,0.17600000000000002,0.485,0.33799999999999997,0.259,4.16,2.93,0.33799999999999997,0.644,0.456,0.6709999999999999,0.895,0.7929999999999999,0.384,0.622,0.094,0.185,0.27899999999999997,0.7959999999999999,1.29,0.271,101,74,3.67,0.0,0.6,0.0,$0.0,2022
Glenn Otto,TEX,7,10,0,27,27,135.2,119,74,70,21,62,107,4.64,1.33,7.1,4.11,0.182,0.106,0.077,5.21,4.82,4.83,0.275,0.07400000000000001,,81.2,88.2,,92.5,0.08900000000000001,0.38,89.0,13.2,113.0,0.431,0.373,0.195,0.141,0.46,0.312,0.228,0.149,0.522,0.32899999999999996,0.141,5.0,4.82,0.292,0.682,0.44799999999999995,0.611,0.895,0.784,0.39899999999999997,0.5329999999999999,0.09699999999999999,0.158,0.255,0.7290000000000001,1.39,0.255,130,123,1.73,0.0,0.6,0.1,$0.1,2022
Steven Okert,MIA,5,5,0,60,0,51.1,34,19,17,7,26,63,2.98,1.17,11.05,4.56,0.285,0.11800000000000001,0.16699999999999998,4.36,4.14,3.5,0.6809999999999999,,,82.0,,,93.7,0.055999999999999994,0.29600000000000004,86.8,19.9,111.8,0.35,0.45,0.2,0.111,0.424,0.29600000000000004,0.28,0.20800000000000002,0.536,0.256,0.13,3.22,4.14,0.316,0.648,0.451,0.608,0.785,0.7120000000000001,0.408,0.57,0.13,0.17600000000000002,0.306,0.8390000000000001,1.23,0.229,109,104,2.42,0.0,1.0,-0.4,($0.3),2022
Josh Winckowski,BOS,5,7,0,15,14,70.1,85,47,46,10,27,44,5.89,1.59,5.63,3.45,0.139,0.085,0.054000000000000006,4.95,4.61,4.82,0.285,0.095,,84.8,89.9,,93.8,0.099,0.461,89.5,5.3,112.4,0.519,0.299,0.183,0.055999999999999994,0.40299999999999997,0.33299999999999996,0.263,0.14800000000000002,0.547,0.305,0.139,4.83,4.61,0.272,0.674,0.445,0.735,0.902,0.8440000000000001,0.43,0.598,0.07,0.185,0.255,0.67,1.28,0.322,125,117,1.63,0.0,-0.2,-0.1,($0.1),2022
Domingo Acevedo,OAK,4,4,4,70,0,67.2,50,26,25,9,17,58,3.33,0.99,7.71,2.26,0.218,0.064,0.154,4.01,3.88,3.56,0.34600000000000003,0.221,,86.5,86.9,,93.2,0.07400000000000001,0.33,86.7,14.0,111.4,0.408,0.397,0.196,0.11,0.46299999999999997,0.27699999999999997,0.261,0.19699999999999998,0.5429999999999999,0.261,0.12300000000000001,3.47,3.88,0.358,0.7879999999999999,0.545,0.552,0.8029999999999999,0.71,0.436,0.59,0.158,0.12,0.27899999999999997,0.767,1.2,0.229,105,98,3.41,0.0,0.8,0.1,$0.1,2022
Jose Cuas,KCR,4,2,1,47,0,37.2,39,18,15,2,24,34,3.58,1.67,8.12,5.73,0.18899999999999997,0.133,0.055999999999999994,4.39,4.88,4.61,0.368,0.016,,82.1,87.9,,90.8,0.034,0.345,85.8,5.3,112.1,0.491,0.263,0.24600000000000002,0.1,0.41700000000000004,0.365,0.217,0.191,0.557,0.252,0.067,4.32,4.88,0.33,0.568,0.426,0.667,0.8290000000000001,0.754,0.405,0.606,0.105,0.185,0.29,0.77,0.48,0.325,111,124,1.42,0.0,0.3,-0.2,($0.2),2022
Dominic Leone,SFG,4,5,3,55,0,49.1,55,24,22,6,24,52,4.01,1.6,9.49,4.38,0.23399999999999999,0.10800000000000001,0.126,4.04,4.11,3.91,0.35700000000000004,,,85.2,,,95.4,0.062,0.41100000000000003,89.9,16.2,108.4,0.389,0.382,0.22899999999999998,0.073,0.35600000000000004,0.342,0.301,0.11,0.5479999999999999,0.342,0.109,3.71,4.11,0.436,0.77,0.551,0.498,0.8440000000000001,0.664,0.34299999999999997,0.608,0.185,0.1,0.28600000000000003,0.779,1.09,0.35,105,103,2.17,0.0,0.1,0.2,$0.1,2022
Rowan Wick,CHC,4,7,9,64,0,64.0,79,37,30,9,29,69,4.22,1.69,9.7,4.08,0.235,0.099,0.136,4.19,3.7,3.68,0.051,,,82.2,,,95.0,0.10300000000000001,0.4,88.5,11.6,111.1,0.44299999999999995,0.302,0.255,0.121,0.379,0.369,0.251,0.185,0.523,0.292,0.155,5.42,3.7,0.33399999999999996,0.662,0.473,0.667,0.867,0.785,0.424,0.5920000000000001,0.10099999999999999,0.174,0.276,0.747,1.27,0.376,107,93,2.38,0.0,-0.6,0.1,$0.1,2022
Reiver Sanmartin,CIN,4,4,0,45,4,57.0,66,43,40,8,29,47,6.32,1.67,7.42,4.58,0.184,0.113,0.07,4.81,4.39,4.39,0.267,0.324,,82.0,85.3,,91.0,0.07200000000000001,0.35600000000000004,86.0,4.6,110.9,0.545,0.303,0.152,0.07400000000000001,0.42200000000000004,0.33899999999999997,0.239,0.16699999999999998,0.556,0.278,0.14800000000000002,3.87,4.39,0.324,0.662,0.45299999999999996,0.604,0.885,0.76,0.381,0.5820000000000001,0.109,0.16,0.26899999999999996,0.621,1.26,0.337,113,110,1.62,0.0,-0.5,-0.6,($0.2),2022
Jaime Barria,LAA,3,3,0,35,1,79.1,63,29,23,11,19,54,2.61,1.03,6.13,2.16,0.171,0.06,0.111,4.39,4.39,4.13,0.47100000000000003,0.136,,85.3,85.1,,92.1,0.1,0.358,88.3,16.4,112.3,0.409,0.413,0.179,0.09300000000000001,0.442,0.32899999999999996,0.22899999999999998,0.158,0.5379999999999999,0.304,0.113,4.12,4.39,0.337,0.721,0.51,0.688,0.847,0.789,0.451,0.684,0.10800000000000001,0.156,0.264,0.805,1.25,0.227,109,112,2.84,0.0,1.3,0.3,$0.4,2022
Drew Smith,NYM,3,3,0,44,0,46.0,38,17,17,9,15,53,3.33,1.15,10.37,2.93,0.28300000000000003,0.08,0.203,4.33,3.72,3.12,0.355,0.055,,85.4,85.3,,95.8,0.11800000000000001,0.504,90.1,19.5,109.2,0.345,0.504,0.151,0.133,0.37,0.235,0.395,0.16,0.546,0.294,0.15,3.78,3.72,0.324,0.738,0.483,0.626,0.775,0.7140000000000001,0.386,0.5720000000000001,0.138,0.151,0.29,0.8909999999999999,1.76,0.264,109,93,3.53,0.0,0.6,-0.1,($0.1),2022
Corey Knebel,PHI,3,5,12,46,0,44.2,33,22,17,4,28,41,3.43,1.37,8.26,5.64,0.21100000000000002,0.14400000000000002,0.067,4.46,4.85,4.69,0.03,,,79.7,,,95.8,0.057,0.39799999999999996,88.7,15.0,112.8,0.39299999999999996,0.385,0.221,0.106,0.35,0.366,0.285,0.146,0.561,0.293,0.085,3.8,4.85,0.299,0.6709999999999999,0.444,0.586,0.856,0.745,0.39,0.562,0.113,0.155,0.268,0.7140000000000001,0.81,0.244,109,121,1.46,0.0,0.2,-0.2,($0.2),2022
Michael Rucker,CHC,3,1,0,41,0,54.2,50,25,24,8,20,50,3.95,1.28,8.23,3.29,0.218,0.087,0.131,4.28,4.09,3.81,0.185,0.086,,85.6,89.9,,94.9,0.08199999999999999,0.371,89.8,13.5,118.4,0.434,0.396,0.17,0.14300000000000002,0.396,0.35200000000000004,0.252,0.17,0.509,0.321,0.127,3.61,4.09,0.32,0.736,0.48,0.628,0.8690000000000001,0.77,0.385,0.555,0.111,0.146,0.256,0.765,1.32,0.278,110,102,2.5,0.0,0.3,0.1,$0.1,2022
Hunter Strickland,CIN,3,3,7,66,0,62.1,61,37,34,8,33,60,4.91,1.51,8.66,4.76,0.21100000000000002,0.11599999999999999,0.095,4.78,4.96,4.34,0.392,,,84.8,,,95.2,0.098,0.375,89.8,17.7,112.5,0.342,0.424,0.23399999999999999,0.192,0.413,0.38,0.207,0.185,0.5,0.315,0.10300000000000001,5.44,4.96,0.294,0.726,0.47,0.604,0.858,0.764,0.406,0.616,0.111,0.151,0.262,0.713,1.16,0.301,112,124,1.82,0.0,-0.2,0.5,$0.4,2022
JT Chargois,TBR,2,0,0,21,3,22.1,16,7,6,3,5,17,2.42,0.94,6.85,2.01,0.198,0.057999999999999996,0.14,4.28,3.86,3.42,0.38299999999999995,,,87.3,,,95.6,0.065,0.371,87.2,2.8,113.7,0.597,0.32299999999999995,0.081,0.05,0.371,0.452,0.177,0.177,0.5,0.32299999999999995,0.15,2.59,3.86,0.355,0.662,0.491,0.606,0.9079999999999999,0.787,0.44299999999999995,0.674,0.105,0.192,0.29600000000000004,0.851,1.21,0.22,112,98,3.4,0.0,0.4,-0.4,($0.3),2022
Wily Peralta,DET,2,0,0,28,1,38.1,34,12,11,2,24,32,2.58,1.51,7.51,5.63,0.19,0.14300000000000002,0.048,4.08,4.79,4.85,0.3,,,83.7,,,95.5,0.045,0.387,88.8,11.1,111.9,0.46399999999999997,0.327,0.209,0.055999999999999994,0.405,0.369,0.225,0.126,0.55,0.324,0.055999999999999994,4.13,4.79,0.253,0.657,0.418,0.6829999999999999,0.866,0.8,0.408,0.5710000000000001,0.084,0.17,0.254,0.836,0.47,0.294,105,122,1.33,0.0,0.6,0.2,$0.2,2022
Sam Moll,OAK,2,1,0,53,0,43.1,33,16,14,5,22,46,2.91,1.27,9.55,4.57,0.24600000000000002,0.11800000000000001,0.128,4.22,4.05,3.8,0.5539999999999999,,,81.8,,,,0.052000000000000005,0.353,87.6,9.5,110.0,0.5,0.336,0.16399999999999998,0.205,0.414,0.353,0.233,0.207,0.5429999999999999,0.25,0.128,2.95,4.05,0.262,0.642,0.423,0.64,0.841,0.769,0.425,0.508,0.098,0.19399999999999998,0.292,0.8240000000000001,1.04,0.252,111,103,2.09,0.0,0.6,-0.4,($0.3),2022
Jonathan Hernandez,TEX,2,3,4,29,0,30.1,26,14,10,2,17,27,2.97,1.42,8.01,5.04,0.20600000000000002,0.13,0.076,3.97,3.99,4.02,0.36200000000000004,0.205,,87.3,90.2,,96.2,0.047,0.512,90.3,0.5,113.3,0.624,0.212,0.165,0.0,0.512,0.337,0.151,0.105,0.547,0.349,0.111,4.09,3.99,0.26,0.715,0.43799999999999994,0.48100000000000004,0.846,0.7140000000000001,0.391,0.542,0.125,0.149,0.27399999999999997,0.728,0.59,0.286,99,101,1.59,0.0,0.1,0.0,$0.0,2022
Jandel Gustave,MIL,2,0,0,27,0,28.0,25,13,12,4,11,27,3.86,1.29,8.68,3.54,0.225,0.092,0.133,4.43,4.06,3.69,0.365,,,86.3,,,96.2,0.063,0.43799999999999994,90.8,10.8,114.5,0.5,0.35,0.15,0.14300000000000002,0.375,0.325,0.3,0.15,0.488,0.363,0.14300000000000002,4.01,4.06,0.313,0.643,0.461,0.763,0.904,0.851,0.451,0.642,0.069,0.193,0.262,0.772,1.29,0.276,110,102,2.45,0.0,0.1,-0.4,($0.3),2022
Darren O'Day,ATL,2,2,0,28,0,21.2,19,12,10,3,10,26,4.15,1.34,10.8,4.15,0.27699999999999997,0.106,0.17,4.04,4.15,3.46,0.478,,,78.3,,,85.9,0.053,0.33299999999999996,85.6,18.6,107.8,0.386,0.491,0.12300000000000001,0.107,0.40399999999999997,0.33299999999999996,0.263,0.193,0.544,0.263,0.107,2.69,4.15,0.402,0.7190000000000001,0.517,0.687,0.84,0.764,0.361,0.638,0.122,0.138,0.26,0.698,1.25,0.296,103,104,2.6,0.0,-0.1,0.3,$0.3,2022
Jack Flaherty,STL,2,1,0,9,8,36.0,36,18,17,4,22,33,4.25,1.61,8.25,5.5,0.198,0.132,0.066,4.97,4.93,4.99,0.285,0.008,,84.4,86.2,,93.4,0.055999999999999994,0.308,87.2,11.8,111.4,0.41700000000000004,0.33,0.252,0.059000000000000004,0.495,0.336,0.168,0.14,0.579,0.28,0.11800000000000001,4.95,4.93,0.267,0.6940000000000001,0.434,0.63,0.838,0.76,0.39,0.545,0.10400000000000001,0.151,0.255,0.784,1.0,0.311,126,123,1.5,0.0,0.4,0.1,$0.1,2022
Cristopher Sanchez,PHI,2,2,1,15,3,40.0,38,25,25,5,17,35,5.63,1.38,7.88,3.83,0.198,0.096,0.102,4.56,4.2,4.01,0.18899999999999997,0.201,,84.9,84.4,,,0.066,0.38,87.9,5.0,112.5,0.542,0.28300000000000003,0.175,0.028999999999999998,0.314,0.43799999999999994,0.248,0.198,0.496,0.306,0.147,4.29,4.2,0.32799999999999996,0.62,0.449,0.7090000000000001,0.9059999999999999,0.8220000000000001,0.415,0.565,0.08,0.18,0.26,0.654,1.13,0.284,112,105,2.06,0.0,-0.2,-0.1,($0.1),2022
Matthew Liberatore,STL,2,2,0,9,7,34.2,42,23,23,5,18,28,5.97,1.73,7.27,4.67,0.174,0.11199999999999999,0.062,5.02,4.93,5.0,0.109,0.11199999999999999,,86.0,86.0,,93.8,0.08800000000000001,0.48200000000000004,91.2,16.3,110.3,0.384,0.375,0.24100000000000002,0.14300000000000002,0.41200000000000003,0.377,0.21100000000000002,0.12300000000000001,0.518,0.36,0.11900000000000001,5.5,4.93,0.285,0.7,0.441,0.7390000000000001,0.865,0.8140000000000001,0.376,0.534,0.08199999999999999,0.157,0.23800000000000002,0.7040000000000001,1.3,0.339,127,123,1.56,0.0,-0.2,0.3,$0.2,2022
Mason Thompson,WSN,1,1,1,24,0,24.2,19,8,8,2,9,15,2.92,1.14,5.47,3.28,0.149,0.08900000000000001,0.059000000000000004,4.17,4.55,4.43,0.239,0.013999999999999999,,84.5,88.2,,95.6,0.039,0.32899999999999996,86.1,12.2,110.8,0.5329999999999999,0.32,0.147,0.125,0.395,0.303,0.303,0.21100000000000002,0.579,0.21100000000000002,0.083,3.72,4.55,0.34299999999999997,0.696,0.495,0.6940000000000001,0.855,0.7909999999999999,0.429,0.584,0.10300000000000001,0.141,0.245,0.802,0.73,0.23,104,114,1.67,0.0,0.4,0.4,$0.4,2022
Huascar Brazoban,MIA,1,1,0,27,0,32.0,26,13,11,3,21,40,3.09,1.47,11.25,5.91,0.284,0.149,0.135,3.99,3.93,3.87,0.41700000000000004,0.254,,87.7,89.1,,97.4,0.051,0.26899999999999996,83.2,7.2,110.9,0.494,0.325,0.182,0.0,0.462,0.33299999999999996,0.205,0.231,0.513,0.256,0.12,3.62,3.93,0.32,0.703,0.45299999999999996,0.47700000000000004,0.753,0.626,0.34700000000000003,0.5529999999999999,0.17,0.128,0.298,0.804,0.84,0.307,100,98,1.9,0.0,0.4,0.3,$0.3,2022
Hirokazu Sawamura,BOS,1,1,0,49,0,50.2,45,23,21,4,27,40,3.73,1.42,7.11,4.8,0.18100000000000002,0.122,0.059000000000000004,4.16,4.51,4.56,0.13699999999999998,,,85.8,,,96.1,0.071,0.44799999999999995,88.9,8.8,111.6,0.5,0.309,0.191,0.128,0.48100000000000004,0.292,0.22699999999999998,0.162,0.461,0.377,0.085,4.27,4.51,0.32799999999999996,0.725,0.47600000000000003,0.68,0.833,0.767,0.374,0.5379999999999999,0.111,0.14300000000000002,0.254,0.738,0.71,0.273,105,114,1.48,0.0,0.3,0.2,$0.2,2022
John King,TEX,1,4,0,39,0,51.1,61,27,23,5,14,30,4.03,1.46,5.26,2.45,0.135,0.063,0.07200000000000001,4.09,3.66,3.4,0.14300000000000002,0.247,,78.8,80.8,,,0.062,0.446,90.7,0.1,113.5,0.6459999999999999,0.166,0.18899999999999997,0.034,0.40700000000000003,0.384,0.209,0.13,0.5589999999999999,0.311,0.172,4.18,3.66,0.324,0.723,0.491,0.7090000000000001,0.89,0.821,0.419,0.595,0.08800000000000001,0.162,0.25,0.71,0.88,0.326,102,93,2.14,0.0,-0.2,-0.3,($0.2),2022
Anthony Misiewicz,- - -,1,2,0,32,0,29.0,27,15,14,4,10,27,4.34,1.28,8.38,3.1,0.223,0.083,0.14,4.08,4.22,3.78,,,,,,,93.6,0.11900000000000001,0.41700000000000004,90.1,16.2,108.5,0.373,0.45799999999999996,0.16899999999999998,0.053,0.321,0.41700000000000004,0.262,0.095,0.56,0.345,0.105,4.05,4.22,0.326,0.698,0.47700000000000004,0.6890000000000001,0.841,0.779,0.406,0.595,0.105,0.163,0.26899999999999996,0.701,1.24,0.288,105,107,2.7,0.0,0.0,0.1,$0.0,2022
Michael Grove,LAD,1,0,0,7,6,29.1,32,21,15,6,10,24,4.6,1.43,7.36,3.07,0.18,0.075,0.105,5.16,4.77,4.56,0.201,,,85.0,,,94.2,0.061,0.434,91.6,16.0,107.7,0.402,0.46399999999999997,0.134,0.022000000000000002,0.40399999999999997,0.34299999999999997,0.253,0.081,0.515,0.40399999999999997,0.133,3.1,4.77,0.327,0.706,0.502,0.639,0.883,0.797,0.462,0.586,0.102,0.14800000000000002,0.25,0.625,1.84,0.28,127,119,2.4,0.0,-0.2,-0.2,($0.2),2022
Touki Toussaint,LAA,1,1,0,8,2,25.1,15,13,13,2,19,26,4.62,1.34,9.24,6.75,0.24100000000000002,0.17600000000000002,0.065,4.81,4.78,4.85,,,,,,,93.0,0.034,0.373,89.5,9.8,113.5,0.536,0.304,0.161,0.17600000000000002,0.5589999999999999,0.22,0.22,0.136,0.542,0.322,0.11800000000000001,4.02,4.78,0.275,0.66,0.406,0.5,0.897,0.72,0.341,0.45399999999999996,0.114,0.14800000000000002,0.262,0.71,0.71,0.228,119,121,1.37,0.0,0.1,0.3,$0.3,2022
Adonis Medina,NYM,1,0,1,14,0,23.2,30,18,16,2,6,17,6.08,1.52,6.46,2.28,0.155,0.055,0.1,4.04,4.38,3.89,0.242,0.174,,86.8,87.1,,93.3,0.07200000000000001,0.5539999999999999,90.7,7.0,110.2,0.519,0.284,0.198,0.087,0.457,0.40700000000000003,0.136,0.12300000000000001,0.506,0.37,0.087,5.26,4.38,0.28800000000000003,0.6920000000000001,0.469,0.7120000000000001,0.883,0.825,0.447,0.627,0.08199999999999999,0.16699999999999998,0.249,0.591,0.76,0.346,102,110,2.83,0.0,-0.6,0.2,$0.1,2022
Anthony Banda,- - -,1,1,0,32,1,26.2,43,20,20,4,13,30,6.75,2.1,10.13,4.39,0.222,0.096,0.126,4.5,4.49,3.94,,0.374,,,86.6,,95.2,0.067,0.322,84.9,15.0,109.0,0.33299999999999996,0.389,0.278,0.086,0.3,0.456,0.244,0.21100000000000002,0.5329999999999999,0.256,0.114,5.01,4.49,0.345,0.6729999999999999,0.47700000000000004,0.735,0.86,0.8059999999999999,0.405,0.5479999999999999,0.09300000000000001,0.16,0.252,0.725,1.35,0.453,113,113,2.31,0.0,-0.5,-0.1,$0.0,2022
Ashton Goudeau,COL,1,0,1,12,0,20.1,25,18,16,3,10,16,7.08,1.72,7.08,4.43,0.17,0.106,0.064,4.93,5.05,4.71,,0.171,,,84.8,,92.8,0.059000000000000004,0.456,91.0,18.3,106.8,0.368,0.41200000000000003,0.221,0.14300000000000002,0.397,0.382,0.221,0.132,0.456,0.41200000000000003,0.107,4.6,5.05,0.29600000000000004,0.711,0.461,0.687,0.8490000000000001,0.7859999999999999,0.397,0.574,0.099,0.141,0.24,0.552,1.33,0.338,118,126,1.6,0.0,-0.5,-0.3,($0.2),2022
Jesus Tinoco,TEX,0,0,0,17,2,20.2,12,5,5,2,10,18,2.18,1.06,7.84,4.35,0.214,0.11900000000000001,0.095,4.23,4.76,4.41,0.43700000000000006,0.009000000000000001,,88.1,90.0,,96.1,0.055,0.382,87.8,14.7,112.8,0.37,0.46299999999999997,0.16699999999999998,0.08,0.29100000000000004,0.473,0.23600000000000002,0.145,0.491,0.364,0.08,3.52,4.76,0.327,0.677,0.46,0.662,0.856,0.77,0.38,0.583,0.106,0.18600000000000003,0.29100000000000004,0.8909999999999999,0.87,0.189,106,121,1.8,0.0,0.6,0.2,$0.2,2022
Tommy Hunter,NYM,0,1,0,18,0,22.1,21,8,6,4,6,22,2.42,1.21,8.87,2.42,0.23399999999999999,0.064,0.17,4.28,3.94,3.42,,0.003,,,88.0,,93.4,0.136,0.455,90.6,14.0,113.4,0.4,0.462,0.138,0.1,0.364,0.364,0.273,0.136,0.561,0.303,0.133,4.54,3.94,0.354,0.775,0.547,0.672,0.863,0.7959999999999999,0.45799999999999996,0.7020000000000001,0.11199999999999999,0.138,0.249,0.888,1.61,0.274,108,99,3.67,0.0,0.3,-0.1,($0.1),2022
Beau Sulser,- - -,0,0,0,10,0,22.1,24,14,9,3,9,19,3.63,1.48,7.66,3.63,0.192,0.091,0.10099999999999999,4.5,4.35,4.08,,0.317,,,83.7,,93.1,0.057,0.371,86.6,9.1,108.5,0.47100000000000003,0.34299999999999997,0.18600000000000003,0.125,0.486,0.314,0.2,0.271,0.414,0.314,0.125,3.22,4.35,0.353,0.7120000000000001,0.506,0.6990000000000001,0.9079999999999999,0.8240000000000001,0.425,0.657,0.08900000000000001,0.136,0.225,0.6709999999999999,1.21,0.313,114,109,2.11,0.0,-0.1,-0.3,($0.3),2022
Marco Gonzales,SEA,10,15,0,32,32,183.0,194,97,84,30,50,103,4.13,1.33,5.07,2.46,0.132,0.064,0.068,5.05,4.9,4.99,,0.305,,,79.4,,88.7,0.07200000000000001,0.35,86.7,14.6,111.2,0.42,0.39399999999999996,0.18600000000000003,0.11900000000000001,0.465,0.31,0.225,0.18100000000000002,0.5539999999999999,0.265,0.12300000000000001,4.6,4.9,0.373,0.722,0.507,0.7759999999999999,0.884,0.835,0.384,0.631,0.084,0.151,0.235,0.737,1.48,0.277,133,124,2.06,-0.1,0.6,-0.7,($0.6),2022
Wil Crowe,PIT,6,10,4,60,1,76.0,68,40,37,8,38,68,4.38,1.39,8.05,4.5,0.205,0.114,0.09,4.31,4.29,4.19,0.312,0.282,,87.7,86.0,,95.3,0.049,0.327,87.6,10.0,118.0,0.498,0.312,0.19,0.07200000000000001,0.484,0.314,0.20199999999999999,0.157,0.605,0.23800000000000002,0.11599999999999999,4.18,4.29,0.32299999999999995,0.6729999999999999,0.451,0.601,0.847,0.735,0.366,0.569,0.12,0.151,0.271,0.706,0.95,0.279,108,107,1.79,-0.1,0.0,-1.2,($0.9),2022
Devin Smeltzer,MIN,5,2,0,15,12,70.1,67,30,29,13,19,40,3.71,1.22,5.12,2.43,0.139,0.066,0.073,5.23,4.97,4.99,0.066,0.253,,77.1,82.1,,89.4,0.07,0.392,88.8,16.2,112.3,0.386,0.457,0.157,0.11800000000000001,0.467,0.313,0.22,0.17600000000000002,0.489,0.335,0.127,4.34,4.97,0.335,0.654,0.46799999999999997,0.764,0.899,0.843,0.418,0.606,0.07400000000000001,0.179,0.252,0.828,1.66,0.252,133,127,2.11,-0.1,1.2,-0.9,($0.6),2022
Nick Vespi,BAL,5,0,1,25,0,26.1,29,12,12,5,8,28,4.1,1.41,9.57,2.73,0.25,0.071,0.179,4.48,3.3,3.2,0.365,,,83.7,,,88.5,0.107,0.4,87.7,10.1,110.5,0.42700000000000005,0.307,0.267,0.043,0.467,0.34700000000000003,0.187,0.133,0.5329999999999999,0.33299999999999996,0.217,5.49,3.3,0.381,0.6409999999999999,0.48700000000000004,0.525,0.836,0.691,0.406,0.589,0.15,0.166,0.316,0.8390000000000001,1.71,0.343,114,84,3.5,-0.1,0.1,-1.3,($1.1),2022
Dillon Peters,PIT,5,2,0,22,4,39.1,35,20,20,5,17,26,4.58,1.32,5.95,3.89,0.158,0.10300000000000001,0.055,4.74,4.89,4.85,0.11199999999999999,0.24100000000000002,,84.7,84.8,,93.1,0.066,0.361,88.8,13.8,110.8,0.43,0.397,0.174,0.083,0.49200000000000005,0.295,0.213,0.156,0.557,0.287,0.10400000000000001,4.49,4.89,0.322,0.659,0.46299999999999997,0.773,0.868,0.8290000000000001,0.41700000000000004,0.5579999999999999,0.079,0.16699999999999998,0.24600000000000002,0.711,1.14,0.256,118,122,1.53,-0.1,0.2,-1.1,($0.8),2022
Emilio Pagan,MIN,4,6,9,59,0,63.0,60,36,31,12,26,84,4.43,1.37,12.0,3.71,0.307,0.095,0.212,4.21,3.26,2.95,0.21100000000000002,,,85.7,,,95.6,0.098,0.44799999999999995,89.6,12.7,113.8,0.40399999999999997,0.40399999999999997,0.193,0.092,0.44799999999999995,0.344,0.209,0.147,0.564,0.28800000000000003,0.185,3.9,3.26,0.361,0.748,0.516,0.6629999999999999,0.775,0.728,0.401,0.639,0.14,0.141,0.282,0.726,1.71,0.318,107,82,3.23,-0.1,-0.6,-0.6,($0.5),2022
Tyler Alexander,DET,4,11,0,27,17,101.0,108,58,54,18,25,61,4.81,1.32,5.44,2.23,0.14300000000000002,0.059000000000000004,0.084,4.99,4.77,4.83,0.109,0.185,,77.8,82.9,,90.2,0.11199999999999999,0.379,88.9,16.9,113.4,0.35200000000000004,0.42700000000000005,0.221,0.077,0.371,0.382,0.247,0.153,0.494,0.353,0.126,5.43,4.77,0.33,0.732,0.505,0.784,0.888,0.8490000000000001,0.436,0.665,0.076,0.158,0.23399999999999999,0.6990000000000001,1.6,0.28,129,121,2.44,-0.1,0.1,-0.9,($0.6),2022
Collin Snider,KCR,4,2,0,42,0,34.1,40,25,25,3,15,22,6.55,1.6,5.77,3.93,0.146,0.099,0.046,4.45,4.48,4.49,0.494,0.019,,86.4,89.6,,,0.071,0.43799999999999994,89.6,7.0,113.0,0.514,0.243,0.243,0.037000000000000005,0.375,0.384,0.24100000000000002,0.11599999999999999,0.5710000000000001,0.313,0.111,6.03,4.48,0.317,0.617,0.434,0.6729999999999999,0.9,0.7979999999999999,0.389,0.49,0.087,0.161,0.249,0.606,0.79,0.339,113,114,1.47,-0.1,-0.8,-1.1,($0.9),2022
Andrew Kittredge,TBR,3,1,5,17,0,20.0,15,7,7,4,2,14,3.15,0.85,6.3,0.9,0.187,0.027000000000000003,0.16,4.61,3.79,3.51,0.40299999999999997,,,89.1,,,96.5,0.085,0.35600000000000004,88.4,11.6,107.5,0.45799999999999996,0.40700000000000003,0.136,0.125,0.45799999999999996,0.424,0.11900000000000001,0.18600000000000003,0.542,0.271,0.16699999999999998,2.95,3.79,0.483,0.705,0.5670000000000001,0.629,0.919,0.765,0.37799999999999995,0.7070000000000001,0.133,0.133,0.266,0.877,1.8,0.2,121,96,7.0,-0.1,0.4,-1.3,($1.1),2022
Ryan Pepiot,LAD,3,0,0,9,7,36.1,26,15,14,6,27,42,3.47,1.46,10.4,6.69,0.263,0.16899999999999998,0.094,5.42,5.31,4.96,0.182,0.256,,86.7,86.8,,93.9,0.102,0.409,89.0,24.3,112.4,0.264,0.575,0.161,0.1,0.307,0.39799999999999996,0.295,0.205,0.489,0.307,0.12,4.32,5.31,0.295,0.63,0.42100000000000004,0.6759999999999999,0.7929999999999999,0.742,0.374,0.625,0.109,0.16699999999999998,0.275,0.861,1.49,0.244,133,133,1.56,-0.1,0.6,-0.9,($0.7),2022
Trevor Gott,MIL,3,4,0,45,0,45.2,35,25,21,8,12,44,4.14,1.03,8.67,2.36,0.237,0.065,0.172,4.45,3.82,3.34,,0.009000000000000001,,,90.1,,95.3,0.079,0.315,86.7,13.3,111.8,0.43700000000000006,0.405,0.159,0.098,0.331,0.34600000000000003,0.32299999999999995,0.165,0.583,0.252,0.157,2.94,3.82,0.34299999999999997,0.647,0.46399999999999997,0.6940000000000001,0.8370000000000001,0.773,0.39799999999999996,0.57,0.105,0.177,0.28300000000000003,0.644,1.58,0.227,110,96,3.67,-0.1,-0.2,-1.2,($1.0),2022
Andrew Wantz,LAA,2,1,0,42,1,50.1,37,19,18,8,21,52,3.22,1.15,9.3,3.75,0.255,0.10300000000000001,0.152,4.48,4.39,3.79,0.285,0.055,,81.4,87.0,,93.8,0.109,0.349,87.8,21.7,112.8,0.297,0.523,0.18,0.09,0.37200000000000005,0.302,0.326,0.17800000000000002,0.504,0.318,0.11900000000000001,3.89,4.39,0.306,0.72,0.469,0.513,0.856,0.721,0.395,0.5589999999999999,0.131,0.156,0.28800000000000003,0.84,1.43,0.24,111,111,2.48,-0.1,0.7,-0.5,($0.4),2022
Albert Abreu,- - -,2,2,0,33,0,38.2,35,15,14,5,22,38,3.26,1.47,8.84,5.12,0.221,0.128,0.09300000000000001,4.77,4.31,4.16,0.293,0.1,,88.7,88.1,,98.2,0.055,0.358,87.6,2.9,111.6,0.519,0.29600000000000004,0.185,0.094,0.321,0.376,0.303,0.22899999999999998,0.541,0.22899999999999998,0.156,4.42,4.31,0.282,0.644,0.41700000000000004,0.632,0.847,0.7559999999999999,0.373,0.564,0.102,0.175,0.27699999999999997,0.8490000000000001,1.16,0.288,119,109,1.73,-0.1,0.3,-1.4,($1.0),2022
Andres Machado,WSN,2,0,0,51,0,59.1,55,32,22,7,26,46,3.34,1.37,6.98,3.94,0.17600000000000002,0.1,0.077,4.51,4.55,4.42,0.2,0.155,,87.1,88.9,,95.7,0.086,0.428,89.5,9.9,115.8,0.433,0.337,0.23,0.048,0.374,0.353,0.273,0.134,0.529,0.337,0.111,5.32,4.55,0.353,0.6990000000000001,0.49200000000000005,0.657,0.868,0.778,0.40299999999999997,0.609,0.109,0.151,0.261,0.6970000000000001,1.06,0.267,112,114,1.77,-0.1,-0.1,-1.4,($1.2),2022
Bryan Garcia,DET,2,0,0,4,4,20.1,14,8,8,3,10,17,3.54,1.18,7.52,4.43,0.20199999999999999,0.11900000000000001,0.083,5.28,4.96,4.8,0.237,0.271,,85.6,85.8,,93.1,0.13,0.37,88.8,15.3,110.1,0.40700000000000003,0.40700000000000003,0.185,0.045,0.444,0.37,0.185,0.14800000000000002,0.593,0.259,0.136,5.33,4.96,0.22899999999999998,0.725,0.445,0.561,0.83,0.752,0.435,0.56,0.11,0.16699999999999998,0.278,0.833,1.33,0.216,136,126,1.7,-0.1,0.4,-0.7,($0.6),2022
Jackson Tetreault,WSN,2,2,0,4,4,21.0,23,15,12,4,10,9,5.14,1.57,3.86,4.29,0.094,0.10400000000000001,-0.01,6.16,5.8,6.03,0.315,0.027000000000000003,,86.6,86.1,,94.5,0.091,0.5710000000000001,92.8,13.9,109.8,0.40299999999999997,0.39,0.20800000000000002,0.133,0.364,0.325,0.312,0.091,0.506,0.40299999999999997,0.133,7.39,5.8,0.267,0.701,0.43799999999999994,0.7120000000000001,0.8909999999999999,0.825,0.395,0.604,0.077,0.145,0.222,0.657,1.71,0.26,153,145,0.9,-0.1,-0.2,-1.4,($1.1),2022
Alex Colome,COL,2,7,4,53,0,47.0,57,36,30,5,22,32,5.74,1.68,6.13,4.21,0.149,0.102,0.047,4.54,4.54,4.46,,,,,,,94.5,0.099,0.466,90.1,1.1,115.2,0.556,0.275,0.16899999999999998,0.023,0.513,0.3,0.188,0.15,0.45,0.4,0.114,5.74,4.54,0.298,0.73,0.46,0.667,0.9129999999999999,0.813,0.374,0.53,0.086,0.136,0.222,0.597,0.96,0.333,108,114,1.45,-0.1,-0.8,-0.9,($0.8),2022
Josh Fleming,TBR,2,5,0,10,3,35.0,54,36,25,5,12,29,6.43,1.89,7.46,3.09,0.172,0.071,0.10099999999999999,4.43,3.58,3.41,,0.19,,,82.2,,92.6,0.079,0.433,90.4,-3.6,114.0,0.638,0.18899999999999997,0.17300000000000001,0.042,0.39399999999999996,0.34600000000000003,0.26,0.157,0.512,0.331,0.20800000000000002,4.39,3.58,0.376,0.6970000000000001,0.486,0.675,0.893,0.7829999999999999,0.344,0.657,0.106,0.168,0.273,0.517,1.29,0.402,116,91,2.42,-0.1,-1.6,-0.9,($0.7),2022
Stephen Nogosek,NYM,1,1,0,12,0,22.0,20,10,6,4,7,21,2.45,1.23,8.59,2.86,0.221,0.07400000000000001,0.147,4.66,4.51,3.8,0.162,0.08800000000000001,,81.6,87.4,,95.0,0.076,0.379,89.5,19.4,112.1,0.33299999999999996,0.5,0.16699999999999998,0.091,0.364,0.379,0.258,0.182,0.591,0.22699999999999998,0.121,3.89,4.51,0.312,0.743,0.508,0.7190000000000001,0.866,0.8170000000000001,0.455,0.621,0.09300000000000001,0.141,0.233,0.804,1.64,0.258,117,113,3.0,-0.1,0.1,-0.7,($0.6),2022
Jarlin Garcia,SFG,1,4,1,58,0,65.0,60,34,27,10,18,56,3.74,1.2,7.75,2.49,0.207,0.067,0.141,4.27,4.25,3.78,0.284,0.28800000000000003,,82.7,85.3,,93.7,0.10800000000000001,0.415,88.8,16.7,111.9,0.391,0.45299999999999996,0.156,0.092,0.446,0.282,0.272,0.179,0.518,0.303,0.115,4.29,4.25,0.309,0.6970000000000001,0.48,0.653,0.833,0.768,0.439,0.6,0.111,0.16699999999999998,0.27899999999999997,0.6920000000000001,1.38,0.27,111,106,3.11,-0.1,-0.1,-0.8,($0.7),2022
Jose Ruiz,CHW,1,0,0,63,0,60.2,53,32,31,9,33,68,4.6,1.42,10.09,4.9,0.257,0.125,0.132,4.43,4.14,3.87,,0.22699999999999998,,,89.9,,97.0,0.085,0.47,89.1,12.8,111.0,0.42100000000000004,0.409,0.171,0.06,0.366,0.402,0.23199999999999998,0.165,0.518,0.317,0.134,4.32,4.14,0.289,0.718,0.44799999999999995,0.5670000000000001,0.845,0.731,0.37,0.562,0.12,0.147,0.267,0.736,1.34,0.284,109,105,2.06,-0.1,-0.2,-1.4,($1.2),2022
Cole Sulser,MIA,1,4,2,39,0,34.0,39,23,20,6,16,38,5.29,1.62,10.06,4.24,0.255,0.107,0.14800000000000002,4.58,3.73,3.65,0.10300000000000001,0.38799999999999996,,84.0,83.3,,91.8,0.084,0.43200000000000005,90.2,14.0,113.4,0.402,0.359,0.239,0.121,0.43200000000000005,0.379,0.18899999999999997,0.126,0.45299999999999996,0.42100000000000004,0.182,4.98,3.73,0.359,0.7240000000000001,0.496,0.5760000000000001,0.857,0.73,0.375,0.638,0.134,0.152,0.28600000000000003,0.687,1.59,0.371,115,93,2.38,-0.1,-0.5,-1.1,($0.9),2022
Yunior Marte,SFG,1,1,0,39,0,48.0,47,32,29,5,22,44,5.44,1.44,8.25,4.13,0.20600000000000002,0.10300000000000001,0.10300000000000001,4.38,4.32,4.01,0.38,,,86.0,,,97.7,0.035,0.373,86.8,9.5,109.7,0.486,0.29600000000000004,0.218,0.11900000000000001,0.423,0.35200000000000004,0.225,0.204,0.5920000000000001,0.204,0.11900000000000001,3.82,4.32,0.34700000000000003,0.675,0.47700000000000004,0.65,0.8640000000000001,0.77,0.395,0.612,0.11,0.153,0.263,0.632,0.94,0.307,114,108,2.0,-0.1,-0.6,-1.1,($0.9),2022
Kaleb Ort,BOS,1,2,1,25,0,28.1,35,23,20,4,15,27,6.35,1.76,8.58,4.76,0.201,0.11199999999999999,0.09,4.84,5.15,4.49,0.33299999999999996,0.068,,86.0,89.8,,96.3,0.08900000000000001,0.478,91.6,20.5,113.6,0.307,0.466,0.22699999999999998,0.146,0.36700000000000005,0.278,0.35600000000000004,0.16699999999999998,0.511,0.322,0.098,5.34,5.15,0.305,0.727,0.48100000000000004,0.66,0.813,0.7559999999999999,0.41700000000000004,0.604,0.11699999999999999,0.163,0.28,0.625,1.27,0.36,122,131,1.8,-0.1,-0.8,-1.3,($1.1),2022
Jake McGee,- - -,1,3,3,42,0,37.0,41,29,28,6,12,25,6.81,1.43,6.08,2.92,0.153,0.07400000000000001,0.08,4.84,5.53,4.98,0.172,,,85.3,,,94.3,0.11900000000000001,0.42100000000000004,90.2,22.6,111.5,0.272,0.56,0.168,0.114,0.302,0.373,0.325,0.20600000000000002,0.413,0.381,0.086,5.14,5.53,0.3,0.78,0.526,0.78,0.861,0.8370000000000001,0.47100000000000003,0.589,0.086,0.13699999999999998,0.223,0.5379999999999999,1.46,0.292,123,138,2.08,-0.1,-1.1,-1.3,($1.0),2022
Phil Maton,HOU,0,2,0,67,0,65.2,58,34,28,10,24,73,3.84,1.25,10.01,3.29,0.26,0.085,0.174,4.33,3.82,3.33,0.18899999999999997,,,81.0,,,91.1,0.063,0.295,85.1,14.2,110.2,0.382,0.376,0.243,0.12300000000000001,0.426,0.35200000000000004,0.222,0.205,0.545,0.25,0.154,4.29,3.82,0.335,0.703,0.48200000000000004,0.5710000000000001,0.82,0.716,0.39899999999999997,0.5870000000000001,0.13699999999999998,0.163,0.299,0.737,1.37,0.289,111,97,3.04,-0.1,-0.2,-0.8,($0.7),2022
Cody Poteet,MIA,0,1,0,12,2,28.0,23,12,12,4,11,21,3.86,1.21,6.75,3.54,0.184,0.096,0.08800000000000001,4.65,4.11,4.22,0.217,0.384,,85.8,87.8,,95.0,0.061,0.415,91.3,6.9,110.2,0.512,0.305,0.183,0.0,0.512,0.305,0.183,0.098,0.585,0.317,0.16,4.73,4.11,0.335,0.723,0.5,0.593,0.797,0.7190000000000001,0.426,0.588,0.141,0.134,0.275,0.775,1.29,0.244,116,103,1.91,-0.1,0.3,-0.7,($0.6),2022
Trent Thornton,TOR,0,2,0,32,0,46.0,40,21,21,7,17,37,4.11,1.24,7.24,3.33,0.196,0.09,0.106,4.66,4.48,4.2,0.386,,,82.2,,,93.8,0.067,0.44799999999999995,90.1,19.2,109.7,0.34299999999999997,0.418,0.239,0.196,0.425,0.35100000000000003,0.22399999999999998,0.157,0.44799999999999995,0.396,0.125,5.18,4.48,0.292,0.632,0.45299999999999996,0.627,0.905,0.8109999999999999,0.474,0.667,0.086,0.2,0.28600000000000003,0.768,1.37,0.26,118,114,2.18,-0.1,0.1,-1.0,($0.9),2022
Ross Detwiler,CIN,0,2,1,30,0,26.1,31,13,13,5,10,28,4.44,1.56,9.57,3.42,0.23,0.08199999999999999,0.14800000000000002,4.94,3.93,3.6,0.435,0.027999999999999997,,86.1,87.0,,92.5,0.086,0.40700000000000003,89.9,13.4,110.1,0.38299999999999995,0.321,0.29600000000000004,0.115,0.494,0.309,0.198,0.14800000000000002,0.531,0.321,0.192,5.42,3.93,0.302,0.685,0.478,0.727,0.858,0.813,0.45899999999999996,0.59,0.08900000000000001,0.17800000000000002,0.268,0.838,1.71,0.342,116,98,2.8,-0.1,0.1,-0.8,($0.7),2022
Corbin Martin,ARI,0,1,0,7,2,22.1,25,14,12,3,12,21,4.84,1.66,8.46,4.84,0.20800000000000002,0.11900000000000001,0.08900000000000001,4.59,4.7,4.59,0.114,0.166,,88.9,87.8,,94.0,0.10300000000000001,0.529,91.8,10.9,115.9,0.299,0.418,0.284,0.0,0.221,0.456,0.324,0.132,0.382,0.485,0.107,6.74,4.7,0.27899999999999997,0.713,0.44799999999999995,0.603,0.857,0.76,0.389,0.594,0.107,0.142,0.249,0.701,1.21,0.338,119,117,1.75,-0.1,-0.1,-1.7,($1.0),2022
Eric Stout,- - -,0,0,1,20,0,22.1,25,15,14,2,16,25,5.64,1.84,10.07,6.45,0.22699999999999998,0.145,0.08199999999999999,4.59,5.48,4.58,0.473,0.122,,80.1,87.5,,92.2,0.091,0.364,90.6,21.6,112.1,0.348,0.47,0.182,0.161,0.364,0.33299999999999996,0.303,0.152,0.47,0.379,0.065,4.37,5.48,0.262,0.649,0.409,0.63,0.865,0.772,0.38,0.655,0.09300000000000001,0.196,0.289,0.7040000000000001,0.81,0.359,115,137,1.56,-0.1,-0.3,-0.5,($0.4),2022
Chi Chi Gonzalez,- - -,0,1,0,7,5,23.0,28,15,15,5,7,15,5.87,1.52,5.87,2.74,0.152,0.071,0.081,5.55,4.65,4.75,0.316,0.152,,83.5,85.6,,92.6,0.091,0.40299999999999997,88.7,12.6,114.4,0.41600000000000004,0.39,0.195,0.067,0.455,0.26,0.28600000000000003,0.156,0.494,0.35100000000000003,0.16699999999999998,5.65,4.65,0.271,0.6729999999999999,0.444,0.81,0.872,0.85,0.431,0.677,0.066,0.19899999999999998,0.266,0.7140000000000001,1.96,0.319,138,117,2.14,-0.1,-0.1,-1.5,($1.1),2022
Cole Sands,MIN,0,3,1,11,3,30.2,35,21,20,4,13,28,5.87,1.57,8.22,3.82,0.193,0.09,0.10300000000000001,4.74,5.03,4.29,0.075,0.023,,84.3,85.5,,91.7,0.071,0.39399999999999996,89.3,14.1,111.8,0.444,0.414,0.141,0.122,0.455,0.32299999999999995,0.222,0.182,0.495,0.32299999999999995,0.098,4.42,5.03,0.303,0.695,0.46299999999999997,0.657,0.871,0.789,0.408,0.5660000000000001,0.098,0.158,0.255,0.675,1.17,0.326,121,128,2.15,-0.1,-0.4,-0.9,($0.6),2022
Max Castillo,- - -,0,2,0,14,6,39.1,38,28,26,8,15,37,5.95,1.35,8.47,3.43,0.218,0.08800000000000001,0.129,5.17,4.07,4.01,0.188,0.32899999999999996,,83.5,87.5,,93.0,0.10300000000000001,0.457,90.7,11.5,111.3,0.469,0.363,0.168,0.073,0.491,0.336,0.172,0.121,0.56,0.319,0.195,4.73,4.07,0.315,0.706,0.46299999999999997,0.684,0.872,0.7929999999999999,0.38,0.606,0.096,0.154,0.25,0.616,1.83,0.278,130,103,2.47,-0.1,-0.3,-0.6,($0.5),2022
Carlos Hernandez,KCR,0,5,0,27,7,56.0,72,48,46,7,31,35,7.39,1.84,5.63,4.98,0.132,0.11699999999999999,0.015,5.2,5.72,5.54,0.171,,,85.9,,,97.0,0.08,0.382,88.7,14.5,110.9,0.381,0.41100000000000003,0.20800000000000002,0.136,0.36700000000000005,0.337,0.29600000000000004,0.161,0.5529999999999999,0.28600000000000003,0.086,5.26,5.72,0.31,0.726,0.47200000000000003,0.677,0.8370000000000001,0.773,0.391,0.579,0.107,0.138,0.245,0.594,1.13,0.339,132,146,1.13,-0.1,-1.3,-1.3,($1.0),2022
Chase De Jong,PIT,6,3,1,42,0,71.2,52,24,21,10,30,59,2.64,1.14,7.41,3.77,0.201,0.102,0.099,4.74,4.96,4.38,0.292,0.01,,83.6,86.5,,93.0,0.085,0.392,88.4,20.3,111.3,0.335,0.49700000000000005,0.168,0.14300000000000002,0.419,0.354,0.22699999999999998,0.20199999999999999,0.53,0.268,0.102,3.89,4.96,0.287,0.688,0.445,0.593,0.871,0.763,0.395,0.597,0.106,0.16399999999999998,0.26899999999999996,0.863,1.26,0.222,118,124,1.97,-0.2,1.3,-2.3,($1.9),2022
Brent Suter,MIL,5,3,0,54,0,66.2,58,32,28,9,22,53,3.78,1.2,7.16,2.97,0.195,0.081,0.114,4.4,4.18,3.96,0.046,0.25,,79.1,77.2,,86.5,0.057,0.304,85.7,12.9,113.9,0.45,0.361,0.188,0.057999999999999996,0.41200000000000003,0.361,0.22699999999999998,0.21600000000000003,0.515,0.268,0.13,3.74,4.18,0.326,0.7020000000000001,0.469,0.667,0.807,0.747,0.38,0.629,0.11900000000000001,0.158,0.27699999999999997,0.7240000000000001,1.22,0.265,109,105,2.41,-0.2,0.2,-1.7,($1.4),2022
Tyler Matzek,ATL,4,2,1,42,0,43.2,26,21,17,3,29,36,3.5,1.26,7.42,5.98,0.196,0.158,0.038,4.49,5.59,5.23,0.22899999999999998,,,83.2,,,94.1,0.077,0.385,88.9,20.5,113.0,0.33,0.513,0.157,0.085,0.35,0.41,0.239,0.145,0.598,0.256,0.051,4.24,5.59,0.308,0.759,0.484,0.657,0.8340000000000001,0.765,0.39,0.565,0.114,0.129,0.243,0.682,0.62,0.202,115,140,1.24,-0.2,0.2,-1.5,($1.3),2022
Colin Poche,TBR,4,2,7,65,0,58.2,46,30,26,11,22,64,3.99,1.16,9.82,3.38,0.261,0.09,0.171,4.54,4.05,3.49,0.225,,,79.0,,,93.5,0.08900000000000001,0.31,86.0,22.3,110.8,0.318,0.49,0.191,0.16899999999999998,0.41100000000000003,0.31,0.278,0.247,0.494,0.259,0.14300000000000002,3.52,4.05,0.359,0.73,0.512,0.6829999999999999,0.799,0.752,0.414,0.555,0.127,0.139,0.266,0.728,1.69,0.238,119,103,2.91,-0.2,-0.2,-1.9,($1.6),2022
Anibal Sanchez,WSN,4,6,0,14,14,69.1,55,34,33,13,33,48,4.28,1.27,6.23,4.28,0.16399999999999998,0.113,0.051,5.77,5.27,5.26,0.048,0.256,,82.4,79.9,,89.4,0.077,0.37200000000000005,88.5,18.8,111.0,0.379,0.44799999999999995,0.172,0.14300000000000002,0.42,0.309,0.271,0.145,0.507,0.348,0.14300000000000002,4.64,5.27,0.285,0.711,0.446,0.731,0.885,0.823,0.377,0.5720000000000001,0.079,0.147,0.226,0.7859999999999999,1.69,0.216,143,132,1.45,-0.2,0.9,-2.5,($2.0),2022
Aroldis Chapman,NYY,4,4,9,43,0,36.1,24,18,18,4,28,43,4.46,1.43,10.65,6.94,0.26899999999999996,0.175,0.094,4.57,4.77,4.53,0.24600000000000002,,,85.8,,,97.5,0.068,0.341,87.5,16.6,109.2,0.35600000000000004,0.46,0.184,0.1,0.46,0.31,0.23,0.207,0.529,0.264,0.1,4.47,4.77,0.257,0.664,0.41200000000000003,0.611,0.7440000000000001,0.693,0.381,0.55,0.127,0.183,0.309,0.738,0.99,0.238,113,121,1.54,-0.2,-0.1,-1.8,($1.5),2022
Yohan Ramirez,- - -,4,1,1,30,0,37.1,32,19,19,4,20,32,4.58,1.39,7.71,4.82,0.192,0.12,0.07200000000000001,4.88,4.72,4.41,0.32299999999999995,,,82.7,,,94.5,0.073,0.385,87.8,8.8,113.6,0.495,0.295,0.21,0.19399999999999998,0.349,0.40399999999999997,0.248,0.193,0.523,0.284,0.129,4.7,4.72,0.264,0.644,0.426,0.638,0.882,0.795,0.426,0.569,0.087,0.19,0.27699999999999997,0.7440000000000001,0.96,0.267,125,119,1.6,-0.2,0.0,-2.1,($1.7),2022
Jhoulys Chacin,COL,4,2,0,35,0,47.1,55,44,40,7,21,37,7.61,1.61,7.04,3.99,0.16899999999999998,0.096,0.073,4.93,4.88,4.54,0.251,0.024,,79.9,85.5,,92.8,0.08199999999999999,0.415,89.7,12.0,112.3,0.392,0.38,0.228,0.033,0.44,0.384,0.17600000000000002,0.151,0.535,0.314,0.11699999999999999,4.76,4.88,0.289,0.6920000000000001,0.455,0.7140000000000001,0.871,0.813,0.413,0.575,0.085,0.17,0.256,0.499,1.33,0.316,117,122,1.76,-0.2,-1.3,-2.4,($1.9),2022
Luis Perdomo,MIL,3,0,0,14,0,23.2,24,10,10,4,3,12,3.8,1.14,4.56,1.14,0.125,0.031,0.094,4.8,3.79,3.4,0.27699999999999997,0.161,,85.3,87.5,,,0.08800000000000001,0.513,89.5,2.2,112.1,0.625,0.23800000000000002,0.138,0.105,0.494,0.392,0.114,0.177,0.506,0.316,0.21100000000000002,4.9,3.79,0.35700000000000004,0.737,0.509,0.672,0.833,0.7659999999999999,0.4,0.625,0.11900000000000001,0.161,0.281,0.804,1.52,0.263,119,95,4.0,-0.2,0.2,-1.5,($1.2),2022
Garrett Hill,DET,3,3,0,17,8,60.1,53,29,27,8,29,40,4.03,1.36,5.97,4.33,0.152,0.11,0.042,5.15,5.56,5.31,0.18600000000000003,0.11599999999999999,,82.6,82.3,,92.2,0.095,0.395,88.8,18.7,113.5,0.365,0.46,0.175,0.08,0.379,0.34700000000000003,0.27399999999999997,0.168,0.5579999999999999,0.27399999999999997,0.092,5.73,5.56,0.299,0.7,0.45899999999999996,0.727,0.888,0.825,0.39899999999999997,0.608,0.08,0.16399999999999998,0.244,0.762,1.19,0.247,133,142,1.38,-0.2,0.5,-1.9,($1.6),2022
Anthony Gose,CLE,3,0,0,22,0,21.0,15,13,11,4,14,28,4.71,1.38,12.0,6.0,0.304,0.152,0.152,5.06,4.35,3.84,0.35,,,86.1,,,97.3,0.22399999999999998,0.49,92.9,23.4,109.3,0.265,0.51,0.22399999999999998,0.16,0.38799999999999996,0.429,0.184,0.122,0.49,0.38799999999999996,0.16,5.04,4.35,0.289,0.665,0.445,0.47,0.785,0.665,0.414,0.609,0.149,0.152,0.301,0.6970000000000001,1.71,0.244,131,110,2.0,-0.2,-0.3,-1.6,($1.4),2022
Bryse Wilson,PIT,3,9,0,25,20,115.2,132,80,71,20,32,79,5.52,1.42,6.15,2.49,0.155,0.063,0.092,5.06,4.54,4.53,0.158,0.145,,83.5,85.0,,92.9,0.077,0.43700000000000006,90.8,11.4,111.3,0.433,0.35,0.218,0.067,0.46399999999999997,0.309,0.22699999999999998,0.11599999999999999,0.49200000000000005,0.392,0.14800000000000002,5.52,4.54,0.29600000000000004,0.706,0.47700000000000004,0.725,0.9,0.8390000000000001,0.441,0.599,0.077,0.168,0.245,0.6409999999999999,1.56,0.304,126,113,2.47,-0.2,-0.9,-1.5,($1.2),2022
Matt Festa,SEA,2,0,2,53,0,54.0,43,26,25,10,18,64,4.17,1.13,10.67,3.0,0.292,0.08199999999999999,0.21,4.26,3.47,2.97,0.565,,,82.9,,,92.6,0.07400000000000001,0.311,87.2,17.3,112.6,0.386,0.447,0.16699999999999998,0.085,0.4,0.289,0.311,0.14800000000000002,0.578,0.27399999999999997,0.16899999999999998,3.71,3.47,0.364,0.6779999999999999,0.494,0.557,0.8370000000000001,0.716,0.41200000000000003,0.603,0.14,0.16899999999999998,0.31,0.755,1.67,0.264,112,88,3.56,-0.2,-0.1,-1.6,($1.3),2022
Erich Uelmen,CHC,2,1,1,25,0,27.0,25,15,14,3,12,21,4.67,1.37,7.0,4.0,0.172,0.098,0.07400000000000001,5.0,5.2,4.45,0.285,0.09300000000000001,,83.1,87.0,,93.8,0.084,0.39799999999999996,89.0,6.8,108.8,0.47600000000000003,0.366,0.159,0.1,0.337,0.349,0.313,0.16899999999999998,0.578,0.253,0.1,4.06,5.2,0.284,0.659,0.419,0.583,0.873,0.747,0.361,0.607,0.106,0.166,0.272,0.722,1.0,0.275,128,130,1.75,-0.2,-0.1,-2.4,($2.0),2022
Art Warren,CIN,2,3,3,39,0,36.0,37,29,26,6,22,40,6.5,1.64,10.0,5.5,0.242,0.133,0.109,5.06,4.58,4.17,0.583,,,85.5,,,93.6,0.11900000000000001,0.406,90.3,17.3,111.7,0.376,0.406,0.218,0.049,0.307,0.366,0.327,0.158,0.505,0.337,0.146,4.81,4.58,0.275,0.68,0.441,0.5379999999999999,0.836,0.727,0.41100000000000003,0.588,0.121,0.17300000000000001,0.293,0.608,1.5,0.326,119,114,1.82,-0.2,-0.9,-2.3,($1.9),2022
Oliver Ortega,LAA,1,3,1,27,0,34.0,32,18,14,5,18,33,3.71,1.47,8.74,4.76,0.223,0.122,0.10099999999999999,4.76,3.94,4.03,,,,,,,96.2,0.073,0.43799999999999994,90.4,9.3,110.8,0.495,0.263,0.242,0.08,0.469,0.32299999999999995,0.20800000000000002,0.135,0.531,0.33299999999999996,0.2,5.04,3.94,0.354,0.741,0.504,0.602,0.914,0.78,0.38799999999999996,0.574,0.111,0.131,0.242,0.75,1.32,0.297,118,100,1.83,-0.2,-0.1,-1.8,($1.5),2022
Jared Koenig,OAK,1,3,0,10,5,39.1,40,25,25,4,15,22,5.72,1.4,5.03,3.43,0.124,0.085,0.04,4.84,5.18,5.02,0.153,0.129,,82.9,82.8,,89.3,0.052000000000000005,0.43700000000000006,90.4,12.3,109.3,0.485,0.32799999999999996,0.187,0.114,0.43700000000000006,0.33299999999999996,0.23,0.126,0.511,0.363,0.091,5.16,5.18,0.264,0.708,0.446,0.725,0.9259999999999999,0.856,0.409,0.565,0.064,0.172,0.23600000000000002,0.643,0.92,0.275,128,132,1.47,-0.2,-0.4,-2.0,($1.4),2022
Chase Silseth,LAA,1,3,0,7,7,28.2,33,21,21,7,12,24,6.59,1.57,7.53,3.77,0.18600000000000003,0.09300000000000001,0.09300000000000001,5.97,4.24,4.5,0.212,,,83.9,,,95.6,0.109,0.511,90.9,7.5,113.5,0.462,0.308,0.231,0.036000000000000004,0.402,0.348,0.25,0.109,0.5329999999999999,0.359,0.25,6.61,4.24,0.32799999999999996,0.61,0.44299999999999995,0.588,0.888,0.757,0.409,0.643,0.10800000000000001,0.17600000000000002,0.28300000000000003,0.691,2.2,0.306,148,108,2.0,-0.2,-0.3,-2.5,($2.0),2022
Will Smith,- - -,0,3,5,65,0,59.0,58,35,26,9,25,65,3.97,1.41,9.92,3.81,0.249,0.096,0.153,4.26,4.14,3.64,0.483,0.009000000000000001,,81.7,86.8,,92.1,0.059000000000000004,0.414,88.9,17.5,112.8,0.35200000000000004,0.44799999999999995,0.2,0.095,0.402,0.331,0.266,0.136,0.521,0.34299999999999997,0.122,3.56,4.14,0.391,0.675,0.505,0.515,0.868,0.7040000000000001,0.4,0.6629999999999999,0.149,0.157,0.307,0.691,1.37,0.306,109,104,2.6,-0.2,-0.6,-1.7,($1.3),2022
Paolo Espino,WSN,0,9,0,42,19,113.1,131,64,61,24,24,92,4.84,1.37,7.31,1.91,0.18899999999999997,0.049,0.14,4.93,4.14,4.05,0.214,0.047,,77.8,83.7,,88.5,0.079,0.41200000000000003,89.3,14.4,113.5,0.391,0.413,0.196,0.047,0.447,0.317,0.23600000000000002,0.138,0.504,0.358,0.16,4.77,4.14,0.293,0.662,0.449,0.6679999999999999,0.8759999999999999,0.7979999999999999,0.423,0.5870000000000001,0.091,0.19399999999999998,0.285,0.754,1.91,0.31,122,104,3.83,-0.2,0.0,-2.0,($1.4),2022
Louis Head,- - -,0,0,1,28,0,28.2,32,20,20,4,15,26,6.28,1.64,8.16,4.71,0.188,0.109,0.08,5.21,5.56,4.64,0.555,0.046,,82.6,88.7,,93.6,0.054000000000000006,0.424,91.0,18.2,113.8,0.289,0.467,0.244,0.095,0.484,0.308,0.209,0.132,0.484,0.385,0.095,4.63,5.56,0.302,0.71,0.467,0.622,0.898,0.792,0.405,0.536,0.09699999999999999,0.141,0.23800000000000002,0.69,1.26,0.318,130,139,1.73,-0.2,-0.4,-2.2,($1.8),2022
Joey Krehbiel,BAL,5,5,1,56,0,57.2,53,28,25,9,18,45,3.9,1.23,7.02,2.81,0.184,0.07400000000000001,0.111,4.67,4.34,4.04,0.287,0.33399999999999996,,86.3,84.4,,94.6,0.073,0.337,86.8,13.4,112.2,0.42100000000000004,0.371,0.20800000000000002,0.106,0.41,0.36,0.23,0.19699999999999998,0.534,0.27,0.136,4.06,4.34,0.31,0.705,0.46,0.745,0.828,0.7929999999999999,0.379,0.537,0.095,0.163,0.258,0.7490000000000001,1.4,0.26,120,110,2.5,-0.3,0.0,-3.1,($2.6),2022
Jharel Cotton,- - -,4,2,0,30,0,43.0,34,20,17,7,20,39,3.56,1.26,8.16,4.19,0.215,0.11,0.105,4.95,4.93,4.37,0.105,0.40399999999999997,,79.6,79.8,,92.7,0.075,0.308,88.6,23.9,111.8,0.294,0.513,0.193,0.131,0.408,0.3,0.292,0.125,0.608,0.267,0.115,3.84,4.93,0.33,0.736,0.502,0.667,0.831,0.769,0.424,0.58,0.11599999999999999,0.14300000000000002,0.259,0.779,1.47,0.239,127,125,1.95,-0.3,0.1,-2.9,($2.3),2022
Adrian Martinez,OAK,4,6,0,12,12,57.2,69,42,40,13,19,53,6.24,1.53,8.27,2.97,0.205,0.073,0.131,5.35,4.11,4.16,0.221,0.276,,82.1,84.1,,,0.10300000000000001,0.375,89.1,14.0,117.2,0.413,0.359,0.228,0.106,0.402,0.332,0.266,0.185,0.516,0.299,0.19699999999999998,5.39,4.11,0.308,0.705,0.475,0.6459999999999999,0.85,0.774,0.42100000000000004,0.595,0.107,0.163,0.27,0.6729999999999999,2.03,0.327,141,104,2.79,-0.3,-0.9,-2.7,($2.1),2022
Joe Barlow,TEX,3,1,13,35,0,35.0,27,18,15,5,13,28,3.86,1.14,7.2,3.34,0.192,0.08900000000000001,0.10300000000000001,4.83,4.87,4.24,0.601,,,87.4,,,94.7,0.109,0.426,91.4,15.2,110.1,0.37,0.45,0.18,0.044000000000000004,0.436,0.337,0.228,0.11900000000000001,0.5539999999999999,0.327,0.111,5.28,4.87,0.349,0.687,0.48700000000000004,0.588,0.84,0.733,0.41,0.63,0.13,0.157,0.287,0.703,1.29,0.229,121,124,2.15,-0.3,-0.1,-3.1,($2.6),2022
Zack Littell,SFG,3,3,1,39,0,44.1,48,25,25,8,13,39,5.08,1.38,7.92,2.64,0.205,0.068,0.13699999999999998,4.65,4.14,3.75,,,,,,,94.4,0.08,0.37200000000000005,88.0,13.7,110.1,0.434,0.40399999999999997,0.162,0.073,0.401,0.314,0.285,0.161,0.584,0.255,0.145,3.64,4.14,0.355,0.758,0.524,0.667,0.813,0.7559999999999999,0.42,0.6579999999999999,0.128,0.133,0.261,0.728,1.62,0.31,121,104,3.0,-0.3,-0.2,-2.5,($2.1),2022
Jacob Barnes,- - -,3,1,0,23,0,22.1,23,14,14,3,9,12,5.64,1.43,4.84,3.63,0.124,0.09300000000000001,0.031,5.26,5.04,4.83,0.09699999999999999,,,84.3,,,95.4,0.068,0.43200000000000005,90.0,6.6,108.0,0.507,0.315,0.17800000000000002,0.043,0.35100000000000003,0.405,0.243,0.122,0.595,0.284,0.13,4.76,5.04,0.341,0.735,0.485,0.718,0.897,0.8170000000000001,0.366,0.701,0.08900000000000001,0.133,0.222,0.6709999999999999,1.21,0.282,135,128,1.33,-0.3,-0.3,-2.7,($2.2),2022
Bennett Sousa,CHW,3,0,1,25,0,20.1,25,20,19,3,10,12,8.41,1.72,5.31,4.43,0.125,0.10400000000000001,0.021,5.47,5.38,5.04,0.573,,,87.3,,,94.3,0.068,0.43799999999999994,88.7,6.1,111.0,0.493,0.342,0.16399999999999998,0.08,0.43799999999999994,0.342,0.21899999999999997,0.17800000000000002,0.562,0.26,0.12,4.23,5.38,0.3,0.7609999999999999,0.496,0.698,0.797,0.762,0.425,0.594,0.11800000000000001,0.13699999999999998,0.255,0.503,1.33,0.314,135,137,1.2,-0.3,-1.1,-2.8,($2.3),2022
Brandon Hughes,CHC,2,3,8,57,0,57.2,42,22,20,11,21,68,3.12,1.09,10.61,3.28,0.285,0.08800000000000001,0.19699999999999998,4.64,3.78,3.14,0.456,0.011000000000000001,,82.9,85.3,,93.3,0.111,0.375,88.8,19.0,112.4,0.33799999999999997,0.444,0.218,0.111,0.396,0.326,0.278,0.16699999999999998,0.507,0.326,0.175,3.98,3.78,0.335,0.706,0.484,0.49700000000000005,0.826,0.69,0.402,0.669,0.15,0.156,0.306,0.877,1.72,0.233,119,95,3.24,-0.3,0.9,-3.2,($2.7),2022
Ralph Garza,TBR,2,2,0,19,0,35.0,38,14,13,4,16,17,3.34,1.54,4.37,4.11,0.111,0.105,0.006999999999999999,5.17,5.29,5.34,0.23,0.18100000000000002,,77.5,83.1,,91.2,0.068,0.381,87.3,10.5,109.3,0.41,0.325,0.265,0.184,0.466,0.322,0.212,0.16899999999999998,0.525,0.305,0.105,5.64,5.29,0.331,0.679,0.479,0.7140000000000001,0.899,0.825,0.424,0.6859999999999999,0.084,0.175,0.259,0.833,1.03,0.298,135,135,1.06,-0.3,0.3,-3.1,($2.6),2022
Jake Bird,COL,2,4,0,38,0,47.2,45,29,26,7,23,42,4.91,1.43,7.93,4.34,0.19899999999999998,0.109,0.09,4.96,4.11,3.97,,0.02,,,88.0,,,0.063,0.423,91.2,5.5,108.3,0.557,0.243,0.2,0.028999999999999998,0.43,0.35200000000000004,0.218,0.106,0.5,0.39399999999999996,0.20600000000000002,4.76,4.11,0.21100000000000002,0.6729999999999999,0.41200000000000003,0.551,0.9079999999999999,0.805,0.435,0.526,0.081,0.187,0.267,0.691,1.32,0.281,118,103,1.83,-0.3,-0.1,-2.9,($2.4),2022
Josh Rogers,WSN,2,2,0,16,3,26.1,24,15,15,6,11,12,5.13,1.33,4.1,3.76,0.106,0.09699999999999999,0.009000000000000001,6.42,5.93,5.82,0.35100000000000003,0.098,,80.9,84.7,,90.6,0.08900000000000001,0.389,88.6,21.6,110.9,0.348,0.494,0.157,0.136,0.389,0.322,0.289,0.2,0.5,0.3,0.136,4.99,5.93,0.294,0.73,0.475,0.833,0.898,0.8740000000000001,0.415,0.602,0.06,0.153,0.212,0.752,2.05,0.214,159,148,1.09,-0.3,0.0,-3.3,($2.7),2022
Tyler Beede,- - -,2,5,0,31,5,61.1,71,37,35,7,29,39,5.14,1.63,5.72,4.26,0.13699999999999998,0.102,0.035,4.99,5.12,4.94,0.152,0.265,,88.0,84.8,,95.9,0.052000000000000005,0.425,88.7,9.1,112.5,0.48100000000000004,0.319,0.2,0.134,0.41,0.373,0.217,0.146,0.542,0.311,0.10400000000000001,4.85,5.12,0.282,0.7040000000000001,0.441,0.67,0.895,0.805,0.37799999999999995,0.551,0.086,0.161,0.247,0.7140000000000001,1.03,0.312,125,128,1.34,-0.3,-0.3,-2.6,($2.1),2022
J.B. Wendelken,ARI,2,1,0,29,0,29.0,25,18,17,4,14,21,5.28,1.34,6.52,4.34,0.172,0.115,0.057,5.01,4.54,4.63,0.225,0.162,,85.9,85.6,,94.8,0.07,0.326,87.9,13.4,112.1,0.442,0.302,0.256,0.077,0.267,0.419,0.314,0.14,0.523,0.337,0.154,6.33,4.54,0.28800000000000003,0.696,0.461,0.753,0.826,0.8,0.424,0.508,0.092,0.13699999999999998,0.23,0.64,1.24,0.256,129,114,1.5,-0.3,-0.3,-2.9,($2.4),2022
Jason Alexander,MIL,2,3,0,18,11,71.2,88,47,43,12,28,46,5.4,1.62,5.78,3.52,0.14300000000000002,0.087,0.055999999999999994,5.34,4.53,4.72,0.231,0.158,,81.2,81.5,,93.1,0.08199999999999999,0.44,90.1,4.8,115.4,0.506,0.276,0.218,0.061,0.43200000000000005,0.325,0.243,0.18100000000000002,0.473,0.34600000000000003,0.182,5.49,4.53,0.312,0.615,0.429,0.743,0.909,0.835,0.387,0.642,0.071,0.18899999999999997,0.259,0.7070000000000001,1.51,0.329,132,113,1.64,-0.3,-0.3,-3.0,($2.4),2022
Calvin Faucher,TBR,2,3,1,22,0,21.1,26,16,13,4,10,21,5.48,1.69,8.86,4.22,0.20800000000000002,0.099,0.109,5.13,4.36,4.07,0.44799999999999995,,,88.0,,,95.5,0.13,0.435,90.7,12.3,109.8,0.406,0.348,0.24600000000000002,0.083,0.377,0.406,0.217,0.13,0.478,0.391,0.16699999999999998,6.02,4.36,0.28800000000000003,0.614,0.42,0.622,0.852,0.758,0.406,0.505,0.102,0.18,0.282,0.669,1.69,0.338,134,111,2.1,-0.3,-0.6,-2.4,($2.0),2022
Jeurys Familia,- - -,2,3,0,48,0,44.1,58,34,30,7,22,41,6.09,1.8,8.32,4.47,0.201,0.10800000000000001,0.09300000000000001,4.94,4.29,4.15,0.14800000000000002,,,88.7,,,95.6,0.10099999999999999,0.46799999999999997,90.8,7.5,112.4,0.478,0.304,0.217,0.048,0.446,0.381,0.17300000000000001,0.13699999999999998,0.504,0.36,0.16699999999999998,4.87,4.29,0.299,0.629,0.42700000000000005,0.597,0.86,0.748,0.389,0.51,0.10800000000000001,0.171,0.27899999999999997,0.665,1.42,0.386,122,108,1.86,-0.3,-1.0,-3.1,($2.6),2022
Tucker Davidson,- - -,2,7,0,12,11,52.0,54,39,39,7,35,33,6.75,1.71,5.71,6.06,0.136,0.14400000000000002,-0.008,5.79,5.83,5.95,0.441,0.045,,86.7,85.5,,93.1,0.052000000000000005,0.395,89.6,10.8,114.4,0.441,0.371,0.188,0.048,0.401,0.331,0.267,0.128,0.599,0.273,0.111,4.83,5.83,0.285,0.6729999999999999,0.447,0.583,0.907,0.787,0.419,0.535,0.095,0.15,0.24600000000000002,0.645,1.21,0.285,145,147,0.94,-0.3,-0.5,-3.6,($2.8),2022
Dallas Keuchel,- - -,2,9,0,14,14,60.2,94,69,62,11,31,45,9.2,2.06,6.68,4.6,0.149,0.102,0.046,5.52,4.72,4.96,0.08,0.263,,77.1,79.2,,87.8,0.08800000000000001,0.392,88.8,5.5,113.7,0.502,0.282,0.21600000000000003,0.031,0.46299999999999997,0.344,0.19399999999999998,0.16699999999999998,0.546,0.28600000000000003,0.172,5.48,4.72,0.332,0.6859999999999999,0.446,0.698,0.8909999999999999,0.794,0.32299999999999995,0.584,0.092,0.154,0.245,0.511,1.63,0.384,138,120,1.45,-0.3,-2.6,-3.5,($2.7),2022
Sam Long,SFG,1,3,1,28,6,42.1,39,23,17,8,14,33,3.61,1.25,7.02,2.98,0.182,0.077,0.105,5.07,4.68,4.31,,0.292,,,84.3,,94.5,0.068,0.376,88.6,15.5,110.5,0.392,0.45399999999999996,0.154,0.068,0.34600000000000003,0.368,0.28600000000000003,0.165,0.534,0.301,0.136,4.28,4.68,0.267,0.69,0.46299999999999997,0.6509999999999999,0.805,0.757,0.46299999999999997,0.613,0.11199999999999999,0.172,0.284,0.7240000000000001,1.7,0.248,132,117,2.36,-0.3,0.0,-2.9,($2.4),2022
Justin Bruihl,LAD,1,1,1,24,0,23.2,22,11,10,4,6,13,3.8,1.18,4.94,2.28,0.13,0.06,0.07,5.35,5.16,4.69,0.19899999999999998,,,77.5,,,88.9,0.064,0.244,86.2,15.2,110.3,0.37799999999999995,0.43200000000000005,0.18899999999999997,0.125,0.34600000000000003,0.37200000000000005,0.282,0.16699999999999998,0.628,0.205,0.125,3.72,5.16,0.263,0.7709999999999999,0.516,0.711,0.8170000000000001,0.79,0.499,0.62,0.109,0.12300000000000001,0.23199999999999998,0.787,1.52,0.243,132,129,2.17,-0.3,0.1,-2.6,($2.1),2022
Steve Cishek,WSN,1,4,1,69,0,66.1,54,33,31,11,27,74,4.21,1.22,10.04,3.66,0.258,0.094,0.16399999999999998,4.85,4.16,3.45,0.371,0.004,,76.6,83.2,,89.3,0.087,0.37,87.3,15.0,114.1,0.41200000000000003,0.38799999999999996,0.2,0.106,0.34700000000000003,0.405,0.249,0.139,0.5660000000000001,0.295,0.16699999999999998,4.55,4.16,0.301,0.611,0.424,0.617,0.866,0.759,0.396,0.599,0.102,0.19399999999999998,0.29600000000000004,0.7759999999999999,1.49,0.265,120,104,2.74,-0.3,0.1,-3.3,($2.7),2022
Kirby Snead,OAK,1,1,1,46,0,44.2,56,31,29,5,22,35,5.84,1.75,7.05,4.43,0.16699999999999998,0.105,0.062,4.61,5.11,4.67,0.374,0.071,,82.1,87.7,,93.7,0.066,0.384,87.8,11.3,109.5,0.42700000000000005,0.39299999999999996,0.18,0.085,0.265,0.397,0.33799999999999997,0.166,0.55,0.285,0.085,4.43,5.11,0.3,0.613,0.433,0.701,0.882,0.8109999999999999,0.42700000000000005,0.629,0.08199999999999999,0.191,0.273,0.6709999999999999,1.01,0.349,121,130,1.59,-0.3,-1.0,-2.8,($2.4),2022
Chasen Shreve,NYM,1,1,0,25,0,26.1,27,19,19,6,10,29,6.49,1.41,9.91,3.42,0.254,0.08800000000000001,0.16699999999999998,5.01,3.68,3.42,0.184,,,81.0,,,90.7,0.12,0.4,89.5,14.9,114.0,0.4,0.387,0.213,0.034,0.507,0.32,0.17300000000000001,0.133,0.5329999999999999,0.33299999999999996,0.207,4.91,3.68,0.324,0.696,0.456,0.556,0.897,0.741,0.354,0.7020000000000001,0.11800000000000001,0.16899999999999998,0.287,0.629,2.05,0.304,126,92,2.9,-0.3,-0.6,-2.5,($2.1),2022
Miguel Yajure,PIT,1,1,1,12,1,24.1,31,26,24,3,16,16,8.88,1.93,5.92,5.92,0.134,0.134,0.0,5.62,5.72,5.5,0.10400000000000001,0.193,,81.5,89.3,,93.0,0.071,0.494,92.2,15.5,110.3,0.435,0.32899999999999996,0.235,0.107,0.45899999999999996,0.235,0.306,0.153,0.494,0.353,0.107,7.88,5.72,0.32299999999999995,0.69,0.45899999999999996,0.604,0.9079999999999999,0.773,0.369,0.605,0.10400000000000001,0.14400000000000002,0.248,0.513,1.11,0.341,140,143,1.0,-0.3,-0.9,-2.6,($2.1),2022
Kohei Arihara,TEX,1,3,0,5,4,20.0,36,22,21,4,11,14,9.45,2.35,6.3,4.95,0.13,0.102,0.027999999999999997,6.41,5.22,5.09,0.14400000000000002,0.187,,81.7,81.2,,92.0,0.1,0.43799999999999994,90.1,6.7,111.5,0.506,0.247,0.247,0.0,0.513,0.25,0.23800000000000002,0.125,0.563,0.313,0.21100000000000002,7.14,5.22,0.336,0.685,0.467,0.6459999999999999,0.9,0.7859999999999999,0.374,0.574,0.1,0.12300000000000001,0.223,0.631,1.8,0.421,161,133,1.27,-0.3,-0.8,-3.4,($2.5),2022
Austin Pruitt,OAK,0,1,1,39,1,55.1,48,29,26,11,9,38,4.23,1.03,6.18,1.46,0.17,0.04,0.129,4.87,4.18,3.88,,0.054000000000000006,,,86.4,,91.5,0.09699999999999999,0.341,88.0,12.9,112.4,0.455,0.40299999999999997,0.142,0.113,0.34700000000000003,0.426,0.22699999999999998,0.19899999999999998,0.545,0.256,0.155,3.96,4.18,0.368,0.747,0.507,0.6829999999999999,0.851,0.773,0.366,0.679,0.115,0.157,0.272,0.6809999999999999,1.79,0.224,128,106,4.22,-0.3,-0.1,-3.3,($2.6),2022
Dauri Moreta,CIN,0,2,1,35,1,38.1,32,24,23,10,13,39,5.4,1.17,9.16,3.05,0.244,0.081,0.163,5.8,4.38,3.6,0.24,0.207,,85.7,87.9,,96.1,0.125,0.413,90.6,22.9,116.5,0.327,0.49,0.183,0.157,0.462,0.375,0.163,0.192,0.47100000000000003,0.337,0.196,4.03,4.38,0.292,0.66,0.442,0.613,0.836,0.7490000000000001,0.408,0.619,0.111,0.17800000000000002,0.289,0.7140000000000001,2.35,0.234,136,110,3.0,-0.3,-0.2,-3.3,($2.7),2022
T.J. McFarland,STL,0,0,0,28,0,32.2,42,26,24,5,11,16,6.61,1.62,4.41,3.03,0.11,0.076,0.034,5.32,4.69,4.56,0.152,0.22,,79.5,81.9,,,0.078,0.517,92.5,4.1,111.6,0.53,0.261,0.209,0.033,0.457,0.371,0.172,0.129,0.474,0.397,0.16699999999999998,6.13,4.69,0.316,0.6990000000000001,0.462,0.758,0.9309999999999999,0.858,0.382,0.552,0.066,0.154,0.22,0.604,1.38,0.333,135,117,1.45,-0.3,-0.7,-3.2,($2.7),2022
Jonathan Heasley,KCR,4,10,0,21,21,104.0,108,67,61,19,47,70,5.28,1.49,6.06,4.07,0.151,0.10099999999999999,0.049,5.67,5.49,5.3,0.125,0.213,,85.6,84.9,,93.3,0.094,0.45299999999999996,90.2,14.9,112.5,0.37200000000000005,0.452,0.17600000000000002,0.071,0.456,0.307,0.237,0.158,0.515,0.327,0.12300000000000001,5.37,5.49,0.27699999999999997,0.7190000000000001,0.45899999999999996,0.737,0.885,0.833,0.41100000000000003,0.557,0.077,0.14800000000000002,0.225,0.6990000000000001,1.64,0.276,144,140,1.49,-0.4,0.0,-4.1,($3.3),2022
Mike Minor,CIN,4,12,0,19,19,98.0,120,72,66,24,40,76,6.06,1.63,6.98,3.67,0.16699999999999998,0.08800000000000001,0.079,6.18,5.21,4.94,0.249,0.23199999999999998,,85.4,84.3,,90.4,0.084,0.349,88.2,19.1,112.5,0.34299999999999997,0.444,0.213,0.158,0.49700000000000005,0.301,0.20199999999999999,0.172,0.521,0.307,0.16399999999999998,4.57,5.21,0.321,0.6679999999999999,0.45899999999999996,0.6940000000000001,0.91,0.82,0.39899999999999997,0.602,0.083,0.17300000000000001,0.256,0.7120000000000001,2.2,0.312,145,130,1.9,-0.4,-0.6,-3.6,($2.8),2022
Tyler Danish,BOS,3,1,0,32,0,40.1,40,24,23,7,12,32,5.13,1.29,7.14,2.68,0.185,0.069,0.11599999999999999,4.97,4.11,3.83,0.405,0.081,,81.0,83.5,,91.4,0.10400000000000001,0.41600000000000004,88.9,10.1,115.2,0.47200000000000003,0.304,0.22399999999999998,0.053,0.41600000000000004,0.35200000000000004,0.23199999999999998,0.168,0.52,0.312,0.184,6.26,4.11,0.313,0.619,0.43700000000000006,0.71,0.922,0.831,0.40399999999999997,0.5379999999999999,0.07400000000000001,0.19,0.264,0.693,1.56,0.28,126,104,2.67,-0.4,-0.3,-3.6,($3.0),2022
Tommy Henry,ARI,3,4,0,9,9,47.0,47,28,28,10,21,36,5.36,1.45,6.89,4.02,0.17600000000000002,0.102,0.073,5.88,4.97,4.93,0.19899999999999998,0.09699999999999999,,85.7,84.8,,91.5,0.09,0.39299999999999996,89.9,13.8,109.6,0.39399999999999996,0.415,0.19,0.068,0.345,0.35200000000000004,0.303,0.10300000000000001,0.517,0.379,0.16899999999999998,4.86,4.97,0.292,0.743,0.489,0.6609999999999999,0.841,0.78,0.43700000000000006,0.585,0.107,0.146,0.254,0.754,1.91,0.274,151,124,1.71,-0.4,0.2,-4.2,($3.2),2022
Zach Logue,OAK,3,8,0,14,10,57.0,68,44,43,13,20,42,6.79,1.54,6.63,3.16,0.163,0.078,0.086,5.76,5.32,5.01,0.158,0.136,,77.5,82.0,,90.3,0.124,0.425,89.5,19.4,111.1,0.298,0.508,0.19399999999999998,0.134,0.446,0.306,0.249,0.20199999999999999,0.461,0.337,0.134,5.95,5.32,0.315,0.728,0.48100000000000004,0.708,0.89,0.8190000000000001,0.40299999999999997,0.51,0.087,0.141,0.228,0.6409999999999999,2.05,0.306,152,135,2.1,-0.4,-1.0,-4.4,($3.5),2022
Sean Poppen,ARI,2,2,0,29,0,28.2,27,15,14,5,12,22,4.4,1.36,6.91,3.77,0.183,0.1,0.083,5.21,4.9,4.52,0.344,0.034,,83.5,85.4,,,0.071,0.365,89.1,16.5,108.3,0.349,0.45799999999999996,0.193,0.053,0.306,0.318,0.376,0.129,0.541,0.32899999999999996,0.132,3.55,4.9,0.22899999999999998,0.644,0.426,0.698,0.91,0.85,0.474,0.608,0.064,0.21,0.273,0.758,1.57,0.275,134,122,1.83,-0.4,0.0,-3.9,($3.2),2022
Tyler Duffey,MIN,2,4,2,40,0,44.0,45,24,24,8,15,39,4.91,1.36,7.98,3.07,0.21100000000000002,0.081,0.13,4.79,3.57,3.66,,0.045,,,79.2,,92.3,0.085,0.431,90.2,9.6,115.4,0.446,0.262,0.292,0.028999999999999998,0.47700000000000004,0.32299999999999995,0.2,0.131,0.562,0.308,0.235,5.52,3.57,0.324,0.713,0.46799999999999997,0.6559999999999999,0.847,0.764,0.371,0.6,0.111,0.157,0.267,0.743,1.64,0.303,122,90,2.6,-0.4,-0.3,-4.1,($3.4),2022
Daniel Norris,- - -,2,4,0,41,3,58.2,45,39,34,11,29,66,5.22,1.26,10.13,4.45,0.264,0.11599999999999999,0.14800000000000002,5.14,3.99,3.69,0.28600000000000003,0.27699999999999997,,80.0,86.8,,91.5,0.10800000000000001,0.405,89.1,12.1,116.8,0.469,0.34700000000000003,0.184,0.11800000000000001,0.39899999999999997,0.358,0.243,0.155,0.48,0.365,0.21600000000000003,4.49,3.99,0.31,0.624,0.429,0.5329999999999999,0.82,0.691,0.37799999999999995,0.58,0.132,0.177,0.309,0.64,1.69,0.248,132,101,2.28,-0.4,-0.6,-4.1,($3.4),2022
Michael Pineda,DET,2,7,0,11,11,46.2,58,31,30,13,8,26,5.79,1.41,5.01,1.54,0.13,0.04,0.09,6.13,4.8,4.84,0.215,0.193,,80.7,85.4,,90.1,0.102,0.44,91.8,15.9,112.7,0.392,0.434,0.175,0.125,0.44,0.28300000000000003,0.27699999999999997,0.127,0.53,0.34299999999999997,0.18100000000000002,5.92,4.8,0.32899999999999996,0.703,0.498,0.705,0.927,0.846,0.451,0.615,0.077,0.16,0.237,0.732,2.51,0.294,158,122,3.25,-0.4,-0.3,-4.5,($3.5),2022
Craig Stammen,SDP,1,2,0,33,1,40.2,45,22,20,9,10,35,4.43,1.35,7.75,2.21,0.198,0.055999999999999994,0.141,5.15,3.7,3.5,0.133,0.024,,81.4,86.8,,,0.069,0.36200000000000004,88.7,6.9,111.3,0.508,0.305,0.188,0.0,0.45,0.395,0.155,0.109,0.589,0.302,0.231,4.08,3.7,0.316,0.6629999999999999,0.449,0.603,0.877,0.759,0.385,0.627,0.10800000000000001,0.174,0.282,0.7879999999999999,1.99,0.298,129,93,3.5,-0.4,-0.1,-4.0,($3.2),2022
Vladimir Gutierrez,CIN,1,6,0,10,8,36.2,46,31,31,8,24,29,7.61,1.91,7.12,5.89,0.162,0.134,0.027999999999999997,6.82,6.29,5.64,0.21600000000000003,0.154,,82.3,82.9,,93.0,0.092,0.425,89.3,18.6,111.6,0.336,0.479,0.185,0.08800000000000001,0.4,0.33299999999999996,0.267,0.175,0.525,0.3,0.14,5.74,6.29,0.24100000000000002,0.674,0.42100000000000004,0.74,0.8909999999999999,0.84,0.41700000000000004,0.547,0.067,0.175,0.243,0.6940000000000001,1.96,0.339,160,157,1.21,-0.4,-0.6,-4.6,($3.5),2022
Tyler Gilbert,ARI,0,3,0,8,7,34.1,33,21,20,8,10,20,5.24,1.25,5.24,2.62,0.13699999999999998,0.068,0.068,5.94,5.15,5.15,,,,,,,89.3,0.113,0.41700000000000004,88.9,19.1,111.6,0.327,0.46,0.212,0.057999999999999996,0.377,0.368,0.254,0.158,0.48200000000000004,0.36,0.154,6.73,5.15,0.308,0.688,0.48,0.768,0.858,0.8270000000000001,0.45399999999999996,0.603,0.083,0.16699999999999998,0.25,0.701,2.1,0.234,153,129,2.0,-0.4,0.0,-3.6,($2.8),2022
Bryan Shaw,CLE,6,2,1,60,2,58.1,58,38,35,9,26,52,5.4,1.44,8.02,4.01,0.19899999999999998,0.1,0.1,4.88,4.34,4.08,0.06,0.028999999999999998,,84.4,81.9,,94.1,0.067,0.441,90.8,8.3,113.1,0.49700000000000005,0.324,0.179,0.10300000000000001,0.35200000000000004,0.363,0.285,0.134,0.5529999999999999,0.313,0.155,4.74,4.34,0.284,0.721,0.473,0.622,0.887,0.797,0.43200000000000005,0.602,0.096,0.14800000000000002,0.244,0.6629999999999999,1.39,0.288,126,110,2.0,-0.5,-0.9,-4.6,($3.9),2022
Trevor Kelley,MIL,1,0,0,18,0,23.2,25,17,16,7,9,23,6.08,1.44,8.75,3.42,0.215,0.084,0.131,6.41,4.56,3.9,0.254,0.063,,78.7,80.8,,,0.12300000000000001,0.233,84.9,19.6,111.8,0.35600000000000004,0.43799999999999994,0.205,0.094,0.425,0.27399999999999997,0.301,0.26,0.43799999999999994,0.301,0.21899999999999997,4.19,4.56,0.282,0.688,0.435,0.593,0.9079999999999999,0.78,0.376,0.551,0.096,0.172,0.267,0.725,2.66,0.273,158,114,2.56,-0.5,-0.4,-4.8,($3.9),2022
Cory Abbott,WSN,0,5,0,16,9,48.0,44,30,28,12,25,45,5.25,1.44,8.44,4.69,0.20800000000000002,0.11599999999999999,0.09300000000000001,6.36,5.7,4.98,,,,,,,91.4,0.121,0.433,90.3,23.8,111.4,0.27899999999999997,0.6,0.121,0.107,0.45399999999999996,0.305,0.24100000000000002,0.156,0.532,0.312,0.14300000000000002,4.44,5.7,0.321,0.741,0.48200000000000004,0.593,0.867,0.754,0.384,0.542,0.11800000000000001,0.134,0.252,0.769,2.25,0.248,158,142,1.8,-0.5,-0.2,-5.3,($4.1),2022
Jake Diekman,- - -,5,4,1,70,0,57.2,52,40,32,9,42,79,4.99,1.63,12.33,6.55,0.294,0.156,0.138,5.0,4.33,3.93,0.35100000000000003,0.012,,81.5,86.3,,95.8,0.071,0.39299999999999996,89.8,15.9,112.0,0.39899999999999997,0.384,0.217,0.113,0.35,0.371,0.27899999999999997,0.14300000000000002,0.586,0.271,0.17,4.25,4.33,0.271,0.653,0.425,0.511,0.805,0.693,0.40299999999999997,0.617,0.131,0.17300000000000001,0.304,0.6940000000000001,1.4,0.328,125,110,1.88,-0.6,-1.1,-6.0,($5.0),2022
Drew VerHagen,STL,3,1,0,19,0,21.2,27,18,16,5,14,18,6.65,1.89,7.48,5.82,0.17,0.132,0.038,6.53,5.51,5.09,0.222,0.155,,81.5,89.5,,95.1,0.096,0.342,88.3,18.1,109.1,0.33799999999999997,0.408,0.254,0.138,0.479,0.32899999999999996,0.192,0.26,0.41100000000000003,0.32899999999999996,0.172,6.3,5.51,0.322,0.684,0.45299999999999996,0.605,0.856,0.742,0.363,0.557,0.11699999999999999,0.146,0.263,0.6859999999999999,2.08,0.324,165,137,1.29,-0.6,-0.8,-5.8,($4.8),2022
Ryan Borucki,- - -,2,0,0,32,0,25.1,24,16,16,6,11,21,5.68,1.38,7.46,3.91,0.18899999999999997,0.099,0.09,6.07,4.45,4.19,,0.111,,,84.7,,,0.10400000000000001,0.455,88.1,8.0,111.4,0.48700000000000004,0.32899999999999996,0.184,0.08,0.364,0.46799999999999997,0.16899999999999998,0.16899999999999998,0.494,0.33799999999999997,0.24,5.92,4.45,0.327,0.701,0.475,0.561,0.878,0.746,0.395,0.514,0.12,0.142,0.263,0.7340000000000001,2.13,0.254,159,113,1.91,-0.6,-0.5,-6.1,($5.1),2022
Hansel Robles,BOS,1,3,2,26,0,24.2,25,19,16,5,14,21,5.84,1.58,7.66,5.11,0.18899999999999997,0.126,0.063,5.75,4.85,4.7,0.32899999999999996,,,88.8,,,96.2,0.11800000000000001,0.5,92.7,13.1,111.2,0.395,0.382,0.22399999999999998,0.069,0.447,0.289,0.263,0.132,0.474,0.395,0.172,6.47,4.85,0.23,0.7490000000000001,0.45,0.679,0.836,0.789,0.424,0.532,0.095,0.147,0.242,0.625,1.82,0.282,146,123,1.5,-0.6,-0.8,-6.2,($5.2),2022
Luis Patino,TBR,1,2,0,6,6,20.0,26,18,18,6,13,11,8.1,1.95,4.95,5.85,0.11199999999999999,0.133,-0.02,8.01,6.85,6.35,0.299,0.129,,84.3,85.5,,94.9,0.096,0.315,88.7,17.0,109.5,0.375,0.514,0.111,0.081,0.41100000000000003,0.37,0.21899999999999997,0.17800000000000002,0.507,0.315,0.162,5.23,6.85,0.312,0.728,0.49700000000000005,0.672,0.8809999999999999,0.8079999999999999,0.446,0.653,0.095,0.139,0.235,0.696,2.7,0.299,211,175,0.85,-0.6,-0.6,-6.6,($5.0),2022
Josiah Gray,WSN,7,10,0,28,28,148.2,136,84,83,38,66,154,5.02,1.36,9.32,4.0,0.237,0.102,0.136,5.86,4.57,4.27,0.293,0.028999999999999998,,85.8,88.1,,94.4,0.107,0.368,87.4,19.7,111.4,0.33,0.49200000000000005,0.17800000000000002,0.10800000000000001,0.433,0.32899999999999996,0.23800000000000002,0.214,0.488,0.298,0.18600000000000003,4.27,4.57,0.302,0.672,0.446,0.598,0.8490000000000001,0.745,0.39,0.578,0.114,0.165,0.27899999999999997,0.804,2.3,0.256,145,114,2.33,-0.7,0.8,-7.5,($5.8),2022
Noe Ramirez,ARI,5,4,0,55,0,50.0,45,32,29,9,26,51,5.22,1.42,9.18,4.68,0.237,0.121,0.11599999999999999,5.15,4.44,4.07,0.315,0.31,,78.0,84.1,,89.6,0.08900000000000001,0.37,87.8,14.8,111.9,0.379,0.41700000000000004,0.205,0.073,0.42200000000000004,0.363,0.215,0.163,0.45899999999999996,0.37799999999999995,0.16399999999999998,4.16,4.44,0.331,0.662,0.469,0.6579999999999999,0.805,0.745,0.418,0.614,0.11900000000000001,0.174,0.294,0.684,1.62,0.286,133,111,1.96,-0.7,-0.6,-6.6,($5.5),2022
Heath Hembree,- - -,3,1,0,26,0,22.0,26,19,18,6,17,17,7.36,1.95,6.95,6.95,0.159,0.159,0.0,7.43,6.17,5.82,0.449,,,84.2,,,94.4,0.151,0.507,90.7,24.2,110.7,0.247,0.466,0.28800000000000003,0.147,0.397,0.35600000000000004,0.247,0.13699999999999998,0.534,0.32899999999999996,0.17600000000000002,7.56,6.17,0.221,0.6709999999999999,0.414,0.7,0.904,0.841,0.429,0.561,0.066,0.19699999999999998,0.263,0.6940000000000001,2.45,0.299,184,154,1.0,-0.7,-0.7,-6.8,($5.6),2022
Spencer Howard,TEX,2,4,0,10,8,37.2,50,33,31,12,15,32,7.41,1.73,7.65,3.58,0.179,0.084,0.095,6.83,4.81,4.63,0.355,0.033,,84.8,79.3,,94.4,0.107,0.42,91.4,13.7,117.9,0.392,0.415,0.192,0.07400000000000001,0.366,0.344,0.29,0.107,0.55,0.344,0.222,5.54,4.81,0.287,0.7090000000000001,0.47100000000000003,0.705,0.902,0.8340000000000001,0.436,0.581,0.078,0.175,0.253,0.6709999999999999,2.87,0.319,172,122,2.13,-0.7,-1.0,-7.1,($5.5),2022
Justin Dunn,CIN,1,3,0,7,7,31.0,32,21,21,11,17,21,6.1,1.58,6.1,4.94,0.152,0.12300000000000001,0.028999999999999998,8.31,5.99,5.75,0.239,0.046,,83.5,87.6,,92.3,0.165,0.44299999999999995,91.4,20.6,112.0,0.295,0.505,0.2,0.125,0.433,0.289,0.278,0.14400000000000002,0.433,0.423,0.22899999999999998,8.74,5.99,0.263,0.629,0.40700000000000003,0.628,0.903,0.795,0.39399999999999996,0.565,0.083,0.18100000000000002,0.265,0.847,3.19,0.244,194,149,1.24,-0.7,0.0,-7.8,($5.7),2022
Kolby Allard,TEX,1,2,1,10,0,21.0,21,17,17,9,6,19,7.29,1.29,8.14,2.57,0.218,0.069,0.149,7.87,4.28,3.81,,0.19399999999999998,,,82.9,,91.2,0.14800000000000002,0.426,91.6,19.5,114.6,0.27899999999999997,0.45899999999999996,0.262,0.107,0.541,0.27899999999999997,0.18,0.115,0.541,0.344,0.321,5.67,4.28,0.242,0.7170000000000001,0.462,0.667,0.7979999999999999,0.7609999999999999,0.462,0.644,0.11,0.18100000000000002,0.29100000000000004,0.7140000000000001,3.86,0.231,198,109,3.17,-0.7,-0.6,-7.4,($5.8),2022
Kirk McCarty,CLE,4,3,0,13,2,37.2,37,23,19,11,13,26,4.54,1.33,6.21,3.11,0.16399999999999998,0.08199999999999999,0.08199999999999999,6.64,4.85,4.57,,0.077,,,84.8,,92.6,0.109,0.387,89.5,17.0,108.1,0.39299999999999996,0.436,0.171,0.11800000000000001,0.41200000000000003,0.32799999999999996,0.261,0.14300000000000002,0.5710000000000001,0.28600000000000003,0.21600000000000003,5.31,4.85,0.317,0.7290000000000001,0.505,0.737,0.8320000000000001,0.8,0.456,0.667,0.10099999999999999,0.16399999999999998,0.265,0.787,2.63,0.241,172,123,2.0,-0.8,-0.3,-8.6,($6.6),2022
Genesis Cabrera,STL,4,2,1,39,0,44.2,39,24,23,8,20,32,4.63,1.32,6.45,4.03,0.165,0.10300000000000001,0.062,5.62,4.88,4.61,0.01,0.17800000000000002,,87.4,90.2,,96.2,0.07200000000000001,0.312,86.3,12.3,112.6,0.442,0.348,0.21,0.146,0.384,0.37,0.24600000000000002,0.217,0.529,0.254,0.16699999999999998,4.92,4.88,0.33,0.701,0.478,0.6970000000000001,0.8590000000000001,0.792,0.401,0.639,0.099,0.156,0.255,0.753,1.61,0.238,143,122,1.6,-0.8,-0.2,-7.6,($6.2),2022
Elieser Hernandez,MIA,3,6,0,20,10,62.1,67,48,44,19,22,60,6.35,1.43,8.66,3.18,0.21600000000000003,0.079,0.13699999999999998,6.4,5.05,4.43,0.361,0.136,,80.2,84.7,,91.6,0.13,0.359,89.4,24.1,112.8,0.27399999999999997,0.579,0.147,0.109,0.45299999999999996,0.271,0.276,0.182,0.505,0.313,0.17300000000000001,4.81,5.05,0.27699999999999997,0.711,0.493,0.632,0.856,0.7929999999999999,0.499,0.691,0.102,0.162,0.264,0.6779999999999999,2.74,0.277,159,126,2.73,-0.8,-0.9,-8.5,($6.7),2022
Matt Swarmer,CHC,2,3,0,11,5,34.0,33,26,19,12,20,36,5.03,1.56,9.53,5.29,0.235,0.131,0.105,7.35,4.68,4.52,0.591,0.018000000000000002,,82.1,85.7,,90.6,0.134,0.485,90.7,17.7,119.8,0.35100000000000003,0.45399999999999996,0.196,0.091,0.546,0.247,0.20600000000000002,0.124,0.402,0.474,0.273,5.66,4.68,0.321,0.688,0.446,0.561,0.825,0.7,0.341,0.503,0.134,0.142,0.275,0.746,3.18,0.247,187,117,1.8,-0.8,-0.6,-8.8,($6.3),2022
Bruce Zimmermann,BAL,2,5,0,15,13,73.2,97,52,49,21,12,49,5.99,1.48,5.99,1.47,0.153,0.038,0.11599999999999999,6.06,4.42,4.43,0.185,0.29100000000000004,,85.1,84.7,,90.8,0.132,0.428,91.1,14.0,115.4,0.39799999999999996,0.406,0.19699999999999998,0.068,0.48200000000000004,0.304,0.214,0.128,0.56,0.311,0.204,6.37,4.42,0.354,0.687,0.503,0.7190000000000001,0.888,0.8220000000000001,0.447,0.659,0.08900000000000001,0.162,0.251,0.723,2.57,0.322,155,112,4.08,-0.8,-0.8,-7.9,($6.1),2022
Sean Newcomb,- - -,2,1,0,20,1,27.2,33,28,27,8,19,28,8.78,1.88,9.11,6.18,0.209,0.142,0.067,6.91,5.07,4.79,0.326,0.009000000000000001,,88.4,86.6,,94.5,0.138,0.46,90.7,18.7,110.2,0.314,0.419,0.267,0.16699999999999998,0.391,0.33299999999999996,0.276,0.195,0.47100000000000003,0.33299999999999996,0.222,6.53,5.07,0.207,0.6779999999999999,0.409,0.6920000000000001,0.863,0.813,0.429,0.545,0.076,0.185,0.261,0.588,2.6,0.316,176,127,1.47,-0.8,-1.4,-7.5,($6.0),2022
Caleb Smith,ARI,1,3,0,44,1,70.0,57,35,32,14,39,65,4.11,1.37,8.36,5.01,0.215,0.129,0.086,5.57,5.15,4.62,0.28800000000000003,0.22399999999999998,,85.5,83.6,,91.8,0.066,0.299,86.0,24.1,114.8,0.309,0.531,0.16,0.155,0.447,0.305,0.249,0.228,0.467,0.305,0.136,3.86,5.15,0.302,0.742,0.486,0.608,0.807,0.735,0.418,0.626,0.129,0.14,0.26899999999999996,0.8009999999999999,1.8,0.235,143,129,1.67,-0.8,0.2,-8.4,($6.4),2022
Joe Smith,MIN,1,1,0,34,0,27.1,33,18,14,7,9,17,4.61,1.54,5.6,2.96,0.139,0.07400000000000001,0.066,6.3,4.37,4.12,0.273,,,76.9,,,86.2,0.105,0.42100000000000004,89.3,4.0,111.4,0.574,0.27699999999999997,0.149,0.038,0.42100000000000004,0.34700000000000003,0.23199999999999998,0.11599999999999999,0.611,0.27399999999999997,0.26899999999999996,5.25,4.37,0.345,0.7040000000000001,0.493,0.769,0.9390000000000001,0.8690000000000001,0.413,0.6559999999999999,0.064,0.16399999999999998,0.22899999999999998,0.753,2.3,0.295,161,111,1.89,-0.8,-0.6,-8.1,($6.7),2022
Yusei Kikuchi,TOR,6,7,1,32,20,100.2,93,67,58,23,58,124,5.19,1.5,11.09,5.19,0.273,0.128,0.145,5.62,4.07,4.02,0.295,,,86.5,,,94.9,0.14800000000000002,0.479,91.6,10.1,117.0,0.439,0.37,0.191,0.052000000000000005,0.47100000000000003,0.35700000000000004,0.171,0.129,0.46,0.41100000000000003,0.237,5.62,4.07,0.315,0.6990000000000001,0.473,0.574,0.81,0.718,0.413,0.573,0.133,0.14300000000000002,0.276,0.728,2.06,0.292,143,103,2.14,-0.9,-0.9,-8.8,($6.9),2022
Mike Mayers,LAA,1,1,0,24,3,50.2,52,35,32,15,18,45,5.68,1.38,7.99,3.2,0.20199999999999999,0.081,0.121,6.37,4.62,4.12,0.349,0.075,,84.4,86.7,,93.7,0.127,0.48100000000000004,91.2,16.9,114.0,0.38,0.456,0.165,0.125,0.392,0.418,0.19,0.133,0.525,0.342,0.20800000000000002,5.32,4.62,0.32799999999999996,0.6940000000000001,0.479,0.581,0.882,0.7609999999999999,0.41100000000000003,0.578,0.115,0.14300000000000002,0.257,0.725,2.66,0.259,158,117,2.5,-0.9,-0.8,-8.7,($7.1),2022
Ian Kennedy,ARI,4,7,10,57,0,50.1,57,33,30,11,22,44,5.36,1.57,7.87,3.93,0.19,0.095,0.095,5.58,5.06,4.57,,0.008,,,87.7,,93.2,0.121,0.44799999999999995,92.2,21.6,112.9,0.244,0.48200000000000004,0.27399999999999997,0.127,0.341,0.366,0.293,0.128,0.47,0.402,0.139,6.15,5.06,0.312,0.7709999999999999,0.499,0.8,0.846,0.8290000000000001,0.408,0.664,0.085,0.151,0.23600000000000002,0.728,1.97,0.299,144,126,2.0,-1.0,-0.8,-9.2,($7.6),2022
Elvin Rodriguez,DET,0,4,0,7,5,29.2,42,35,35,12,15,25,10.62,1.92,7.58,4.55,0.175,0.105,0.07,8.3,5.39,4.99,0.225,0.129,,82.9,86.7,,93.2,0.147,0.51,92.9,17.8,113.7,0.34700000000000003,0.465,0.188,0.128,0.47100000000000003,0.33299999999999996,0.196,0.13699999999999998,0.529,0.33299999999999996,0.255,6.82,5.39,0.281,0.674,0.444,0.7609999999999999,0.9059999999999999,0.852,0.414,0.524,0.066,0.163,0.228,0.5579999999999999,3.64,0.333,215,137,1.67,-1.0,-1.6,-10.9,($8.0),2022
Adam Oller,OAK,2,8,0,19,14,74.1,82,55,52,17,39,46,6.3,1.63,5.57,4.72,0.136,0.11599999999999999,0.021,6.5,6.06,5.83,0.196,0.124,,82.3,86.6,,93.5,0.1,0.41600000000000004,90.1,19.1,112.2,0.316,0.514,0.17,0.126,0.43799999999999994,0.33299999999999996,0.22899999999999998,0.149,0.506,0.345,0.134,5.81,6.06,0.294,0.774,0.485,0.6809999999999999,0.882,0.809,0.397,0.605,0.09300000000000001,0.128,0.22,0.685,2.06,0.279,172,154,1.18,-1.1,-1.3,-12.1,($9.2),2022
Zack Wheeler,PHI,13,6,0,32,32,192.0,168,82,77,20,39,212,3.61,1.08,9.94,1.83,0.26899999999999996,0.05,0.22,3.15,3.54,3.53,0.128,,,84.6,,,96.0,0.051,0.364,86.9,14.2,113.2,0.41200000000000003,0.385,0.20199999999999999,0.14400000000000002,0.38,0.342,0.27899999999999997,0.214,0.47200000000000003,0.313,0.099,3.19,3.54,0.366,0.71,0.511,0.619,0.826,0.74,0.42100000000000004,0.616,0.133,0.14300000000000002,0.275,0.713,0.94,0.292,71,81,5.44,5.9,4.7,55.3,$47.2,2023
Spencer Strider,ATL,20,5,0,32,32,186.2,146,85,80,22,58,281,3.86,1.09,13.55,2.8,0.368,0.076,0.292,2.85,2.92,2.86,0.33799999999999997,0.073,,85.7,87.1,,97.4,0.08199999999999999,0.361,88.5,17.0,111.8,0.341,0.43700000000000006,0.222,0.094,0.32299999999999995,0.349,0.32799999999999996,0.142,0.504,0.354,0.122,3.08,2.92,0.379,0.7240000000000001,0.53,0.447,0.774,0.643,0.43799999999999994,0.67,0.18899999999999997,0.149,0.33799999999999997,0.703,1.06,0.316,66,67,4.84,5.5,3.6,51.7,$43.9,2023
Sonny Gray,MIN,8,8,0,32,32,184.0,156,59,57,8,55,183,2.79,1.15,8.95,2.69,0.243,0.073,0.17,2.83,3.64,3.95,0.20800000000000002,0.067,,84.4,87.9,,92.8,0.069,0.392,89.1,9.6,113.7,0.473,0.305,0.222,0.084,0.424,0.322,0.255,0.14300000000000002,0.557,0.3,0.052000000000000005,3.65,3.64,0.318,0.687,0.474,0.5529999999999999,0.89,0.759,0.42200000000000004,0.611,0.114,0.166,0.27899999999999997,0.768,0.39,0.295,66,85,3.33,5.4,6.2,50.2,$43.1,2023
Gerrit Cole,NYY,15,4,0,33,33,209.0,157,64,61,20,48,222,2.63,0.98,9.56,2.07,0.27,0.057999999999999996,0.212,3.16,3.6,3.63,0.20800000000000002,0.071,,89.2,89.1,,96.8,0.075,0.392,89.2,14.8,114.9,0.396,0.39299999999999996,0.21100000000000002,0.085,0.366,0.39,0.243,0.151,0.5379999999999999,0.311,0.094,3.46,3.6,0.331,0.726,0.499,0.636,0.845,0.765,0.425,0.677,0.11699999999999999,0.16,0.27699999999999997,0.804,0.86,0.261,72,84,4.63,5.3,7.1,49.9,$42.4,2023
Kevin Gausman,TOR,12,9,0,31,31,185.0,163,72,65,19,55,237,3.16,1.18,11.53,2.68,0.311,0.07200000000000001,0.239,2.97,3.22,3.34,0.107,,,83.6,,,94.6,0.098,0.43200000000000005,89.4,12.2,117.9,0.426,0.38299999999999995,0.19,0.107,0.384,0.345,0.27,0.165,0.466,0.369,0.107,3.84,3.22,0.345,0.713,0.49200000000000005,0.581,0.85,0.737,0.39899999999999997,0.634,0.129,0.16699999999999998,0.29600000000000004,0.7659999999999999,0.92,0.321,68,75,4.31,5.3,4.6,49.1,$42.1,2023
Zac Gallen,ARI,17,9,0,34,34,210.0,188,87,81,22,47,220,3.47,1.12,9.43,2.01,0.26,0.055999999999999994,0.204,3.26,3.49,3.67,0.011000000000000001,0.139,,86.3,86.9,,93.5,0.092,0.462,91.5,12.3,113.8,0.418,0.35100000000000003,0.231,0.075,0.418,0.359,0.223,0.098,0.502,0.401,0.109,4.17,3.49,0.32899999999999996,0.6659999999999999,0.47,0.58,0.885,0.7609999999999999,0.419,0.664,0.11199999999999999,0.17300000000000001,0.285,0.731,0.94,0.301,77,80,4.68,5.2,5.3,49.5,$41.2,2023
Zach Eflin,TBR,16,8,0,31,31,177.2,158,69,69,19,24,186,3.5,1.02,9.42,1.22,0.265,0.034,0.23,3.01,3.12,3.3,0.046,0.051,,80.1,86.5,,93.1,0.09,0.35100000000000003,87.5,9.1,115.5,0.498,0.336,0.166,0.11699999999999999,0.449,0.341,0.21,0.159,0.498,0.34299999999999997,0.11699999999999999,3.02,3.12,0.37200000000000005,0.648,0.496,0.659,0.857,0.775,0.449,0.657,0.111,0.19,0.302,0.732,0.96,0.295,72,73,7.75,4.9,4.4,45.8,$39.1,2023
Logan Webb,SFG,11,13,0,33,33,216.0,201,83,78,20,31,194,3.25,1.07,8.08,1.29,0.228,0.036000000000000004,0.192,3.16,2.95,3.16,0.212,0.41600000000000004,,84.3,87.5,,92.7,0.069,0.46,90.7,0.6,114.2,0.621,0.21100000000000002,0.16699999999999998,0.069,0.465,0.34700000000000003,0.187,0.14300000000000002,0.532,0.325,0.154,3.63,2.95,0.34600000000000003,0.6459999999999999,0.47200000000000003,0.6809999999999999,0.9059999999999999,0.81,0.419,0.654,0.09,0.204,0.293,0.737,0.83,0.302,75,67,6.26,4.9,5.4,47.6,$39.5,2023
Justin Steele,CHC,16,5,0,30,30,173.1,167,71,59,14,36,176,3.06,1.17,9.14,1.87,0.24600000000000002,0.05,0.196,3.02,3.32,3.61,0.336,0.01,,83.3,87.6,,,0.054000000000000006,0.366,87.8,9.3,111.1,0.494,0.29,0.21600000000000003,0.085,0.433,0.324,0.243,0.179,0.5429999999999999,0.278,0.099,3.51,3.32,0.35200000000000004,0.73,0.529,0.594,0.884,0.7809999999999999,0.467,0.6579999999999999,0.11599999999999999,0.147,0.262,0.73,0.73,0.317,70,76,4.89,4.8,4.2,45.8,$38.6,2023
Pablo Lopez,MIN,11,8,0,32,32,194.0,176,81,79,24,48,234,3.66,1.15,10.86,2.23,0.292,0.06,0.23199999999999998,3.33,3.28,3.37,0.213,0.21100000000000002,,84.4,88.4,,94.9,0.063,0.34700000000000003,87.1,12.6,112.8,0.452,0.363,0.185,0.10400000000000001,0.43799999999999994,0.354,0.20800000000000002,0.175,0.53,0.295,0.131,3.01,3.28,0.377,0.6990000000000001,0.515,0.5720000000000001,0.8220000000000001,0.7170000000000001,0.428,0.69,0.145,0.156,0.301,0.762,1.11,0.313,78,77,4.88,4.6,4.4,43.6,$36.7,2023
Framber Valdez,HOU,12,11,0,31,31,198.0,166,86,76,19,57,200,3.45,1.13,9.09,2.59,0.248,0.071,0.177,3.5,3.39,3.7,,0.155,,,90.1,,95.7,0.079,0.455,91.5,4.2,114.8,0.542,0.254,0.204,0.066,0.44299999999999995,0.311,0.24600000000000002,0.109,0.517,0.374,0.14,4.32,3.39,0.315,0.665,0.47100000000000003,0.524,0.887,0.752,0.445,0.59,0.11599999999999999,0.165,0.281,0.7120000000000001,0.86,0.282,82,79,3.51,4.4,4.5,42.2,$35.4,2023
George Kirby,SEA,13,10,0,31,31,190.2,179,74,71,22,19,172,3.35,1.04,8.12,0.9,0.22699999999999998,0.025,0.20199999999999999,3.34,3.63,3.71,0.19699999999999998,0.018000000000000002,0.001,86.3,86.6,75.0,96.2,0.075,0.409,89.2,12.4,115.6,0.442,0.37,0.18899999999999997,0.102,0.40700000000000003,0.295,0.298,0.177,0.496,0.327,0.107,3.9,3.63,0.374,0.726,0.5429999999999999,0.6729999999999999,0.868,0.799,0.48200000000000004,0.695,0.109,0.16399999999999998,0.273,0.7509999999999999,1.04,0.292,81,85,9.05,4.2,4.4,40.4,$33.8,2023
Jordan Montgomery,- - -,10,11,0,32,32,188.2,177,75,67,18,48,166,3.2,1.19,7.92,2.29,0.214,0.062,0.152,3.56,4.01,4.23,,0.22899999999999998,,,83.5,,93.4,0.075,0.379,88.3,12.0,114.0,0.43200000000000005,0.348,0.22,0.10400000000000001,0.392,0.331,0.27699999999999997,0.14300000000000002,0.535,0.322,0.09300000000000001,3.98,4.01,0.337,0.674,0.474,0.638,0.8490000000000001,0.76,0.405,0.647,0.114,0.166,0.28,0.7559999999999999,0.86,0.294,83,92,3.46,4.2,4.8,40.6,$33.7,2023
Blake Snell,SDP,14,9,0,32,32,180.0,115,47,45,15,99,234,2.25,1.19,11.7,4.95,0.315,0.133,0.182,3.44,3.62,4.06,0.131,0.184,,88.4,86.8,,95.7,0.07400000000000001,0.34,87.2,10.6,112.2,0.444,0.341,0.215,0.07200000000000001,0.38799999999999996,0.35100000000000003,0.262,0.168,0.523,0.309,0.109,3.77,3.62,0.308,0.6759999999999999,0.428,0.465,0.8079999999999999,0.642,0.326,0.593,0.153,0.155,0.308,0.867,0.75,0.256,79,83,2.36,4.1,7.5,40.2,$33.1,2023
Kyle Bradish,BAL,12,7,0,30,30,168.2,132,54,53,14,44,168,2.83,1.04,8.96,2.35,0.25,0.066,0.185,3.27,3.53,3.76,0.312,0.08199999999999999,,88.1,90.9,,,0.069,0.419,90.0,6.6,113.7,0.49200000000000005,0.305,0.203,0.057999999999999996,0.336,0.40700000000000003,0.258,0.11599999999999999,0.616,0.26899999999999996,0.102,3.76,3.53,0.305,0.654,0.456,0.5429999999999999,0.8909999999999999,0.759,0.43200000000000005,0.58,0.11,0.182,0.29100000000000004,0.7909999999999999,0.75,0.27,77,82,3.82,3.9,5.6,36.9,$30.9,2023
Aaron Nola,PHI,12,9,0,32,32,193.2,178,105,96,32,45,202,4.46,1.15,9.39,2.09,0.255,0.057,0.198,4.03,3.63,3.75,,0.125,,,85.9,,92.9,0.083,0.385,89.3,12.7,114.0,0.426,0.37799999999999995,0.196,0.122,0.47700000000000004,0.308,0.215,0.156,0.521,0.32299999999999995,0.156,3.75,3.63,0.374,0.657,0.49200000000000005,0.617,0.873,0.76,0.419,0.649,0.11800000000000001,0.17800000000000002,0.29600000000000004,0.664,1.49,0.285,90,83,4.49,3.8,2.5,37.6,$30.6,2023
Jesus Luzardo,MIA,10,10,0,32,32,178.2,162,79,71,22,55,208,3.58,1.21,10.48,2.77,0.281,0.07400000000000001,0.20600000000000002,3.55,3.72,3.69,0.287,0.209,,85.1,88.4,,96.8,0.095,0.4,89.5,14.5,115.3,0.402,0.408,0.19,0.084,0.38299999999999995,0.331,0.28600000000000003,0.163,0.46399999999999997,0.373,0.115,3.96,3.72,0.34,0.7,0.485,0.511,0.85,0.708,0.402,0.595,0.141,0.157,0.299,0.7490000000000001,1.11,0.311,81,85,3.78,3.8,3.7,37.6,$30.8,2023
Dylan Cease,CHW,7,9,0,33,33,177.0,172,98,90,19,79,214,4.58,1.42,10.88,4.02,0.273,0.10099999999999999,0.172,3.72,4.08,4.1,0.386,0.03,,86.3,74.6,,95.8,0.062,0.415,90.0,15.4,113.0,0.36,0.391,0.249,0.086,0.43200000000000005,0.324,0.243,0.17300000000000001,0.486,0.341,0.102,4.11,4.08,0.316,0.7040000000000001,0.462,0.529,0.8370000000000001,0.705,0.376,0.61,0.136,0.155,0.29100000000000004,0.6940000000000001,0.97,0.33,85,95,2.71,3.6,1.5,34.6,$28.6,2023
Justin Verlander,- - -,13,8,0,27,27,162.1,139,63,58,18,45,144,3.22,1.13,7.98,2.49,0.215,0.067,0.14800000000000002,3.85,4.56,4.43,0.253,0.047,,86.9,85.2,,94.4,0.08199999999999999,0.413,90.0,18.9,118.3,0.355,0.44799999999999995,0.19699999999999998,0.165,0.43799999999999994,0.331,0.23199999999999998,0.168,0.524,0.307,0.085,3.64,4.56,0.34600000000000003,0.69,0.495,0.6920000000000001,0.87,0.8,0.433,0.575,0.099,0.16,0.259,0.769,1.0,0.265,89,105,3.2,3.4,4.1,32.7,$26.9,2023
Kodai Senga,NYM,12,7,0,29,29,166.1,126,60,55,17,77,202,2.98,1.22,10.93,4.17,0.29100000000000004,0.111,0.18,3.63,3.77,4.0,0.12,,,82.8,,,95.9,0.068,0.405,89.0,12.8,115.4,0.447,0.363,0.19,0.136,0.41600000000000004,0.33299999999999996,0.252,0.161,0.506,0.33299999999999996,0.11599999999999999,3.87,3.77,0.299,0.696,0.45,0.531,0.853,0.721,0.382,0.569,0.125,0.155,0.28,0.8029999999999999,0.92,0.277,84,86,2.62,3.4,4.6,33.7,$27.6,2023
Corbin Burnes,MIL,10,8,0,32,32,193.2,141,77,73,22,66,200,3.39,1.07,9.29,3.07,0.255,0.084,0.171,3.81,3.8,4.02,0.085,0.11199999999999999,,86.1,89.4,,95.5,0.053,0.324,86.4,10.5,111.8,0.441,0.33899999999999997,0.22,0.076,0.45899999999999996,0.331,0.21,0.19,0.52,0.29,0.128,3.38,3.8,0.332,0.675,0.462,0.58,0.861,0.736,0.38,0.596,0.122,0.17,0.292,0.7490000000000001,1.02,0.244,87,87,3.03,3.4,4.7,33.7,$27.2,2023
Luis Castillo,SEA,14,9,0,33,33,197.0,160,81,73,28,56,219,3.34,1.1,10.01,2.56,0.273,0.07,0.203,3.81,3.81,3.74,0.221,0.156,,85.7,88.4,,96.4,0.094,0.418,90.0,15.9,113.0,0.389,0.424,0.187,0.114,0.375,0.35600000000000004,0.268,0.182,0.485,0.33299999999999996,0.127,3.8,3.81,0.355,0.747,0.52,0.578,0.807,0.7170000000000001,0.42200000000000004,0.637,0.147,0.14300000000000002,0.29,0.77,1.28,0.267,93,89,3.91,3.3,4.0,32.1,$26.2,2023
Tarik Skubal,DET,7,3,0,15,15,80.1,58,28,25,4,14,102,2.8,0.9,11.43,1.57,0.32899999999999996,0.045,0.284,2.0,2.56,2.77,0.20800000000000002,0.244,,87.6,84.3,,95.8,0.042,0.40299999999999997,88.5,8.7,110.2,0.516,0.314,0.17,0.153,0.435,0.35600000000000004,0.209,0.168,0.56,0.272,0.068,2.31,2.56,0.38299999999999995,0.6970000000000001,0.525,0.551,0.8240000000000001,0.716,0.455,0.626,0.149,0.163,0.313,0.677,0.45,0.289,47,60,7.29,3.3,2.4,29.6,$26.5,2023
Mitch Keller,PIT,13,9,0,32,32,194.1,187,97,91,25,55,210,4.21,1.25,9.73,2.55,0.255,0.067,0.188,3.8,3.7,3.83,0.161,0.027999999999999997,,82.8,90.8,,95.3,0.086,0.35600000000000004,87.7,10.4,115.1,0.43700000000000006,0.33899999999999997,0.22399999999999998,0.076,0.358,0.365,0.27699999999999997,0.172,0.518,0.31,0.135,4.18,3.7,0.311,0.675,0.47700000000000004,0.696,0.852,0.797,0.456,0.64,0.09699999999999999,0.18600000000000003,0.28300000000000003,0.7170000000000001,1.16,0.31,87,85,3.82,3.2,2.7,32.1,$25.8,2023
Merrill Kelly,ARI,12,8,0,30,30,177.2,143,71,65,20,69,187,3.29,1.19,9.47,3.5,0.259,0.096,0.163,3.85,3.83,4.12,0.055,0.23399999999999999,,85.5,88.8,,92.3,0.078,0.418,89.6,11.8,113.2,0.452,0.341,0.207,0.096,0.47,0.335,0.195,0.136,0.504,0.359,0.128,4.11,3.83,0.36,0.691,0.488,0.644,0.8440000000000001,0.753,0.386,0.611,0.12,0.156,0.276,0.7709999999999999,1.01,0.278,91,88,2.71,3.2,4.8,31.3,$25.3,2023
Tyler Glasnow,TBR,10,7,0,21,21,120.0,93,52,47,13,37,162,3.53,1.08,12.15,2.78,0.33399999999999996,0.076,0.258,2.91,2.75,3.08,0.348,0.003,,90.2,92.2,,96.5,0.11599999999999999,0.446,90.4,5.8,112.9,0.512,0.316,0.172,0.044000000000000004,0.37200000000000005,0.382,0.24600000000000002,0.161,0.45299999999999996,0.386,0.14400000000000002,3.56,2.75,0.324,0.677,0.484,0.373,0.823,0.659,0.45399999999999996,0.687,0.16399999999999998,0.16899999999999998,0.33399999999999996,0.7,0.98,0.294,70,64,4.38,3.2,2.4,30.2,$25.7,2023
Eduardo Rodriguez,DET,13,9,0,26,26,152.2,128,59,56,15,48,143,3.3,1.15,8.43,2.83,0.23,0.077,0.153,3.66,4.06,4.26,0.073,0.187,,84.5,85.9,,92.3,0.075,0.37,88.6,13.8,114.0,0.41,0.37200000000000005,0.218,0.11599999999999999,0.40700000000000003,0.314,0.27899999999999997,0.152,0.536,0.311,0.09699999999999999,4.01,4.06,0.31,0.6970000000000001,0.47600000000000003,0.6759999999999999,0.843,0.7809999999999999,0.429,0.639,0.10400000000000001,0.17600000000000002,0.28,0.759,0.88,0.274,85,95,2.98,3.1,3.9,29.7,$24.6,2023
Braxton Garrett,MIA,9,7,0,31,30,159.2,154,68,65,20,29,156,3.66,1.15,8.79,1.63,0.237,0.044000000000000004,0.193,3.68,3.42,3.62,0.259,0.08800000000000001,,82.9,84.2,,90.8,0.078,0.451,90.2,7.4,116.7,0.491,0.28600000000000003,0.223,0.061,0.501,0.315,0.184,0.13,0.45799999999999996,0.413,0.152,4.58,3.42,0.33899999999999997,0.643,0.47100000000000003,0.59,0.88,0.762,0.434,0.6629999999999999,0.11199999999999999,0.18899999999999997,0.301,0.759,1.13,0.302,84,78,5.38,3.1,3.6,30.1,$24.5,2023
Logan Gilbert,SEA,13,7,0,32,32,190.2,169,82,79,29,36,189,3.73,1.08,8.92,1.7,0.245,0.047,0.19899999999999998,3.85,3.76,3.78,0.29600000000000004,,,88.7,,,95.8,0.09,0.446,90.5,13.6,117.3,0.414,0.405,0.18,0.087,0.42700000000000005,0.335,0.23800000000000002,0.125,0.541,0.33299999999999996,0.133,3.67,3.76,0.34,0.726,0.521,0.618,0.845,0.767,0.47,0.636,0.121,0.149,0.271,0.7509999999999999,1.37,0.272,94,88,5.25,3.0,3.5,29.6,$24.1,2023
Freddy Peralta,MIL,12,10,0,30,30,165.2,131,77,71,26,54,210,3.86,1.12,11.41,2.93,0.309,0.079,0.22899999999999998,3.85,3.42,3.45,0.21899999999999997,0.146,,82.4,88.7,,94.4,0.085,0.376,87.6,14.6,114.7,0.41700000000000004,0.4,0.183,0.11699999999999999,0.455,0.27899999999999997,0.267,0.171,0.521,0.308,0.16,3.35,3.42,0.321,0.708,0.478,0.54,0.804,0.698,0.405,0.624,0.14400000000000002,0.15,0.294,0.737,1.41,0.273,88,78,3.89,3.0,2.8,29.7,$24.0,2023
Tanner Bibee,CLE,10,4,0,25,25,142.0,122,49,47,13,45,141,2.98,1.18,8.94,2.85,0.24100000000000002,0.077,0.16399999999999998,3.52,4.22,4.19,0.272,0.166,,84.7,83.9,,95.0,0.061,0.381,88.9,16.6,115.3,0.368,0.41700000000000004,0.215,0.098,0.38299999999999995,0.373,0.244,0.168,0.53,0.302,0.08,3.68,4.22,0.312,0.682,0.47,0.649,0.833,0.763,0.42700000000000005,0.622,0.111,0.165,0.276,0.8,0.82,0.286,83,99,3.13,3.0,4.3,29.2,$24.3,2023
Miles Mikolas,STL,9,13,0,35,35,201.1,226,110,107,26,39,137,4.78,1.32,6.12,1.74,0.159,0.045,0.114,4.27,4.76,4.81,0.242,0.02,,86.4,80.3,,93.5,0.098,0.429,90.4,14.9,115.5,0.38799999999999996,0.39299999999999996,0.21899999999999997,0.098,0.375,0.374,0.251,0.128,0.524,0.349,0.098,5.43,4.76,0.317,0.6920000000000001,0.495,0.779,0.89,0.852,0.475,0.679,0.073,0.177,0.25,0.6890000000000001,1.16,0.308,100,109,3.51,3.0,2.1,30.3,$24.2,2023
Sandy Alcantara,MIA,7,12,0,28,28,184.2,176,91,85,22,48,151,4.14,1.21,7.36,2.34,0.198,0.063,0.135,4.03,4.0,4.24,0.22,0.273,,89.6,91.2,,98.1,0.07,0.405,88.8,7.0,115.1,0.52,0.308,0.172,0.071,0.4,0.37,0.23,0.149,0.508,0.34299999999999997,0.129,4.33,4.0,0.38,0.73,0.5379999999999999,0.6559999999999999,0.8440000000000001,0.7709999999999999,0.452,0.65,0.12300000000000001,0.147,0.27,0.696,1.07,0.287,92,91,3.15,3.0,3.1,30.1,$24.2,2023
Jose Berrios,TOR,11,12,0,32,32,189.2,173,82,77,25,52,184,3.65,1.19,8.73,2.47,0.235,0.066,0.16899999999999998,3.99,4.01,4.08,,0.185,,,84.2,,94.3,0.086,0.358,88.2,11.8,113.1,0.41600000000000004,0.371,0.213,0.066,0.406,0.369,0.225,0.151,0.5379999999999999,0.311,0.126,4.49,4.01,0.33299999999999996,0.648,0.46399999999999997,0.627,0.862,0.764,0.418,0.632,0.11,0.184,0.294,0.764,1.19,0.289,92,93,3.54,2.9,3.8,28.9,$23.5,2023
Bobby Miller,LAD,11,4,0,22,22,124.1,105,53,52,12,32,119,3.76,1.1,8.61,2.32,0.23600000000000002,0.063,0.172,3.51,3.75,3.93,0.174,0.16,,89.7,88.3,,99.1,0.06,0.376,88.3,10.3,114.3,0.47700000000000004,0.326,0.198,0.08,0.428,0.316,0.256,0.147,0.555,0.299,0.107,3.41,3.75,0.316,0.7,0.479,0.625,0.848,0.764,0.426,0.6459999999999999,0.113,0.16899999999999998,0.282,0.713,0.87,0.277,78,86,3.72,2.9,2.8,28.3,$23.4,2023
Seth Lugo,SDP,8,7,0,26,26,146.1,140,62,58,19,36,140,3.57,1.2,8.61,2.21,0.23199999999999998,0.06,0.172,3.83,3.76,3.97,0.131,0.059000000000000004,,84.5,86.4,,93.7,0.096,0.442,90.7,9.9,113.9,0.452,0.336,0.212,0.098,0.43799999999999994,0.353,0.209,0.139,0.511,0.35100000000000003,0.133,4.42,3.76,0.285,0.669,0.461,0.648,0.883,0.805,0.45899999999999996,0.632,0.09,0.187,0.27699999999999997,0.768,1.17,0.298,88,86,3.89,2.9,3.2,28.2,$23.0,2023
Tanner Scott,MIA,9,5,12,74,0,78.0,53,22,20,3,24,104,2.31,0.99,12.0,2.77,0.33899999999999997,0.078,0.261,2.17,2.66,2.66,0.526,,,89.5,,,96.8,0.034,0.263,85.3,9.1,111.2,0.509,0.272,0.22,0.043,0.38299999999999995,0.326,0.29100000000000004,0.2,0.537,0.263,0.064,2.5,2.66,0.381,0.667,0.51,0.498,0.7709999999999999,0.659,0.45,0.6940000000000001,0.174,0.17300000000000001,0.34700000000000003,0.768,0.35,0.291,49,61,4.33,2.8,3.0,28.3,$22.8,2023
Felix Bautista,BAL,8,2,33,56,0,61.0,30,14,10,4,26,110,1.48,0.92,16.23,3.84,0.46399999999999997,0.11,0.354,1.88,2.3,2.06,0.047,,,86.7,,,100.0,0.081,0.34299999999999997,88.6,21.5,110.4,0.35700000000000004,0.48,0.163,0.149,0.384,0.28300000000000003,0.33299999999999996,0.152,0.505,0.34299999999999997,0.085,2.08,2.3,0.36,0.74,0.511,0.46299999999999997,0.687,0.5920000000000001,0.39799999999999996,0.5820000000000001,0.209,0.142,0.35,0.84,0.59,0.274,44,54,4.23,2.8,2.9,27.3,$22.4,2023
Kyle Gibson,BAL,15,9,0,33,33,192.0,198,101,101,23,55,157,4.73,1.32,7.36,2.58,0.195,0.068,0.126,4.13,4.13,4.4,0.18600000000000003,0.17,,81.7,85.6,,92.2,0.076,0.445,89.6,8.2,113.3,0.489,0.31,0.201,0.099,0.452,0.34299999999999997,0.205,0.136,0.5529999999999999,0.311,0.127,4.78,4.13,0.308,0.679,0.455,0.608,0.878,0.768,0.39399999999999996,0.625,0.106,0.16699999999999998,0.272,0.6970000000000001,1.08,0.309,97,96,2.85,2.7,2.0,26.4,$21.3,2023
Charlie Morton,ATL,14,12,0,30,30,163.1,150,70,66,14,83,183,3.64,1.43,10.08,4.57,0.256,0.11599999999999999,0.14,3.87,4.27,4.44,,0.102,,,86.1,,95.0,0.078,0.39,88.9,9.9,113.3,0.433,0.345,0.222,0.07400000000000001,0.389,0.389,0.222,0.13699999999999998,0.519,0.34299999999999997,0.094,4.62,4.27,0.312,0.613,0.426,0.523,0.855,0.7040000000000001,0.379,0.605,0.126,0.18100000000000002,0.307,0.7759999999999999,0.77,0.321,90,97,2.2,2.7,3.6,26.6,$21.3,2023
Marcus Stroman,CHC,10,9,0,27,25,136.2,120,68,60,9,52,119,3.95,1.26,7.84,3.42,0.207,0.09,0.11699999999999999,3.58,3.79,4.21,0.281,0.076,,84.9,86.6,,92.2,0.05,0.414,90.3,3.0,117.5,0.5710000000000001,0.21899999999999997,0.209,0.045,0.434,0.359,0.207,0.135,0.564,0.302,0.102,4.28,3.79,0.305,0.677,0.447,0.653,0.895,0.7929999999999999,0.382,0.581,0.092,0.168,0.26,0.659,0.59,0.283,83,86,2.29,2.7,2.0,26.7,$21.6,2023
Kyle Hendricks,CHC,6,8,0,24,24,137.0,138,68,57,13,27,93,3.74,1.2,6.11,1.77,0.161,0.047,0.114,3.81,4.42,4.63,,0.41100000000000003,,,80.7,,87.8,0.062,0.315,85.2,11.2,115.4,0.46299999999999997,0.341,0.196,0.131,0.43799999999999994,0.366,0.196,0.233,0.518,0.249,0.085,4.14,4.42,0.364,0.629,0.466,0.7170000000000001,0.88,0.8009999999999999,0.38299999999999995,0.67,0.092,0.191,0.28300000000000003,0.67,0.85,0.283,88,101,3.44,2.7,2.0,26.7,$21.7,2023
Chris Bassitt,TOR,16,8,0,33,33,200.0,176,88,80,28,59,186,3.6,1.18,8.37,2.66,0.225,0.071,0.154,4.28,4.21,4.25,0.139,0.066,,75.8,84.2,,92.5,0.083,0.353,87.5,13.2,113.2,0.423,0.377,0.201,0.10800000000000001,0.381,0.348,0.271,0.165,0.55,0.285,0.132,4.03,4.21,0.297,0.679,0.47200000000000003,0.667,0.8690000000000001,0.8,0.45899999999999996,0.636,0.094,0.18600000000000003,0.28,0.765,1.26,0.274,98,98,3.15,2.6,3.8,26.0,$20.9,2023
Michael Wacha,SDP,14,4,0,24,24,134.1,113,49,48,15,43,124,3.22,1.16,8.31,2.88,0.22399999999999998,0.078,0.146,3.89,4.47,4.43,,0.345,,,81.7,,92.3,0.073,0.355,88.1,18.4,114.6,0.345,0.431,0.225,0.109,0.488,0.342,0.17,0.154,0.546,0.3,0.091,4.26,4.47,0.325,0.6809999999999999,0.478,0.64,0.86,0.775,0.43,0.617,0.107,0.16899999999999998,0.276,0.797,1.0,0.266,90,102,2.88,2.6,3.9,26.0,$21.2,2023
Yusei Kikuchi,TOR,11,6,0,32,32,167.2,165,78,72,27,48,181,3.86,1.27,9.72,2.58,0.259,0.069,0.19,4.12,3.77,3.86,0.3,,,88.3,,,95.1,0.09,0.424,90.5,13.3,114.1,0.397,0.382,0.22,0.107,0.4,0.31,0.289,0.152,0.488,0.36,0.153,4.3,3.77,0.32899999999999996,0.695,0.48700000000000004,0.57,0.86,0.748,0.431,0.594,0.122,0.156,0.27899999999999997,0.7759999999999999,1.45,0.314,95,88,3.77,2.6,2.8,25.3,$20.5,2023
Aaron Civale,- - -,7,5,0,23,23,122.1,109,47,47,12,33,116,3.46,1.16,8.53,2.43,0.23,0.065,0.165,3.57,4.1,4.15,0.059000000000000004,0.017,,82.5,85.2,,91.9,0.066,0.363,89.0,16.0,113.6,0.39,0.39,0.221,0.127,0.45799999999999996,0.33,0.212,0.149,0.544,0.307,0.09,3.69,4.1,0.33799999999999997,0.653,0.46799999999999997,0.6729999999999999,0.8690000000000001,0.7859999999999999,0.413,0.687,0.1,0.18899999999999997,0.289,0.768,0.88,0.287,85,96,3.52,2.6,3.2,24.8,$20.5,2023
Bailey Ober,MIN,8,6,0,26,26,144.1,125,58,55,22,29,146,3.43,1.07,9.1,1.81,0.253,0.05,0.203,3.96,4.2,3.87,0.196,0.28,,81.1,83.8,,91.4,0.096,0.35700000000000004,88.2,20.0,112.1,0.34299999999999997,0.496,0.161,0.098,0.435,0.344,0.22,0.152,0.524,0.324,0.113,3.63,4.2,0.37799999999999995,0.75,0.531,0.635,0.815,0.7390000000000001,0.41100000000000003,0.659,0.138,0.13699999999999998,0.275,0.7909999999999999,1.37,0.276,92,98,5.03,2.5,3.5,24.1,$19.7,2023
Taijuan Walker,PHI,15,6,0,31,31,172.2,155,87,84,20,71,138,4.38,1.31,7.19,3.7,0.188,0.09699999999999999,0.091,4.53,4.83,4.97,0.031,,,82.7,,,93.1,0.068,0.409,89.1,11.1,111.3,0.446,0.368,0.18600000000000003,0.11699999999999999,0.43,0.353,0.217,0.16699999999999998,0.508,0.326,0.106,4.37,4.83,0.306,0.653,0.43799999999999994,0.6920000000000001,0.895,0.8079999999999999,0.382,0.608,0.084,0.166,0.25,0.7140000000000001,1.04,0.272,102,110,1.94,2.4,2.9,24.4,$19.3,2023
Clayton Kershaw,LAD,13,5,0,24,24,131.2,100,39,36,19,40,137,2.46,1.06,9.36,2.73,0.262,0.076,0.185,4.03,3.57,3.82,0.433,,,86.6,,,90.9,0.09,0.391,89.0,11.8,114.1,0.475,0.331,0.19399999999999998,0.142,0.493,0.27699999999999997,0.23,0.155,0.513,0.332,0.168,3.75,3.57,0.336,0.708,0.494,0.56,0.8440000000000001,0.733,0.425,0.6829999999999999,0.132,0.16399999999999998,0.295,0.893,1.3,0.25,89,82,3.43,2.4,4.9,24.2,$19.6,2023
Yu Darvish,SDP,8,10,0,24,24,136.1,134,71,69,18,43,141,4.56,1.3,9.31,2.84,0.24600000000000002,0.075,0.171,4.03,3.92,4.04,0.187,0.006999999999999999,,82.5,87.3,,94.8,0.068,0.382,88.4,13.7,112.3,0.41600000000000004,0.35,0.23399999999999999,0.135,0.39,0.374,0.23600000000000002,0.18100000000000002,0.513,0.306,0.135,3.81,3.92,0.303,0.6559999999999999,0.46299999999999997,0.608,0.8590000000000001,0.769,0.45299999999999996,0.601,0.107,0.183,0.29,0.713,1.19,0.319,93,90,3.28,2.4,1.6,24.2,$19.5,2023
Kutter Crawford,BOS,6,8,0,31,23,129.1,107,59,58,17,36,135,4.04,1.11,9.39,2.51,0.256,0.068,0.188,3.83,4.32,3.93,0.127,0.079,,82.5,82.5,,93.8,0.077,0.353,87.8,20.4,111.9,0.349,0.491,0.16,0.128,0.42700000000000005,0.353,0.21899999999999997,0.188,0.493,0.319,0.099,3.24,4.32,0.365,0.741,0.523,0.65,0.8370000000000001,0.7609999999999999,0.418,0.626,0.125,0.14,0.264,0.7170000000000001,1.18,0.269,89,101,3.75,2.4,2.5,23.6,$19.4,2023
Ranger Suarez,PHI,4,6,0,22,22,125.0,129,59,58,13,48,119,4.18,1.42,8.57,3.46,0.22,0.08900000000000001,0.131,3.9,4.05,4.38,0.033,0.184,,85.5,83.0,,93.4,0.075,0.361,87.8,8.1,114.5,0.485,0.308,0.207,0.035,0.39399999999999996,0.375,0.23199999999999998,0.16399999999999998,0.496,0.34,0.115,4.36,4.05,0.32299999999999995,0.639,0.447,0.657,0.894,0.79,0.39299999999999996,0.615,0.094,0.17800000000000002,0.272,0.746,0.94,0.324,88,92,2.48,2.4,2.5,23.5,$19.1,2023
Reid Detmers,LAA,4,10,0,28,28,148.2,141,81,74,19,60,168,4.48,1.35,10.17,3.63,0.261,0.09300000000000001,0.168,4.13,4.27,4.14,0.319,0.055,,88.8,84.9,,94.3,0.062,0.414,89.8,15.8,112.4,0.36700000000000005,0.40399999999999997,0.22899999999999998,0.09300000000000001,0.444,0.33299999999999996,0.223,0.139,0.499,0.36200000000000004,0.11699999999999999,4.57,4.27,0.308,0.7190000000000001,0.488,0.607,0.828,0.7490000000000001,0.43799999999999994,0.615,0.122,0.152,0.27399999999999997,0.71,1.15,0.318,95,100,2.8,2.4,1.7,23.8,$19.4,2023
Nathan Eovaldi,TEX,12,5,0,25,25,144.0,117,59,58,15,47,132,3.63,1.14,8.25,2.94,0.22899999999999998,0.081,0.147,3.88,3.96,4.18,0.040999999999999995,,,83.9,,,95.3,0.079,0.431,88.9,6.4,113.3,0.51,0.321,0.16899999999999998,0.064,0.469,0.33399999999999996,0.196,0.14,0.49200000000000005,0.36700000000000005,0.12,3.97,3.96,0.318,0.716,0.47600000000000003,0.619,0.852,0.758,0.397,0.6,0.115,0.152,0.267,0.745,0.94,0.271,90,92,2.81,2.3,3.2,23.0,$18.7,2023
Joe Ryan,MIN,11,10,0,29,29,161.2,155,83,81,32,34,197,4.51,1.17,10.97,1.89,0.293,0.051,0.243,4.13,3.76,3.44,0.158,,0.0,80.4,,74.0,92.3,0.087,0.41600000000000004,90.0,20.4,116.0,0.316,0.499,0.18600000000000003,0.079,0.423,0.345,0.23199999999999998,0.147,0.526,0.326,0.149,3.53,3.76,0.375,0.758,0.5489999999999999,0.6679999999999999,0.797,0.7490000000000001,0.455,0.674,0.138,0.138,0.276,0.746,1.78,0.305,96,88,5.79,2.3,2.1,23.1,$18.7,2023
Shohei Ohtani,LAA,10,5,0,23,23,132.0,85,50,46,18,55,167,3.14,1.06,11.39,3.75,0.315,0.10400000000000001,0.21100000000000002,4.0,3.58,3.66,0.37200000000000005,,,83.7,,,96.7,0.10099999999999999,0.349,86.4,11.5,110.7,0.455,0.364,0.182,0.111,0.441,0.306,0.253,0.185,0.47100000000000003,0.34299999999999997,0.16699999999999998,3.81,3.58,0.292,0.6709999999999999,0.465,0.518,0.8270000000000001,0.722,0.457,0.601,0.129,0.171,0.3,0.8029999999999999,1.23,0.239,92,83,3.04,2.3,3.8,22.4,$18.3,2023
Patrick Sandoval,LAA,7,13,0,28,28,144.2,145,89,66,12,74,128,4.11,1.51,7.96,4.6,0.196,0.113,0.083,4.18,4.61,5.0,0.285,0.258,,86.5,83.0,,93.0,0.07,0.35,87.6,9.4,114.4,0.466,0.3,0.23399999999999999,0.091,0.42700000000000005,0.37799999999999995,0.196,0.166,0.537,0.297,0.091,4.71,4.61,0.317,0.674,0.465,0.58,0.848,0.741,0.414,0.5920000000000001,0.12,0.159,0.27899999999999997,0.65,0.75,0.306,96,108,1.73,2.3,0.7,22.3,$18.1,2023
David Bednar,PIT,3,3,39,66,0,67.1,53,22,15,3,21,80,2.0,1.1,10.69,2.81,0.289,0.076,0.213,2.53,3.86,3.28,,,,,,,96.6,0.052000000000000005,0.405,88.0,15.6,109.0,0.39399999999999996,0.45899999999999996,0.147,0.141,0.382,0.39299999999999996,0.225,0.19699999999999998,0.486,0.318,0.038,2.82,3.86,0.381,0.7709999999999999,0.541,0.605,0.7709999999999999,0.7020000000000001,0.41100000000000003,0.5920000000000001,0.161,0.129,0.29,0.755,0.4,0.294,58,88,3.81,2.3,2.2,23.1,$18.6,2023
Max Scherzer,- - -,13,6,0,27,27,152.2,126,65,64,28,45,174,3.77,1.12,10.26,2.65,0.28,0.07200000000000001,0.20800000000000002,4.32,4.02,3.77,0.168,0.141,,84.0,83.9,,93.9,0.085,0.369,88.5,20.1,111.7,0.332,0.486,0.182,0.135,0.41200000000000003,0.349,0.239,0.183,0.49700000000000005,0.319,0.146,3.29,4.02,0.345,0.72,0.508,0.593,0.8270000000000001,0.737,0.434,0.6990000000000001,0.133,0.154,0.287,0.81,1.65,0.265,100,92,3.87,2.2,3.1,21.3,$17.3,2023
Mike Clevinger,CHW,9,9,0,24,24,131.1,121,56,55,16,40,110,3.77,1.23,7.54,2.74,0.2,0.073,0.128,4.28,5.15,4.81,0.273,0.128,,79.5,86.1,,94.6,0.07200000000000001,0.359,88.1,21.4,113.3,0.309,0.503,0.188,0.133,0.433,0.308,0.259,0.179,0.551,0.26899999999999996,0.08199999999999999,4.09,5.15,0.318,0.7120000000000001,0.49,0.662,0.879,0.8,0.43700000000000006,0.634,0.098,0.165,0.263,0.772,1.1,0.281,97,120,2.75,2.2,2.9,21.2,$17.3,2023
Cole Ragans,- - -,7,5,0,29,12,96.0,70,40,37,7,41,113,3.47,1.16,10.59,3.84,0.28800000000000003,0.105,0.184,3.19,3.71,3.85,0.096,0.23600000000000002,,86.7,86.6,,96.6,0.064,0.369,87.8,10.6,113.6,0.44,0.363,0.19699999999999998,0.071,0.364,0.35200000000000004,0.284,0.17800000000000002,0.5379999999999999,0.284,0.08199999999999999,3.32,3.71,0.326,0.7340000000000001,0.493,0.58,0.7979999999999999,0.713,0.409,0.5920000000000001,0.141,0.14400000000000002,0.285,0.7070000000000001,0.66,0.275,74,87,2.76,2.2,2.1,20.0,$17.7,2023
Michael King,NYY,4,8,6,49,9,104.2,88,35,32,10,32,127,2.75,1.15,10.92,2.75,0.295,0.07400000000000001,0.22,3.13,3.37,3.29,,0.145,,,87.3,,94.8,0.071,0.33299999999999996,86.8,12.6,113.0,0.428,0.35600000000000004,0.21600000000000003,0.096,0.442,0.315,0.243,0.16899999999999998,0.5429999999999999,0.28800000000000003,0.106,3.48,3.37,0.309,0.597,0.425,0.565,0.8490000000000001,0.725,0.40299999999999997,0.65,0.11699999999999999,0.215,0.332,0.8109999999999999,0.86,0.304,72,79,3.97,2.2,2.8,21.5,$17.9,2023
Joe Musgrove,SDP,10,3,0,17,17,97.1,90,35,33,10,21,97,3.05,1.14,8.97,1.94,0.243,0.053,0.19,3.52,3.7,3.77,0.145,0.114,,82.3,87.2,,93.2,0.051,0.335,87.5,11.1,111.9,0.45,0.32799999999999996,0.221,0.055999999999999994,0.43799999999999994,0.342,0.221,0.154,0.5920000000000001,0.254,0.11199999999999999,3.11,3.7,0.385,0.643,0.49200000000000005,0.611,0.9009999999999999,0.768,0.414,0.647,0.114,0.17,0.284,0.802,0.92,0.305,81,84,4.62,2.1,2.8,20.8,$17.1,2023
Andrew Abbott,CIN,8,6,0,21,21,109.1,100,47,47,16,44,120,3.87,1.32,9.88,3.62,0.261,0.096,0.166,4.2,4.56,4.33,0.165,0.16399999999999998,,83.0,86.7,,92.6,0.092,0.425,91.2,21.6,115.7,0.28600000000000003,0.517,0.19699999999999998,0.113,0.381,0.364,0.255,0.133,0.52,0.34700000000000003,0.107,3.94,4.56,0.322,0.674,0.46399999999999997,0.64,0.853,0.765,0.40399999999999997,0.597,0.109,0.16,0.26899999999999996,0.799,1.32,0.302,91,104,2.73,2.1,2.8,21.1,$17.1,2023
Shane Bieber,CLE,6,6,0,21,21,128.0,124,56,54,14,34,107,3.8,1.23,7.52,2.39,0.201,0.064,0.13699999999999998,3.87,3.96,4.29,0.218,0.035,,84.7,87.3,,91.6,0.077,0.47600000000000003,91.6,9.5,116.3,0.47200000000000003,0.303,0.225,0.094,0.395,0.36700000000000005,0.23800000000000002,0.147,0.525,0.32799999999999996,0.12,4.85,3.96,0.306,0.664,0.456,0.562,0.903,0.77,0.42,0.677,0.105,0.192,0.297,0.743,0.98,0.293,91,92,3.15,2.1,2.5,20.5,$16.7,2023
Chris Sale,BOS,6,5,0,20,20,102.2,87,52,49,15,29,125,4.3,1.13,10.96,2.54,0.294,0.068,0.226,3.8,3.72,3.5,0.375,0.131,,77.9,86.1,,94.1,0.084,0.34600000000000003,87.9,15.6,113.9,0.373,0.435,0.192,0.124,0.384,0.32299999999999995,0.293,0.16,0.532,0.308,0.133,3.62,3.72,0.366,0.643,0.478,0.621,0.8109999999999999,0.725,0.405,0.633,0.132,0.172,0.304,0.6990000000000001,1.31,0.29,88,87,4.31,2.1,1.7,20.4,$16.8,2023
Cristian Javier,HOU,10,5,0,31,31,162.0,143,85,82,25,62,159,4.56,1.27,8.83,3.44,0.231,0.09,0.141,4.58,5.16,4.76,0.299,0.040999999999999995,,79.6,83.7,,92.8,0.094,0.38299999999999995,89.1,23.8,114.1,0.256,0.556,0.188,0.106,0.368,0.366,0.266,0.15,0.519,0.331,0.098,4.44,5.16,0.32799999999999996,0.7070000000000001,0.479,0.653,0.8370000000000001,0.762,0.39899999999999997,0.555,0.114,0.138,0.252,0.718,1.39,0.272,107,120,2.56,2.0,2.1,20.0,$16.0,2023
Matt Brash,SEA,9,4,4,78,0,70.2,65,26,24,3,29,107,3.06,1.33,13.63,3.69,0.34700000000000003,0.094,0.253,2.26,3.05,2.86,0.518,0.001,,89.0,87.0,,98.2,0.048,0.34299999999999997,88.1,12.4,108.4,0.461,0.345,0.19399999999999998,0.07,0.331,0.349,0.319,0.19899999999999998,0.494,0.307,0.053,3.25,3.05,0.325,0.621,0.439,0.442,0.818,0.647,0.387,0.617,0.155,0.175,0.33,0.772,0.38,0.38,55,71,3.69,2.0,1.3,19.9,$16.2,2023
Matt Strahm,PHI,9,5,2,56,10,87.2,68,34,32,11,21,108,3.29,1.02,11.09,2.16,0.308,0.06,0.248,3.24,3.52,3.1,0.23600000000000002,0.004,,83.0,86.5,,93.6,0.08199999999999999,0.42,90.2,19.8,112.8,0.33,0.47,0.2,0.079,0.397,0.361,0.242,0.155,0.489,0.35600000000000004,0.109,3.15,3.52,0.337,0.6859999999999999,0.503,0.61,0.809,0.7390000000000001,0.47600000000000003,0.63,0.131,0.16899999999999998,0.3,0.757,1.13,0.274,73,80,5.14,2.0,2.1,19.4,$15.8,2023
Steven Matz,STL,4,7,0,25,17,105.0,108,48,45,11,32,98,3.86,1.33,8.4,2.74,0.218,0.071,0.147,3.75,3.96,4.19,0.018000000000000002,0.27399999999999997,,88.9,84.2,,,0.047,0.38,89.1,11.8,111.4,0.446,0.318,0.23600000000000002,0.1,0.37,0.33899999999999997,0.29100000000000004,0.146,0.544,0.31,0.11,3.87,3.96,0.309,0.685,0.47700000000000004,0.6579999999999999,0.8420000000000001,0.7759999999999999,0.446,0.612,0.107,0.175,0.281,0.745,0.94,0.318,87,91,3.06,2.0,1.9,19.4,$15.7,2023
Dane Dunning,TEX,12,7,0,35,26,172.2,163,73,71,20,55,140,3.7,1.26,7.3,2.87,0.19399999999999998,0.076,0.11800000000000001,4.27,4.39,4.52,0.233,0.156,,82.2,85.7,,90.7,0.075,0.402,88.8,10.8,115.6,0.46299999999999997,0.32899999999999996,0.207,0.08800000000000001,0.44299999999999995,0.354,0.203,0.146,0.539,0.315,0.11800000000000001,4.48,4.39,0.321,0.6779999999999999,0.469,0.66,0.883,0.794,0.415,0.633,0.09699999999999999,0.177,0.27399999999999997,0.775,1.04,0.288,99,102,2.55,1.9,3.4,19.3,$15.6,2023
Shane McClanahan,TBR,11,2,0,21,21,115.0,95,42,42,15,41,121,3.29,1.18,9.47,3.21,0.258,0.087,0.171,3.92,3.84,4.06,0.152,,,89.4,,,97.0,0.098,0.423,89.7,11.2,113.7,0.436,0.37,0.193,0.08,0.384,0.336,0.28,0.134,0.511,0.355,0.133,4.08,3.84,0.35,0.703,0.511,0.516,0.799,0.6940000000000001,0.455,0.64,0.156,0.158,0.314,0.8170000000000001,1.17,0.274,94,90,2.95,1.9,3.2,18.3,$14.9,2023
Nick Pivetta,BOS,10,9,1,38,16,142.2,110,69,64,23,50,183,4.04,1.12,11.54,3.15,0.312,0.085,0.22699999999999998,3.96,3.55,3.36,0.24100000000000002,0.005,,86.7,84.8,,94.7,0.11800000000000001,0.43700000000000006,90.5,13.4,111.4,0.364,0.419,0.217,0.069,0.43799999999999994,0.331,0.231,0.124,0.522,0.354,0.159,3.99,3.55,0.355,0.6709999999999999,0.488,0.5760000000000001,0.847,0.733,0.42100000000000004,0.615,0.131,0.163,0.293,0.725,1.45,0.268,92,83,3.66,1.9,2.1,18.4,$14.9,2023
Clarke Schmidt,NYY,9,9,0,33,32,159.0,169,91,82,24,46,149,4.64,1.35,8.43,2.6,0.215,0.066,0.14800000000000002,4.42,4.36,4.29,0.27399999999999997,0.013999999999999999,,86.1,89.5,,,0.076,0.41,89.2,13.8,116.7,0.43799999999999994,0.377,0.185,0.126,0.447,0.322,0.23199999999999998,0.154,0.537,0.309,0.131,4.32,4.36,0.325,0.655,0.469,0.621,0.8859999999999999,0.7829999999999999,0.439,0.638,0.102,0.182,0.284,0.7020000000000001,1.36,0.313,101,102,3.24,1.9,0.8,18.8,$15.1,2023
Max Fried,ATL,8,1,0,14,14,77.2,70,24,22,7,18,80,2.55,1.13,9.27,2.09,0.257,0.057999999999999996,0.19899999999999998,3.14,3.1,3.38,0.152,0.165,,84.7,86.2,,94.2,0.038,0.327,86.5,4.8,112.9,0.5770000000000001,0.255,0.168,0.038,0.39299999999999996,0.389,0.218,0.147,0.611,0.242,0.132,2.74,3.1,0.324,0.6890000000000001,0.462,0.6,0.862,0.748,0.379,0.5820000000000001,0.11699999999999999,0.16699999999999998,0.284,0.823,0.81,0.309,73,71,4.44,1.9,2.8,18.1,$15.0,2023
Brady Singer,KCR,8,11,0,29,29,159.2,182,102,98,20,49,133,5.52,1.45,7.5,2.76,0.18899999999999997,0.07,0.12,4.29,4.28,4.46,0.426,0.064,,84.0,87.8,,92.5,0.078,0.486,91.0,9.0,113.9,0.495,0.306,0.198,0.051,0.439,0.33,0.23,0.11900000000000001,0.494,0.387,0.128,4.94,4.28,0.29,0.66,0.45399999999999996,0.573,0.9079999999999999,0.789,0.44299999999999995,0.617,0.096,0.184,0.27899999999999997,0.649,1.13,0.329,100,100,2.71,1.9,0.5,19.2,$15.4,2023
Grayson Rodriguez,BAL,7,4,0,23,23,122.0,121,62,59,16,42,129,4.35,1.34,9.52,3.1,0.25,0.08199999999999999,0.16899999999999998,3.93,3.78,4.01,0.141,0.22399999999999998,,82.4,84.0,,97.4,0.073,0.436,89.8,10.4,114.6,0.47200000000000003,0.337,0.191,0.07,0.408,0.36700000000000005,0.226,0.12,0.507,0.37200000000000005,0.139,4.21,3.78,0.342,0.7090000000000001,0.503,0.6,0.857,0.759,0.44,0.617,0.121,0.154,0.276,0.722,1.18,0.322,92,88,3.07,1.9,1.5,18.7,$15.2,2023
Camilo Doval,SFG,6,6,39,69,0,67.2,51,32,22,3,26,87,2.93,1.14,11.57,3.46,0.31,0.09300000000000001,0.217,2.77,3.36,3.12,0.36200000000000004,,,88.9,,,,0.05,0.413,88.9,8.0,115.4,0.522,0.302,0.17600000000000002,0.125,0.494,0.319,0.188,0.20800000000000002,0.45899999999999996,0.33299999999999996,0.063,2.91,3.36,0.332,0.695,0.47600000000000003,0.5479999999999999,0.787,0.6859999999999999,0.397,0.5770000000000001,0.14800000000000002,0.16,0.308,0.6559999999999999,0.4,0.306,66,77,3.35,1.9,0.6,19.2,$15.4,2023
Hunter Greene,CIN,4,7,0,22,22,112.0,111,65,60,19,48,152,4.82,1.42,12.21,3.86,0.305,0.096,0.209,4.25,4.0,3.74,0.40299999999999997,0.053,,87.4,91.2,,98.6,0.09,0.441,90.1,17.4,112.5,0.344,0.467,0.18899999999999997,0.06,0.40700000000000003,0.35200000000000004,0.24100000000000002,0.128,0.528,0.345,0.14300000000000002,3.8,4.0,0.33399999999999996,0.705,0.49,0.5820000000000001,0.8190000000000001,0.725,0.42,0.645,0.134,0.145,0.28,0.726,1.53,0.339,92,91,3.17,1.9,1.2,19.2,$15.4,2023
Bryce Elder,ATL,12,4,0,31,31,174.2,160,79,74,19,63,128,3.81,1.28,6.6,3.25,0.175,0.086,0.08900000000000001,4.42,4.49,4.81,0.35100000000000003,0.138,,82.8,85.0,,90.9,0.06,0.409,89.9,8.5,115.0,0.499,0.297,0.204,0.076,0.462,0.32,0.218,0.113,0.53,0.35700000000000004,0.121,4.58,4.49,0.322,0.684,0.46,0.634,0.899,0.785,0.382,0.633,0.099,0.165,0.264,0.7440000000000001,0.98,0.274,103,103,2.03,1.8,3.4,18.4,$14.4,2023
Hunter Brown,HOU,11,13,0,31,29,155.2,157,94,88,26,55,178,5.09,1.36,10.29,3.18,0.268,0.083,0.185,4.37,3.52,3.74,0.017,,,84.6,,,95.7,0.109,0.444,90.8,6.9,113.6,0.524,0.294,0.182,0.073,0.364,0.36200000000000004,0.27399999999999997,0.135,0.504,0.36200000000000004,0.21,4.3,3.52,0.312,0.66,0.46299999999999997,0.588,0.883,0.77,0.433,0.588,0.106,0.16699999999999998,0.273,0.688,1.5,0.33,103,82,3.24,1.8,0.7,18.5,$14.8,2023
Johan Oviedo,PIT,9,14,0,32,32,177.2,161,91,85,19,83,158,4.31,1.37,8.0,4.2,0.20199999999999999,0.106,0.096,4.49,4.87,4.92,0.364,0.040999999999999995,,88.3,88.1,,95.8,0.076,0.4,88.5,11.8,114.8,0.449,0.363,0.187,0.095,0.408,0.358,0.23399999999999999,0.16399999999999998,0.52,0.316,0.1,4.58,4.87,0.281,0.725,0.46299999999999997,0.5720000000000001,0.863,0.759,0.41100000000000003,0.5379999999999999,0.111,0.154,0.265,0.72,0.96,0.28,103,111,1.9,1.8,2.3,18.4,$14.4,2023
Devin Williams,MIL,8,3,36,61,0,58.2,26,13,10,4,28,87,1.53,0.92,13.35,4.3,0.377,0.121,0.255,2.66,2.79,2.93,,0.579,,,83.9,,94.2,0.07,0.29600000000000004,85.9,8.9,111.5,0.478,0.313,0.209,0.083,0.461,0.304,0.235,0.139,0.574,0.287,0.111,2.66,2.79,0.342,0.6920000000000001,0.465,0.5,0.723,0.617,0.35200000000000004,0.5670000000000001,0.17800000000000002,0.152,0.32899999999999996,0.85,0.61,0.198,61,64,3.11,1.8,2.9,18.0,$14.5,2023
Bryce Miller,SEA,8,7,0,25,25,131.1,124,64,63,18,26,119,4.32,1.14,8.15,1.78,0.222,0.048,0.17300000000000001,3.98,4.31,4.17,0.19,0.055999999999999994,,86.7,85.1,,95.1,0.109,0.42100000000000004,90.7,17.8,116.9,0.335,0.44,0.225,0.083,0.379,0.379,0.242,0.13,0.514,0.35600000000000004,0.107,4.86,4.31,0.33799999999999997,0.745,0.527,0.684,0.835,0.7829999999999999,0.46399999999999997,0.659,0.114,0.147,0.261,0.706,1.23,0.289,97,101,4.58,1.8,1.5,18.2,$14.7,2023
Jack Flaherty,- - -,8,9,0,29,27,144.1,162,83,80,17,66,148,4.99,1.58,9.23,4.12,0.228,0.102,0.126,4.36,4.36,4.53,0.242,0.03,,84.2,85.1,,93.2,0.073,0.384,88.0,11.7,113.0,0.42700000000000005,0.318,0.256,0.067,0.45899999999999996,0.29600000000000004,0.24600000000000002,0.132,0.56,0.307,0.127,5.05,4.36,0.289,0.6629999999999999,0.43799999999999994,0.619,0.843,0.755,0.39799999999999996,0.589,0.107,0.175,0.282,0.726,1.06,0.356,102,100,2.24,1.8,1.1,17.7,$14.1,2023
Alex Cobb,SFG,7,7,0,28,28,151.1,163,69,65,19,37,131,3.87,1.32,7.79,2.2,0.203,0.057,0.146,4.01,3.51,3.81,0.05,0.38799999999999996,,86.2,89.6,,95.1,0.07,0.434,89.8,1.3,113.9,0.5760000000000001,0.222,0.203,0.028999999999999998,0.43,0.354,0.21600000000000003,0.142,0.502,0.35600000000000004,0.183,4.74,3.51,0.324,0.633,0.447,0.682,0.905,0.8079999999999999,0.39899999999999997,0.6609999999999999,0.086,0.191,0.276,0.764,1.13,0.318,95,80,3.54,1.8,2.6,18.6,$14.7,2023
Griffin Canning,LAA,7,8,0,24,22,127.0,121,62,61,22,36,139,4.32,1.24,9.85,2.55,0.259,0.067,0.192,4.29,3.82,3.8,0.299,0.21,,88.5,90.3,,94.6,0.098,0.424,91.0,12.8,112.4,0.42700000000000005,0.387,0.18600000000000003,0.08800000000000001,0.41,0.35100000000000003,0.239,0.129,0.489,0.382,0.161,4.15,3.82,0.325,0.687,0.485,0.523,0.861,0.7340000000000001,0.442,0.603,0.128,0.168,0.295,0.762,1.56,0.296,99,89,3.86,1.8,2.1,17.4,$14.0,2023
Brandon Williamson,CIN,5,5,0,23,23,117.0,111,63,58,18,39,98,4.46,1.28,7.54,3.0,0.2,0.079,0.12,4.63,4.72,4.72,0.1,0.165,,81.8,84.1,,92.8,0.08199999999999999,0.41200000000000003,90.1,17.3,111.7,0.374,0.425,0.201,0.10800000000000001,0.384,0.33,0.287,0.139,0.537,0.324,0.122,4.75,4.72,0.289,0.69,0.467,0.675,0.867,0.8009999999999999,0.444,0.599,0.09300000000000001,0.17,0.263,0.7020000000000001,1.38,0.278,101,108,2.51,1.8,1.8,17.7,$14.1,2023
Cristopher Sanchez,PHI,3,5,0,19,18,99.1,88,44,38,16,16,96,3.44,1.05,8.7,1.45,0.242,0.04,0.20199999999999999,3.99,3.09,3.33,0.21100000000000002,0.327,,82.8,81.9,,,0.08199999999999999,0.402,88.8,3.9,112.9,0.57,0.26,0.17,0.069,0.445,0.345,0.21,0.157,0.502,0.342,0.222,3.74,3.09,0.376,0.62,0.48100000000000004,0.583,0.902,0.759,0.429,0.667,0.11599999999999999,0.193,0.309,0.745,1.45,0.272,89,71,6.0,1.8,2.2,17.8,$14.3,2023
Alexis Diaz,CIN,9,6,37,71,0,67.1,44,30,23,4,36,86,3.07,1.19,11.5,4.81,0.301,0.126,0.175,3.52,4.2,3.76,0.515,,,87.6,,,94.7,0.065,0.41600000000000004,89.8,18.0,109.1,0.38,0.39299999999999996,0.22699999999999998,0.153,0.38299999999999995,0.37,0.247,0.182,0.513,0.305,0.068,3.4,4.2,0.316,0.706,0.466,0.544,0.784,0.684,0.384,0.556,0.147,0.127,0.27399999999999997,0.711,0.53,0.267,77,96,2.39,1.7,1.4,17.1,$13.6,2023
Jon Gray,TEX,9,8,0,29,29,157.1,149,75,72,22,54,142,4.12,1.29,8.12,3.09,0.21600000000000003,0.08199999999999999,0.134,4.47,4.36,4.48,0.39799999999999996,0.11599999999999999,,87.3,88.8,,95.7,0.064,0.395,89.4,13.5,114.6,0.4,0.365,0.235,0.092,0.348,0.364,0.28800000000000003,0.157,0.519,0.324,0.135,4.49,4.36,0.35,0.705,0.505,0.606,0.856,0.758,0.43700000000000006,0.665,0.122,0.154,0.275,0.7559999999999999,1.26,0.296,104,102,2.63,1.7,2.4,16.9,$13.4,2023
Michael Lorenzen,- - -,9,9,1,29,25,153.0,138,76,71,20,47,111,4.18,1.21,6.53,2.76,0.17800000000000002,0.075,0.10300000000000001,4.46,4.68,4.87,0.3,0.214,,84.8,84.5,,94.5,0.08,0.401,90.0,13.8,114.5,0.41,0.386,0.203,0.062,0.41700000000000004,0.337,0.24600000000000002,0.09699999999999999,0.551,0.35200000000000004,0.113,4.53,4.68,0.326,0.6990000000000001,0.493,0.7140000000000001,0.8640000000000001,0.809,0.447,0.667,0.094,0.163,0.257,0.698,1.18,0.266,102,108,2.36,1.7,2.4,17.0,$13.9,2023
Adrian Houser,MIL,8,5,0,23,21,111.1,121,56,51,13,34,96,4.12,1.39,7.76,2.75,0.2,0.071,0.129,3.99,4.3,4.45,0.16399999999999998,0.039,,82.3,84.5,,93.4,0.071,0.46299999999999997,90.5,11.2,111.0,0.467,0.354,0.179,0.081,0.409,0.397,0.19399999999999998,0.134,0.506,0.36,0.106,4.21,4.3,0.284,0.6729999999999999,0.449,0.753,0.889,0.8390000000000001,0.424,0.609,0.07200000000000001,0.18600000000000003,0.258,0.726,1.05,0.32,91,98,2.82,1.7,1.3,17.2,$13.8,2023
Logan Allen,CLE,7,8,0,24,24,125.1,127,55,53,16,48,119,3.81,1.4,8.55,3.45,0.222,0.08900000000000001,0.132,4.19,4.28,4.49,0.222,,,78.8,,,91.6,0.076,0.39,88.9,12.6,114.8,0.42700000000000005,0.366,0.207,0.098,0.43200000000000005,0.321,0.247,0.155,0.508,0.337,0.12,4.43,4.28,0.325,0.69,0.47600000000000003,0.633,0.867,0.773,0.414,0.633,0.10800000000000001,0.162,0.26899999999999996,0.7879999999999999,1.15,0.314,99,100,2.48,1.7,2.5,16.7,$13.4,2023
Aroldis Chapman,- - -,6,5,6,61,0,58.1,37,24,20,4,36,103,3.09,1.25,15.89,5.55,0.414,0.145,0.26899999999999996,2.52,2.59,2.95,0.29,,,88.1,,,99.1,0.092,0.33,86.5,10.4,110.8,0.47700000000000004,0.312,0.21100000000000002,0.147,0.44,0.33,0.22899999999999998,0.204,0.546,0.25,0.11800000000000001,2.82,2.59,0.276,0.657,0.449,0.444,0.6920000000000001,0.609,0.456,0.562,0.175,0.18899999999999997,0.363,0.731,0.62,0.314,59,60,2.86,1.7,1.0,17.0,$13.9,2023
Emmanuel Clase,CLE,3,9,44,75,0,72.2,68,37,26,4,16,64,3.22,1.16,7.93,1.98,0.212,0.053,0.159,2.91,3.45,3.43,0.32,,,91.2,,,,0.05,0.376,88.4,1.9,109.6,0.55,0.252,0.19699999999999998,0.036000000000000004,0.294,0.376,0.33,0.163,0.534,0.303,0.073,3.07,3.45,0.35100000000000003,0.7340000000000001,0.5329999999999999,0.5489999999999999,0.852,0.747,0.47600000000000003,0.5660000000000001,0.134,0.14800000000000002,0.28300000000000003,0.605,0.5,0.295,69,80,4.0,1.7,0.3,17.2,$13.9,2023
Josh Hader,SDP,2,3,33,61,0,56.1,32,11,8,3,30,85,1.28,1.1,13.58,4.79,0.368,0.13,0.23800000000000002,2.69,3.52,3.15,0.233,0.032,,85.7,88.4,,,0.044000000000000004,0.28300000000000003,87.0,20.4,112.0,0.355,0.473,0.17300000000000001,0.17300000000000001,0.327,0.354,0.319,0.221,0.531,0.248,0.057999999999999996,2.34,3.52,0.365,0.721,0.49700000000000005,0.573,0.778,0.6829999999999999,0.371,0.5760000000000001,0.157,0.134,0.29100000000000004,0.888,0.48,0.264,62,80,2.83,1.7,2.6,17.2,$13.8,2023
Yennier Cano,BAL,1,4,8,72,0,72.2,60,19,17,4,13,65,2.11,1.0,8.05,1.61,0.23,0.046,0.184,2.84,3.01,2.98,0.13699999999999998,0.27699999999999997,,87.6,90.9,,96.5,0.054000000000000006,0.381,88.4,-2.5,113.7,0.58,0.195,0.225,0.026000000000000002,0.371,0.361,0.267,0.203,0.525,0.272,0.10300000000000001,3.28,3.01,0.361,0.679,0.501,0.615,0.862,0.763,0.441,0.6890000000000001,0.11900000000000001,0.162,0.281,0.81,0.5,0.283,67,70,5.0,1.7,2.9,16.9,$13.8,2023
Dean Kremer,BAL,13,5,0,32,32,172.2,171,85,79,27,55,157,4.12,1.31,8.18,2.87,0.214,0.075,0.139,4.51,4.34,4.44,0.034,0.122,,82.9,85.4,,94.6,0.08900000000000001,0.40299999999999997,89.7,12.7,115.2,0.39299999999999996,0.376,0.231,0.062,0.38,0.33799999999999997,0.282,0.145,0.544,0.311,0.139,4.93,4.34,0.305,0.7070000000000001,0.475,0.66,0.8590000000000001,0.785,0.423,0.627,0.102,0.159,0.261,0.7559999999999999,1.41,0.293,106,101,2.85,1.6,2.4,16.1,$12.7,2023
Brayan Bello,BOS,12,11,0,28,28,157.0,165,77,74,24,45,132,4.24,1.34,7.57,2.58,0.198,0.067,0.13,4.54,4.02,4.18,0.17600000000000002,0.239,,85.3,86.3,,95.7,0.07,0.44299999999999995,89.5,4.9,116.7,0.562,0.289,0.149,0.071,0.48,0.326,0.19399999999999998,0.14400000000000002,0.505,0.35100000000000003,0.171,4.16,4.02,0.32,0.7190000000000001,0.483,0.635,0.87,0.778,0.408,0.648,0.107,0.14800000000000002,0.255,0.762,1.38,0.306,105,94,2.93,1.6,2.8,15.9,$12.6,2023
Josiah Gray,WSN,8,13,0,30,30,159.0,152,72,69,22,80,143,3.91,1.46,8.09,4.53,0.205,0.115,0.09,4.93,5.12,5.08,0.287,,,85.0,,,93.6,0.094,0.36700000000000005,87.6,16.9,111.6,0.37799999999999995,0.41100000000000003,0.21100000000000002,0.136,0.45299999999999996,0.294,0.253,0.21,0.47600000000000003,0.313,0.115,5.02,5.12,0.314,0.696,0.46299999999999997,0.642,0.846,0.762,0.389,0.599,0.11,0.149,0.259,0.804,1.25,0.293,112,117,1.79,1.6,3.4,16.1,$12.5,2023
Kenta Maeda,MIN,6,8,0,21,20,104.1,94,50,49,17,28,117,4.23,1.17,10.09,2.42,0.273,0.065,0.20800000000000002,4.02,3.98,3.76,0.306,0.319,,81.6,84.2,,91.0,0.08199999999999999,0.42100000000000004,90.4,18.3,111.6,0.326,0.475,0.19899999999999998,0.092,0.389,0.386,0.225,0.1,0.564,0.336,0.13,3.74,3.98,0.342,0.6990000000000001,0.485,0.5770000000000001,0.852,0.735,0.39899999999999997,0.617,0.128,0.158,0.28600000000000003,0.741,1.47,0.293,94,93,4.18,1.6,1.6,15.9,$13.0,2023
Clay Holmes,NYY,4,4,24,66,0,63.0,51,22,20,2,23,71,2.86,1.17,10.14,3.29,0.271,0.08800000000000001,0.183,2.65,2.97,2.97,0.305,,,86.4,,,97.4,0.024,0.43,89.5,-3.5,111.7,0.655,0.17,0.17600000000000002,0.036000000000000004,0.41200000000000003,0.364,0.22399999999999998,0.127,0.521,0.35200000000000004,0.071,2.79,2.97,0.27399999999999997,0.644,0.43799999999999994,0.5710000000000001,0.853,0.755,0.444,0.588,0.107,0.20199999999999999,0.309,0.741,0.29,0.301,61,69,3.09,1.6,1.5,15.4,$12.5,2023
Jason Foley,DET,3,3,7,70,0,69.0,65,21,20,2,15,55,2.61,1.16,7.17,1.96,0.19899999999999998,0.054000000000000006,0.145,2.73,3.51,3.47,0.174,0.132,,89.0,91.6,,98.1,0.044000000000000004,0.42,88.2,3.8,113.1,0.5710000000000001,0.23399999999999999,0.195,0.0,0.302,0.449,0.249,0.166,0.483,0.35100000000000003,0.042,3.72,3.51,0.36,0.649,0.483,0.7509999999999999,0.924,0.85,0.425,0.63,0.073,0.175,0.247,0.767,0.26,0.31,64,82,3.67,1.6,2.1,15.3,$12.4,2023
Fernando Cruz,CIN,1,2,0,58,2,66.0,52,39,36,6,28,98,4.91,1.21,13.36,3.82,0.35100000000000003,0.1,0.251,2.83,3.5,2.98,0.282,,,87.3,,,94.4,0.099,0.41100000000000003,88.9,16.8,112.7,0.315,0.49700000000000005,0.188,0.095,0.45299999999999996,0.293,0.253,0.16699999999999998,0.473,0.36,0.081,3.45,3.5,0.32899999999999996,0.7340000000000001,0.488,0.5,0.777,0.664,0.39299999999999996,0.541,0.16399999999999998,0.136,0.3,0.584,0.82,0.317,62,80,3.5,1.6,0.0,15.9,$12.9,2023
Jameson Taillon,CHC,8,10,1,30,29,154.1,156,96,83,27,41,140,4.84,1.28,8.16,2.39,0.214,0.063,0.151,4.61,4.49,4.34,0.154,0.031,,81.0,86.6,,93.8,0.107,0.384,88.3,16.7,111.3,0.379,0.43,0.191,0.095,0.418,0.36200000000000004,0.22,0.177,0.512,0.311,0.134,4.71,4.49,0.33799999999999997,0.687,0.491,0.716,0.8590000000000001,0.804,0.43700000000000006,0.698,0.096,0.168,0.264,0.6459999999999999,1.57,0.292,107,102,3.41,1.5,0.3,15.6,$12.3,2023
Jeff Hoffman,PHI,5,2,1,54,0,52.1,29,16,14,3,19,69,2.41,0.92,11.87,3.27,0.332,0.091,0.24,2.57,3.24,2.99,0.479,0.17800000000000002,,87.8,90.6,,97.2,0.025,0.305,88.1,14.4,112.0,0.426,0.391,0.183,0.156,0.45799999999999996,0.322,0.22,0.203,0.483,0.314,0.067,2.51,3.24,0.37200000000000005,0.705,0.511,0.484,0.84,0.6890000000000001,0.418,0.63,0.158,0.139,0.297,0.742,0.52,0.226,58,74,3.63,1.5,1.6,15.1,$12.2,2023
Eury Perez,MIA,5,6,0,19,19,91.1,72,35,32,15,31,108,3.15,1.13,10.64,3.05,0.289,0.083,0.20600000000000002,4.11,4.24,3.94,0.299,0.098,,86.6,89.8,,97.4,0.107,0.40299999999999997,89.8,23.5,113.2,0.254,0.5479999999999999,0.19699999999999998,0.096,0.46399999999999997,0.33,0.20600000000000002,0.159,0.451,0.391,0.12,3.6,4.24,0.34,0.731,0.499,0.518,0.7979999999999999,0.685,0.40700000000000003,0.588,0.157,0.13699999999999998,0.293,0.833,1.48,0.261,94,97,3.48,1.5,2.5,15.0,$12.1,2023
Reese Olson,DET,5,7,0,21,18,103.2,83,49,46,14,33,103,3.99,1.12,8.94,2.86,0.244,0.078,0.166,4.01,3.91,4.06,0.305,0.153,,84.9,87.8,,94.8,0.109,0.428,90.8,12.8,113.8,0.428,0.365,0.207,0.096,0.4,0.41100000000000003,0.18899999999999997,0.13,0.516,0.354,0.135,4.69,3.91,0.319,0.677,0.462,0.53,0.894,0.743,0.4,0.602,0.11900000000000001,0.16699999999999998,0.28600000000000003,0.698,1.22,0.255,93,91,3.12,1.5,1.7,15.0,$12.2,2023
Chris Martin,BOS,4,1,3,55,0,51.1,45,6,6,2,8,46,1.05,1.03,8.06,1.4,0.231,0.04,0.191,2.44,2.9,3.08,0.055,,,85.5,,,95.9,0.021,0.31,84.5,4.0,109.5,0.51,0.21,0.28,0.067,0.379,0.29,0.331,0.193,0.5589999999999999,0.248,0.067,3.18,2.9,0.425,0.741,0.58,0.763,0.8290000000000001,0.804,0.49200000000000005,0.764,0.113,0.16399999999999998,0.278,0.9359999999999999,0.35,0.301,57,68,5.75,1.5,2.9,14.6,$11.9,2023
Drew Rasmussen,TBR,4,2,0,8,8,44.2,36,13,13,2,11,47,2.62,1.05,9.47,2.22,0.266,0.062,0.203,2.54,3.1,3.46,0.154,,,84.6,,,96.2,0.042,0.322,87.3,9.0,115.9,0.526,0.267,0.207,0.065,0.424,0.297,0.28,0.16899999999999998,0.627,0.203,0.065,2.91,3.1,0.341,0.6709999999999999,0.501,0.534,0.927,0.79,0.48700000000000004,0.7340000000000001,0.105,0.188,0.292,0.774,0.4,0.293,61,72,4.27,1.5,1.7,13.4,$11.6,2023
Paul Blackburn,OAK,4,7,0,21,20,103.2,117,54,51,11,43,104,4.43,1.54,9.03,3.73,0.22399999999999998,0.09300000000000001,0.131,3.96,4.33,4.5,0.18100000000000002,0.11,,80.9,86.0,,92.0,0.057,0.331,87.2,12.1,117.7,0.413,0.353,0.23399999999999999,0.036000000000000004,0.38,0.374,0.24600000000000002,0.166,0.537,0.297,0.1,4.42,4.33,0.332,0.69,0.456,0.6729999999999999,0.873,0.778,0.34600000000000003,0.586,0.10099999999999999,0.155,0.256,0.738,0.95,0.35,96,101,2.42,1.5,1.1,14.5,$12.0,2023
Bryan Abreu,HOU,3,2,5,72,0,72.0,44,17,14,6,31,100,1.75,1.04,12.5,3.88,0.348,0.10800000000000001,0.24,2.98,3.29,3.04,0.47200000000000003,,,87.9,,,97.6,0.098,0.34,89.9,14.5,117.4,0.371,0.40399999999999997,0.225,0.08199999999999999,0.34,0.294,0.366,0.13699999999999998,0.536,0.327,0.098,3.23,3.29,0.308,0.6409999999999999,0.44799999999999995,0.381,0.78,0.622,0.423,0.564,0.168,0.172,0.341,0.8759999999999999,0.75,0.259,70,77,3.23,1.5,2.7,14.9,$12.1,2023
Ryan Helsley,STL,3,4,14,33,0,36.2,22,11,10,1,17,52,2.45,1.06,12.76,4.17,0.35600000000000004,0.11599999999999999,0.24,2.25,3.24,3.08,,,,,,,99.9,0.039,0.395,88.6,15.5,109.9,0.408,0.395,0.19699999999999998,0.16699999999999998,0.303,0.48700000000000004,0.21100000000000002,0.19699999999999998,0.48700000000000004,0.316,0.033,2.25,3.24,0.358,0.69,0.499,0.536,0.7809999999999999,0.68,0.425,0.562,0.159,0.14400000000000002,0.303,0.7509999999999999,0.25,0.28,52,74,3.06,1.5,1.4,14.7,$11.9,2023
Jose Quintana,NYM,3,6,0,13,13,75.2,75,33,30,5,24,60,3.57,1.31,7.14,2.85,0.188,0.075,0.113,3.52,4.47,4.71,0.046,0.18100000000000002,,77.8,85.9,,90.4,0.051,0.325,88.1,11.9,113.0,0.41600000000000004,0.35600000000000004,0.22699999999999998,0.048,0.406,0.363,0.231,0.162,0.551,0.28600000000000003,0.06,4.56,4.47,0.331,0.6779999999999999,0.452,0.706,0.89,0.802,0.349,0.6459999999999999,0.08900000000000001,0.168,0.258,0.72,0.59,0.306,81,102,2.5,1.5,1.4,15.0,$12.2,2023
Jake Bird,COL,3,3,0,70,3,89.1,94,47,43,6,27,77,4.33,1.35,7.76,2.72,0.20199999999999999,0.071,0.131,3.55,4.01,3.85,0.065,0.001,,86.4,88.0,,,0.081,0.43700000000000006,89.7,5.3,111.7,0.53,0.267,0.204,0.083,0.40700000000000003,0.396,0.196,0.133,0.5329999999999999,0.33299999999999996,0.083,4.48,4.01,0.268,0.67,0.455,0.623,0.894,0.809,0.466,0.575,0.087,0.188,0.275,0.677,0.6,0.333,77,91,2.85,1.5,1.0,14.6,$11.7,2023
Jacob deGrom,TEX,2,0,0,6,6,30.1,19,11,9,2,4,45,2.67,0.76,13.35,1.19,0.391,0.035,0.35700000000000004,1.54,2.32,2.24,0.371,0.08900000000000001,,91.8,91.5,,99.1,0.091,0.33299999999999996,86.2,13.8,108.0,0.379,0.455,0.16699999999999998,0.133,0.273,0.39399999999999996,0.33299999999999996,0.212,0.5760000000000001,0.212,0.067,1.87,2.32,0.396,0.7190000000000001,0.516,0.42,0.775,0.603,0.371,0.6609999999999999,0.204,0.155,0.359,0.594,0.59,0.266,36,54,11.25,1.5,0.8,12.8,$11.6,2023
Adbert Alzolay,CHC,2,5,22,58,0,64.0,52,23,19,5,13,67,2.67,1.02,9.42,1.83,0.265,0.051,0.213,3.02,3.56,3.21,0.44799999999999995,0.005,,87.0,87.8,,95.5,0.06,0.369,89.4,12.9,111.9,0.42200000000000004,0.361,0.217,0.11699999999999999,0.375,0.41100000000000003,0.214,0.17300000000000001,0.524,0.304,0.083,3.6,3.56,0.344,0.7240000000000001,0.515,0.5489999999999999,0.846,0.737,0.449,0.625,0.134,0.158,0.292,0.746,0.7,0.288,70,81,5.15,1.5,1.6,14.8,$11.9,2023
Gregory Santos,CHW,2,2,5,60,0,66.1,69,29,25,2,17,66,3.39,1.3,8.95,2.31,0.228,0.059000000000000004,0.17,2.65,3.31,3.32,0.526,0.005,,91.4,93.6,,98.8,0.015,0.348,88.9,2.9,111.2,0.525,0.21,0.265,0.071,0.37799999999999995,0.32299999999999995,0.299,0.149,0.617,0.23399999999999999,0.048,3.15,3.31,0.349,0.675,0.49200000000000005,0.517,0.865,0.726,0.43799999999999994,0.63,0.134,0.18,0.315,0.703,0.27,0.337,60,77,3.88,1.5,0.7,14.9,$12.2,2023
Graham Ashcraft,CIN,7,9,0,26,26,145.2,148,78,77,23,52,111,4.76,1.37,6.86,3.21,0.17800000000000002,0.083,0.095,5.06,4.57,4.8,0.374,,,88.3,,,,0.069,0.38799999999999996,88.4,8.0,112.3,0.478,0.308,0.214,0.11599999999999999,0.353,0.41600000000000004,0.231,0.16399999999999998,0.5329999999999999,0.302,0.16699999999999998,4.93,4.57,0.318,0.688,0.479,0.632,0.899,0.799,0.435,0.598,0.096,0.166,0.262,0.742,1.42,0.292,110,104,2.13,1.4,2.2,14.8,$11.6,2023
Nick Martinez,SDP,6,4,1,63,9,110.1,99,45,42,12,40,106,3.43,1.26,8.65,3.26,0.23,0.087,0.14300000000000002,3.92,3.79,3.91,,0.28800000000000003,,,80.8,,93.5,0.071,0.298,84.7,6.5,111.2,0.5379999999999999,0.282,0.18,0.105,0.431,0.363,0.20600000000000002,0.235,0.514,0.251,0.14,3.97,3.79,0.344,0.653,0.467,0.57,0.855,0.728,0.397,0.636,0.127,0.177,0.304,0.775,0.98,0.29,90,87,2.65,1.4,2.0,13.8,$11.0,2023
Brandon Woodruff,MIL,5,1,0,11,11,67.0,40,17,17,9,15,74,2.28,0.82,9.94,2.01,0.292,0.059000000000000004,0.233,3.6,3.63,3.45,0.099,0.198,,86.8,85.8,,95.9,0.068,0.41600000000000004,89.0,18.3,114.8,0.365,0.45299999999999996,0.182,0.125,0.41600000000000004,0.348,0.23600000000000002,0.168,0.534,0.298,0.125,2.81,3.63,0.324,0.696,0.5,0.59,0.831,0.7490000000000001,0.474,0.664,0.125,0.172,0.298,0.903,1.21,0.204,82,83,4.93,1.4,2.8,14.0,$11.5,2023
Danny Coulombe,BAL,5,3,2,61,0,51.1,45,17,16,4,12,58,2.81,1.11,10.17,2.1,0.276,0.057,0.21899999999999997,2.83,3.46,3.15,0.604,0.023,,84.9,77.0,,91.4,0.057999999999999996,0.304,85.6,13.7,110.4,0.43700000000000006,0.37799999999999995,0.185,0.13699999999999998,0.355,0.297,0.348,0.23199999999999998,0.529,0.239,0.078,3.07,3.46,0.354,0.635,0.45799999999999996,0.616,0.831,0.726,0.37,0.562,0.125,0.17300000000000001,0.298,0.787,0.7,0.306,66,81,4.83,1.4,1.5,13.9,$11.3,2023
Brusdar Graterol,LAD,4,2,7,68,1,67.1,53,14,9,3,12,48,1.2,0.97,6.42,1.6,0.187,0.047,0.14,3.03,3.53,3.31,0.24,,,88.7,,,98.6,0.046,0.32299999999999995,87.0,1.9,112.4,0.644,0.23,0.126,0.114,0.289,0.402,0.309,0.20600000000000002,0.521,0.273,0.068,3.05,3.53,0.35200000000000004,0.6859999999999999,0.505,0.725,0.9209999999999999,0.846,0.456,0.6609999999999999,0.078,0.177,0.254,0.8440000000000001,0.4,0.26,67,81,4.0,1.4,2.7,14.4,$11.5,2023
A.J. Minter,ATL,3,6,10,70,0,64.2,56,28,27,6,21,82,3.76,1.19,11.41,2.92,0.315,0.081,0.235,2.9,3.38,3.06,0.389,0.139,,89.5,86.7,,96.0,0.07,0.363,87.8,17.7,108.7,0.35100000000000003,0.429,0.221,0.136,0.369,0.325,0.306,0.153,0.541,0.306,0.091,3.27,3.38,0.345,0.727,0.504,0.521,0.845,0.716,0.418,0.615,0.14300000000000002,0.153,0.295,0.7140000000000001,0.84,0.331,68,77,3.9,1.4,0.9,14.3,$11.5,2023
J.P. France,HOU,11,6,0,24,23,136.1,138,64,58,19,47,101,3.83,1.36,6.67,3.1,0.174,0.081,0.09300000000000001,4.66,4.8,4.96,0.092,0.152,,80.2,81.8,,93.0,0.081,0.387,89.6,13.0,118.3,0.428,0.374,0.198,0.075,0.392,0.364,0.244,0.135,0.557,0.309,0.11800000000000001,4.89,4.8,0.281,0.65,0.449,0.6509999999999999,0.872,0.797,0.45399999999999996,0.5820000000000001,0.091,0.174,0.265,0.767,1.25,0.289,109,112,2.15,1.3,2.6,13.4,$10.6,2023
Julio Urias,LAD,11,8,0,21,21,117.1,112,61,60,24,24,117,4.6,1.16,8.97,1.84,0.243,0.05,0.193,4.69,4.13,3.9,0.092,0.157,,87.1,86.1,,92.9,0.087,0.34299999999999997,87.2,17.7,112.6,0.371,0.45299999999999996,0.17600000000000002,0.087,0.47100000000000003,0.294,0.23399999999999999,0.192,0.495,0.312,0.161,4.17,4.13,0.349,0.6659999999999999,0.493,0.68,0.857,0.7879999999999999,0.45299999999999996,0.6509999999999999,0.10400000000000001,0.19,0.294,0.747,1.84,0.283,104,94,4.88,1.3,1.5,13.5,$10.6,2023
Kevin Ginkel,ARI,9,1,4,60,0,65.1,41,24,18,3,23,70,2.48,0.98,9.64,3.17,0.276,0.091,0.185,2.86,3.6,3.46,0.43,,,86.7,,,95.7,0.075,0.371,88.0,9.5,112.5,0.503,0.33299999999999996,0.16399999999999998,0.113,0.33299999999999996,0.33299999999999996,0.33299999999999996,0.17,0.522,0.308,0.057,3.09,3.6,0.321,0.688,0.46799999999999997,0.493,0.887,0.725,0.401,0.622,0.129,0.149,0.27699999999999997,0.68,0.41,0.244,68,82,3.04,1.3,1.3,12.7,$10.2,2023
Caleb Ferguson,LAD,7,4,3,68,7,60.1,64,30,23,4,23,70,3.43,1.44,10.44,3.43,0.259,0.085,0.174,3.34,3.68,3.55,0.335,,,86.1,,,95.9,0.03,0.391,89.3,9.1,112.2,0.491,0.267,0.242,0.22699999999999998,0.361,0.34299999999999997,0.29600000000000004,0.166,0.515,0.32,0.091,3.84,3.68,0.324,0.69,0.489,0.5870000000000001,0.87,0.767,0.451,0.57,0.113,0.16699999999999998,0.28,0.727,0.6,0.364,74,84,3.04,1.3,0.5,13.4,$10.7,2023
Dustin May,LAD,4,1,0,9,9,48.0,29,14,14,1,16,34,2.63,0.94,6.38,3.0,0.182,0.086,0.096,3.23,4.58,4.87,,0.044000000000000004,,,90.8,,97.6,0.052000000000000005,0.4,89.0,11.3,113.5,0.452,0.348,0.2,0.064,0.43,0.319,0.252,0.156,0.6,0.244,0.021,3.34,4.58,0.28600000000000003,0.685,0.469,0.8420000000000001,0.887,0.872,0.45899999999999996,0.599,0.06,0.17,0.23,0.7240000000000001,0.19,0.209,72,105,2.13,1.3,1.8,12.1,$10.1,2023
Hunter Harvey,WSN,4,4,10,57,0,60.2,44,21,19,7,13,67,2.82,0.94,9.94,1.93,0.285,0.055,0.23,3.29,3.34,3.04,0.139,,,86.7,,,98.4,0.085,0.41200000000000003,89.6,11.7,112.8,0.434,0.375,0.191,0.08800000000000001,0.373,0.327,0.301,0.13699999999999998,0.523,0.34,0.12300000000000001,3.33,3.34,0.34600000000000003,0.7,0.507,0.687,0.83,0.777,0.45399999999999996,0.613,0.113,0.16,0.273,0.772,1.04,0.253,75,76,5.15,1.3,1.8,13.1,$10.4,2023
Brent Suter,COL,4,3,0,57,2,69.1,65,36,26,3,25,55,3.38,1.3,7.14,3.25,0.188,0.086,0.10300000000000001,3.44,4.48,4.41,0.107,0.28300000000000003,,76.8,76.2,,,0.033,0.263,84.0,11.9,108.0,0.465,0.332,0.203,0.134,0.325,0.397,0.278,0.23,0.555,0.215,0.045,3.23,4.48,0.292,0.652,0.439,0.6509999999999999,0.877,0.7879999999999999,0.409,0.623,0.09300000000000001,0.179,0.272,0.642,0.39,0.301,75,102,2.2,1.3,0.8,13.2,$10.6,2023
Tim Mayza,TOR,3,1,1,69,0,53.1,50,10,9,2,15,53,1.52,1.22,8.94,2.53,0.247,0.07,0.177,2.6,2.98,3.11,0.235,,,86.3,,,,0.040999999999999995,0.395,87.3,1.9,113.7,0.5820000000000001,0.192,0.226,0.036000000000000004,0.42200000000000004,0.32,0.259,0.19699999999999998,0.503,0.299,0.071,3.4,2.98,0.316,0.613,0.433,0.71,0.862,0.794,0.39299999999999996,0.619,0.08900000000000001,0.196,0.285,0.884,0.34,0.331,60,69,3.53,1.3,2.3,12.8,$10.4,2023
Pete Fairbanks,TBR,2,4,25,49,0,45.1,26,14,13,3,20,68,2.58,1.01,13.5,3.97,0.37,0.109,0.261,2.7,2.83,2.82,0.499,0.006999999999999999,,86.8,94.0,,99.0,0.033,0.359,85.7,10.5,112.3,0.489,0.3,0.21100000000000002,0.259,0.38,0.413,0.207,0.228,0.478,0.293,0.111,2.63,2.83,0.324,0.618,0.465,0.605,0.7879999999999999,0.721,0.478,0.63,0.129,0.217,0.34600000000000003,0.7859999999999999,0.6,0.258,65,66,3.4,1.3,1.4,13.2,$10.8,2023
Shawn Armstrong,TBR,1,0,0,39,6,52.0,36,12,8,2,11,54,1.38,0.9,9.35,1.9,0.261,0.053,0.20800000000000002,2.54,3.82,3.41,,,,,,,94.6,0.036000000000000004,0.33299999999999996,87.5,18.1,114.4,0.384,0.406,0.21,0.125,0.348,0.355,0.297,0.145,0.58,0.275,0.036000000000000004,2.64,3.82,0.396,0.716,0.536,0.7020000000000001,0.8109999999999999,0.7659999999999999,0.43700000000000006,0.628,0.125,0.146,0.272,0.809,0.35,0.25,61,89,4.91,1.3,1.8,12.6,$10.4,2023
Jose Alvarado,PHI,0,2,10,42,0,41.1,30,15,8,3,18,64,1.74,1.16,13.94,3.92,0.37200000000000005,0.105,0.267,2.41,2.34,2.68,0.41200000000000003,,,93.1,,,99.1,0.044000000000000004,0.456,91.1,8.5,111.6,0.539,0.247,0.213,0.136,0.4,0.41100000000000003,0.18899999999999997,0.1,0.5670000000000001,0.33299999999999996,0.136,2.74,2.34,0.354,0.6729999999999999,0.493,0.568,0.7709999999999999,0.6890000000000001,0.43700000000000006,0.599,0.153,0.155,0.308,0.753,0.65,0.31,54,54,3.56,1.3,1.0,13.0,$10.5,2023
Andrew Heaney,TEX,10,6,0,34,28,147.1,143,74,68,23,60,151,4.15,1.38,9.22,3.67,0.23600000000000002,0.094,0.142,4.66,4.58,4.4,0.252,0.16899999999999998,,82.0,84.1,,92.5,0.102,0.386,90.1,14.8,115.8,0.4,0.41700000000000004,0.182,0.08,0.44,0.305,0.255,0.121,0.536,0.34299999999999997,0.132,4.55,4.58,0.325,0.7120000000000001,0.479,0.648,0.85,0.768,0.39899999999999997,0.674,0.111,0.149,0.26,0.769,1.4,0.302,108,107,2.52,1.2,1.7,11.9,$9.4,2023
Joel Payamps,MIL,7,5,3,69,0,70.2,57,24,20,8,17,77,2.55,1.05,9.81,2.17,0.268,0.059000000000000004,0.209,3.48,3.65,3.24,0.43799999999999994,0.122,,84.2,89.1,,95.5,0.048,0.335,87.8,13.9,110.0,0.45899999999999996,0.37799999999999995,0.162,0.157,0.364,0.364,0.273,0.198,0.551,0.251,0.114,3.19,3.65,0.27899999999999997,0.6459999999999999,0.429,0.611,0.8340000000000001,0.748,0.409,0.638,0.10800000000000001,0.193,0.301,0.8109999999999999,1.02,0.272,79,83,4.53,1.2,1.8,11.7,$9.4,2023
MacKenzie Gore,WSN,7,10,0,27,27,136.1,134,71,67,27,57,151,4.42,1.4,9.97,3.76,0.259,0.098,0.162,4.89,4.11,4.21,0.182,0.03,,88.7,86.6,,95.1,0.121,0.43700000000000006,89.9,14.5,114.5,0.38799999999999996,0.401,0.21100000000000002,0.081,0.391,0.349,0.26,0.158,0.488,0.354,0.182,5.2,4.11,0.32,0.722,0.484,0.601,0.8440000000000001,0.7490000000000001,0.409,0.588,0.121,0.146,0.267,0.785,1.78,0.309,111,94,2.65,1.2,1.9,12.3,$9.5,2023
Sean Manaea,SFG,7,6,1,37,10,117.2,104,68,58,14,42,128,4.44,1.24,9.79,3.21,0.257,0.084,0.172,3.9,4.01,3.83,0.26,0.16899999999999998,,82.3,86.6,,93.6,0.087,0.364,89.4,13.0,113.2,0.409,0.371,0.22,0.127,0.371,0.374,0.255,0.14300000000000002,0.551,0.305,0.11900000000000001,4.19,4.01,0.314,0.723,0.49700000000000005,0.639,0.851,0.777,0.44799999999999995,0.621,0.111,0.158,0.26899999999999996,0.64,1.07,0.293,92,92,3.05,1.2,-0.1,11.7,$9.3,2023
David Robertson,- - -,6,6,18,62,0,65.1,53,28,22,7,25,78,3.03,1.19,10.74,3.44,0.29,0.09300000000000001,0.19699999999999998,3.55,3.85,3.44,0.195,0.013999999999999999,,85.2,87.7,,,0.061,0.374,89.3,15.2,109.6,0.431,0.419,0.15,0.16399999999999998,0.38,0.331,0.28800000000000003,0.17800000000000002,0.503,0.319,0.10400000000000001,3.26,3.85,0.32,0.635,0.449,0.55,0.841,0.718,0.408,0.636,0.126,0.18899999999999997,0.315,0.7440000000000001,0.96,0.295,81,88,3.12,1.2,1.1,12.1,$9.7,2023
Griffin Jax,MIN,6,10,4,71,0,65.1,58,30,28,5,19,68,3.86,1.18,9.37,2.62,0.248,0.069,0.179,3.22,3.57,3.36,0.528,0.08900000000000001,,86.8,91.2,,96.5,0.033,0.33299999999999996,86.8,6.9,109.0,0.556,0.294,0.15,0.132,0.38799999999999996,0.33899999999999997,0.273,0.18600000000000003,0.568,0.24600000000000002,0.094,2.86,3.57,0.34700000000000003,0.629,0.47700000000000004,0.609,0.8540000000000001,0.758,0.45799999999999996,0.562,0.115,0.196,0.311,0.6890000000000001,0.69,0.298,75,83,3.58,1.2,0.7,12.1,$9.8,2023
Tanner Houck,BOS,6,10,0,21,21,106.0,104,61,59,14,41,99,5.01,1.37,8.41,3.48,0.214,0.08900000000000001,0.125,4.43,4.07,4.33,0.385,,,83.9,,,94.1,0.066,0.43799999999999994,90.2,6.5,110.6,0.53,0.276,0.19399999999999998,0.057,0.489,0.36,0.151,0.12300000000000001,0.524,0.353,0.161,4.21,4.07,0.321,0.684,0.473,0.551,0.843,0.727,0.418,0.613,0.129,0.161,0.289,0.685,1.19,0.297,103,95,2.41,1.2,1.0,12.0,$9.5,2023
Kyle Freeland,COL,6,14,0,29,29,155.2,187,96,87,29,42,94,5.03,1.47,5.43,2.43,0.139,0.062,0.077,5.3,5.13,5.24,0.23600000000000002,0.11900000000000001,,84.2,84.3,,89.0,0.087,0.435,90.2,14.3,115.5,0.4,0.39799999999999996,0.203,0.075,0.441,0.35700000000000004,0.20199999999999999,0.122,0.48700000000000004,0.391,0.13699999999999998,5.7,5.13,0.33399999999999996,0.732,0.508,0.713,0.925,0.847,0.43700000000000006,0.6559999999999999,0.078,0.146,0.22399999999999998,0.7070000000000001,1.68,0.309,115,117,2.24,1.2,1.9,12.2,$9.4,2023
Jordan Romano,TOR,5,7,36,59,0,59.0,48,20,19,6,24,72,2.9,1.22,10.98,3.66,0.29,0.09699999999999999,0.19399999999999998,3.46,4.01,3.52,0.542,,,86.9,,,96.7,0.073,0.36700000000000005,89.0,16.6,112.8,0.365,0.45299999999999996,0.182,0.134,0.433,0.307,0.26,0.18,0.46,0.36,0.09,3.25,4.01,0.353,0.715,0.502,0.45799999999999996,0.799,0.6579999999999999,0.41100000000000003,0.585,0.171,0.152,0.32299999999999995,0.823,0.92,0.292,80,94,3.0,1.2,1.8,12.0,$9.7,2023
Emilio Pagan,MIN,5,2,1,66,1,69.1,45,26,23,5,21,65,2.99,0.95,8.44,2.73,0.23800000000000002,0.077,0.161,3.27,4.57,4.01,0.301,,,87.8,,,95.8,0.075,0.452,90.6,19.9,108.6,0.315,0.511,0.174,0.149,0.371,0.312,0.317,0.124,0.484,0.392,0.053,3.66,4.57,0.33899999999999997,0.775,0.544,0.6859999999999999,0.8190000000000001,0.775,0.469,0.63,0.122,0.12300000000000001,0.24600000000000002,0.6829999999999999,0.65,0.221,76,107,3.1,1.2,1.2,11.7,$9.5,2023
Kevin Kelly,TBR,5,2,1,57,0,67.0,53,27,23,2,15,56,3.09,1.01,7.52,2.01,0.203,0.054000000000000006,0.149,3.09,4.28,3.83,0.409,,,76.4,,,91.8,0.036000000000000004,0.32799999999999996,87.0,10.3,110.0,0.47700000000000004,0.32799999999999996,0.195,0.109,0.405,0.369,0.226,0.16399999999999998,0.5379999999999999,0.297,0.031,3.29,4.28,0.303,0.623,0.447,0.713,0.846,0.7959999999999999,0.44799999999999995,0.63,0.091,0.207,0.298,0.6779999999999999,0.27,0.264,74,100,3.73,1.2,1.0,12.1,$9.8,2023
Dylan Floro,- - -,5,6,7,62,0,56.2,70,34,30,3,17,58,4.76,1.54,9.21,2.7,0.23399999999999999,0.069,0.165,2.96,3.29,3.34,,0.11900000000000001,,,85.7,,92.3,0.028999999999999998,0.371,87.1,5.2,112.8,0.544,0.207,0.249,0.057,0.282,0.447,0.271,0.124,0.612,0.265,0.086,3.35,3.29,0.331,0.6459999999999999,0.45799999999999996,0.7,0.888,0.807,0.40299999999999997,0.677,0.08800000000000001,0.191,0.28,0.653,0.48,0.401,68,76,3.41,1.2,-0.3,11.8,$9.5,2023
Andres Munoz,SEA,4,7,13,52,0,49.0,40,20,16,2,22,67,2.94,1.27,12.31,4.04,0.318,0.10400000000000001,0.213,2.7,3.12,3.08,0.486,,,88.4,,,99.2,0.051,0.359,88.4,1.8,110.8,0.59,0.239,0.171,0.071,0.436,0.35,0.214,0.162,0.556,0.282,0.071,2.96,3.12,0.355,0.653,0.478,0.47100000000000003,0.726,0.615,0.414,0.583,0.184,0.175,0.359,0.732,0.37,0.33,66,73,3.05,1.2,0.7,11.9,$9.7,2023
JoJo Romero,STL,4,2,3,27,0,36.2,29,17,15,1,10,42,3.68,1.06,10.31,2.45,0.28600000000000003,0.068,0.218,2.22,2.68,2.76,0.23,0.27899999999999997,,84.5,86.0,,95.3,0.021,0.38299999999999995,87.6,-0.5,108.2,0.591,0.19399999999999998,0.215,0.16699999999999998,0.479,0.298,0.223,0.191,0.532,0.27699999999999997,0.055999999999999994,2.81,2.68,0.312,0.664,0.474,0.565,0.7559999999999999,0.688,0.462,0.639,0.147,0.18899999999999997,0.336,0.596,0.25,0.301,52,61,4.2,1.2,0.4,11.8,$9.6,2023
Justin Lawrence,COL,4,7,11,69,0,75.0,65,37,31,5,36,78,3.72,1.35,9.36,4.32,0.239,0.11,0.129,3.76,4.26,4.11,0.48700000000000004,,,83.9,,,,0.054000000000000006,0.39,89.5,7.8,109.4,0.485,0.31,0.205,0.081,0.35600000000000004,0.34600000000000003,0.298,0.151,0.512,0.337,0.081,3.73,4.26,0.27399999999999997,0.5870000000000001,0.41600000000000004,0.605,0.8540000000000001,0.764,0.45399999999999996,0.62,0.098,0.21100000000000002,0.309,0.703,0.6,0.3,82,97,2.17,1.2,1.2,11.9,$9.5,2023
Evan Phillips,LAD,2,4,24,62,0,61.1,38,19,14,6,13,66,2.05,0.83,9.68,1.91,0.282,0.055999999999999994,0.226,3.16,3.37,3.08,0.455,,,85.4,,,96.5,0.066,0.368,88.2,15.0,115.1,0.42700000000000005,0.36700000000000005,0.207,0.073,0.42100000000000004,0.32899999999999996,0.25,0.125,0.5589999999999999,0.316,0.109,3.11,3.37,0.345,0.6409999999999999,0.47200000000000003,0.556,0.865,0.736,0.43,0.603,0.124,0.19699999999999998,0.321,0.768,0.88,0.219,70,77,5.08,1.2,1.8,12.5,$10.0,2023
Will Vest,DET,2,1,2,48,4,48.1,40,18,16,3,13,56,2.98,1.1,10.43,2.42,0.281,0.065,0.21600000000000003,2.55,3.35,3.19,0.33299999999999996,0.12300000000000001,,86.1,87.3,,95.4,0.054000000000000006,0.446,90.2,11.0,111.0,0.45,0.364,0.18600000000000003,0.085,0.248,0.38,0.37200000000000005,0.14,0.519,0.341,0.064,3.12,3.35,0.36700000000000005,0.602,0.47200000000000003,0.6729999999999999,0.856,0.777,0.445,0.648,0.105,0.20600000000000002,0.312,0.7170000000000001,0.56,0.291,59,78,4.31,1.2,0.9,11.5,$9.4,2023
Colin Poche,TBR,12,3,1,66,0,60.2,42,17,15,4,24,61,2.23,1.09,9.05,3.56,0.248,0.098,0.15,3.34,4.55,4.06,0.35,,,84.6,,,92.7,0.055999999999999994,0.313,87.2,21.1,112.6,0.34,0.48700000000000004,0.17300000000000001,0.171,0.431,0.33799999999999997,0.231,0.18100000000000002,0.575,0.244,0.053,2.65,4.55,0.345,0.675,0.485,0.5870000000000001,0.831,0.731,0.425,0.581,0.131,0.152,0.28300000000000003,0.8140000000000001,0.59,0.244,80,106,2.54,1.1,1.9,11.1,$9.0,2023
Craig Kimbrel,PHI,8,6,23,71,0,69.0,44,28,25,10,28,94,3.26,1.04,12.26,3.65,0.33799999999999997,0.10099999999999999,0.237,3.81,3.58,3.08,,,,,,,96.0,0.105,0.467,90.1,18.3,110.2,0.336,0.45399999999999996,0.21100000000000002,0.11599999999999999,0.342,0.289,0.368,0.105,0.5920000000000001,0.303,0.145,3.3,3.58,0.297,0.667,0.47,0.534,0.7909999999999999,0.7040000000000001,0.466,0.626,0.13699999999999998,0.17300000000000001,0.31,0.774,1.3,0.239,85,82,3.36,1.1,1.5,11.1,$8.8,2023
Edward Cabrera,MIA,7,7,0,22,20,99.2,78,48,47,11,66,118,4.24,1.44,10.66,5.96,0.272,0.152,0.12,4.43,4.3,4.68,0.08,0.311,,88.4,93.0,,96.3,0.069,0.354,87.6,7.6,113.8,0.5429999999999999,0.322,0.135,0.10099999999999999,0.488,0.354,0.159,0.163,0.545,0.293,0.139,3.77,4.3,0.33399999999999996,0.613,0.431,0.562,0.877,0.718,0.34700000000000003,0.546,0.121,0.163,0.284,0.754,0.99,0.285,101,98,1.79,1.1,1.7,11.4,$9.0,2023
Tyler Anderson,LAA,6,6,0,27,25,141.0,146,90,85,20,64,119,5.43,1.49,7.6,4.09,0.18899999999999997,0.102,0.087,4.92,5.52,5.23,0.006999999999999999,0.33799999999999997,,80.3,80.1,,90.2,0.08199999999999999,0.32299999999999995,87.0,19.1,115.7,0.309,0.48,0.21,0.087,0.401,0.353,0.24600000000000002,0.182,0.528,0.289,0.096,4.97,5.52,0.32299999999999995,0.747,0.495,0.624,0.8240000000000001,0.747,0.406,0.599,0.125,0.139,0.265,0.672,1.28,0.301,113,129,1.86,1.1,0.2,10.7,$8.4,2023
Zack Thompson,STL,5,7,0,25,9,66.1,69,35,33,8,25,72,4.48,1.42,9.77,3.39,0.251,0.087,0.16399999999999998,3.87,3.83,3.98,,0.018000000000000002,,,85.5,,93.9,0.069,0.436,90.3,11.5,112.5,0.44,0.332,0.228,0.098,0.324,0.36700000000000005,0.309,0.11699999999999999,0.505,0.37799999999999995,0.131,4.63,3.83,0.29,0.626,0.434,0.649,0.8590000000000001,0.779,0.428,0.5820000000000001,0.096,0.195,0.29100000000000004,0.7190000000000001,1.09,0.339,90,87,2.88,1.1,0.6,10.5,$8.5,2023
Ryan Pressly,HOU,4,5,31,65,0,65.1,54,33,26,8,16,74,3.58,1.07,10.19,2.2,0.276,0.06,0.21600000000000003,3.36,3.14,2.99,0.397,0.09,,89.8,89.9,,94.7,0.09,0.435,91.3,6.7,109.8,0.5479999999999999,0.305,0.147,0.055999999999999994,0.446,0.373,0.18100000000000002,0.11900000000000001,0.5539999999999999,0.32799999999999996,0.14800000000000002,3.61,3.14,0.373,0.69,0.504,0.455,0.873,0.6920000000000001,0.413,0.687,0.155,0.163,0.318,0.635,1.1,0.272,79,73,4.63,1.1,0.4,10.8,$8.8,2023
Jhoan Duran,MIN,3,6,27,59,0,62.1,46,25,17,6,25,84,2.45,1.14,12.13,3.61,0.32899999999999996,0.098,0.231,3.21,2.75,2.78,,,,,,,101.8,0.07,0.38,89.2,-3.7,113.7,0.659,0.217,0.12300000000000001,0.033,0.345,0.451,0.204,0.204,0.47200000000000003,0.324,0.2,2.56,2.75,0.349,0.731,0.512,0.498,0.802,0.6829999999999999,0.428,0.5920000000000001,0.162,0.134,0.29600000000000004,0.7509999999999999,0.87,0.294,75,64,3.36,1.1,1.2,10.7,$8.7,2023
Ian Hamilton,NYY,3,2,2,39,3,58.0,45,19,17,2,26,69,2.64,1.22,10.71,4.03,0.289,0.109,0.18,2.82,3.26,3.43,0.542,,,88.2,,,96.3,0.057,0.369,86.0,4.8,112.8,0.5529999999999999,0.22,0.22699999999999998,0.161,0.41100000000000003,0.39,0.19899999999999998,0.191,0.532,0.27699999999999997,0.065,3.49,3.26,0.34299999999999997,0.675,0.47200000000000003,0.5489999999999999,0.777,0.675,0.387,0.5820000000000001,0.153,0.159,0.312,0.772,0.31,0.309,65,76,2.65,1.1,1.2,11.1,$9.1,2023
Ryan Brasier,- - -,3,0,2,59,0,59.2,42,24,20,3,19,56,3.02,1.02,8.45,2.87,0.235,0.08,0.155,3.14,4.04,3.83,0.355,,,85.0,,,96.0,0.038,0.425,89.5,12.8,111.6,0.43799999999999994,0.35,0.213,0.14300000000000002,0.35,0.375,0.275,0.14400000000000002,0.531,0.325,0.054000000000000006,3.52,4.04,0.348,0.718,0.51,0.61,0.866,0.767,0.43700000000000006,0.647,0.11800000000000001,0.14300000000000002,0.261,0.669,0.45,0.248,71,93,2.95,1.1,1.2,11.4,$9.2,2023
Jordan Hicks,- - -,3,9,12,65,0,65.2,57,30,24,4,32,81,3.29,1.36,11.1,4.39,0.284,0.11199999999999999,0.172,3.22,3.36,3.45,0.233,,,86.9,,,100.3,0.054000000000000006,0.35700000000000004,86.7,-0.1,109.7,0.583,0.22,0.196,0.054000000000000006,0.369,0.405,0.226,0.22,0.524,0.256,0.10800000000000001,3.3,3.36,0.309,0.557,0.413,0.623,0.831,0.741,0.42100000000000004,0.593,0.106,0.19899999999999998,0.305,0.721,0.55,0.323,75,78,2.53,1.1,0.7,11.0,$8.8,2023
Gavin Williams,CLE,3,5,0,16,16,82.0,66,32,30,8,37,81,3.29,1.26,8.89,4.06,0.235,0.107,0.128,4.05,4.53,4.61,0.221,0.055999999999999994,,84.9,88.6,,95.8,0.054000000000000006,0.386,88.0,14.6,112.1,0.381,0.39,0.22899999999999998,0.057,0.354,0.381,0.265,0.126,0.596,0.278,0.092,4.21,4.53,0.308,0.7020000000000001,0.475,0.624,0.816,0.745,0.426,0.632,0.121,0.156,0.278,0.7829999999999999,0.88,0.27,96,106,2.19,1.1,2.0,11.3,$9.1,2023
Sam Hentges,CLE,3,2,0,56,0,52.1,53,24,21,2,18,56,3.61,1.36,9.63,3.1,0.251,0.081,0.17,2.64,3.0,3.19,0.146,,,87.8,,,95.7,0.054000000000000006,0.49,91.6,0.9,114.7,0.588,0.182,0.23,0.0,0.49700000000000005,0.302,0.201,0.107,0.544,0.349,0.07400000000000001,4.08,3.0,0.298,0.635,0.446,0.507,0.878,0.7390000000000001,0.44,0.565,0.11599999999999999,0.19,0.306,0.6890000000000001,0.34,0.347,62,70,3.11,1.1,0.4,10.6,$8.6,2023
Kenley Jansen,BOS,3,6,29,51,0,44.2,40,21,18,5,17,52,3.63,1.28,10.48,3.43,0.27699999999999997,0.09,0.18600000000000003,3.66,4.61,3.86,0.11900000000000001,,,84.2,,,,0.068,0.359,89.8,28.7,111.9,0.226,0.565,0.209,0.262,0.35,0.33299999999999996,0.316,0.239,0.462,0.299,0.077,3.09,4.61,0.35100000000000003,0.711,0.52,0.649,0.809,0.752,0.47,0.654,0.128,0.157,0.28600000000000003,0.731,1.01,0.313,85,108,3.06,1.1,0.6,10.7,$8.7,2023
Zack Littell,- - -,3,6,0,28,14,90.0,94,43,41,13,12,74,4.1,1.18,7.4,1.2,0.195,0.032,0.16399999999999998,4.02,4.15,4.1,0.075,,,80.6,,,94.1,0.083,0.419,89.6,12.8,110.3,0.425,0.38,0.195,0.073,0.401,0.336,0.263,0.128,0.512,0.36,0.11900000000000001,4.26,4.15,0.344,0.748,0.534,0.6579999999999999,0.8759999999999999,0.8009999999999999,0.469,0.691,0.106,0.157,0.263,0.73,1.3,0.293,96,97,6.17,1.1,1.3,11.2,$9.1,2023
David Peterson,NYM,3,8,0,27,21,111.0,124,64,62,16,50,128,5.03,1.57,10.38,4.05,0.26,0.102,0.159,4.34,3.59,3.96,0.19699999999999998,0.182,,85.3,85.2,,92.9,0.081,0.445,90.0,5.3,112.9,0.546,0.25,0.204,0.053,0.42200000000000004,0.321,0.256,0.13,0.532,0.33799999999999997,0.21100000000000002,4.94,3.59,0.32,0.6729999999999999,0.45299999999999996,0.583,0.84,0.727,0.37799999999999995,0.565,0.12300000000000001,0.161,0.284,0.736,1.3,0.37,100,82,2.56,1.1,0.4,11.1,$8.7,2023
Sam Moll,- - -,2,3,1,70,1,62.1,47,22,21,2,30,68,3.03,1.24,9.82,4.33,0.254,0.11199999999999999,0.142,3.27,4.23,3.97,0.379,0.012,,81.9,86.1,,94.2,0.025,0.35600000000000004,87.7,7.9,112.9,0.512,0.321,0.16699999999999998,0.115,0.337,0.344,0.319,0.16,0.595,0.245,0.038,2.84,4.23,0.307,0.619,0.444,0.688,0.867,0.7979999999999999,0.44,0.575,0.09,0.196,0.28600000000000003,0.764,0.29,0.28,76,98,2.27,1.1,1.4,11.4,$9.2,2023
Chris Stratton,- - -,2,1,1,64,0,82.2,69,39,36,8,25,81,3.92,1.14,8.82,2.72,0.24,0.07400000000000001,0.166,3.53,4.36,3.82,0.193,0.07200000000000001,,87.0,86.9,,93.2,0.083,0.391,89.7,17.3,114.0,0.386,0.456,0.158,0.096,0.335,0.304,0.361,0.139,0.526,0.335,0.077,3.58,4.36,0.306,0.691,0.47200000000000003,0.7290000000000001,0.8490000000000001,0.805,0.43200000000000005,0.612,0.092,0.17600000000000002,0.268,0.672,0.87,0.275,82,100,3.24,1.1,0.6,11.0,$8.9,2023
Will Smith,TEX,2,7,22,60,0,57.1,44,31,28,5,17,55,4.4,1.06,8.63,2.67,0.243,0.075,0.168,3.36,4.3,3.9,0.498,0.028999999999999998,,81.1,86.6,,92.4,0.078,0.38299999999999995,88.2,20.4,116.1,0.29600000000000004,0.474,0.23,0.111,0.442,0.325,0.23399999999999999,0.184,0.48,0.336,0.069,3.36,4.3,0.358,0.711,0.499,0.573,0.841,0.726,0.401,0.6459999999999999,0.136,0.16399999999999998,0.301,0.556,0.78,0.262,78,100,3.24,1.1,-0.1,10.5,$8.5,2023
Zack Greinke,KCR,2,15,0,30,27,142.1,158,82,80,25,23,97,5.06,1.27,6.13,1.45,0.16399999999999998,0.039,0.125,4.74,4.42,4.57,0.204,0.16399999999999998,,79.3,86.5,,89.7,0.077,0.38799999999999996,89.6,12.0,117.1,0.431,0.363,0.20600000000000002,0.077,0.39,0.35,0.26,0.147,0.563,0.29,0.14800000000000002,5.11,4.42,0.318,0.665,0.466,0.736,0.92,0.848,0.425,0.6629999999999999,0.071,0.175,0.24600000000000002,0.687,1.58,0.3,111,103,4.22,1.1,1.2,11.0,$8.7,2023
Wade Miley,MIL,9,4,0,23,23,120.1,99,44,42,16,38,79,3.14,1.14,5.91,2.84,0.161,0.078,0.084,4.69,4.85,5.04,0.049,0.245,,79.2,83.7,,90.5,0.076,0.311,87.3,10.8,111.4,0.46299999999999997,0.377,0.16,0.095,0.42200000000000004,0.341,0.237,0.166,0.515,0.319,0.11699999999999999,4.33,4.85,0.302,0.6579999999999999,0.446,0.7559999999999999,0.8759999999999999,0.828,0.406,0.602,0.077,0.18100000000000002,0.257,0.816,1.2,0.234,107,111,2.08,1.0,3.3,10.6,$8.3,2023
James Paxton,BOS,7,5,0,19,19,96.0,93,51,48,18,33,101,4.5,1.31,9.47,3.09,0.24600000000000002,0.08,0.165,4.68,3.98,4.11,,0.067,,,84.5,,95.3,0.091,0.396,89.3,13.8,112.5,0.426,0.371,0.20199999999999999,0.139,0.392,0.297,0.311,0.136,0.527,0.337,0.17800000000000002,3.76,3.98,0.331,0.711,0.49700000000000005,0.5710000000000001,0.848,0.7440000000000001,0.43700000000000006,0.601,0.127,0.145,0.272,0.7490000000000001,1.69,0.292,109,93,3.06,1.0,1.3,10.3,$8.2,2023
Justin Topa,SEA,5,4,3,75,0,69.0,61,26,20,4,18,61,2.61,1.14,7.96,2.35,0.21899999999999997,0.065,0.154,3.15,3.55,3.47,0.3,0.068,,82.9,86.9,,,0.03,0.365,87.5,2.6,110.4,0.5670000000000001,0.247,0.18600000000000003,0.10400000000000001,0.401,0.381,0.218,0.218,0.5429999999999999,0.239,0.083,2.97,3.55,0.304,0.643,0.461,0.708,0.878,0.8170000000000001,0.46299999999999997,0.645,0.084,0.21600000000000003,0.3,0.733,0.52,0.295,77,83,3.39,1.0,1.1,10.3,$8.4,2023
Raisel Iglesias,ATL,5,4,33,58,0,55.2,51,23,17,7,15,68,2.75,1.19,10.99,2.43,0.294,0.065,0.22899999999999998,3.26,3.31,3.06,0.154,0.353,,84.7,89.5,,95.1,0.068,0.37799999999999995,88.8,12.5,109.7,0.429,0.38799999999999996,0.184,0.07,0.45899999999999996,0.365,0.17600000000000002,0.162,0.514,0.324,0.12300000000000001,3.16,3.31,0.39299999999999996,0.73,0.5329999999999999,0.5479999999999999,0.792,0.688,0.41700000000000004,0.6579999999999999,0.166,0.142,0.309,0.765,1.13,0.312,76,76,4.53,1.0,1.0,10.3,$8.2,2023
Dauri Moreta,PIT,5,2,1,55,0,58.0,39,26,24,4,24,76,3.72,1.09,11.79,3.72,0.318,0.1,0.218,2.93,3.77,3.26,0.649,0.087,,84.7,85.8,,95.3,0.081,0.331,86.7,13.2,113.0,0.396,0.455,0.149,0.115,0.551,0.272,0.17600000000000002,0.184,0.493,0.324,0.066,3.05,3.77,0.28,0.665,0.444,0.503,0.794,0.6890000000000001,0.425,0.5820000000000001,0.138,0.188,0.325,0.662,0.62,0.265,67,86,3.17,1.0,0.5,10.4,$8.3,2023
Anthony DeSclafani,SFG,4,8,0,19,18,99.2,105,59,54,15,20,79,4.88,1.25,7.13,1.81,0.18899999999999997,0.048,0.141,4.35,4.15,4.37,0.446,0.099,,87.4,86.5,,93.3,0.08199999999999999,0.449,90.1,11.4,112.9,0.415,0.341,0.244,0.10400000000000001,0.387,0.35600000000000004,0.257,0.162,0.473,0.365,0.142,5.18,4.15,0.299,0.696,0.465,0.674,0.904,0.818,0.41700000000000004,0.616,0.084,0.175,0.259,0.648,1.35,0.299,103,95,3.95,1.0,0.3,10.1,$8.0,2023
Tyler Holton,DET,3,2,1,59,1,85.1,56,21,20,9,18,74,2.11,0.87,7.8,1.9,0.228,0.055999999999999994,0.17300000000000001,3.56,3.76,3.62,0.14400000000000002,0.225,,81.8,83.0,,91.6,0.069,0.325,86.1,12.2,113.6,0.456,0.355,0.18899999999999997,0.099,0.46799999999999997,0.325,0.20800000000000002,0.177,0.519,0.303,0.111,3.5,3.76,0.327,0.6859999999999999,0.485,0.63,0.828,0.753,0.44,0.688,0.12,0.18,0.3,0.865,0.95,0.212,83,88,4.11,1.0,2.8,9.8,$7.9,2023
Robert Stephenson,- - -,3,4,1,60,0,52.1,30,20,18,8,16,77,3.1,0.88,13.24,2.75,0.38299999999999995,0.08,0.303,3.22,2.84,2.4,0.24100000000000002,,,84.8,,,96.9,0.13,0.324,87.0,19.4,111.7,0.34600000000000003,0.47700000000000004,0.17800000000000002,0.13699999999999998,0.46299999999999997,0.259,0.278,0.19399999999999998,0.5,0.306,0.157,2.74,2.84,0.434,0.6779999999999999,0.5329999999999999,0.321,0.735,0.536,0.408,0.677,0.248,0.159,0.406,0.747,1.38,0.22,76,66,4.81,1.0,1.0,9.3,$7.6,2023
Yimi Garcia,TOR,3,4,3,73,0,66.0,67,35,30,8,15,79,4.09,1.24,10.77,2.05,0.28,0.053,0.22699999999999998,3.39,3.14,2.99,0.33399999999999996,0.073,,83.7,88.6,,95.9,0.066,0.35200000000000004,87.0,10.7,112.8,0.455,0.298,0.247,0.132,0.401,0.368,0.231,0.198,0.505,0.297,0.151,3.48,3.14,0.33399999999999996,0.6940000000000001,0.48,0.606,0.8029999999999999,0.722,0.406,0.635,0.134,0.157,0.29100000000000004,0.69,1.09,0.339,78,73,5.27,1.0,0.0,10.1,$8.1,2023
Hoby Milner,MIL,2,1,0,73,0,64.1,49,16,13,5,13,59,1.82,0.96,8.25,1.82,0.23399999999999999,0.052000000000000005,0.183,3.13,3.66,3.43,0.331,0.17300000000000001,,79.7,81.2,,89.0,0.062,0.354,86.6,10.1,112.5,0.509,0.34299999999999997,0.149,0.1,0.376,0.32,0.303,0.16899999999999998,0.517,0.315,0.083,2.94,3.66,0.327,0.5579999999999999,0.42100000000000004,0.745,0.853,0.8029999999999999,0.405,0.655,0.083,0.222,0.305,0.8420000000000001,0.7,0.254,71,84,4.54,1.0,1.9,10.0,$8.0,2023
Scott Barlow,- - -,2,6,13,63,0,68.0,61,39,33,4,34,79,4.37,1.4,10.46,4.5,0.264,0.114,0.151,3.42,4.04,3.94,0.377,,,83.0,,,93.2,0.044000000000000004,0.298,85.5,11.2,111.4,0.429,0.322,0.249,0.08800000000000001,0.45899999999999996,0.32,0.221,0.182,0.547,0.271,0.07,3.76,4.04,0.35200000000000004,0.58,0.43799999999999994,0.561,0.8440000000000001,0.7020000000000001,0.37799999999999995,0.589,0.13,0.195,0.325,0.6459999999999999,0.53,0.322,79,93,2.32,1.0,-0.2,10.1,$8.1,2023
Trevor Gott,- - -,0,5,1,64,0,58.0,63,34,27,4,19,62,4.19,1.41,9.62,2.95,0.23800000000000002,0.073,0.165,3.2,4.16,3.77,,0.040999999999999995,,,87.1,,93.6,0.045,0.364,88.2,13.4,111.8,0.402,0.374,0.22399999999999998,0.16899999999999998,0.267,0.375,0.358,0.205,0.523,0.273,0.062,3.46,4.16,0.305,0.643,0.445,0.695,0.8540000000000001,0.7909999999999999,0.41600000000000004,0.5710000000000001,0.09300000000000001,0.19399999999999998,0.287,0.647,0.62,0.343,76,96,3.26,1.0,-0.5,9.8,$7.9,2023
Drew Smyly,CHC,11,11,0,41,23,142.1,147,89,79,26,56,141,5.0,1.43,8.92,3.54,0.225,0.08900000000000001,0.136,4.96,4.71,4.48,,,,,,,,0.073,0.336,87.6,19.3,118.1,0.348,0.439,0.213,0.142,0.428,0.34299999999999997,0.22899999999999998,0.182,0.508,0.31,0.142,4.15,4.71,0.335,0.675,0.465,0.634,0.852,0.755,0.382,0.626,0.114,0.16399999999999998,0.278,0.695,1.64,0.305,115,107,2.52,0.9,0.1,9.2,$7.2,2023
Austin Gomber,COL,9,9,0,27,27,139.0,164,88,85,26,43,87,5.5,1.49,5.63,2.78,0.14400000000000002,0.071,0.073,5.43,5.08,5.24,0.201,0.18100000000000002,,84.9,81.7,,90.8,0.08900000000000001,0.44299999999999995,90.5,12.8,113.7,0.41600000000000004,0.38,0.204,0.109,0.44299999999999995,0.345,0.213,0.151,0.46,0.389,0.149,5.74,5.08,0.28,0.7,0.475,0.698,0.89,0.8290000000000001,0.46299999999999997,0.632,0.081,0.163,0.244,0.703,1.68,0.311,118,116,2.02,0.9,1.5,9.6,$7.4,2023
Andrew Nardi,MIA,8,1,3,63,0,57.1,45,18,17,7,21,73,2.67,1.15,11.46,3.3,0.308,0.08900000000000001,0.21899999999999997,3.6,3.46,3.18,0.37799999999999995,0.009000000000000001,,82.8,90.0,,94.6,0.065,0.273,84.6,12.3,112.3,0.43799999999999994,0.365,0.19699999999999998,0.16,0.33799999999999997,0.353,0.309,0.252,0.496,0.252,0.14,2.77,3.46,0.348,0.711,0.505,0.5820000000000001,0.831,0.733,0.433,0.6459999999999999,0.135,0.15,0.285,0.8640000000000001,1.1,0.288,82,79,3.48,0.9,1.7,8.9,$7.1,2023
Ian Gibaut,CIN,8,4,3,74,0,75.2,69,33,28,8,28,69,3.33,1.28,8.21,3.33,0.217,0.08800000000000001,0.129,4.07,4.45,4.19,0.20800000000000002,0.081,,84.2,86.0,,95.3,0.06,0.318,86.7,16.2,109.2,0.39899999999999997,0.376,0.225,0.063,0.33299999999999996,0.33299999999999996,0.33299999999999996,0.134,0.574,0.292,0.1,3.73,4.45,0.36,0.7,0.514,0.665,0.818,0.76,0.45299999999999996,0.6759999999999999,0.12300000000000001,0.151,0.27399999999999997,0.757,0.95,0.292,89,102,2.46,0.9,1.4,8.9,$7.1,2023
Ryan Yarbrough,- - -,8,7,2,25,9,89.2,96,45,45,13,14,67,4.52,1.23,6.72,1.41,0.17800000000000002,0.037000000000000005,0.141,4.38,4.65,4.33,0.261,0.183,,71.9,78.5,,87.1,0.066,0.292,85.4,16.7,113.7,0.391,0.41200000000000003,0.19699999999999998,0.12,0.358,0.375,0.267,0.21899999999999997,0.49700000000000005,0.285,0.111,4.4,4.65,0.371,0.695,0.515,0.7040000000000001,0.8540000000000001,0.794,0.444,0.6759999999999999,0.106,0.161,0.267,0.731,1.3,0.302,100,108,4.79,0.9,1.1,8.1,$7.0,2023
Lucas Giolito,- - -,8,15,0,33,33,184.1,169,110,100,41,73,204,4.88,1.31,9.96,3.56,0.257,0.092,0.165,5.27,4.45,4.21,0.282,0.28300000000000003,,84.0,81.0,,93.3,0.11,0.415,89.2,18.5,115.1,0.36200000000000004,0.457,0.182,0.14300000000000002,0.426,0.312,0.262,0.183,0.473,0.34299999999999997,0.177,4.59,4.45,0.302,0.7,0.467,0.551,0.85,0.737,0.413,0.612,0.12300000000000001,0.166,0.28800000000000003,0.728,2.0,0.274,121,104,2.79,0.9,1.0,8.0,$7.0,2023
A.J. Puk,MIA,7,5,15,58,0,56.2,54,29,25,10,13,78,3.97,1.18,12.39,2.06,0.322,0.054000000000000006,0.26899999999999996,3.59,3.02,2.66,0.424,0.015,,84.0,87.4,,95.9,0.081,0.322,87.3,13.0,112.1,0.442,0.401,0.156,0.153,0.423,0.275,0.302,0.242,0.436,0.322,0.16899999999999998,3.05,3.02,0.33299999999999996,0.64,0.48200000000000004,0.537,0.7659999999999999,0.685,0.486,0.649,0.151,0.20199999999999999,0.353,0.727,1.59,0.317,82,69,6.0,0.9,0.3,9.3,$7.4,2023
Trevor Stephan,CLE,7,7,2,71,0,68.2,63,35,31,6,26,75,4.06,1.3,9.83,3.41,0.255,0.08800000000000001,0.16699999999999998,3.56,4.25,3.77,0.24,,,85.5,,,95.1,0.085,0.38299999999999995,89.1,14.2,112.7,0.41600000000000004,0.41100000000000003,0.17300000000000001,0.092,0.415,0.36700000000000005,0.218,0.122,0.532,0.34600000000000003,0.079,4.52,4.25,0.34299999999999997,0.743,0.5,0.598,0.805,0.7190000000000001,0.39299999999999996,0.619,0.14,0.125,0.265,0.6890000000000001,0.79,0.313,84,99,2.88,0.9,0.2,9.3,$7.5,2023
Hector Neris,HOU,6,3,2,71,0,68.1,41,16,13,7,31,77,1.71,1.05,10.14,4.08,0.282,0.114,0.168,3.83,4.45,3.89,0.039,,,86.1,,,93.1,0.08,0.278,86.5,19.4,112.7,0.318,0.516,0.166,0.14800000000000002,0.478,0.317,0.205,0.21100000000000002,0.54,0.248,0.086,3.28,4.45,0.35100000000000003,0.7140000000000001,0.501,0.613,0.7859999999999999,0.715,0.413,0.56,0.14300000000000002,0.141,0.28300000000000003,0.905,0.92,0.219,90,104,2.48,0.9,2.7,8.7,$7.0,2023
Javier Assad,CHC,5,3,0,32,10,109.1,93,38,37,13,41,94,3.05,1.23,7.74,3.38,0.209,0.091,0.11800000000000001,4.29,4.35,4.41,0.133,0.04,,80.7,85.1,,93.2,0.09,0.41200000000000003,87.6,11.4,112.4,0.469,0.345,0.18600000000000003,0.142,0.33399999999999996,0.38299999999999995,0.28300000000000003,0.18,0.489,0.331,0.12300000000000001,4.63,4.35,0.267,0.6559999999999999,0.42700000000000005,0.703,0.8959999999999999,0.825,0.41200000000000003,0.5720000000000001,0.075,0.177,0.252,0.833,1.07,0.268,100,99,2.29,0.9,2.5,8.9,$7.1,2023
Julian Merryweather,CHC,5,1,2,69,0,72.0,58,28,27,8,36,98,3.38,1.31,12.25,4.5,0.32299999999999995,0.11900000000000001,0.205,3.52,3.61,3.43,0.516,0.075,,86.9,81.6,,98.2,0.071,0.405,89.8,14.5,112.1,0.40700000000000003,0.401,0.192,0.10400000000000001,0.31,0.435,0.256,0.16699999999999998,0.512,0.321,0.11900000000000001,3.71,3.61,0.326,0.684,0.47200000000000003,0.449,0.828,0.674,0.41,0.657,0.154,0.16899999999999998,0.32299999999999995,0.8,1.0,0.313,82,83,2.72,0.9,1.1,8.7,$6.9,2023
Carlos Estevez,LAA,5,5,31,63,0,62.1,62,34,27,7,31,78,3.9,1.49,11.26,4.48,0.278,0.11,0.16699999999999998,3.94,4.55,3.88,0.271,0.061,,88.4,89.5,,97.1,0.066,0.44299999999999995,90.4,20.4,112.3,0.307,0.47,0.223,0.154,0.335,0.341,0.32299999999999995,0.21,0.461,0.32899999999999996,0.09,4.07,4.55,0.324,0.737,0.518,0.67,0.8029999999999999,0.759,0.469,0.648,0.125,0.146,0.271,0.726,1.01,0.344,91,106,2.52,0.9,0.1,8.6,$7.0,2023
Domingo German,NYY,5,7,0,20,19,108.2,83,61,55,20,34,114,4.56,1.08,9.44,2.82,0.257,0.077,0.18,4.65,4.04,3.96,,0.21,,,85.8,,92.4,0.09699999999999999,0.414,88.3,16.3,112.0,0.39399999999999996,0.405,0.201,0.12,0.486,0.355,0.159,0.166,0.507,0.32799999999999996,0.171,4.28,4.04,0.366,0.706,0.508,0.534,0.833,0.7070000000000001,0.41600000000000004,0.642,0.14800000000000002,0.158,0.306,0.653,1.66,0.233,107,94,3.35,0.9,0.6,9.5,$7.6,2023
Matthew Boyd,DET,5,5,0,15,15,71.0,69,46,43,11,25,73,5.45,1.32,9.25,3.17,0.24100000000000002,0.083,0.158,4.35,4.37,4.25,0.284,0.187,,79.7,80.2,,91.6,0.084,0.36,89.3,17.6,108.8,0.38799999999999996,0.433,0.179,0.10300000000000001,0.39399999999999996,0.384,0.222,0.153,0.527,0.32,0.126,4.25,4.37,0.354,0.725,0.495,0.591,0.818,0.7170000000000001,0.379,0.644,0.14,0.14400000000000002,0.284,0.62,1.39,0.302,102,102,2.92,0.9,0.0,9.0,$7.2,2023
Erik Swanson,TOR,4,2,4,69,0,66.2,52,22,22,8,21,75,2.97,1.1,10.13,2.84,0.28600000000000003,0.08,0.20600000000000002,3.51,3.81,3.35,0.17800000000000002,,,86.7,,,93.7,0.06,0.40399999999999997,89.2,17.1,114.3,0.396,0.457,0.146,0.053,0.428,0.331,0.24100000000000002,0.127,0.5479999999999999,0.325,0.107,3.04,3.81,0.35700000000000004,0.708,0.499,0.618,0.746,0.691,0.40399999999999997,0.607,0.154,0.149,0.303,0.825,1.08,0.278,81,89,3.57,0.9,1.7,8.9,$7.2,2023
Nick Anderson,ATL,4,0,1,35,0,35.1,30,14,12,3,9,36,3.06,1.1,9.17,2.29,0.255,0.064,0.191,3.09,3.76,3.47,,,,,,,94.4,0.094,0.41700000000000004,90.8,15.9,110.5,0.41700000000000004,0.396,0.188,0.237,0.365,0.32299999999999995,0.313,0.146,0.45799999999999996,0.396,0.079,3.64,3.76,0.35,0.637,0.48,0.629,0.8420000000000001,0.757,0.45299999999999996,0.7090000000000001,0.11699999999999999,0.20600000000000002,0.32299999999999995,0.718,0.76,0.29,72,86,4.0,0.9,0.7,8.7,$7.0,2023
Bryan Woo,SEA,4,5,0,18,18,87.2,75,44,41,13,31,93,4.21,1.21,9.55,3.18,0.251,0.084,0.16699999999999998,4.36,4.26,4.13,0.091,0.035,,83.3,89.6,,95.2,0.063,0.33799999999999997,87.4,13.9,115.6,0.40299999999999997,0.408,0.18899999999999997,0.113,0.363,0.342,0.29600000000000004,0.175,0.5539999999999999,0.271,0.134,3.48,4.26,0.317,0.7390000000000001,0.508,0.618,0.825,0.754,0.45299999999999996,0.644,0.125,0.152,0.276,0.728,1.33,0.273,106,99,3.0,0.9,0.9,9.1,$7.2,2023
Gregory Soto,PHI,3,4,3,69,0,60.1,47,34,31,6,22,65,4.62,1.14,9.7,3.28,0.26,0.08800000000000001,0.172,3.59,3.83,3.6,0.39,0.002,,87.9,92.0,,98.9,0.055999999999999994,0.348,87.4,8.4,112.9,0.513,0.354,0.133,0.054000000000000006,0.32899999999999996,0.379,0.292,0.149,0.578,0.273,0.107,2.79,3.83,0.33299999999999996,0.6579999999999999,0.48,0.489,0.7879999999999999,0.675,0.45299999999999996,0.664,0.156,0.177,0.33299999999999996,0.591,0.9,0.265,80,87,2.95,0.9,0.1,9.1,$7.3,2023
Brock Stewart,MIN,2,0,1,28,0,27.2,19,2,2,1,11,39,0.65,1.08,12.69,3.58,0.358,0.10099999999999999,0.257,2.21,3.17,2.87,0.214,0.084,,84.8,89.0,,97.4,0.034,0.31,88.3,15.0,113.3,0.368,0.42100000000000004,0.21100000000000002,0.125,0.22399999999999998,0.483,0.293,0.207,0.483,0.31,0.042,2.42,3.17,0.33,0.718,0.513,0.506,0.669,0.613,0.469,0.606,0.198,0.159,0.35700000000000004,0.98,0.33,0.316,51,74,3.55,0.9,1.6,8.5,$7.0,2023
Ryan Feltner,COL,2,4,0,10,10,43.1,45,29,28,2,28,38,5.82,1.68,7.89,5.82,0.18899999999999997,0.139,0.05,4.18,5.3,5.54,0.314,0.146,,88.6,84.0,,95.1,0.045,0.293,86.1,13.7,110.7,0.436,0.33799999999999997,0.226,0.156,0.331,0.429,0.24100000000000002,0.188,0.564,0.248,0.044000000000000004,4.64,5.3,0.285,0.632,0.441,0.6970000000000001,0.873,0.81,0.44799999999999995,0.647,0.083,0.18600000000000003,0.26899999999999996,0.637,0.42,0.328,91,121,1.36,0.9,0.3,8.9,$7.3,2023
Colin Holderman,PIT,0,3,2,58,0,56.0,55,25,24,4,20,58,3.86,1.34,9.32,3.21,0.242,0.083,0.158,3.29,3.72,3.63,0.297,,,84.5,,,,0.05,0.431,89.1,6.4,110.2,0.528,0.289,0.182,0.13,0.38799999999999996,0.4,0.213,0.16899999999999998,0.5,0.331,0.087,3.6,3.72,0.287,0.72,0.47700000000000004,0.624,0.8640000000000001,0.784,0.441,0.621,0.10300000000000001,0.154,0.257,0.728,0.64,0.327,75,85,2.9,0.9,0.7,9.1,$7.2,2023
Patrick Corbin,WSN,10,15,0,32,32,180.0,210,113,104,33,57,124,5.2,1.48,6.2,2.85,0.157,0.07200000000000001,0.085,5.28,4.76,5.01,0.35,0.064,,80.5,81.2,,91.8,0.09300000000000001,0.44,90.7,11.6,116.3,0.442,0.341,0.217,0.069,0.392,0.369,0.24,0.127,0.529,0.344,0.163,6.17,4.76,0.307,0.665,0.45399999999999996,0.634,0.905,0.797,0.41100000000000003,0.657,0.092,0.158,0.25,0.703,1.65,0.309,120,109,2.18,0.8,0.7,8.7,$6.7,2023
Lucas Sims,CIN,7,3,3,67,0,61.0,33,23,21,5,39,72,3.1,1.18,10.62,5.75,0.27899999999999997,0.151,0.128,4.37,5.53,4.58,0.506,,,83.8,,,94.3,0.08800000000000001,0.321,87.6,27.6,109.7,0.231,0.612,0.157,0.146,0.37200000000000005,0.358,0.27,0.23399999999999999,0.504,0.263,0.061,3.82,5.53,0.309,0.6809999999999999,0.45399999999999996,0.528,0.804,0.6890000000000001,0.389,0.5539999999999999,0.141,0.14800000000000002,0.289,0.787,0.74,0.212,95,126,1.85,0.8,1.7,7.6,$6.0,2023
Colin Rea,MIL,6,6,0,26,22,124.2,110,65,63,23,38,110,4.55,1.19,7.94,2.74,0.213,0.07400000000000001,0.139,4.9,4.3,4.37,0.113,0.055,,83.3,86.0,,93.1,0.077,0.433,90.4,13.0,114.3,0.43799999999999994,0.377,0.18600000000000003,0.11800000000000001,0.436,0.348,0.21600000000000003,0.12300000000000001,0.518,0.359,0.16899999999999998,4.43,4.3,0.317,0.7040000000000001,0.479,0.6579999999999999,0.866,0.7859999999999999,0.419,0.65,0.102,0.17800000000000002,0.28,0.726,1.66,0.254,112,98,2.89,0.8,1.2,7.8,$6.0,2023
Nestor Cortes,NYY,5,2,0,12,12,63.1,59,36,35,11,20,67,4.97,1.25,9.52,2.84,0.252,0.075,0.177,4.49,4.84,4.35,0.158,0.027999999999999997,,76.9,83.5,,91.7,0.07400000000000001,0.415,89.6,26.6,111.6,0.263,0.5710000000000001,0.166,0.16,0.43200000000000005,0.335,0.233,0.17600000000000002,0.534,0.29,0.11,3.62,4.84,0.312,0.726,0.494,0.715,0.83,0.79,0.441,0.662,0.10400000000000001,0.163,0.266,0.691,1.56,0.291,103,113,3.35,0.8,0.3,8.3,$6.7,2023
Garrett Whitlock,BOS,5,5,1,22,10,71.2,82,43,41,13,13,72,5.15,1.33,9.04,1.63,0.237,0.043,0.19399999999999998,4.27,3.74,3.67,0.23,0.24100000000000002,,79.7,82.8,,,0.102,0.426,89.9,11.8,112.8,0.442,0.36700000000000005,0.191,0.076,0.426,0.324,0.25,0.139,0.486,0.375,0.165,4.58,3.74,0.35,0.698,0.509,0.564,0.856,0.747,0.457,0.7040000000000001,0.129,0.17,0.299,0.6890000000000001,1.63,0.34,99,87,5.54,0.8,0.3,8.1,$6.5,2023
Taj Bradley,TBR,5,8,0,23,21,104.2,106,69,65,23,39,129,5.59,1.39,11.09,3.35,0.28,0.085,0.196,4.79,3.83,3.82,,0.136,,,89.3,,96.2,0.107,0.46399999999999997,91.2,17.1,113.4,0.366,0.414,0.221,0.15,0.405,0.326,0.268,0.158,0.45,0.392,0.192,4.46,3.83,0.32,0.7290000000000001,0.504,0.6509999999999999,0.8420000000000001,0.775,0.449,0.62,0.113,0.147,0.26,0.677,1.98,0.31,115,89,3.31,0.8,-0.3,8.5,$6.7,2023
Josh Winckowski,BOS,4,4,3,60,1,84.1,89,34,27,9,31,82,2.88,1.42,8.75,3.31,0.223,0.084,0.139,3.91,3.89,3.84,0.17600000000000002,0.055999999999999994,,85.7,92.9,,96.2,0.064,0.41,89.4,8.7,113.0,0.512,0.28,0.20800000000000002,0.129,0.37799999999999995,0.307,0.315,0.163,0.49,0.34700000000000003,0.129,3.78,3.89,0.326,0.718,0.491,0.609,0.8420000000000001,0.753,0.42100000000000004,0.624,0.121,0.161,0.282,0.8059999999999999,0.96,0.331,91,91,2.65,0.8,1.6,7.8,$6.3,2023
Jakob Junis,SFG,4,3,1,40,4,86.0,90,42,37,12,21,96,3.87,1.29,10.05,2.2,0.262,0.057,0.204,3.74,3.66,3.36,0.625,0.099,,84.3,87.2,,94.0,0.08199999999999999,0.35100000000000003,88.5,13.1,113.3,0.43200000000000005,0.37,0.198,0.1,0.494,0.251,0.255,0.16899999999999998,0.494,0.337,0.133,3.72,3.66,0.33299999999999996,0.636,0.46299999999999997,0.5579999999999999,0.892,0.754,0.428,0.6809999999999999,0.113,0.207,0.32,0.746,1.26,0.335,89,84,4.57,0.8,0.5,7.5,$6.0,2023
Lucas Erceg,OAK,4,4,0,50,0,55.0,51,33,29,1,36,68,4.75,1.58,11.13,5.89,0.271,0.14300000000000002,0.127,3.31,4.55,4.29,0.13,0.221,,85.8,90.3,,98.0,0.064,0.33299999999999996,86.0,7.9,110.5,0.461,0.348,0.191,0.061,0.433,0.312,0.255,0.20600000000000002,0.5670000000000001,0.22699999999999998,0.02,3.68,4.55,0.27,0.637,0.415,0.61,0.83,0.7440000000000001,0.395,0.5660000000000001,0.106,0.175,0.281,0.655,0.16,0.357,80,106,1.89,0.8,-0.4,8.0,$6.5,2023
Paul Sewald,- - -,3,2,34,65,0,60.2,46,23,21,8,24,80,3.12,1.15,11.87,3.56,0.321,0.096,0.225,3.57,3.76,3.23,0.428,,,83.9,,,92.3,0.055999999999999994,0.299,85.9,20.9,110.4,0.321,0.5,0.179,0.1,0.41700000000000004,0.34,0.243,0.19399999999999998,0.528,0.278,0.114,2.75,3.76,0.318,0.703,0.49700000000000005,0.627,0.7809999999999999,0.728,0.46399999999999997,0.647,0.135,0.16899999999999998,0.303,0.8029999999999999,1.19,0.279,86,87,3.33,0.8,1.2,8.1,$6.6,2023
Matthew Liberatore,STL,3,6,0,22,11,61.2,66,42,36,5,25,46,5.25,1.48,6.71,3.65,0.16699999999999998,0.091,0.076,4.28,5.02,5.05,0.127,0.083,,86.7,87.4,,94.3,0.085,0.42700000000000005,90.1,12.0,113.2,0.434,0.33799999999999997,0.22699999999999998,0.10400000000000001,0.342,0.337,0.322,0.131,0.49700000000000005,0.37200000000000005,0.075,5.97,5.02,0.27699999999999997,0.682,0.449,0.679,0.9059999999999999,0.825,0.426,0.535,0.078,0.162,0.24100000000000002,0.607,0.73,0.314,100,115,1.84,0.8,-0.2,7.8,$6.2,2023
Joe Kelly,- - -,2,5,1,42,0,39.1,29,22,18,3,18,60,4.12,1.19,13.73,4.12,0.35700000000000004,0.107,0.25,2.72,2.61,2.79,0.23,0.107,,91.7,89.1,,99.2,0.068,0.364,84.9,0.8,114.3,0.58,0.239,0.182,0.0,0.341,0.409,0.25,0.17,0.557,0.273,0.14300000000000002,2.88,2.61,0.345,0.565,0.43799999999999994,0.563,0.853,0.721,0.423,0.625,0.122,0.215,0.337,0.603,0.69,0.306,62,61,3.33,0.8,-0.2,8.3,$6.7,2023
Michael Grove,LAD,2,3,0,18,12,69.0,83,47,47,12,19,73,6.13,1.48,9.52,2.48,0.242,0.063,0.179,4.36,3.92,3.89,0.408,0.003,,85.9,88.3,,94.8,0.092,0.42,90.0,12.7,113.1,0.391,0.36700000000000005,0.242,0.079,0.42,0.391,0.188,0.16399999999999998,0.493,0.34299999999999997,0.158,4.99,3.92,0.34700000000000003,0.6809999999999999,0.494,0.5379999999999999,0.875,0.742,0.44,0.613,0.127,0.16399999999999998,0.29100000000000004,0.6579999999999999,1.57,0.364,97,89,3.84,0.8,-0.3,8.3,$6.6,2023
Zach Davies,ARI,2,5,0,18,18,82.1,98,67,64,10,39,72,7.0,1.66,7.87,4.26,0.191,0.10300000000000001,0.08800000000000001,4.58,4.79,5.0,0.026000000000000002,0.248,,80.8,80.8,,89.3,0.08,0.424,89.7,11.0,112.9,0.44299999999999995,0.34,0.218,0.09,0.39799999999999996,0.364,0.239,0.14,0.489,0.371,0.11199999999999999,5.47,4.79,0.268,0.64,0.402,0.6729999999999999,0.893,0.799,0.36,0.565,0.081,0.183,0.264,0.5760000000000001,1.09,0.346,108,109,1.85,0.8,-1.0,8.2,$6.4,2023
Trevor Megill,MIL,1,0,0,31,2,34.2,35,14,14,2,12,52,3.63,1.36,13.5,3.12,0.35100000000000003,0.081,0.27,2.13,3.14,2.75,,,,,,,99.1,0.07200000000000001,0.386,90.7,16.6,110.3,0.305,0.451,0.244,0.162,0.18100000000000002,0.434,0.386,0.157,0.53,0.313,0.054000000000000006,3.22,3.14,0.326,0.645,0.467,0.532,0.813,0.7040000000000001,0.442,0.622,0.138,0.19399999999999998,0.332,0.752,0.52,0.407,49,72,4.33,0.8,0.4,8.2,$6.7,2023
Jose Leclerc,TEX,0,2,4,57,0,57.0,37,19,17,5,28,67,2.68,1.14,10.58,4.42,0.28800000000000003,0.12,0.16699999999999998,3.62,4.72,3.99,0.162,0.133,,90.2,88.4,,95.1,0.081,0.324,85.9,25.0,112.6,0.294,0.5660000000000001,0.14,0.195,0.434,0.324,0.243,0.215,0.541,0.244,0.065,3.17,4.72,0.348,0.738,0.47600000000000003,0.531,0.7759999999999999,0.6559999999999999,0.32899999999999996,0.5489999999999999,0.16399999999999998,0.127,0.29,0.8,0.79,0.244,84,110,2.39,0.8,1.2,8.4,$6.8,2023
Ryne Nelson,ARI,8,8,0,29,27,144.0,159,87,85,24,46,96,5.31,1.42,6.0,2.88,0.155,0.07400000000000001,0.081,5.07,5.3,5.24,0.268,0.133,,83.7,83.4,,94.4,0.11599999999999999,0.426,90.8,16.2,113.2,0.36700000000000005,0.44299999999999995,0.191,0.105,0.413,0.358,0.22899999999999998,0.131,0.507,0.36200000000000004,0.115,5.25,5.3,0.301,0.722,0.496,0.7090000000000001,0.878,0.823,0.46299999999999997,0.622,0.08800000000000001,0.14800000000000002,0.23600000000000002,0.69,1.5,0.299,120,121,2.09,0.7,0.8,7.5,$5.8,2023
Rich Hill,- - -,8,14,0,32,27,146.1,165,98,88,23,58,129,5.41,1.52,7.93,3.57,0.195,0.08800000000000001,0.10800000000000001,4.87,4.77,4.8,0.092,,,71.1,,,88.4,0.10099999999999999,0.397,89.4,14.3,113.4,0.38,0.376,0.245,0.081,0.45899999999999996,0.345,0.196,0.14,0.524,0.336,0.134,5.65,4.77,0.275,0.662,0.44799999999999995,0.715,0.892,0.8320000000000001,0.44799999999999995,0.597,0.075,0.195,0.27,0.667,1.41,0.321,112,109,2.22,0.7,-0.5,6.7,$5.7,2023
Tyler Wells,BAL,7,6,1,25,20,118.2,83,50,48,25,34,117,3.64,0.99,8.87,2.58,0.249,0.07200000000000001,0.177,4.98,4.63,4.19,0.166,0.185,,84.1,85.4,,92.7,0.11699999999999999,0.387,89.0,20.7,116.2,0.32299999999999995,0.546,0.131,0.11699999999999999,0.371,0.384,0.244,0.175,0.489,0.337,0.146,3.94,4.63,0.32,0.6859999999999999,0.47100000000000003,0.654,0.8370000000000001,0.765,0.415,0.623,0.111,0.168,0.27899999999999997,0.826,1.9,0.2,117,108,3.44,0.7,2.5,7.0,$5.6,2023
Scott Alexander,SFG,7,3,1,55,8,48.1,55,30,25,2,11,31,4.66,1.37,5.77,2.05,0.149,0.053,0.096,3.26,3.78,3.75,0.16,0.08199999999999999,,83.0,85.9,,,0.042,0.33899999999999997,90.4,-0.6,111.3,0.607,0.19,0.20199999999999999,0.09699999999999999,0.43,0.39399999999999996,0.17600000000000002,0.158,0.509,0.33299999999999996,0.065,3.59,3.78,0.337,0.7340000000000001,0.522,0.624,0.924,0.82,0.465,0.611,0.09300000000000001,0.155,0.248,0.5760000000000001,0.37,0.325,77,86,2.82,0.7,-0.4,6.9,$5.5,2023
Josh Sborz,TEX,6,7,0,44,0,52.1,43,33,32,8,17,66,5.5,1.15,11.35,2.92,0.307,0.079,0.228,3.75,3.19,3.05,0.381,,,88.7,,,96.9,0.084,0.405,89.9,12.0,113.3,0.469,0.34600000000000003,0.185,0.17800000000000002,0.45399999999999996,0.331,0.215,0.185,0.508,0.308,0.17800000000000002,3.35,3.19,0.342,0.65,0.469,0.473,0.809,0.6659999999999999,0.414,0.605,0.157,0.177,0.33399999999999996,0.562,1.38,0.285,87,74,3.88,0.7,-0.7,6.5,$5.2,2023
Ryan Walker,SFG,5,3,1,49,13,61.1,61,25,22,8,24,78,3.23,1.39,11.45,3.52,0.297,0.091,0.205,3.68,3.47,3.45,0.504,,,83.2,,,,0.044000000000000004,0.264,85.1,10.9,108.4,0.414,0.35,0.23600000000000002,0.109,0.42100000000000004,0.34600000000000003,0.233,0.233,0.579,0.18899999999999997,0.145,3.05,3.47,0.34299999999999997,0.61,0.455,0.595,0.807,0.7140000000000001,0.418,0.5820000000000001,0.13,0.195,0.325,0.818,1.17,0.351,87,79,3.25,0.7,0.9,6.7,$5.3,2023
Enyel De Los Santos,CLE,5,2,0,70,0,65.2,50,26,24,4,25,62,3.29,1.14,8.5,3.43,0.237,0.095,0.141,3.48,4.4,4.06,0.305,0.09,,84.1,87.8,,95.8,0.08199999999999999,0.33299999999999996,88.7,14.3,113.4,0.40399999999999997,0.39799999999999996,0.19899999999999998,0.015,0.42100000000000004,0.345,0.23399999999999999,0.094,0.579,0.327,0.059000000000000004,4.14,4.4,0.317,0.722,0.496,0.516,0.871,0.7440000000000001,0.44,0.599,0.126,0.146,0.272,0.722,0.55,0.275,82,103,2.48,0.7,1.1,7.2,$5.8,2023
Matt Manning,DET,5,4,0,15,15,78.0,60,37,31,11,21,50,3.58,1.04,5.77,2.42,0.158,0.066,0.092,4.81,5.33,5.13,0.316,0.036000000000000004,,82.0,87.7,,93.4,0.10800000000000001,0.43799999999999994,90.9,16.8,119.5,0.387,0.466,0.147,0.11699999999999999,0.423,0.305,0.272,0.142,0.469,0.389,0.099,5.5,5.33,0.265,0.674,0.466,0.748,0.865,0.831,0.49200000000000005,0.62,0.079,0.18899999999999997,0.268,0.6940000000000001,1.27,0.214,112,124,2.38,0.7,1.3,6.6,$5.2,2023
Tommy Henry,ARI,5,4,0,17,16,89.0,86,42,41,12,35,64,4.15,1.36,6.47,3.54,0.168,0.092,0.076,4.88,5.4,5.29,0.125,0.19399999999999998,,83.2,84.0,,90.7,0.076,0.324,87.9,16.8,115.1,0.36200000000000004,0.442,0.196,0.12300000000000001,0.40299999999999997,0.32,0.27699999999999997,0.162,0.522,0.317,0.098,4.29,5.4,0.341,0.696,0.485,0.6729999999999999,0.871,0.7879999999999999,0.40700000000000003,0.57,0.10300000000000001,0.145,0.247,0.767,1.21,0.278,115,123,1.83,0.7,1.7,7.0,$5.4,2023
Aaron Bummer,CHW,5,5,0,61,0,58.1,53,45,44,4,36,78,6.79,1.53,12.03,5.55,0.292,0.135,0.157,3.58,3.51,3.72,0.381,0.005,,82.6,87.8,,94.7,0.027000000000000003,0.446,89.2,-2.0,113.8,0.5820000000000001,0.19899999999999998,0.21899999999999997,0.069,0.311,0.365,0.324,0.182,0.581,0.23600000000000002,0.138,3.56,3.51,0.297,0.55,0.39899999999999997,0.508,0.86,0.703,0.402,0.607,0.11800000000000001,0.221,0.33899999999999997,0.5539999999999999,0.62,0.34,81,82,2.17,0.7,-1.6,7.4,$6.0,2023
Joey Lucchesi,NYM,4,0,0,9,9,46.2,44,17,15,4,17,32,2.89,1.31,6.17,3.28,0.16399999999999998,0.087,0.077,4.22,5.02,5.15,,0.254,,,78.0,,90.6,0.10400000000000001,0.382,88.8,12.3,111.1,0.45299999999999996,0.38799999999999996,0.158,0.14800000000000002,0.285,0.43799999999999994,0.278,0.153,0.535,0.313,0.07400000000000001,5.45,5.02,0.299,0.637,0.434,0.728,0.904,0.831,0.39899999999999997,0.626,0.073,0.179,0.251,0.8009999999999999,0.77,0.286,97,115,1.88,0.7,1.2,6.9,$5.5,2023
Vince Velasquez,PIT,4,4,0,8,8,37.1,35,16,16,4,14,37,3.86,1.31,8.92,3.38,0.228,0.086,0.142,3.87,4.56,4.51,0.449,0.122,,83.2,88.6,,93.5,0.064,0.391,88.3,19.5,113.2,0.303,0.431,0.266,0.128,0.336,0.327,0.336,0.182,0.536,0.282,0.085,4.13,4.56,0.315,0.7,0.469,0.642,0.8079999999999999,0.741,0.4,0.642,0.121,0.16699999999999998,0.28800000000000003,0.7659999999999999,0.96,0.292,89,104,2.64,0.7,0.8,6.7,$5.4,2023
Cal Quantrill,CLE,4,7,0,19,19,99.2,111,59,58,11,35,58,5.24,1.46,5.24,3.16,0.131,0.079,0.052000000000000005,4.79,5.43,5.5,0.242,0.085,,88.1,85.9,,94.1,0.084,0.392,87.9,13.4,111.0,0.408,0.364,0.22699999999999998,0.10400000000000001,0.451,0.326,0.22399999999999998,0.18600000000000003,0.503,0.311,0.08800000000000001,5.87,5.43,0.312,0.72,0.469,0.754,0.884,0.83,0.384,0.622,0.079,0.147,0.226,0.6829999999999999,0.99,0.3,113,127,1.66,0.7,0.4,7.5,$5.9,2023
Reynaldo Lopez,- - -,3,7,6,68,0,66.0,50,25,24,8,34,83,3.27,1.27,11.32,4.64,0.299,0.122,0.17600000000000002,3.91,4.06,3.74,0.292,0.054000000000000006,,88.0,88.5,,98.4,0.094,0.381,88.1,14.3,111.9,0.392,0.43700000000000006,0.171,0.11599999999999999,0.27,0.409,0.321,0.182,0.509,0.308,0.11599999999999999,4.0,4.06,0.32799999999999996,0.76,0.509,0.561,0.812,0.718,0.418,0.615,0.14300000000000002,0.126,0.26899999999999996,0.813,1.09,0.276,89,95,2.44,0.7,1.4,7.3,$5.9,2023
Jake Irvin,WSN,3,7,0,24,24,121.0,118,66,62,20,54,99,4.61,1.42,7.36,4.02,0.187,0.102,0.085,5.3,5.14,5.09,,0.095,,,89.5,,94.5,0.10300000000000001,0.396,90.4,14.7,111.7,0.428,0.395,0.177,0.11699999999999999,0.369,0.379,0.252,0.125,0.501,0.374,0.138,5.11,5.14,0.266,0.6629999999999999,0.435,0.726,0.9,0.8390000000000001,0.42700000000000005,0.568,0.07,0.18600000000000003,0.256,0.75,1.49,0.281,121,117,1.83,0.7,1.5,7.4,$5.7,2023
Brennan Bernardino,BOS,2,1,0,55,6,50.2,48,19,18,4,18,58,3.2,1.3,10.3,3.2,0.26899999999999996,0.083,0.185,3.41,3.56,3.45,0.42700000000000005,0.013999999999999999,,77.6,82.4,,90.0,0.067,0.32799999999999996,89.0,7.7,111.1,0.504,0.271,0.226,0.055999999999999994,0.34299999999999997,0.40299999999999997,0.254,0.149,0.53,0.321,0.111,4.07,3.56,0.228,0.62,0.40700000000000003,0.617,0.841,0.773,0.457,0.537,0.092,0.215,0.307,0.7979999999999999,0.71,0.338,79,83,3.22,0.7,1.1,7.2,$5.9,2023
Pedro Avila,SDP,2,2,0,14,6,50.1,43,23,18,3,25,54,3.22,1.35,9.66,4.47,0.245,0.114,0.132,3.67,3.88,4.05,,0.255,,,83.9,,94.1,0.044000000000000004,0.419,88.5,2.8,111.3,0.588,0.22899999999999998,0.183,0.067,0.434,0.36,0.20600000000000002,0.147,0.551,0.301,0.1,4.05,3.88,0.303,0.67,0.45399999999999996,0.544,0.8540000000000001,0.732,0.41,0.614,0.122,0.152,0.27399999999999997,0.727,0.54,0.301,85,89,2.16,0.7,0.6,6.6,$5.3,2023
Luis Garcia,HOU,2,2,0,6,6,27.0,25,12,12,3,10,31,4.0,1.3,10.33,3.33,0.27,0.087,0.183,3.63,4.14,4.08,0.125,0.057999999999999996,,78.5,84.4,,93.0,0.068,0.32899999999999996,86.8,22.1,113.4,0.264,0.444,0.292,0.21899999999999997,0.384,0.41100000000000003,0.205,0.247,0.41100000000000003,0.342,0.094,4.09,4.14,0.386,0.6779999999999999,0.499,0.527,0.8690000000000001,0.7070000000000001,0.387,0.609,0.145,0.139,0.284,0.755,1.0,0.314,85,97,3.1,0.7,0.6,6.7,$5.6,2023
Pierce Johnson,- - -,2,6,13,67,0,62.2,63,34,28,10,30,90,4.02,1.48,12.93,4.31,0.325,0.10800000000000001,0.217,3.89,3.27,3.27,0.077,,,88.3,,,96.1,0.064,0.47100000000000003,90.7,13.2,110.3,0.37200000000000005,0.353,0.276,0.091,0.389,0.35,0.261,0.083,0.522,0.395,0.182,3.93,3.27,0.35100000000000003,0.63,0.46399999999999997,0.478,0.8740000000000001,0.696,0.406,0.635,0.141,0.18899999999999997,0.33,0.747,1.44,0.361,86,75,3.0,0.7,0.4,6.8,$5.4,2023
Alex Vesia,LAD,2,5,1,56,1,49.2,52,27,24,7,17,64,4.35,1.39,11.6,3.08,0.295,0.078,0.217,3.66,4.12,3.38,0.305,0.013999999999999999,,86.0,86.5,,94.4,0.08199999999999999,0.425,92.1,23.8,117.1,0.295,0.523,0.182,0.159,0.35100000000000003,0.35100000000000003,0.299,0.16399999999999998,0.493,0.34299999999999997,0.10099999999999999,3.66,4.12,0.32799999999999996,0.732,0.506,0.59,0.8079999999999999,0.7290000000000001,0.442,0.599,0.13699999999999998,0.138,0.275,0.7190000000000001,1.27,0.354,81,94,3.76,0.7,0.0,7.3,$5.8,2023
Osvaldo Bido,PIT,2,5,0,16,9,50.2,55,35,33,4,21,48,5.86,1.5,8.53,3.73,0.203,0.08900000000000001,0.114,4.1,4.94,4.63,0.386,0.098,,84.6,89.1,,94.6,0.044000000000000004,0.371,87.5,17.4,111.7,0.354,0.361,0.285,0.193,0.39,0.327,0.28300000000000003,0.201,0.49700000000000005,0.302,0.07,4.7,4.94,0.305,0.644,0.44799999999999995,0.687,0.878,0.8029999999999999,0.42100000000000004,0.619,0.08800000000000001,0.183,0.271,0.625,0.71,0.329,94,113,2.29,0.7,-0.4,7.0,$5.5,2023
Jesse Chavez,ATL,1,0,1,36,1,34.2,26,10,6,2,12,39,1.56,1.1,10.13,3.12,0.271,0.083,0.188,3.05,3.4,3.35,,0.136,,,84.9,,,0.033,0.33299999999999996,87.2,7.2,108.0,0.517,0.258,0.225,0.217,0.389,0.35600000000000004,0.256,0.16699999999999998,0.556,0.278,0.087,3.58,3.4,0.29600000000000004,0.603,0.41200000000000003,0.701,0.7879999999999999,0.7490000000000001,0.37799999999999995,0.653,0.10300000000000001,0.223,0.326,0.812,0.52,0.273,71,78,3.25,0.7,1.1,7.4,$5.9,2023
Nick Ramirez,NYY,1,2,1,32,0,40.2,41,17,12,1,9,28,2.66,1.23,6.2,1.99,0.163,0.052000000000000005,0.11,2.94,4.45,4.28,0.27399999999999997,0.28,,79.3,79.1,,90.5,0.06,0.284,85.7,7.5,109.5,0.474,0.33799999999999997,0.188,0.111,0.478,0.321,0.201,0.19399999999999998,0.604,0.201,0.022000000000000002,3.88,4.45,0.345,0.62,0.46399999999999997,0.643,0.875,0.777,0.43200000000000005,0.6629999999999999,0.10300000000000001,0.19399999999999998,0.297,0.685,0.22,0.301,67,104,3.11,0.7,0.4,6.5,$5.3,2023
Brooks Raley,NYM,1,2,3,66,0,54.2,44,19,17,4,25,61,2.8,1.26,10.04,4.12,0.258,0.106,0.153,3.68,4.39,3.93,0.363,0.151,,81.6,84.9,,90.2,0.049,0.292,85.8,15.7,112.3,0.43,0.387,0.183,0.145,0.486,0.313,0.201,0.174,0.59,0.23600000000000002,0.073,3.38,4.39,0.299,0.637,0.431,0.564,0.8440000000000001,0.726,0.39,0.631,0.11800000000000001,0.179,0.297,0.807,0.66,0.286,84,100,2.44,0.7,1.2,6.7,$5.4,2023
Mason Miller,OAK,0,3,0,10,6,33.1,24,15,14,2,16,38,3.78,1.2,10.26,4.32,0.273,0.115,0.158,3.47,4.77,4.34,0.23800000000000002,0.049,,85.9,90.3,,98.6,0.037000000000000005,0.341,89.2,23.8,112.4,0.259,0.519,0.222,0.11900000000000001,0.268,0.341,0.39,0.183,0.5489999999999999,0.268,0.048,3.17,4.77,0.281,0.701,0.46299999999999997,0.588,0.8540000000000001,0.762,0.433,0.547,0.11,0.142,0.252,0.6970000000000001,0.54,0.275,84,111,2.38,0.7,0.5,6.5,$5.4,2023
Tylor Megill,NYM,9,8,0,25,25,126.1,141,76,66,18,58,105,4.7,1.58,7.48,4.13,0.185,0.102,0.083,4.96,4.92,5.07,0.20600000000000002,0.151,,84.4,87.9,,95.2,0.09,0.425,89.8,11.7,114.6,0.439,0.35,0.21100000000000002,0.057999999999999996,0.345,0.38,0.275,0.12300000000000001,0.557,0.32,0.13,5.84,4.92,0.262,0.7070000000000001,0.447,0.6409999999999999,0.866,0.789,0.414,0.5429999999999999,0.094,0.154,0.248,0.7170000000000001,1.28,0.324,114,112,1.81,0.6,0.3,6.4,$4.9,2023
Matt Moore,- - -,5,1,0,50,0,52.2,46,16,15,7,15,60,2.56,1.16,10.25,2.56,0.275,0.069,0.20600000000000002,3.73,3.95,3.38,,0.312,,,84.2,,94.0,0.079,0.364,88.4,16.4,110.5,0.35,0.45299999999999996,0.19699999999999998,0.048,0.35700000000000004,0.40700000000000003,0.23600000000000002,0.157,0.55,0.293,0.113,3.32,3.95,0.384,0.708,0.526,0.626,0.8190000000000001,0.74,0.436,0.546,0.136,0.14300000000000002,0.27899999999999997,0.8859999999999999,1.2,0.293,86,92,4.0,0.6,1.7,6.1,$4.9,2023
JP Sears,OAK,5,14,0,32,32,172.1,165,90,87,34,53,161,4.54,1.26,8.41,2.77,0.21899999999999997,0.07200000000000001,0.147,5.15,5.1,4.62,0.34600000000000003,0.151,,81.5,84.1,,93.2,0.111,0.384,88.6,22.6,112.1,0.29100000000000004,0.525,0.184,0.084,0.41600000000000004,0.301,0.28300000000000003,0.17800000000000002,0.521,0.301,0.13,4.64,5.1,0.34,0.727,0.509,0.684,0.836,0.779,0.43799999999999994,0.648,0.113,0.14300000000000002,0.255,0.773,1.78,0.278,125,119,3.04,0.6,1.9,5.8,$4.5,2023
Ryan Borucki,PIT,4,0,0,38,2,40.1,26,11,11,4,4,33,2.45,0.74,7.36,0.89,0.217,0.026000000000000002,0.191,3.5,3.94,3.49,0.14,0.114,,82.5,84.7,,,0.063,0.297,85.7,11.0,111.2,0.46799999999999997,0.385,0.147,0.14300000000000002,0.45899999999999996,0.297,0.243,0.23399999999999999,0.441,0.324,0.095,3.38,3.94,0.39299999999999996,0.6629999999999999,0.522,0.611,0.82,0.738,0.478,0.6970000000000001,0.136,0.18600000000000003,0.322,0.81,0.89,0.206,80,90,8.25,0.6,1.3,6.2,$5.0,2023
Phil Maton,HOU,4,3,1,68,0,66.0,49,27,22,6,25,74,3.0,1.12,10.09,3.41,0.27,0.091,0.179,3.74,4.24,3.63,0.235,,,79.7,,,,0.07200000000000001,0.235,84.5,11.7,108.0,0.429,0.41100000000000003,0.16,0.06,0.41,0.355,0.235,0.205,0.53,0.265,0.09,3.14,4.24,0.344,0.726,0.499,0.5710000000000001,0.775,0.6920000000000001,0.40700000000000003,0.65,0.154,0.146,0.3,0.7509999999999999,0.82,0.269,88,99,2.96,0.6,1.0,6.1,$4.9,2023
Tyler Rogers,SFG,4,5,2,68,0,74.0,66,27,25,7,19,60,3.04,1.15,7.3,2.31,0.19399999999999998,0.061,0.133,3.76,4.13,3.96,0.488,,,73.0,,,,0.022000000000000002,0.273,84.4,8.7,113.2,0.505,0.324,0.171,0.083,0.369,0.311,0.32,0.276,0.511,0.213,0.09699999999999999,2.73,4.13,0.327,0.7190000000000001,0.509,0.7040000000000001,0.838,0.792,0.466,0.647,0.106,0.179,0.284,0.78,0.85,0.268,89,94,3.16,0.6,1.5,6.1,$4.8,2023
Elvis Peguero,MIL,4,5,1,59,0,61.1,49,25,23,4,26,54,3.38,1.22,7.92,3.82,0.214,0.10300000000000001,0.111,3.81,4.09,4.07,0.509,,,90.7,,,,0.03,0.381,89.0,2.0,115.3,0.56,0.25,0.19,0.095,0.47600000000000003,0.363,0.161,0.17300000000000001,0.5479999999999999,0.28,0.095,3.78,4.09,0.36,0.6509999999999999,0.461,0.565,0.87,0.715,0.348,0.552,0.131,0.16,0.29100000000000004,0.736,0.59,0.274,87,93,2.08,0.6,1.0,5.8,$4.6,2023
Buck Farmer,CIN,4,5,3,71,0,75.0,58,36,35,11,29,70,4.2,1.16,8.4,3.48,0.22699999999999998,0.094,0.133,4.62,4.89,4.28,,0.23199999999999998,,,87.9,,94.0,0.087,0.35,87.8,19.8,111.7,0.33299999999999996,0.485,0.18100000000000002,0.162,0.413,0.34,0.248,0.218,0.47600000000000003,0.306,0.111,4.06,4.89,0.332,0.669,0.46399999999999997,0.602,0.7979999999999999,0.713,0.39299999999999996,0.628,0.133,0.158,0.292,0.728,1.32,0.241,100,112,2.41,0.6,0.9,5.7,$4.5,2023
Marco Gonzales,SEA,4,1,0,10,10,50.0,55,32,29,5,18,34,5.22,1.46,6.12,3.24,0.158,0.084,0.07400000000000001,4.28,4.83,5.19,,0.302,,,79.9,,89.3,0.067,0.368,89.7,13.9,113.0,0.406,0.35,0.244,0.071,0.46,0.337,0.20199999999999999,0.129,0.5770000000000001,0.294,0.08900000000000001,5.27,4.83,0.341,0.67,0.48200000000000004,0.722,0.884,0.818,0.429,0.605,0.08800000000000001,0.17800000000000002,0.265,0.621,0.9,0.316,104,113,1.89,0.6,-0.1,5.6,$4.5,2023
Jimmy Cordero,NYY,3,2,0,31,1,32.2,25,14,14,2,10,34,3.86,1.07,9.37,2.76,0.258,0.076,0.182,3.07,3.29,3.26,0.27899999999999997,0.013999999999999999,,86.9,90.7,,98.7,0.047,0.384,88.5,4.9,108.3,0.5579999999999999,0.233,0.209,0.1,0.384,0.419,0.198,0.18600000000000003,0.488,0.326,0.1,3.53,3.29,0.285,0.597,0.42,0.627,0.8640000000000001,0.772,0.43200000000000005,0.561,0.095,0.20600000000000002,0.301,0.6729999999999999,0.55,0.274,70,77,3.4,0.6,0.4,5.5,$4.5,2023
Robert Garcia,- - -,2,2,0,25,0,32.0,26,16,13,3,12,33,3.66,1.19,9.28,3.38,0.26,0.094,0.165,3.54,3.56,3.69,0.24100000000000002,0.272,,84.0,88.1,,94.2,0.037000000000000005,0.305,85.1,13.8,112.8,0.462,0.308,0.231,0.25,0.38299999999999995,0.37,0.247,0.198,0.531,0.272,0.125,3.63,3.56,0.33299999999999996,0.711,0.501,0.691,0.818,0.7709999999999999,0.444,0.677,0.115,0.159,0.273,0.6509999999999999,0.84,0.291,80,81,2.75,0.6,0.2,5.5,$4.4,2023
Gabe Speier,SEA,2,2,1,69,0,54.2,47,24,23,7,11,64,3.79,1.06,10.54,1.81,0.29600000000000004,0.051,0.245,3.35,2.71,2.62,0.318,0.017,,84.5,88.4,,95.2,0.087,0.42,88.5,7.0,109.2,0.5589999999999999,0.25,0.191,0.028999999999999998,0.406,0.377,0.217,0.159,0.536,0.304,0.20600000000000002,3.5,2.71,0.429,0.659,0.523,0.5660000000000001,0.848,0.711,0.409,0.782,0.151,0.159,0.309,0.723,1.15,0.305,82,63,5.82,0.6,0.4,5.6,$4.5,2023
Tom Cosgrove,SDP,1,2,1,54,0,51.1,31,12,10,3,19,44,1.75,0.97,7.71,3.33,0.215,0.09300000000000001,0.122,3.7,4.91,4.32,0.522,0.004,,76.2,85.3,,92.1,0.036000000000000004,0.255,83.9,16.3,110.5,0.40700000000000003,0.452,0.141,0.16399999999999998,0.423,0.358,0.21899999999999997,0.27699999999999997,0.496,0.226,0.049,2.66,4.91,0.268,0.669,0.456,0.622,0.8370000000000001,0.77,0.47,0.61,0.105,0.18600000000000003,0.292,0.846,0.53,0.209,85,112,2.32,0.6,1.5,6.2,$5.0,2023
Abner Uribe,MIL,1,0,1,32,0,30.2,16,8,6,0,20,39,1.76,1.17,11.45,5.87,0.307,0.157,0.15,2.77,3.68,4.05,0.322,,,89.4,,,100.9,0.06,0.433,89.7,8.4,109.8,0.53,0.258,0.212,0.059000000000000004,0.46299999999999997,0.32799999999999996,0.209,0.11900000000000001,0.522,0.358,0.0,3.49,3.68,0.251,0.645,0.405,0.43,0.855,0.695,0.392,0.583,0.12300000000000001,0.188,0.312,0.784,0.0,0.239,63,84,1.95,0.6,0.9,5.8,$4.7,2023
Mark Leiter Jr.,CHC,1,3,4,69,0,64.1,48,27,25,7,24,77,3.5,1.12,10.77,3.36,0.28600000000000003,0.08900000000000001,0.19699999999999998,3.77,3.66,3.37,,,,,,,91.4,0.08800000000000001,0.39399999999999996,88.2,10.3,112.1,0.45299999999999996,0.321,0.226,0.039,0.469,0.363,0.16899999999999998,0.175,0.513,0.313,0.13699999999999998,4.05,3.66,0.304,0.643,0.43700000000000006,0.513,0.8420000000000001,0.703,0.392,0.61,0.13,0.162,0.29100000000000004,0.755,0.98,0.268,88,84,3.21,0.6,1.0,6.2,$4.9,2023
Jose Butto,NYM,1,4,0,9,7,42.0,33,17,17,3,23,38,3.64,1.33,8.14,4.93,0.212,0.128,0.084,4.02,4.9,5.11,0.153,0.231,,86.3,85.5,,94.2,0.025,0.441,90.0,15.6,114.1,0.42200000000000004,0.397,0.18100000000000002,0.109,0.45799999999999996,0.381,0.161,0.161,0.525,0.314,0.065,3.92,4.9,0.281,0.757,0.45399999999999996,0.618,0.8270000000000001,0.745,0.364,0.575,0.11599999999999999,0.131,0.247,0.753,0.64,0.261,92,112,1.65,0.6,0.9,6.0,$4.8,2023
Cole Irvin,BAL,1,4,0,24,12,77.1,78,42,38,11,21,68,4.42,1.28,7.91,2.44,0.20199999999999999,0.063,0.14,4.43,4.49,4.32,,0.21100000000000002,,,84.2,,92.3,0.10800000000000001,0.34600000000000003,88.5,12.2,112.8,0.414,0.37200000000000005,0.213,0.079,0.379,0.354,0.267,0.163,0.517,0.321,0.124,5.59,4.49,0.34700000000000003,0.696,0.503,0.721,0.866,0.8109999999999999,0.447,0.616,0.095,0.16899999999999998,0.264,0.706,1.28,0.293,104,105,3.24,0.6,0.5,5.7,$4.5,2023
Lance Lynn,- - -,13,11,0,32,32,183.2,189,127,117,44,67,191,5.73,1.39,9.36,3.28,0.23600000000000002,0.083,0.153,5.53,4.5,4.33,0.057,0.069,,83.1,84.9,,92.6,0.10400000000000001,0.392,88.7,17.0,114.3,0.35600000000000004,0.433,0.21,0.11699999999999999,0.419,0.341,0.24100000000000002,0.17,0.509,0.32,0.19,4.87,4.5,0.324,0.7559999999999999,0.498,0.623,0.815,0.74,0.40299999999999997,0.644,0.129,0.136,0.265,0.6779999999999999,2.16,0.292,124,104,2.85,0.5,-0.6,4.9,$3.8,2023
Chris Devenski,- - -,6,4,0,38,0,42.1,36,24,21,6,11,42,4.46,1.11,8.93,2.34,0.243,0.064,0.179,3.96,4.0,3.63,0.19399999999999998,0.515,,80.9,83.3,,94.0,0.134,0.429,90.3,18.0,108.6,0.39299999999999996,0.41,0.19699999999999998,0.146,0.479,0.40299999999999997,0.11800000000000001,0.126,0.496,0.37799999999999995,0.125,4.59,4.0,0.33299999999999996,0.6940000000000001,0.47600000000000003,0.5589999999999999,0.846,0.725,0.39899999999999997,0.6940000000000001,0.131,0.157,0.28800000000000003,0.606,1.28,0.265,92,93,3.82,0.5,-0.1,5.2,$4.2,2023
Huascar Brazoban,MIA,5,2,0,50,0,58.2,53,28,27,5,31,65,4.14,1.43,9.97,4.76,0.253,0.121,0.132,3.94,4.1,4.06,0.326,0.28600000000000003,,87.4,89.4,,96.7,0.07,0.28,85.4,7.9,110.9,0.519,0.292,0.188,0.111,0.541,0.255,0.204,0.191,0.49,0.318,0.111,3.57,4.1,0.363,0.6679999999999999,0.475,0.591,0.8029999999999999,0.701,0.369,0.615,0.142,0.155,0.297,0.741,0.77,0.316,90,94,2.1,0.5,0.5,5.1,$4.0,2023
Brad Hand,- - -,5,3,1,60,0,53.2,54,33,33,6,22,59,5.53,1.42,9.89,3.69,0.25,0.09300000000000001,0.157,4.02,4.01,3.87,0.498,,,81.0,,,92.8,0.073,0.373,88.8,14.2,109.6,0.371,0.32899999999999996,0.301,0.128,0.473,0.273,0.253,0.153,0.48700000000000004,0.36,0.128,4.59,4.01,0.293,0.634,0.442,0.606,0.907,0.794,0.43700000000000006,0.593,0.09,0.183,0.273,0.6609999999999999,1.01,0.333,89,92,2.68,0.5,-0.1,4.8,$3.9,2023
Emmet Sheehan,LAD,4,1,1,13,11,60.1,46,33,33,11,26,64,4.92,1.19,9.55,3.88,0.258,0.105,0.153,4.85,4.78,4.41,0.228,0.172,,85.8,83.0,,95.4,0.10800000000000001,0.42,89.7,20.8,121.2,0.331,0.535,0.134,0.083,0.433,0.35700000000000004,0.21,0.121,0.5920000000000001,0.287,0.131,3.51,4.78,0.349,0.759,0.511,0.615,0.816,0.732,0.395,0.544,0.13699999999999998,0.121,0.258,0.6940000000000001,1.64,0.24,108,109,2.46,0.5,0.6,5.3,$4.2,2023
Mason Thompson,WSN,4,4,1,51,0,54.0,62,35,33,4,22,44,5.5,1.56,7.33,3.67,0.183,0.092,0.092,4.03,4.6,4.42,0.285,0.002,,84.7,86.5,,94.7,0.053,0.359,86.6,7.1,110.5,0.506,0.298,0.196,0.08,0.34700000000000003,0.353,0.3,0.218,0.524,0.259,0.08,4.62,4.6,0.268,0.643,0.43799999999999994,0.611,0.897,0.8009999999999999,0.45399999999999996,0.621,0.087,0.177,0.264,0.643,0.67,0.349,92,105,2.0,0.5,-0.5,4.6,$3.6,2023
Shelby Miller,LAD,3,0,1,36,1,42.0,19,8,8,3,19,42,1.71,0.9,9.0,4.07,0.258,0.11699999999999999,0.141,3.68,4.49,4.14,0.161,,,82.1,,,93.6,0.07,0.37,89.5,14.8,113.7,0.374,0.444,0.182,0.159,0.46,0.37,0.17,0.17,0.52,0.31,0.068,3.26,4.49,0.268,0.625,0.43,0.639,0.846,0.775,0.45399999999999996,0.5770000000000001,0.09699999999999999,0.195,0.29100000000000004,0.894,0.64,0.165,82,102,2.21,0.5,1.5,5.4,$4.3,2023
Angel Perdomo,PIT,3,2,0,30,0,29.0,21,14,12,3,11,44,3.72,1.1,13.66,3.41,0.376,0.094,0.282,3.01,3.15,2.62,0.313,0.07,,83.9,90.7,,93.8,0.11900000000000001,0.373,88.2,19.8,113.7,0.33899999999999997,0.46399999999999997,0.196,0.115,0.424,0.28800000000000003,0.28800000000000003,0.16899999999999998,0.542,0.28800000000000003,0.115,2.66,3.15,0.27399999999999997,0.664,0.452,0.562,0.777,0.706,0.456,0.598,0.133,0.188,0.32,0.682,0.93,0.321,69,72,4.0,0.5,0.2,4.9,$3.9,2023
Tristan Beck,SFG,3,3,2,33,3,85.0,83,40,37,10,21,68,3.92,1.22,7.2,2.22,0.192,0.059000000000000004,0.133,4.0,4.49,4.22,0.55,0.004,,85.6,86.8,,94.6,0.076,0.35700000000000004,88.1,14.9,109.2,0.408,0.397,0.195,0.096,0.384,0.373,0.243,0.152,0.536,0.312,0.096,3.69,4.49,0.331,0.706,0.49200000000000005,0.653,0.863,0.782,0.43,0.619,0.107,0.163,0.27,0.7170000000000001,1.06,0.289,95,103,3.24,0.5,0.5,4.7,$3.7,2023
Steven Okert,MIA,3,2,0,64,2,58.2,50,31,29,9,24,73,4.45,1.26,11.2,3.68,0.29600000000000004,0.09699999999999999,0.198,4.09,4.24,3.64,0.613,,,82.0,,,93.8,0.095,0.345,88.2,23.4,113.7,0.23600000000000002,0.528,0.23600000000000002,0.158,0.358,0.331,0.311,0.17600000000000002,0.507,0.318,0.11800000000000001,3.91,4.24,0.312,0.6920000000000001,0.473,0.59,0.799,0.72,0.424,0.64,0.132,0.16699999999999998,0.299,0.71,1.38,0.295,93,97,3.04,0.5,0.2,5.1,$4.2,2023
Andrew Chafin,- - -,3,4,8,63,0,51.1,45,30,27,6,28,63,4.73,1.42,11.05,4.91,0.281,0.125,0.156,4.01,4.07,3.95,0.35100000000000003,0.009000000000000001,,83.6,86.4,,92.2,0.098,0.326,86.8,13.9,115.1,0.385,0.377,0.23800000000000002,0.102,0.311,0.318,0.371,0.16699999999999998,0.523,0.311,0.122,4.36,4.07,0.337,0.624,0.429,0.55,0.8640000000000001,0.696,0.32,0.594,0.13,0.171,0.302,0.6709999999999999,1.05,0.31,93,93,2.25,0.5,-0.1,4.7,$3.8,2023
Alex Faedo,DET,2,5,0,15,12,64.2,48,35,32,12,20,58,4.45,1.05,8.07,2.78,0.221,0.076,0.145,4.85,4.58,4.42,0.381,0.133,,82.3,86.0,,93.0,0.077,0.33899999999999997,88.8,18.2,115.7,0.363,0.462,0.17600000000000002,0.14300000000000002,0.45899999999999996,0.306,0.235,0.18,0.48100000000000004,0.33899999999999997,0.14300000000000002,3.83,4.58,0.331,0.665,0.47700000000000004,0.637,0.873,0.7809999999999999,0.436,0.6679999999999999,0.10400000000000001,0.174,0.278,0.6509999999999999,1.67,0.211,113,107,2.9,0.5,0.6,4.9,$3.9,2023
Jalen Beeks,TBR,2,3,1,30,8,42.1,42,28,28,4,21,47,5.95,1.49,9.99,4.46,0.245,0.109,0.135,3.82,4.43,4.26,0.031,0.445,,83.0,89.7,,94.5,0.073,0.35,88.3,10.1,113.3,0.451,0.385,0.16399999999999998,0.064,0.366,0.35,0.285,0.154,0.537,0.309,0.085,3.6,4.43,0.304,0.669,0.46399999999999997,0.544,0.836,0.7290000000000001,0.43799999999999994,0.552,0.126,0.156,0.281,0.616,0.85,0.319,92,103,2.24,0.5,-0.5,4.8,$3.8,2023
Sawyer Gipson-Long,DET,1,0,0,4,4,20.0,14,7,6,2,8,26,2.7,1.1,11.7,3.6,0.317,0.098,0.22,3.16,3.76,3.63,0.318,0.244,,82.4,85.8,,93.6,0.063,0.271,86.7,18.6,106.4,0.354,0.479,0.16699999999999998,0.043,0.43799999999999994,0.292,0.271,0.125,0.667,0.20800000000000002,0.087,2.52,3.76,0.34,0.677,0.467,0.535,0.767,0.662,0.37799999999999995,0.695,0.158,0.16399999999999998,0.321,0.7809999999999999,0.9,0.261,74,88,3.25,0.5,0.6,4.8,$4.1,2023
James McArthur,KCR,1,0,4,18,2,23.1,20,12,12,2,2,23,4.63,0.94,8.87,0.77,0.256,0.022000000000000002,0.233,2.78,2.8,2.65,0.24600000000000002,,,86.5,,,93.4,0.047,0.43799999999999994,89.2,3.4,112.2,0.5870000000000001,0.254,0.159,0.063,0.469,0.21899999999999997,0.313,0.203,0.45299999999999996,0.344,0.125,2.96,2.8,0.337,0.62,0.47200000000000003,0.6,0.861,0.764,0.478,0.6559999999999999,0.111,0.22,0.331,0.545,0.77,0.29,65,65,11.5,0.5,0.2,5.0,$4.1,2023
Allan Winans,ATL,1,2,0,6,6,32.1,37,19,19,5,8,34,5.29,1.39,9.46,2.23,0.24100000000000002,0.057,0.184,4.09,3.97,3.88,0.245,0.27699999999999997,,78.9,82.9,,90.0,0.08199999999999999,0.392,89.3,13.9,106.7,0.45399999999999996,0.381,0.165,0.081,0.474,0.299,0.22699999999999998,0.10300000000000001,0.515,0.381,0.135,4.26,3.97,0.344,0.633,0.474,0.644,0.855,0.7709999999999999,0.449,0.645,0.10800000000000001,0.20600000000000002,0.314,0.7,1.39,0.348,95,91,4.25,0.5,0.2,4.7,$3.7,2023
Joe Jimenez,ATL,0,3,0,59,0,56.1,51,22,19,9,14,73,3.04,1.15,11.66,2.24,0.307,0.059000000000000004,0.248,3.59,3.6,3.02,0.307,0.07,,84.4,90.0,,95.4,0.114,0.45,91.1,19.5,112.8,0.27899999999999997,0.483,0.23800000000000002,0.042,0.436,0.349,0.215,0.107,0.523,0.369,0.127,3.77,3.6,0.32799999999999996,0.72,0.509,0.521,0.804,0.706,0.462,0.609,0.149,0.163,0.312,0.8270000000000001,1.44,0.3,84,82,5.21,0.5,0.8,4.8,$3.8,2023
Austin Cox,KCR,0,1,1,24,3,35.2,28,20,18,2,17,33,4.54,1.26,8.33,4.29,0.221,0.114,0.107,3.73,4.76,4.6,0.21100000000000002,0.151,,86.5,82.9,,91.6,0.07200000000000001,0.423,90.5,16.9,110.9,0.365,0.396,0.24,0.079,0.35100000000000003,0.381,0.268,0.10300000000000001,0.526,0.371,0.053,4.94,4.76,0.272,0.667,0.43799999999999994,0.593,0.852,0.759,0.42,0.617,0.106,0.17800000000000002,0.284,0.611,0.5,0.274,87,111,1.94,0.5,0.1,4.5,$3.7,2023
Jhony Brito,NYY,9,7,1,25,13,90.1,82,47,43,14,28,72,4.28,1.22,7.17,2.79,0.19399999999999998,0.075,0.11800000000000001,4.74,4.66,4.51,0.201,0.29,,81.5,88.8,,96.0,0.09,0.369,88.6,14.1,111.7,0.44,0.39799999999999996,0.162,0.094,0.39899999999999997,0.34,0.261,0.134,0.519,0.34700000000000003,0.132,4.54,4.66,0.342,0.67,0.48100000000000004,0.726,0.866,0.809,0.424,0.602,0.092,0.175,0.267,0.71,1.39,0.268,109,109,2.57,0.4,0.7,3.7,$3.5,2023
Tony Gonsolin,LAD,8,5,0,20,20,103.0,86,61,57,19,40,82,4.98,1.22,7.17,3.5,0.18899999999999997,0.092,0.09699999999999999,5.43,5.25,5.05,0.183,,,86.8,,,92.6,0.114,0.418,90.2,16.2,115.9,0.36,0.455,0.185,0.10099999999999999,0.395,0.415,0.19,0.141,0.47100000000000003,0.389,0.138,5.87,5.25,0.34299999999999997,0.728,0.49200000000000005,0.6729999999999999,0.9,0.8029999999999999,0.38799999999999996,0.655,0.09699999999999999,0.146,0.242,0.677,1.66,0.233,120,120,2.05,0.4,0.6,4.5,$3.5,2023
Eli Morgan,CLE,5,2,1,61,0,67.1,73,37,30,9,24,75,4.01,1.44,10.02,3.21,0.251,0.08,0.171,3.88,3.88,3.68,0.278,0.318,,85.5,78.6,,92.7,0.09,0.322,86.0,12.6,112.6,0.419,0.359,0.222,0.085,0.397,0.36200000000000004,0.24100000000000002,0.191,0.5529999999999999,0.256,0.127,3.92,3.88,0.364,0.7390000000000001,0.515,0.586,0.843,0.735,0.40299999999999997,0.632,0.13699999999999998,0.145,0.282,0.7140000000000001,1.2,0.337,92,91,3.13,0.4,-0.1,4.2,$3.4,2023
Jason Adam,TBR,4,2,12,56,0,54.1,35,21,18,7,20,69,2.98,1.01,11.43,3.31,0.311,0.09,0.221,3.99,3.81,3.19,0.313,0.35200000000000004,,79.2,89.6,,94.8,0.121,0.395,87.2,14.5,111.9,0.415,0.39799999999999996,0.187,0.163,0.452,0.387,0.161,0.19399999999999998,0.419,0.387,0.14300000000000002,4.32,3.81,0.321,0.652,0.45899999999999996,0.598,0.741,0.6829999999999999,0.418,0.649,0.145,0.17600000000000002,0.321,0.7929999999999999,1.16,0.239,96,89,3.45,0.4,0.9,4.1,$3.3,2023
Cionel Perez,BAL,4,2,3,65,0,53.1,56,30,21,2,27,44,3.54,1.56,7.43,4.56,0.17800000000000002,0.109,0.069,3.84,4.53,4.4,0.294,,,84.0,,,96.9,0.028999999999999998,0.419,89.2,1.5,117.1,0.607,0.226,0.16699999999999998,0.132,0.384,0.331,0.285,0.18600000000000003,0.506,0.308,0.053,3.8,4.53,0.306,0.6579999999999999,0.457,0.68,0.899,0.815,0.43,0.595,0.084,0.17,0.254,0.677,0.34,0.318,90,106,1.63,0.4,-0.2,4.2,$3.4,2023
Bryan Baker,BAL,4,3,0,46,0,45.0,33,19,18,4,24,51,3.6,1.27,10.2,4.8,0.27399999999999997,0.129,0.145,3.81,4.6,4.14,0.28600000000000003,0.14400000000000002,,86.2,79.8,,95.8,0.073,0.364,90.0,20.8,112.5,0.349,0.486,0.165,0.113,0.382,0.327,0.29100000000000004,0.155,0.545,0.3,0.075,3.33,4.6,0.312,0.7240000000000001,0.48,0.731,0.853,0.8059999999999999,0.40700000000000003,0.667,0.09300000000000001,0.141,0.23399999999999999,0.7440000000000001,0.8,0.274,89,107,2.13,0.4,0.6,4.1,$3.3,2023
Touki Toussaint,- - -,4,7,0,20,16,87.0,69,48,48,10,57,85,4.97,1.45,8.79,5.9,0.221,0.14800000000000002,0.073,5.0,4.88,5.17,0.023,,,86.6,,,93.7,0.077,0.396,89.1,7.0,111.9,0.498,0.312,0.19,0.042,0.47700000000000004,0.345,0.179,0.106,0.579,0.315,0.139,5.35,4.88,0.278,0.61,0.39899999999999997,0.616,0.89,0.769,0.366,0.503,0.092,0.185,0.27699999999999997,0.7140000000000001,1.03,0.262,114,114,1.49,0.4,0.6,3.6,$2.8,2023
Ben Lively,CIN,4,7,0,19,12,88.2,96,53,53,20,25,79,5.38,1.36,8.02,2.54,0.20600000000000002,0.065,0.141,5.35,4.42,4.33,0.242,0.102,,80.1,84.4,,90.9,0.083,0.36200000000000004,89.1,14.3,113.2,0.396,0.389,0.215,0.075,0.38,0.319,0.301,0.163,0.525,0.312,0.187,5.03,4.42,0.272,0.6679999999999999,0.45,0.652,0.894,0.8140000000000001,0.449,0.606,0.084,0.18600000000000003,0.27,0.74,2.03,0.297,116,101,3.16,0.4,0.6,3.7,$2.9,2023
Hyun-Jin Ryu,TOR,3,3,0,11,11,52.0,53,25,20,9,14,38,3.46,1.29,6.58,2.42,0.17,0.063,0.107,4.91,4.41,4.69,,0.228,,,78.1,,88.8,0.076,0.368,87.8,11.7,112.0,0.456,0.325,0.21899999999999997,0.16399999999999998,0.46799999999999997,0.298,0.23399999999999999,0.152,0.52,0.327,0.16399999999999998,3.85,4.41,0.33,0.693,0.48,0.745,0.84,0.802,0.41200000000000003,0.607,0.095,0.182,0.27699999999999997,0.7759999999999999,1.56,0.272,113,103,2.71,0.4,0.8,4.2,$3.3,2023
Victor Gonzalez,LAD,3,3,0,34,1,33.2,27,15,15,2,10,30,4.01,1.1,8.02,2.67,0.222,0.07400000000000001,0.14800000000000002,3.4,3.76,3.62,0.298,0.065,,86.2,87.2,,,0.065,0.293,86.6,0.8,111.2,0.5429999999999999,0.25,0.207,0.043,0.5,0.293,0.207,0.196,0.565,0.239,0.087,3.2,3.76,0.33299999999999996,0.632,0.45299999999999996,0.618,0.7979999999999999,0.7190000000000001,0.4,0.593,0.127,0.184,0.312,0.672,0.53,0.278,76,86,3.0,0.4,0.3,3.9,$3.1,2023
Xzavion Curry,CLE,3,4,0,41,9,95.0,98,47,43,12,30,67,4.07,1.35,6.35,2.84,0.166,0.07400000000000001,0.092,4.5,5.27,4.97,0.361,,,85.1,,,92.7,0.075,0.452,91.7,19.6,119.2,0.317,0.45899999999999996,0.22399999999999998,0.10099999999999999,0.35700000000000004,0.377,0.266,0.128,0.508,0.364,0.086,4.96,5.27,0.297,0.7240000000000001,0.489,0.743,0.852,0.815,0.44799999999999995,0.611,0.09,0.158,0.248,0.733,1.14,0.294,106,123,2.23,0.4,0.6,4.4,$3.5,2023
Michael Fulmer,CHC,3,5,2,58,1,57.0,48,29,28,7,28,65,4.42,1.33,10.26,4.42,0.27399999999999997,0.11800000000000001,0.156,4.15,4.18,3.95,0.221,0.076,,89.7,89.9,,94.3,0.063,0.303,86.4,15.4,111.1,0.387,0.39399999999999996,0.218,0.14300000000000002,0.408,0.33799999999999997,0.254,0.14800000000000002,0.556,0.29600000000000004,0.125,4.29,4.18,0.321,0.6629999999999999,0.461,0.45,0.8640000000000001,0.6940000000000001,0.409,0.637,0.141,0.157,0.298,0.718,1.11,0.304,96,95,2.32,0.4,0.2,4.0,$3.3,2023
Luis Medina,OAK,3,10,0,23,17,109.2,109,73,66,14,57,106,5.42,1.51,8.7,4.68,0.214,0.115,0.099,4.76,4.77,4.8,0.237,0.08800000000000001,,85.3,87.3,,96.1,0.062,0.41,89.3,11.5,111.4,0.43799999999999994,0.345,0.217,0.081,0.349,0.33,0.321,0.154,0.494,0.35200000000000004,0.126,4.73,4.77,0.28800000000000003,0.7040000000000001,0.461,0.593,0.867,0.767,0.41600000000000004,0.509,0.107,0.14800000000000002,0.255,0.654,1.15,0.306,115,111,1.86,0.4,-0.6,4.5,$3.5,2023
Luke Weaver,- - -,3,6,0,29,25,123.2,155,90,88,29,40,109,6.4,1.58,7.93,2.91,0.19399999999999998,0.071,0.12300000000000001,5.61,4.7,4.65,0.036000000000000004,0.2,,83.3,86.1,,94.1,0.098,0.42,89.3,15.4,115.1,0.355,0.391,0.254,0.11900000000000001,0.395,0.344,0.261,0.134,0.488,0.37799999999999995,0.18100000000000002,5.54,4.7,0.276,0.727,0.47100000000000003,0.7140000000000001,0.851,0.805,0.433,0.6,0.092,0.159,0.25,0.688,2.11,0.331,124,108,2.73,0.4,-0.5,3.8,$3.3,2023
Ryan Pepiot,LAD,2,1,0,8,3,42.0,27,10,10,7,5,38,2.14,0.76,8.14,1.07,0.239,0.031,0.20800000000000002,4.18,3.99,3.57,0.147,0.34700000000000003,,88.8,86.4,,94.0,0.08800000000000001,0.27399999999999997,86.7,20.0,114.3,0.36700000000000005,0.45899999999999996,0.174,0.08,0.41600000000000004,0.31,0.27399999999999997,0.177,0.522,0.301,0.14,3.23,3.99,0.355,0.7040000000000001,0.503,0.627,0.846,0.757,0.424,0.629,0.122,0.165,0.287,0.992,1.5,0.189,93,91,7.6,0.4,1.5,4.3,$3.5,2023
Luke Jackson,SFG,2,2,0,33,0,33.1,26,14,11,3,15,43,2.97,1.23,11.61,4.05,0.301,0.105,0.196,3.29,3.5,3.4,0.6990000000000001,,,87.3,,,94.5,0.083,0.405,88.8,7.8,108.5,0.506,0.337,0.157,0.107,0.452,0.345,0.20199999999999999,0.131,0.536,0.33299999999999996,0.107,3.22,3.5,0.332,0.696,0.488,0.49,0.853,0.711,0.42700000000000005,0.615,0.14,0.147,0.287,0.741,0.81,0.284,78,80,2.87,0.4,0.3,3.5,$2.8,2023
Austin Pruitt,OAK,2,6,0,38,6,48.1,44,18,16,5,12,30,2.98,1.16,5.59,2.23,0.153,0.061,0.092,4.17,5.04,4.83,,0.061,,,87.1,,91.8,0.065,0.307,87.0,16.3,112.4,0.36200000000000004,0.428,0.21100000000000002,0.154,0.366,0.373,0.261,0.203,0.536,0.261,0.077,3.97,5.04,0.33399999999999996,0.7120000000000001,0.483,0.752,0.887,0.831,0.395,0.5770000000000001,0.08199999999999999,0.153,0.235,0.78,0.93,0.264,101,118,2.5,0.4,1.0,4.1,$3.3,2023
Kenny Rosenberg,LAA,2,2,0,7,3,33.0,35,14,14,3,14,29,3.82,1.48,7.91,3.82,0.19899999999999998,0.096,0.10300000000000001,4.04,4.87,4.67,0.12300000000000001,0.376,,83.2,80.7,,90.6,0.069,0.304,88.0,16.5,112.4,0.431,0.392,0.17600000000000002,0.05,0.529,0.275,0.196,0.16699999999999998,0.529,0.304,0.075,3.58,4.87,0.307,0.718,0.473,0.687,0.835,0.778,0.405,0.555,0.105,0.134,0.239,0.7859999999999999,0.82,0.323,93,114,2.07,0.4,0.7,3.6,$3.0,2023
Andrew Wantz,LAA,2,0,0,27,3,39.1,28,18,17,4,15,33,3.89,1.09,7.55,3.43,0.20600000000000002,0.094,0.113,4.12,5.11,4.66,0.261,0.062,,83.9,87.7,,94.0,0.081,0.315,85.1,20.3,109.6,0.297,0.495,0.207,0.127,0.414,0.35100000000000003,0.23399999999999999,0.261,0.45899999999999996,0.27899999999999997,0.073,4.05,5.11,0.311,0.727,0.485,0.664,0.82,0.762,0.418,0.638,0.115,0.14300000000000002,0.258,0.677,0.92,0.224,95,119,2.2,0.4,0.5,4.3,$3.4,2023
Trevor Richards,TOR,2,1,0,56,3,72.2,63,41,40,13,35,105,4.95,1.35,13.0,4.33,0.33299999999999996,0.111,0.222,4.22,3.8,3.32,,0.5660000000000001,,,82.6,,92.8,0.10400000000000001,0.376,88.5,17.3,112.7,0.32,0.488,0.192,0.107,0.41,0.301,0.289,0.19699999999999998,0.48,0.324,0.155,3.54,3.8,0.39799999999999996,0.625,0.473,0.528,0.8,0.647,0.331,0.6409999999999999,0.16699999999999998,0.162,0.32799999999999996,0.721,1.61,0.313,97,89,3.0,0.4,-0.1,4.0,$3.2,2023
Bailey Falter,- - -,2,9,0,18,14,80.2,94,55,48,17,20,60,5.36,1.41,6.69,2.23,0.17300000000000001,0.057999999999999996,0.115,5.25,4.56,4.66,,0.046,,,84.6,,90.9,0.09,0.39299999999999996,89.6,14.8,118.2,0.402,0.379,0.22,0.18,0.408,0.345,0.247,0.157,0.536,0.307,0.17,4.95,4.56,0.33299999999999996,0.6970000000000001,0.505,0.7090000000000001,0.9159999999999999,0.8440000000000001,0.474,0.6509999999999999,0.079,0.162,0.24100000000000002,0.654,1.9,0.308,119,104,3.0,0.4,-0.5,3.4,$2.9,2023
Joan Adon,WSN,2,4,0,12,10,51.2,60,37,37,8,24,48,6.45,1.63,8.36,4.18,0.2,0.1,0.1,4.98,4.92,4.89,0.113,0.152,,87.4,88.1,,94.5,0.115,0.485,91.1,13.9,111.8,0.374,0.374,0.252,0.08199999999999999,0.406,0.35200000000000004,0.242,0.145,0.44799999999999995,0.406,0.131,5.57,4.92,0.327,0.687,0.475,0.685,0.8809999999999999,0.802,0.41100000000000003,0.617,0.094,0.149,0.244,0.66,1.39,0.331,113,112,2.0,0.4,-0.3,4.2,$3.4,2023
Keegan Akin,BAL,2,2,0,24,1,23.2,35,22,18,2,7,27,6.85,1.77,10.27,2.66,0.24100000000000002,0.063,0.179,2.96,3.89,3.67,0.25,0.14800000000000002,,86.1,85.4,,93.7,0.115,0.48700000000000004,90.7,14.1,109.2,0.33799999999999997,0.377,0.28600000000000003,0.138,0.359,0.321,0.321,0.154,0.462,0.385,0.069,4.75,3.89,0.374,0.69,0.525,0.67,0.805,0.755,0.479,0.705,0.128,0.17300000000000001,0.301,0.51,0.76,0.434,69,91,3.86,0.4,-0.8,4.1,$3.4,2023
Tyler Mahle,MIN,1,2,0,5,5,25.2,22,11,9,5,5,28,3.16,1.05,9.82,1.75,0.275,0.049,0.225,4.19,3.65,3.52,0.264,,,83.9,,,92.8,0.087,0.391,87.5,14.6,108.5,0.377,0.449,0.174,0.129,0.348,0.42,0.23199999999999998,0.203,0.551,0.24600000000000002,0.161,3.22,3.65,0.322,0.682,0.451,0.6779999999999999,0.8540000000000001,0.774,0.359,0.569,0.102,0.18,0.281,0.8,1.75,0.266,98,85,5.6,0.4,0.5,3.7,$3.0,2023
JT Chargois,MIA,1,0,1,46,5,42.1,35,17,17,3,18,35,3.61,1.25,7.44,3.83,0.201,0.10300000000000001,0.098,3.8,4.28,4.36,0.415,,,86.4,,,95.5,0.040999999999999995,0.33899999999999997,87.7,4.2,111.7,0.546,0.303,0.151,0.083,0.395,0.361,0.244,0.193,0.529,0.27699999999999997,0.083,3.63,4.28,0.252,0.603,0.397,0.6729999999999999,0.88,0.8029999999999999,0.413,0.534,0.078,0.203,0.281,0.738,0.64,0.271,87,98,1.94,0.4,0.7,4.2,$3.3,2023
Jose Soriano,LAA,1,3,0,38,0,42.0,33,22,17,4,23,56,3.64,1.33,12.0,4.93,0.303,0.124,0.17800000000000002,3.97,3.79,3.62,0.048,,,89.9,,,98.6,0.091,0.434,92.0,6.8,111.7,0.51,0.276,0.214,0.111,0.465,0.32299999999999995,0.212,0.111,0.545,0.34299999999999997,0.14800000000000002,4.18,3.79,0.336,0.574,0.42700000000000005,0.396,0.895,0.652,0.382,0.595,0.14800000000000002,0.191,0.33899999999999997,0.7140000000000001,0.86,0.305,91,89,2.43,0.4,0.2,3.6,$2.9,2023
Carl Edwards Jr.,WSN,1,3,2,32,0,31.2,31,14,13,1,17,24,3.69,1.52,6.82,4.83,0.16899999999999998,0.12,0.049,3.86,5.01,5.05,,0.235,,,90.0,,93.8,0.04,0.29,86.3,10.1,112.9,0.46,0.3,0.24,0.1,0.35,0.48,0.17,0.16,0.53,0.31,0.033,4.21,5.01,0.337,0.674,0.473,0.728,0.843,0.794,0.402,0.606,0.09699999999999999,0.147,0.244,0.735,0.28,0.303,88,114,1.41,0.4,0.5,4.1,$3.3,2023
Steven Wilson,SDP,1,2,0,52,0,53.0,35,23,23,7,27,57,3.91,1.17,9.68,4.58,0.26,0.12300000000000001,0.13699999999999998,4.52,5.3,4.46,0.6,0.032,,81.1,85.0,,94.6,0.083,0.33299999999999996,87.2,27.7,110.4,0.258,0.606,0.136,0.225,0.447,0.258,0.295,0.235,0.53,0.235,0.08800000000000001,3.38,5.3,0.266,0.6890000000000001,0.441,0.644,0.821,0.758,0.415,0.58,0.107,0.165,0.272,0.7609999999999999,1.19,0.224,104,121,2.11,0.4,0.7,4.4,$3.5,2023
Chris Murphy,BOS,1,2,1,20,0,47.2,50,27,26,5,17,49,4.91,1.41,9.25,3.21,0.231,0.08,0.151,3.7,4.07,3.88,0.052000000000000005,0.063,,79.4,84.9,,93.9,0.069,0.331,87.1,12.5,112.6,0.447,0.355,0.19899999999999998,0.04,0.434,0.276,0.29,0.131,0.593,0.276,0.1,3.63,4.07,0.302,0.7290000000000001,0.47600000000000003,0.6920000000000001,0.868,0.802,0.40700000000000003,0.5660000000000001,0.094,0.141,0.235,0.672,0.94,0.321,86,95,2.88,0.4,0.0,3.7,$3.0,2023
Jake Diekman,- - -,0,2,0,63,0,56.2,37,29,21,3,38,64,3.34,1.32,10.16,6.04,0.263,0.156,0.107,3.75,4.52,4.58,0.179,0.14800000000000002,,83.7,88.0,,95.6,0.05,0.271,84.6,12.4,109.8,0.46799999999999997,0.36,0.17300000000000001,0.1,0.314,0.379,0.307,0.214,0.536,0.25,0.06,3.37,4.52,0.27,0.593,0.41100000000000003,0.6890000000000001,0.8059999999999999,0.763,0.43700000000000006,0.539,0.09699999999999999,0.195,0.292,0.655,0.48,0.248,88,105,1.68,0.4,0.1,4.2,$3.4,2023
Bryan Shaw,CHW,0,0,4,38,0,45.2,39,21,21,3,17,40,4.14,1.23,7.88,3.35,0.21100000000000002,0.08900000000000001,0.121,3.87,4.9,4.3,0.20199999999999999,0.027000000000000003,,83.5,83.2,,,0.039,0.36200000000000004,88.3,11.9,111.2,0.402,0.409,0.18899999999999997,0.038,0.32299999999999995,0.425,0.252,0.17300000000000001,0.5429999999999999,0.28300000000000003,0.057999999999999996,3.85,4.9,0.272,0.6990000000000001,0.45299999999999996,0.653,0.8390000000000001,0.775,0.425,0.568,0.102,0.155,0.257,0.7090000000000001,0.59,0.29,88,114,2.35,0.4,0.4,3.7,$3.0,2023
Martin Perez,TEX,10,4,0,35,20,141.2,150,74,70,21,49,93,4.45,1.4,5.91,3.11,0.153,0.081,0.07200000000000001,4.99,4.96,5.08,0.01,0.264,,83.5,84.1,,92.1,0.076,0.37200000000000005,89.0,10.9,114.4,0.455,0.35600000000000004,0.18899999999999997,0.07400000000000001,0.431,0.34600000000000003,0.223,0.139,0.5670000000000001,0.294,0.13,4.88,4.96,0.309,0.6629999999999999,0.45,0.743,0.903,0.8370000000000001,0.39899999999999997,0.64,0.073,0.185,0.258,0.743,1.33,0.293,116,116,1.9,0.3,1.1,3.1,$2.4,2023
Kyle Finnegan,WSN,7,5,28,67,0,69.1,66,33,29,11,24,63,3.76,1.3,8.18,3.12,0.21899999999999997,0.083,0.135,4.58,4.0,3.99,0.052000000000000005,,,89.5,,,97.4,0.085,0.475,92.2,9.4,118.6,0.47200000000000003,0.318,0.21,0.129,0.35,0.37,0.28,0.15,0.455,0.395,0.177,4.67,4.0,0.265,0.7340000000000001,0.495,0.5870000000000001,0.846,0.775,0.489,0.642,0.11,0.155,0.266,0.767,1.43,0.291,104,91,2.63,0.3,0.9,2.8,$2.2,2023
Bryse Wilson,MIL,6,0,3,53,0,76.2,60,26,22,9,22,61,2.58,1.07,7.16,2.58,0.19399999999999998,0.07,0.124,4.13,4.72,4.31,,,,,,,93.7,0.07,0.358,88.6,17.0,109.9,0.37799999999999995,0.436,0.187,0.08199999999999999,0.349,0.384,0.266,0.135,0.52,0.345,0.092,4.0,4.72,0.297,0.727,0.485,0.715,0.8859999999999999,0.8270000000000001,0.43799999999999994,0.615,0.084,0.162,0.24600000000000002,0.812,1.06,0.232,94,108,2.77,0.3,1.3,3.2,$2.6,2023
Taylor Rogers,SFG,6,4,2,60,0,51.2,39,27,22,6,25,64,3.83,1.24,11.15,4.35,0.29600000000000004,0.11599999999999999,0.18100000000000002,3.91,4.0,3.67,0.565,,,79.5,,,,0.09699999999999999,0.452,89.7,15.9,109.4,0.41700000000000004,0.41700000000000004,0.16699999999999998,0.12,0.41100000000000003,0.379,0.21,0.20199999999999999,0.46799999999999997,0.331,0.12,3.54,4.0,0.29600000000000004,0.5660000000000001,0.414,0.594,0.855,0.7509999999999999,0.439,0.662,0.10300000000000001,0.231,0.33399999999999996,0.6829999999999999,1.05,0.28,93,91,2.56,0.3,0.0,3.0,$2.4,2023
Dakota Hudson,STL,6,3,0,18,12,81.1,88,46,45,9,34,45,4.98,1.5,4.98,3.76,0.127,0.096,0.031,5.06,5.11,5.36,0.322,0.025,,85.1,84.4,,91.3,0.08900000000000001,0.45399999999999996,90.5,4.6,115.2,0.515,0.272,0.213,0.08199999999999999,0.461,0.379,0.16,0.141,0.509,0.349,0.12300000000000001,6.0,5.11,0.28600000000000003,0.726,0.47100000000000003,0.63,0.92,0.818,0.419,0.551,0.086,0.14300000000000002,0.22899999999999998,0.711,1.0,0.304,118,117,1.32,0.3,0.5,2.9,$2.3,2023
Daniel Palencia,CHC,5,3,0,27,0,28.1,22,16,14,3,14,33,4.45,1.27,10.48,4.45,0.27699999999999997,0.11800000000000001,0.16,4.0,4.14,3.89,0.285,0.012,,89.6,87.3,,98.4,0.071,0.47100000000000003,91.4,15.3,112.0,0.397,0.382,0.221,0.192,0.414,0.314,0.271,0.18600000000000003,0.414,0.4,0.115,4.03,4.14,0.299,0.74,0.478,0.557,0.831,0.7290000000000001,0.405,0.563,0.13,0.128,0.257,0.6509999999999999,0.95,0.284,93,94,2.36,0.3,-0.1,2.5,$2.0,2023
Isaiah Campbell,SEA,4,1,1,27,0,28.2,22,9,9,2,13,33,2.83,1.22,10.36,4.08,0.275,0.10800000000000001,0.16699999999999998,3.32,4.15,3.8,0.157,,,82.3,,,95.0,0.096,0.41100000000000003,88.3,14.8,108.1,0.397,0.41100000000000003,0.192,0.1,0.397,0.28800000000000003,0.315,0.17800000000000002,0.521,0.301,0.067,3.94,4.15,0.314,0.696,0.467,0.544,0.85,0.726,0.4,0.625,0.127,0.157,0.284,0.813,0.63,0.282,81,97,2.54,0.3,0.5,2.8,$2.3,2023
Derek Law,CIN,4,6,2,54,3,55.0,50,24,22,6,26,45,3.6,1.38,7.36,4.25,0.188,0.10800000000000001,0.079,4.62,4.97,4.82,0.171,0.049,,86.5,88.8,,95.7,0.048,0.325,87.0,14.2,110.6,0.395,0.364,0.24100000000000002,0.11900000000000001,0.38,0.34299999999999997,0.27699999999999997,0.18100000000000002,0.56,0.259,0.102,4.75,4.97,0.308,0.722,0.474,0.616,0.853,0.76,0.401,0.625,0.113,0.141,0.255,0.779,0.98,0.275,100,114,1.73,0.3,0.8,2.9,$2.3,2023
Collin McHugh,ATL,4,1,0,41,1,58.2,70,34,28,5,22,47,4.3,1.57,7.21,3.38,0.175,0.08199999999999999,0.09300000000000001,4.09,4.62,4.51,0.479,0.004,,80.0,84.8,,91.3,0.062,0.354,88.6,10.4,111.7,0.439,0.307,0.254,0.10300000000000001,0.44799999999999995,0.366,0.18600000000000003,0.134,0.5820000000000001,0.284,0.086,5.22,4.62,0.316,0.696,0.465,0.643,0.856,0.767,0.391,0.649,0.10800000000000001,0.16699999999999998,0.275,0.6970000000000001,0.77,0.342,95,105,2.14,0.3,-0.1,3.2,$2.6,2023
Jordan Wicks,CHC,4,1,0,7,7,34.2,33,17,17,5,11,24,4.41,1.27,6.23,2.86,0.163,0.075,0.08800000000000001,4.7,4.3,4.83,0.040999999999999995,0.297,,82.0,81.3,,92.2,0.063,0.33,88.1,7.3,110.3,0.46799999999999997,0.284,0.248,0.065,0.43799999999999994,0.33899999999999997,0.223,0.134,0.607,0.259,0.161,4.07,4.3,0.327,0.733,0.46299999999999997,0.677,0.8809999999999999,0.785,0.33399999999999996,0.537,0.099,0.153,0.252,0.73,1.3,0.262,109,98,2.18,0.3,0.5,2.8,$2.1,2023
Cody Bradford,TEX,4,3,0,20,8,56.0,56,33,33,11,12,51,5.3,1.21,8.2,1.93,0.218,0.051,0.16699999999999998,4.68,4.43,4.14,0.040999999999999995,0.27699999999999997,,83.0,82.2,,90.3,0.11800000000000001,0.435,90.9,19.6,116.1,0.321,0.46399999999999997,0.214,0.09,0.406,0.335,0.259,0.135,0.5,0.365,0.141,4.42,4.43,0.325,0.6859999999999999,0.485,0.695,0.847,0.79,0.441,0.645,0.102,0.17800000000000002,0.28,0.672,1.77,0.283,109,103,4.25,0.3,0.0,2.6,$2.1,2023
John Brebbia,SFG,3,5,0,40,10,38.1,31,21,17,6,14,47,3.99,1.17,11.03,3.29,0.292,0.087,0.205,3.93,4.23,3.64,0.539,0.001,,82.9,89.0,,94.4,0.1,0.44,90.7,21.3,109.9,0.29,0.54,0.17,0.055999999999999994,0.34,0.32,0.34,0.14,0.51,0.35,0.111,3.25,4.23,0.317,0.6859999999999999,0.47600000000000003,0.615,0.8290000000000001,0.748,0.43,0.6890000000000001,0.12,0.166,0.28600000000000003,0.6559999999999999,1.41,0.266,93,97,3.36,0.3,0.0,3.3,$2.7,2023
Peter Strzelecki,- - -,3,5,0,37,0,37.0,33,18,18,3,12,37,4.38,1.22,9.0,2.92,0.22699999999999998,0.07400000000000001,0.153,3.93,4.75,3.93,0.266,0.17800000000000002,,80.9,83.8,,92.1,0.075,0.368,89.1,14.7,111.8,0.381,0.4,0.21899999999999997,0.071,0.358,0.387,0.255,0.16,0.491,0.349,0.071,4.32,4.75,0.29100000000000004,0.687,0.452,0.664,0.813,0.7559999999999999,0.406,0.534,0.11,0.17300000000000001,0.28300000000000003,0.7170000000000001,0.73,0.291,90,109,3.08,0.3,0.2,2.9,$2.3,2023
Julio Teheran,MIL,3,5,0,14,11,71.2,68,36,35,13,13,50,4.4,1.13,6.28,1.63,0.174,0.045,0.128,4.93,4.67,4.58,0.115,0.11699999999999999,,77.4,83.4,,89.2,0.1,0.42100000000000004,89.8,14.6,113.7,0.4,0.414,0.18600000000000003,0.066,0.36200000000000004,0.389,0.249,0.11800000000000001,0.5429999999999999,0.33899999999999997,0.14300000000000002,4.91,4.67,0.28600000000000003,0.7290000000000001,0.47600000000000003,0.723,0.861,0.813,0.428,0.649,0.08900000000000001,0.18,0.26899999999999996,0.7340000000000001,1.63,0.264,112,107,3.85,0.3,0.8,3.2,$2.5,2023
Daniel Lynch IV,KCR,3,4,0,9,9,52.1,50,29,27,9,16,34,4.64,1.26,5.85,2.75,0.152,0.07200000000000001,0.081,5.17,5.33,5.24,0.18600000000000003,0.28,,87.6,84.1,,92.8,0.076,0.32,88.2,18.7,110.7,0.38799999999999996,0.447,0.165,0.132,0.419,0.337,0.244,0.134,0.523,0.34299999999999997,0.11800000000000001,4.96,5.33,0.311,0.732,0.486,0.599,0.87,0.768,0.41600000000000004,0.6409999999999999,0.11199999999999999,0.142,0.255,0.6990000000000001,1.55,0.252,121,124,2.13,0.3,0.6,3.3,$2.5,2023
Brandon Pfaadt,ARI,3,9,0,19,18,96.0,109,63,61,22,26,94,5.72,1.41,8.81,2.44,0.223,0.062,0.162,5.18,4.46,4.28,0.26899999999999996,0.122,,83.9,86.8,,93.6,0.11699999999999999,0.44,90.1,18.2,113.4,0.32299999999999995,0.441,0.23600000000000002,0.084,0.44299999999999995,0.35600000000000004,0.201,0.14800000000000002,0.466,0.386,0.168,4.48,4.46,0.331,0.675,0.491,0.625,0.85,0.769,0.466,0.639,0.113,0.165,0.278,0.7,2.06,0.315,122,102,3.62,0.3,0.1,3.0,$2.6,2023
Beau Brieske,DET,2,3,2,25,1,35.0,36,14,14,4,12,31,3.6,1.37,7.97,3.09,0.204,0.079,0.125,4.0,4.35,4.22,0.161,0.242,,87.3,88.9,,96.7,0.055,0.312,87.2,12.4,110.2,0.426,0.361,0.213,0.10300000000000001,0.45,0.312,0.239,0.174,0.55,0.275,0.10300000000000001,3.96,4.35,0.35100000000000003,0.73,0.49700000000000005,0.713,0.871,0.8029999999999999,0.386,0.6509999999999999,0.09699999999999999,0.139,0.237,0.802,1.03,0.305,93,102,2.58,0.3,0.6,2.6,$2.1,2023
John King,- - -,2,1,0,35,0,37.1,45,15,15,2,10,20,3.62,1.47,4.82,2.41,0.127,0.064,0.064,3.68,3.92,3.75,0.08199999999999999,0.37200000000000005,,85.2,84.1,,93.5,0.055,0.37,87.8,-3.0,116.9,0.669,0.16899999999999998,0.161,0.0,0.47200000000000003,0.315,0.213,0.15,0.5589999999999999,0.29100000000000004,0.095,4.46,3.92,0.36200000000000004,0.679,0.49,0.7020000000000001,0.8959999999999999,0.81,0.402,0.624,0.09300000000000001,0.166,0.259,0.7659999999999999,0.48,0.344,86,90,2.0,0.3,0.7,3.0,$2.4,2023
Giovanny Gallegos,STL,2,4,10,56,0,55.0,54,28,27,11,12,59,4.42,1.2,9.65,1.96,0.258,0.052000000000000005,0.205,4.36,3.93,3.42,0.46299999999999997,0.035,,85.0,87.6,,93.9,0.10099999999999999,0.462,90.5,16.3,110.8,0.353,0.462,0.18600000000000003,0.09699999999999999,0.418,0.31,0.272,0.158,0.43700000000000006,0.405,0.153,4.16,3.93,0.373,0.7390000000000001,0.519,0.429,0.838,0.662,0.39899999999999997,0.659,0.175,0.14,0.315,0.7509999999999999,1.8,0.293,102,90,4.92,0.3,0.3,2.9,$2.3,2023
Joe Mantiply,ARI,2,2,0,35,3,39.0,35,22,20,4,9,28,4.62,1.13,6.46,2.08,0.17800000000000002,0.057,0.121,3.84,4.21,4.06,0.278,0.242,,80.4,81.9,,90.3,0.092,0.358,87.7,7.1,111.7,0.5379999999999999,0.336,0.126,0.05,0.442,0.4,0.158,0.133,0.517,0.35,0.1,3.93,4.21,0.377,0.667,0.49700000000000005,0.73,0.8290000000000001,0.785,0.415,0.662,0.107,0.17300000000000001,0.28,0.573,0.92,0.267,91,96,3.11,0.3,0.0,2.6,$2.1,2023
Jovani Moran,MIN,2,2,0,43,0,42.1,35,27,25,3,27,48,5.31,1.46,10.2,5.74,0.261,0.147,0.114,3.82,4.46,4.48,0.07200000000000001,0.47200000000000003,,81.8,83.2,,93.4,0.064,0.275,86.2,15.1,111.0,0.419,0.381,0.2,0.05,0.42200000000000004,0.303,0.275,0.174,0.55,0.275,0.075,3.69,4.46,0.267,0.662,0.42,0.455,0.75,0.635,0.387,0.56,0.153,0.175,0.32799999999999996,0.606,0.64,0.302,89,104,1.78,0.3,-0.4,2.9,$2.4,2023
James Kaprielian,OAK,2,6,0,14,11,61.0,66,45,43,9,31,57,6.34,1.59,8.41,4.57,0.204,0.111,0.09300000000000001,5.07,5.65,5.18,0.306,0.078,,80.9,83.3,,92.5,0.07,0.385,89.6,22.8,110.9,0.304,0.5,0.196,0.12,0.462,0.27399999999999997,0.263,0.151,0.495,0.355,0.098,4.84,5.65,0.32899999999999996,0.6779999999999999,0.483,0.657,0.8340000000000001,0.7659999999999999,0.439,0.643,0.113,0.16699999999999998,0.27899999999999997,0.638,1.33,0.32,123,132,1.84,0.3,-0.6,3.2,$2.5,2023
Tommy Kahnle,NYY,1,3,2,42,0,40.2,26,14,12,5,19,48,2.66,1.11,10.62,4.2,0.29100000000000004,0.115,0.17600000000000002,3.97,3.79,3.67,0.023,0.7559999999999999,,85.0,88.9,,95.4,0.040999999999999995,0.22699999999999998,86.8,8.2,113.0,0.49,0.365,0.146,0.114,0.515,0.34,0.14400000000000002,0.165,0.5770000000000001,0.258,0.14300000000000002,2.89,3.79,0.308,0.677,0.44799999999999995,0.542,0.7559999999999999,0.664,0.38,0.6,0.15,0.179,0.32799999999999996,0.821,1.11,0.228,91,89,2.53,0.3,0.9,2.9,$2.3,2023
Thomas Hatch,- - -,1,1,0,18,2,28.2,33,18,13,2,12,26,4.08,1.57,8.16,3.77,0.20199999999999999,0.09300000000000001,0.109,3.71,4.47,4.32,0.32,0.273,,87.7,85.5,,94.8,0.044000000000000004,0.456,89.9,10.3,111.8,0.523,0.33,0.14800000000000002,0.034,0.494,0.326,0.18,0.045,0.562,0.39299999999999996,0.069,4.3,4.47,0.365,0.705,0.49200000000000005,0.491,0.903,0.711,0.373,0.589,0.142,0.14400000000000002,0.285,0.648,0.63,0.352,85,103,2.17,0.3,-0.1,2.9,$2.3,2023
Andre Jackson,- - -,1,3,2,19,7,61.1,52,34,34,11,22,57,4.99,1.21,8.36,3.23,0.222,0.086,0.136,4.9,4.46,4.3,0.17,0.32,,87.2,87.0,,94.8,0.10800000000000001,0.44299999999999995,90.8,14.5,110.6,0.364,0.39799999999999996,0.239,0.129,0.449,0.284,0.267,0.125,0.46,0.415,0.157,5.37,4.46,0.297,0.727,0.48200000000000004,0.6759999999999999,0.84,0.782,0.429,0.607,0.105,0.16699999999999998,0.271,0.693,1.61,0.248,111,102,2.59,0.3,0.5,2.7,$2.3,2023
Carlos Hernandez,KCR,1,10,4,67,4,70.0,62,43,41,10,31,77,5.27,1.33,9.9,3.99,0.257,0.10300000000000001,0.153,4.28,4.34,4.03,0.225,,,88.7,,,99.3,0.099,0.445,90.2,17.7,110.5,0.321,0.426,0.253,0.062,0.45,0.309,0.24100000000000002,0.105,0.49200000000000005,0.40299999999999997,0.12300000000000001,4.7,4.34,0.337,0.757,0.517,0.5710000000000001,0.818,0.726,0.43,0.59,0.141,0.12300000000000001,0.264,0.638,1.29,0.287,100,101,2.48,0.3,-0.3,2.4,$2.1,2023
Lane Ramsey,CHW,1,0,0,21,0,20.0,25,13,13,1,9,18,5.85,1.7,8.1,4.05,0.196,0.098,0.098,3.46,5.04,4.62,0.506,,,86.7,,,94.7,0.015,0.33799999999999997,86.4,19.2,107.3,0.375,0.42200000000000004,0.203,0.14800000000000002,0.354,0.431,0.215,0.215,0.5379999999999999,0.24600000000000002,0.037000000000000005,3.73,5.04,0.297,0.725,0.462,0.629,0.8740000000000001,0.777,0.385,0.5429999999999999,0.10300000000000001,0.156,0.259,0.644,0.45,0.375,78,118,2.0,0.3,-0.2,2.6,$2.1,2023
Slade Cecconi,ARI,0,1,0,7,4,27.0,27,13,13,4,4,20,4.33,1.15,6.67,1.33,0.18,0.036000000000000004,0.14400000000000002,4.37,4.58,4.35,0.27,,,83.0,,,94.3,0.106,0.47100000000000003,91.0,14.8,109.0,0.381,0.41700000000000004,0.20199999999999999,0.114,0.376,0.376,0.247,0.11800000000000001,0.506,0.376,0.114,4.76,4.58,0.218,0.767,0.483,0.596,0.9159999999999999,0.8420000000000001,0.483,0.667,0.077,0.151,0.22699999999999998,0.73,1.33,0.284,103,105,5.0,0.3,0.3,2.9,$2.4,2023
Kyle Nelson,ARI,7,4,0,68,2,56.0,59,30,26,12,14,67,4.18,1.3,10.77,2.25,0.28,0.059000000000000004,0.222,4.45,3.56,3.19,0.591,,,85.5,,,92.1,0.096,0.395,89.6,16.3,115.4,0.371,0.424,0.205,0.203,0.47100000000000003,0.312,0.217,0.17800000000000002,0.478,0.344,0.188,3.73,3.56,0.37,0.711,0.518,0.484,0.863,0.71,0.434,0.703,0.15,0.15,0.3,0.769,1.93,0.324,105,81,4.79,0.2,0.2,2.4,$1.9,2023
Shintaro Fujinami,- - -,7,8,2,64,7,79.0,73,65,63,9,45,83,7.18,1.49,9.46,5.13,0.23199999999999998,0.126,0.106,4.61,5.05,4.6,0.114,,,85.1,,,98.5,0.077,0.446,90.4,13.9,115.9,0.401,0.414,0.185,0.109,0.392,0.33299999999999996,0.275,0.16699999999999998,0.455,0.37799999999999995,0.098,4.79,5.05,0.26899999999999996,0.71,0.45399999999999996,0.621,0.792,0.7340000000000001,0.42,0.521,0.121,0.14300000000000002,0.264,0.534,1.03,0.3,110,118,1.84,0.2,-1.9,2.0,$1.8,2023
Miguel Castro,ARI,6,6,7,75,0,64.2,51,32,31,8,25,60,4.31,1.18,8.35,3.48,0.22399999999999998,0.09300000000000001,0.131,4.31,4.26,4.12,0.41700000000000004,0.159,,83.9,91.5,,96.9,0.061,0.28300000000000003,86.1,10.5,110.0,0.43799999999999994,0.34299999999999997,0.21899999999999997,0.098,0.39399999999999996,0.36700000000000005,0.239,0.20600000000000002,0.522,0.272,0.131,3.8,4.26,0.321,0.638,0.45399999999999996,0.601,0.848,0.747,0.42,0.575,0.115,0.187,0.302,0.693,1.11,0.25,102,97,2.4,0.2,0.5,2.0,$1.6,2023
Jordan Lyles,KCR,6,17,0,31,31,177.2,176,130,124,39,45,120,6.28,1.24,6.08,2.28,0.16,0.06,0.1,5.62,5.34,5.15,0.247,0.11,,80.2,85.4,,91.4,0.099,0.354,89.0,19.8,115.0,0.335,0.486,0.179,0.13,0.46299999999999997,0.32,0.217,0.139,0.529,0.332,0.141,4.94,5.34,0.319,0.713,0.478,0.677,0.9109999999999999,0.8170000000000001,0.402,0.6,0.087,0.151,0.23800000000000002,0.563,1.98,0.255,132,125,2.67,0.2,-0.9,2.0,$1.5,2023
Brandon Bielak,HOU,5,6,0,15,13,80.0,86,43,34,12,36,62,3.83,1.53,6.98,4.05,0.17600000000000002,0.102,0.07400000000000001,5.19,4.9,5.02,0.11800000000000001,0.24600000000000002,,82.1,87.1,,92.3,0.10400000000000001,0.484,90.5,8.8,115.6,0.502,0.324,0.174,0.05,0.46,0.348,0.192,0.14,0.496,0.364,0.15,5.43,4.9,0.29600000000000004,0.6859999999999999,0.45,0.659,0.8690000000000001,0.785,0.39399999999999996,0.513,0.09699999999999999,0.14,0.237,0.762,1.35,0.311,122,114,1.72,0.2,0.8,1.6,$1.2,2023
Alex Wood,SFG,5,5,0,29,12,97.2,98,52,47,9,42,74,4.33,1.43,6.82,3.87,0.172,0.098,0.075,4.47,5.14,4.98,0.261,0.293,,82.5,85.2,,,0.055999999999999994,0.374,89.2,11.7,116.5,0.45,0.36700000000000005,0.183,0.064,0.39299999999999996,0.35700000000000004,0.249,0.138,0.5770000000000001,0.285,0.08199999999999999,4.65,5.14,0.289,0.6940000000000001,0.456,0.69,0.8690000000000001,0.802,0.413,0.606,0.09,0.179,0.26899999999999996,0.7090000000000001,0.83,0.301,106,117,1.76,0.2,0.3,2.1,$1.8,2023
Phil Bickford,- - -,5,5,1,61,0,67.1,59,41,37,8,39,76,4.95,1.46,10.16,5.21,0.25,0.128,0.122,4.46,5.05,4.47,0.26899999999999996,,,84.0,,,93.9,0.10300000000000001,0.42200000000000004,90.9,22.3,116.1,0.27899999999999997,0.486,0.235,0.126,0.384,0.324,0.292,0.168,0.514,0.319,0.092,4.8,5.05,0.32899999999999996,0.736,0.48700000000000004,0.579,0.8320000000000001,0.727,0.38799999999999996,0.6609999999999999,0.132,0.14,0.273,0.672,1.07,0.288,100,115,1.95,0.2,-0.4,2.3,$1.9,2023
Chase Silseth,LAA,4,1,0,16,8,52.1,41,26,23,9,26,56,3.96,1.28,9.63,4.47,0.253,0.11800000000000001,0.136,4.96,3.98,4.29,0.24100000000000002,,,82.3,,,95.0,0.102,0.423,88.7,8.5,111.9,0.489,0.292,0.21899999999999997,0.05,0.496,0.35,0.153,0.11699999999999999,0.48200000000000004,0.401,0.225,4.22,3.98,0.294,0.636,0.435,0.617,0.823,0.741,0.41100000000000003,0.611,0.11199999999999999,0.171,0.28300000000000003,0.762,1.55,0.25,114,93,2.15,0.2,0.7,1.7,$1.4,2023
Drew Smith,NYM,4,6,3,62,0,56.1,50,31,26,7,29,60,4.15,1.4,9.59,4.63,0.24600000000000002,0.11900000000000001,0.127,4.55,5.22,4.42,0.209,0.09300000000000001,,84.3,85.4,,95.3,0.107,0.39299999999999996,89.5,22.7,114.1,0.3,0.52,0.18,0.16699999999999998,0.307,0.413,0.28,0.16699999999999998,0.493,0.34,0.09,4.4,5.22,0.306,0.73,0.46299999999999997,0.6990000000000001,0.8490000000000001,0.7859999999999999,0.37,0.574,0.099,0.147,0.245,0.7140000000000001,1.12,0.301,105,119,2.07,0.2,-0.2,1.6,$1.2,2023
Louie Varland,MIN,4,3,0,17,10,68.0,66,35,35,16,17,71,4.63,1.22,9.4,2.25,0.251,0.06,0.191,5.02,3.81,3.77,0.132,0.113,,83.9,85.9,,95.3,0.10800000000000001,0.43799999999999994,91.0,12.1,113.6,0.44299999999999995,0.396,0.161,0.039,0.376,0.361,0.263,0.08199999999999999,0.536,0.381,0.21100000000000002,4.58,3.81,0.35600000000000004,0.745,0.5379999999999999,0.604,0.855,0.767,0.467,0.7,0.126,0.153,0.27899999999999997,0.795,2.12,0.281,117,89,4.18,0.2,0.8,1.5,$1.3,2023
Carmen Mlodzinski,PIT,3,3,1,35,1,36.0,28,14,9,3,18,34,2.25,1.28,8.5,4.5,0.22399999999999998,0.11800000000000001,0.105,4.03,4.33,4.4,0.22,0.147,,84.0,89.4,,95.7,0.04,0.414,88.7,10.4,113.6,0.475,0.303,0.222,0.1,0.364,0.384,0.253,0.131,0.515,0.354,0.1,3.98,4.33,0.273,0.6940000000000001,0.45399999999999996,0.677,0.8909999999999999,0.818,0.429,0.612,0.083,0.16699999999999998,0.25,0.7709999999999999,0.75,0.26,92,99,1.89,0.2,0.7,2.4,$1.9,2023
Tayler Saucedo,SEA,3,2,1,52,0,47.2,41,20,19,2,23,43,3.59,1.34,8.12,4.34,0.20800000000000002,0.111,0.09699999999999999,3.82,4.14,4.13,0.261,0.257,,82.7,86.0,,93.0,0.052000000000000005,0.319,85.9,0.8,115.3,0.585,0.192,0.223,0.08,0.5,0.29100000000000004,0.209,0.22399999999999998,0.56,0.21600000000000003,0.08,4.14,4.14,0.358,0.605,0.455,0.581,0.845,0.7190000000000001,0.392,0.575,0.128,0.175,0.303,0.7440000000000001,0.38,0.293,93,97,1.87,0.2,0.4,1.9,$1.5,2023
Jose Urquidy,HOU,3,3,1,16,10,63.0,65,37,37,11,25,45,5.29,1.43,6.43,3.57,0.16399999999999998,0.091,0.073,5.38,5.45,5.24,0.188,0.21600000000000003,,80.7,86.1,,93.2,0.08900000000000001,0.34,86.6,17.4,110.7,0.365,0.43799999999999994,0.19699999999999998,0.16899999999999998,0.335,0.384,0.281,0.20199999999999999,0.532,0.266,0.124,4.7,5.45,0.369,0.732,0.511,0.715,0.838,0.784,0.391,0.578,0.11,0.128,0.23800000000000002,0.718,1.57,0.281,126,127,1.8,0.2,0.3,2.1,$1.7,2023
Peter Lambert,COL,3,7,0,25,11,87.1,93,54,52,18,28,71,5.36,1.39,7.32,2.89,0.18899999999999997,0.075,0.115,5.44,4.92,4.62,0.324,0.19899999999999998,,86.3,86.3,,93.4,0.111,0.45799999999999996,90.8,14.6,112.6,0.41700000000000004,0.42100000000000004,0.162,0.07,0.365,0.36200000000000004,0.273,0.122,0.44299999999999995,0.435,0.158,5.44,4.92,0.293,0.7170000000000001,0.473,0.69,0.855,0.7959999999999999,0.424,0.579,0.096,0.155,0.252,0.7140000000000001,1.85,0.296,118,112,2.54,0.2,0.8,2.2,$1.8,2023
Andrew Vasquez,- - -,2,1,0,42,0,48.1,46,21,18,4,23,43,3.35,1.43,8.01,4.28,0.196,0.105,0.091,4.41,4.98,4.57,0.8690000000000001,,,80.4,,,89.2,0.055,0.308,85.7,11.4,109.1,0.465,0.33799999999999997,0.19699999999999998,0.146,0.39,0.349,0.26,0.233,0.555,0.212,0.083,3.85,4.98,0.28300000000000003,0.583,0.425,0.669,0.919,0.831,0.474,0.63,0.071,0.226,0.297,0.7809999999999999,0.74,0.296,100,114,1.87,0.2,0.4,1.8,$1.4,2023
Genesis Cabrera,- - -,2,1,0,61,0,55.2,49,28,25,8,24,58,4.04,1.31,9.38,3.88,0.243,0.1,0.142,4.44,4.56,4.08,0.321,0.040999999999999995,,89.7,88.8,,96.0,0.11599999999999999,0.47700000000000004,91.4,17.1,111.2,0.38299999999999995,0.435,0.182,0.09,0.413,0.342,0.245,0.135,0.49700000000000005,0.368,0.11900000000000001,4.14,4.56,0.35,0.706,0.49700000000000005,0.613,0.812,0.73,0.413,0.5770000000000001,0.134,0.142,0.275,0.737,1.29,0.279,103,105,2.42,0.2,0.3,1.4,$1.2,2023
Drew Carlton,SDP,2,1,0,11,0,20.2,18,12,10,2,6,18,4.35,1.16,7.84,2.61,0.212,0.071,0.141,3.79,4.13,3.99,0.188,0.106,,82.6,85.0,,92.3,0.1,0.36700000000000005,89.8,10.8,115.4,0.439,0.35100000000000003,0.21100000000000002,0.1,0.40700000000000003,0.35600000000000004,0.237,0.085,0.6609999999999999,0.254,0.1,4.34,4.13,0.35,0.68,0.5,0.794,0.833,0.818,0.455,0.647,0.091,0.16699999999999998,0.258,0.586,0.87,0.276,87,94,3.0,0.2,-0.1,2.5,$2.0,2023
German Marquez,COL,2,2,0,4,4,20.0,19,11,11,4,3,17,4.95,1.1,7.65,1.35,0.213,0.038,0.175,4.61,3.49,3.86,0.275,0.013000000000000001,,88.0,86.0,,95.9,0.133,0.583,93.5,7.9,112.7,0.483,0.31,0.207,0.0,0.466,0.259,0.276,0.052000000000000005,0.534,0.414,0.222,4.82,3.49,0.337,0.6759999999999999,0.49,0.589,0.8909999999999999,0.777,0.45,0.575,0.109,0.142,0.251,0.6709999999999999,1.8,0.268,100,80,5.67,0.2,0.4,2.4,$1.9,2023
Brendan White,DET,2,3,0,33,2,40.2,40,25,23,4,15,44,5.09,1.35,9.74,3.32,0.249,0.085,0.16399999999999998,3.85,3.87,3.62,0.594,,,85.0,,,94.4,0.071,0.39799999999999996,90.3,5.6,110.5,0.518,0.28600000000000003,0.196,0.031,0.504,0.195,0.301,0.115,0.504,0.381,0.125,4.42,3.87,0.34700000000000003,0.662,0.48,0.59,0.8390000000000001,0.7340000000000001,0.42100000000000004,0.655,0.127,0.18100000000000002,0.308,0.643,0.89,0.33,90,90,2.93,0.2,-0.2,2.1,$1.7,2023
Dallas Keuchel,MIN,2,1,0,10,6,37.2,45,25,25,3,18,25,5.97,1.67,5.97,4.3,0.145,0.105,0.040999999999999995,4.56,4.84,5.1,0.129,0.271,,78.4,80.4,,,0.071,0.34600000000000003,86.0,4.4,113.5,0.528,0.23600000000000002,0.23600000000000002,0.0,0.504,0.28300000000000003,0.213,0.18899999999999997,0.496,0.315,0.1,5.57,4.84,0.32799999999999996,0.616,0.424,0.688,0.919,0.799,0.33299999999999996,0.634,0.085,0.187,0.272,0.6579999999999999,0.72,0.339,106,113,1.39,0.2,-0.2,1.7,$1.3,2023
Aaron Loup,LAA,2,3,1,55,0,48.2,65,37,33,6,20,45,6.1,1.75,8.32,3.7,0.195,0.087,0.10800000000000001,4.36,4.6,4.33,0.040999999999999995,0.17600000000000002,,75.7,79.7,,91.5,0.085,0.37200000000000005,87.9,8.2,112.4,0.466,0.335,0.19899999999999998,0.07400000000000001,0.36200000000000004,0.36200000000000004,0.276,0.166,0.54,0.294,0.111,4.39,4.6,0.345,0.6829999999999999,0.501,0.7120000000000001,0.871,0.8109999999999999,0.46,0.6409999999999999,0.094,0.179,0.273,0.636,1.11,0.373,101,107,2.25,0.2,-0.9,1.6,$1.3,2023
Bowden Francis,TOR,1,0,1,20,0,36.1,22,7,7,5,8,35,1.73,0.83,8.67,1.98,0.257,0.059000000000000004,0.19899999999999998,3.86,4.16,3.53,0.145,,,85.1,,,94.3,0.109,0.413,90.0,18.0,108.8,0.35200000000000004,0.505,0.14300000000000002,0.087,0.402,0.326,0.272,0.109,0.5429999999999999,0.348,0.109,3.67,4.16,0.327,0.698,0.495,0.6559999999999999,0.871,0.794,0.455,0.64,0.102,0.17300000000000001,0.275,1.0,1.24,0.195,89,97,4.38,0.2,0.9,1.9,$1.6,2023
John Means,BAL,1,2,0,4,4,23.2,13,7,7,4,4,10,2.66,0.72,3.8,1.52,0.114,0.045,0.068,5.24,5.91,6.0,0.15,0.33299999999999996,,85.4,81.0,,91.7,0.08199999999999999,0.37,86.9,24.2,109.4,0.28800000000000003,0.562,0.151,0.195,0.41100000000000003,0.32899999999999996,0.26,0.151,0.521,0.32899999999999996,0.098,4.56,5.91,0.361,0.7120000000000001,0.522,0.818,0.865,0.847,0.46,0.67,0.08,0.165,0.245,0.887,1.52,0.13,123,138,2.5,0.2,0.9,1.8,$1.4,2023
Joe La Sorsa,- - -,1,0,0,25,0,32.2,32,16,16,3,9,28,4.41,1.26,7.71,2.48,0.193,0.062,0.131,4.11,4.84,4.15,0.452,0.040999999999999995,,75.0,82.0,,92.7,0.02,0.304,85.7,12.2,107.3,0.42200000000000004,0.373,0.20600000000000002,0.105,0.47100000000000003,0.245,0.284,0.196,0.569,0.235,0.079,4.41,4.84,0.282,0.662,0.465,0.696,0.843,0.797,0.48100000000000004,0.614,0.094,0.203,0.298,0.7240000000000001,0.83,0.293,94,111,3.11,0.2,0.2,1.8,$1.4,2023
Chasen Shreve,- - -,1,2,0,50,0,44.2,46,25,23,7,14,45,4.63,1.34,9.07,2.82,0.233,0.073,0.161,4.28,4.06,3.77,0.22399999999999998,,,83.3,,,90.6,0.09,0.376,88.3,12.5,109.2,0.455,0.371,0.174,0.122,0.451,0.32299999999999995,0.226,0.14300000000000002,0.526,0.331,0.14300000000000002,4.16,4.06,0.38299999999999995,0.647,0.478,0.625,0.847,0.733,0.361,0.632,0.127,0.165,0.292,0.703,1.41,0.31,99,95,3.21,0.2,-0.1,1.8,$1.5,2023
Keaton Winn,SFG,1,3,1,9,5,42.1,36,22,22,6,8,35,4.68,1.04,7.44,1.7,0.203,0.047,0.157,4.37,3.89,3.72,0.035,,,85.9,,,96.0,0.105,0.47600000000000003,92.4,4.5,111.0,0.58,0.294,0.126,0.086,0.455,0.33299999999999996,0.21100000000000002,0.098,0.537,0.366,0.171,4.29,3.89,0.359,0.7240000000000001,0.524,0.6409999999999999,0.794,0.736,0.451,0.64,0.138,0.153,0.29100000000000004,0.665,1.28,0.254,103,89,4.38,0.2,0.2,2.2,$1.8,2023
Yunior Marte,PHI,1,1,2,40,0,39.1,47,27,22,6,17,38,5.03,1.63,8.69,3.89,0.209,0.09300000000000001,0.115,4.68,4.29,4.19,0.441,,,86.9,,,98.3,0.079,0.341,87.1,11.6,112.8,0.488,0.304,0.20800000000000002,0.184,0.373,0.365,0.262,0.198,0.47600000000000003,0.325,0.158,4.56,4.29,0.308,0.6940000000000001,0.469,0.5870000000000001,0.866,0.759,0.41600000000000004,0.615,0.113,0.166,0.27899999999999997,0.6709999999999999,1.37,0.342,105,98,2.24,0.2,-0.5,1.5,$1.2,2023
Chase Anderson,- - -,1,6,1,19,17,86.1,90,53,52,17,33,64,5.42,1.42,6.67,3.44,0.172,0.08900000000000001,0.083,5.72,5.35,5.17,0.08199999999999999,0.22899999999999998,,80.7,84.0,,93.4,0.08199999999999999,0.317,87.4,16.4,111.9,0.36200000000000004,0.43,0.20800000000000002,0.08800000000000001,0.354,0.384,0.261,0.153,0.522,0.325,0.149,4.95,5.35,0.29600000000000004,0.71,0.46,0.7440000000000001,0.836,0.8,0.397,0.551,0.092,0.14400000000000002,0.23600000000000002,0.725,1.77,0.291,125,122,1.94,0.2,0.9,2.1,$1.6,2023
Zach Plesac,CLE,1,1,0,5,5,21.1,37,20,18,3,5,14,7.59,1.97,5.91,2.11,0.133,0.048,0.086,4.47,4.51,4.75,0.408,0.154,,84.7,83.6,,91.4,0.081,0.43,91.7,9.0,114.1,0.512,0.28600000000000003,0.20199999999999999,0.16699999999999998,0.488,0.36,0.151,0.09300000000000001,0.6509999999999999,0.256,0.125,5.48,4.51,0.359,0.7759999999999999,0.541,0.68,0.904,0.82,0.435,0.562,0.096,0.142,0.23800000000000002,0.5820000000000001,1.27,0.41,106,105,2.8,0.2,-0.6,2.5,$2.0,2023
Luis Cessa,CIN,1,4,0,7,6,26.0,46,26,26,3,12,11,9.0,2.23,3.81,4.15,0.083,0.091,-0.008,5.41,5.63,6.14,0.376,0.222,,81.3,86.3,,92.4,0.07400000000000001,0.46299999999999997,91.8,13.2,118.6,0.38299999999999995,0.252,0.364,0.14800000000000002,0.39799999999999996,0.389,0.213,0.16699999999999998,0.5,0.33299999999999996,0.111,9.17,5.63,0.293,0.705,0.47100000000000003,0.792,0.922,0.8759999999999999,0.43200000000000005,0.652,0.057999999999999996,0.157,0.215,0.602,1.04,0.41,118,128,0.92,0.2,-0.6,1.8,$1.4,2023
George Soriano,MIA,0,0,1,26,1,52.0,46,26,22,6,23,52,3.81,1.33,9.0,3.98,0.228,0.10099999999999999,0.127,4.37,4.68,4.24,0.379,0.215,,83.4,89.0,,94.5,0.07400000000000001,0.385,89.9,13.1,112.2,0.415,0.38799999999999996,0.19699999999999998,0.12300000000000001,0.45299999999999996,0.345,0.203,0.149,0.5,0.35100000000000003,0.105,4.48,4.68,0.294,0.6459999999999999,0.445,0.527,0.861,0.735,0.429,0.522,0.11800000000000001,0.172,0.29,0.732,1.04,0.282,100,107,2.26,0.2,0.2,1.7,$1.4,2023
Josh Staumont,KCR,0,0,0,21,1,20.0,16,12,12,1,13,24,5.4,1.45,10.8,5.85,0.27,0.146,0.124,3.76,4.51,4.36,0.214,,,86.0,,,95.9,0.08,0.36,89.0,14.5,105.8,0.479,0.354,0.16699999999999998,0.17600000000000002,0.245,0.36700000000000005,0.38799999999999996,0.163,0.551,0.28600000000000003,0.059000000000000004,4.45,4.51,0.29,0.7,0.461,0.639,0.8,0.741,0.41700000000000004,0.517,0.11900000000000001,0.133,0.252,0.642,0.45,0.306,88,105,1.85,0.2,0.0,1.7,$1.4,2023
Nick Robertson,- - -,0,1,0,18,1,22.1,30,19,15,3,9,26,6.04,1.75,10.48,3.63,0.245,0.085,0.16,3.88,3.91,3.76,0.151,0.316,,83.3,88.2,,95.3,0.085,0.465,90.4,8.7,111.2,0.47100000000000003,0.34299999999999997,0.18600000000000003,0.083,0.47100000000000003,0.371,0.157,0.157,0.35700000000000004,0.486,0.125,4.57,3.91,0.336,0.6970000000000001,0.49700000000000005,0.534,0.8440000000000001,0.728,0.446,0.547,0.135,0.163,0.298,0.575,1.21,0.397,89,91,2.89,0.2,-0.6,2.1,$1.7,2023
Mike Baumann,BAL,10,1,0,60,0,64.2,52,29,27,7,33,61,3.76,1.31,8.49,4.59,0.223,0.121,0.10300000000000001,4.4,4.81,4.55,0.21,0.024,,91.7,88.8,,96.5,0.09,0.45799999999999996,91.3,12.4,112.4,0.42,0.40299999999999997,0.17600000000000002,0.085,0.305,0.40700000000000003,0.28800000000000003,0.13,0.5539999999999999,0.316,0.099,5.35,4.81,0.311,0.711,0.483,0.626,0.8690000000000001,0.779,0.43,0.619,0.106,0.145,0.252,0.7509999999999999,0.97,0.265,103,112,1.85,0.1,0.6,0.6,$0.5,2023
Michael Tonkin,ATL,7,3,1,45,0,80.0,64,41,38,13,23,75,4.28,1.09,8.44,2.59,0.231,0.071,0.16,4.43,4.3,3.87,0.38799999999999996,,,83.0,,,,0.08,0.4,89.8,19.1,113.9,0.38299999999999995,0.43200000000000005,0.185,0.083,0.44,0.271,0.289,0.147,0.498,0.35600000000000004,0.135,3.9,4.3,0.326,0.71,0.501,0.6559999999999999,0.8370000000000001,0.773,0.457,0.665,0.114,0.165,0.27899999999999997,0.6779999999999999,1.46,0.241,103,98,3.26,0.1,0.3,0.7,$0.5,2023
Seranthony Dominguez,PHI,5,5,2,57,0,50.0,48,25,21,7,22,48,3.78,1.4,8.64,3.96,0.214,0.098,0.11599999999999999,4.84,4.9,4.34,0.27699999999999997,0.040999999999999995,,90.1,91.0,,97.6,0.081,0.311,85.5,14.8,111.1,0.425,0.39,0.185,0.12300000000000001,0.45299999999999996,0.33799999999999997,0.209,0.223,0.527,0.25,0.12300000000000001,4.68,4.9,0.325,0.7509999999999999,0.502,0.644,0.802,0.742,0.41600000000000004,0.58,0.129,0.115,0.244,0.77,1.26,0.291,108,112,2.18,0.1,0.4,0.5,$0.4,2023
Trevor May,OAK,4,4,21,49,0,46.2,35,21,17,4,29,40,3.28,1.37,7.71,5.59,0.195,0.141,0.054000000000000006,4.71,5.69,5.3,0.35100000000000003,0.22399999999999998,,83.7,87.9,,94.9,0.06,0.361,88.0,21.4,114.1,0.308,0.45399999999999996,0.23800000000000002,0.22,0.444,0.331,0.226,0.21100000000000002,0.48100000000000004,0.308,0.068,4.56,5.69,0.293,0.655,0.442,0.657,0.8370000000000001,0.767,0.41100000000000003,0.5760000000000001,0.10300000000000001,0.18100000000000002,0.284,0.7490000000000001,0.77,0.24,114,133,1.38,0.1,0.6,1.1,$0.8,2023
Alex Young,CIN,4,2,1,63,0,53.2,53,27,23,10,20,50,3.86,1.36,8.39,3.35,0.212,0.085,0.127,4.99,4.26,4.09,,0.358,,,85.7,,91.5,0.061,0.442,90.2,12.5,112.4,0.488,0.34,0.17300000000000001,0.16399999999999998,0.485,0.303,0.212,0.17600000000000002,0.467,0.358,0.182,4.06,4.26,0.377,0.6809999999999999,0.501,0.51,0.86,0.7040000000000001,0.40700000000000003,0.623,0.14800000000000002,0.14300000000000002,0.29100000000000004,0.7829999999999999,1.68,0.277,108,97,2.5,0.1,0.5,0.9,$0.7,2023
Jared Shuster,ATL,4,3,0,11,11,52.2,53,34,34,7,26,30,5.81,1.5,5.13,4.44,0.13,0.113,0.017,5.38,6.13,6.12,0.32799999999999996,0.23,,85.0,82.3,,91.5,0.069,0.387,89.4,18.3,112.7,0.35700000000000004,0.47,0.17300000000000001,0.076,0.382,0.341,0.27699999999999997,0.133,0.595,0.272,0.08900000000000001,5.45,6.13,0.27,0.7170000000000001,0.456,0.6759999999999999,0.868,0.802,0.41700000000000004,0.622,0.09,0.161,0.251,0.655,1.2,0.277,125,140,1.15,0.1,0.0,0.5,$0.4,2023
Jay Jackson,TOR,3,1,0,25,0,29.2,18,8,7,4,9,27,2.12,0.91,8.19,2.73,0.233,0.078,0.155,4.2,4.29,3.89,0.6,,,84.8,,,93.3,0.076,0.354,87.0,18.3,114.9,0.436,0.423,0.141,0.152,0.456,0.342,0.203,0.177,0.5820000000000001,0.24100000000000002,0.121,3.41,4.29,0.327,0.725,0.491,0.494,0.841,0.705,0.41200000000000003,0.698,0.14400000000000002,0.16699999999999998,0.312,0.893,1.21,0.187,97,100,3.0,0.1,0.7,1.4,$1.1,2023
Caleb Thielbar,MIN,3,1,0,36,0,30.2,23,12,11,7,6,36,3.23,0.95,10.57,1.76,0.3,0.05,0.25,4.46,3.49,2.93,0.214,,,80.3,,,93.1,0.115,0.359,88.6,20.4,114.0,0.364,0.48100000000000004,0.156,0.162,0.551,0.26899999999999996,0.179,0.16699999999999998,0.48700000000000004,0.34600000000000003,0.18899999999999997,3.56,3.49,0.326,0.705,0.49700000000000005,0.674,0.863,0.795,0.451,0.583,0.102,0.158,0.259,0.885,2.05,0.225,104,81,6.0,0.1,0.6,1.1,$0.9,2023
Ryne Stanek,HOU,3,1,0,55,0,50.2,42,24,23,8,21,51,4.09,1.24,9.06,3.73,0.239,0.099,0.141,4.6,5.06,4.3,0.17600000000000002,,,88.7,,,98.2,0.071,0.44299999999999995,90.1,22.5,109.9,0.307,0.55,0.14300000000000002,0.11699999999999999,0.32899999999999996,0.42100000000000004,0.25,0.14300000000000002,0.521,0.336,0.10400000000000001,4.08,5.06,0.318,0.789,0.524,0.61,0.7759999999999999,0.72,0.439,0.606,0.147,0.105,0.252,0.758,1.42,0.258,108,118,2.43,0.1,0.3,0.8,$0.7,2023
Angel Zerpa,KCR,3,3,0,15,3,42.2,46,24,23,7,8,36,4.85,1.27,7.59,1.69,0.198,0.044000000000000004,0.154,4.54,4.04,3.81,0.239,0.19399999999999998,,86.3,86.9,,94.7,0.08199999999999999,0.455,90.4,6.4,113.4,0.508,0.318,0.174,0.11900000000000001,0.418,0.358,0.22399999999999998,0.16399999999999998,0.455,0.381,0.16699999999999998,4.35,4.04,0.28,0.742,0.49200000000000005,0.664,0.892,0.8220000000000001,0.46,0.61,0.08800000000000001,0.14400000000000002,0.23199999999999998,0.705,1.48,0.307,106,94,4.5,0.1,0.1,1.5,$1.2,2023
Jose A. Ferrer,WSN,3,0,0,39,0,34.0,37,19,19,4,13,25,5.03,1.47,6.62,3.44,0.17600000000000002,0.092,0.085,4.55,4.09,4.16,0.043,0.23800000000000002,,85.7,85.5,,95.5,0.028999999999999998,0.369,87.8,5.4,113.1,0.578,0.21600000000000003,0.20600000000000002,0.091,0.39799999999999996,0.35,0.252,0.146,0.612,0.243,0.182,3.71,4.09,0.3,0.6709999999999999,0.465,0.785,0.8740000000000001,0.8420000000000001,0.445,0.563,0.073,0.159,0.23199999999999998,0.705,1.06,0.333,104,93,1.92,0.1,0.0,0.7,$0.5,2023
Yency Almonte,LAD,3,2,0,49,0,48.0,43,30,27,6,24,49,5.06,1.4,9.19,4.5,0.23600000000000002,0.115,0.12,4.59,4.55,4.3,0.501,0.065,,83.1,88.9,,96.1,0.069,0.313,87.7,12.5,115.2,0.42,0.35100000000000003,0.22899999999999998,0.152,0.504,0.275,0.221,0.183,0.542,0.275,0.13,4.34,4.55,0.301,0.618,0.428,0.5379999999999999,0.843,0.713,0.39899999999999997,0.591,0.122,0.177,0.299,0.655,1.13,0.296,102,104,2.04,0.1,-0.4,1.5,$1.2,2023
Rafael Montero,HOU,3,3,1,68,0,67.1,74,40,38,11,29,79,5.08,1.53,10.56,3.88,0.265,0.09699999999999999,0.168,4.46,4.1,3.76,0.14,0.21899999999999997,,88.4,91.5,,96.1,0.091,0.41700000000000004,87.9,11.1,116.7,0.41200000000000003,0.385,0.203,0.09699999999999999,0.396,0.385,0.21899999999999997,0.203,0.455,0.342,0.153,4.6,4.1,0.32899999999999996,0.746,0.489,0.6609999999999999,0.78,0.731,0.384,0.614,0.132,0.133,0.265,0.728,1.47,0.358,105,96,2.72,0.1,-0.2,1.3,$1.1,2023
Ty Blach,COL,3,3,0,20,13,78.0,104,51,48,15,24,50,5.54,1.64,5.77,2.77,0.142,0.068,0.07400000000000001,5.63,5.01,5.14,0.165,0.222,,83.8,79.9,,89.5,0.11,0.434,90.1,13.2,114.3,0.392,0.332,0.276,0.055999999999999994,0.371,0.349,0.27899999999999997,0.121,0.489,0.39,0.16899999999999998,7.24,5.01,0.336,0.68,0.49,0.732,0.932,0.856,0.447,0.642,0.07,0.175,0.245,0.735,1.73,0.346,122,114,2.08,0.1,0.7,1.4,$1.1,2023
Roansy Contreras,PIT,3,7,1,19,11,68.1,75,50,50,11,32,55,6.59,1.57,7.24,4.21,0.182,0.106,0.076,5.19,5.2,5.17,0.44299999999999995,0.038,,83.6,89.4,,94.4,0.084,0.449,90.5,15.5,110.9,0.377,0.41,0.212,0.069,0.46299999999999997,0.318,0.22,0.11699999999999999,0.542,0.341,0.126,5.43,5.2,0.32299999999999995,0.693,0.469,0.574,0.885,0.755,0.39399999999999996,0.616,0.114,0.17,0.285,0.626,1.45,0.315,119,119,1.72,0.1,-0.5,0.6,$0.5,2023
Randy Vasquez,NYY,2,2,0,11,5,37.2,30,12,12,5,18,33,2.87,1.27,7.88,4.3,0.19899999999999998,0.10800000000000001,0.09,4.98,5.27,4.93,,0.11800000000000001,,,87.9,,94.5,0.063,0.37799999999999995,86.9,13.4,114.1,0.364,0.418,0.218,0.13,0.42700000000000005,0.345,0.22699999999999998,0.255,0.473,0.273,0.109,5.38,5.27,0.32899999999999996,0.6459999999999999,0.457,0.7709999999999999,0.909,0.85,0.405,0.5660000000000001,0.069,0.179,0.248,0.889,1.19,0.236,114,123,1.83,0.1,1.0,0.8,$0.6,2023
Keynan Middleton,- - -,2,2,2,51,0,50.2,40,20,19,8,23,64,3.38,1.24,11.37,4.09,0.302,0.10800000000000001,0.193,4.2,3.26,3.34,0.308,0.429,,85.9,87.8,,95.7,0.081,0.315,85.2,4.2,112.4,0.5660000000000001,0.27899999999999997,0.156,0.059000000000000004,0.589,0.266,0.145,0.226,0.47600000000000003,0.298,0.235,3.7,3.26,0.369,0.7340000000000001,0.516,0.495,0.799,0.67,0.40399999999999997,0.6509999999999999,0.17,0.14,0.31,0.833,1.42,0.276,96,76,2.78,0.1,0.6,1.1,$0.9,2023
John Schreiber,BOS,2,1,1,46,2,46.2,41,22,20,6,25,53,3.86,1.41,10.22,4.82,0.26,0.12300000000000001,0.13699999999999998,4.52,4.48,4.16,0.375,0.08199999999999999,,81.0,88.1,,93.4,0.066,0.39299999999999996,89.3,12.7,108.8,0.42,0.387,0.193,0.109,0.336,0.336,0.32799999999999996,0.18,0.475,0.344,0.13,4.13,4.48,0.287,0.657,0.44,0.703,0.795,0.76,0.415,0.662,0.106,0.185,0.29100000000000004,0.779,1.16,0.302,105,105,2.12,0.1,0.5,0.9,$0.7,2023
Sammy Peralta,CHW,2,0,0,16,0,20.0,19,11,9,2,11,18,4.05,1.5,8.1,4.95,0.2,0.122,0.078,4.41,5.01,4.85,0.272,0.364,,78.0,81.7,,,0.033,0.32799999999999996,86.9,15.3,107.0,0.39299999999999996,0.377,0.23,0.087,0.361,0.344,0.295,0.14800000000000002,0.639,0.213,0.087,4.04,5.01,0.309,0.679,0.462,0.725,0.868,0.8109999999999999,0.41200000000000003,0.633,0.087,0.187,0.27399999999999997,0.6990000000000001,0.9,0.288,100,117,1.64,0.1,0.0,0.6,$0.4,2023
Luis Garcia,SDP,2,3,0,61,0,59.2,59,30,27,6,24,53,4.07,1.39,7.99,3.62,0.19899999999999998,0.09,0.109,4.29,4.01,3.82,0.34600000000000003,,,81.3,,,97.6,0.049,0.364,87.1,-1.1,111.0,0.615,0.203,0.18100000000000002,0.0,0.457,0.315,0.228,0.19,0.516,0.293,0.162,4.08,4.01,0.309,0.713,0.475,0.59,0.875,0.7659999999999999,0.41200000000000003,0.5539999999999999,0.111,0.135,0.24600000000000002,0.732,0.91,0.298,99,92,2.21,0.1,0.2,1.0,$0.8,2023
Josh Winder,MIN,2,1,1,19,0,34.2,35,16,16,3,14,28,4.15,1.41,7.27,3.63,0.19,0.095,0.095,3.98,5.0,4.63,0.35100000000000003,0.249,,85.1,89.1,,94.5,0.086,0.43799999999999994,91.0,13.1,109.0,0.41,0.429,0.162,0.067,0.44799999999999995,0.34299999999999997,0.21,0.162,0.419,0.419,0.067,4.8,5.0,0.299,0.7559999999999999,0.483,0.69,0.8759999999999999,0.807,0.40299999999999997,0.653,0.09300000000000001,0.15,0.243,0.737,0.78,0.314,93,117,2.0,0.1,0.2,1.5,$1.2,2023
Hunter Gaddis,CLE,2,1,0,11,7,42.0,41,21,21,6,14,24,4.5,1.31,5.14,3.0,0.132,0.077,0.055,5.26,6.43,5.93,0.313,0.182,,85.3,81.2,,93.8,0.057,0.35,89.3,23.4,111.7,0.266,0.5539999999999999,0.18,0.14300000000000002,0.39299999999999996,0.307,0.3,0.214,0.457,0.32899999999999996,0.078,3.89,6.43,0.293,0.703,0.478,0.745,0.899,0.848,0.452,0.67,0.073,0.163,0.23600000000000002,0.7509999999999999,1.29,0.261,124,150,1.71,0.1,0.4,1.4,$1.1,2023
Tyler Alexander,DET,2,1,0,25,1,44.0,44,25,22,8,5,44,4.5,1.11,9.0,1.02,0.243,0.027999999999999997,0.215,4.1,4.14,3.48,0.08800000000000001,0.16899999999999998,,81.3,82.8,,90.1,0.10800000000000001,0.4,89.2,18.8,113.1,0.32,0.5,0.18,0.031,0.33299999999999996,0.41100000000000003,0.256,0.147,0.5429999999999999,0.31,0.125,3.59,4.14,0.33399999999999996,0.659,0.48700000000000004,0.7829999999999999,0.882,0.846,0.47100000000000003,0.7240000000000001,0.075,0.212,0.287,0.653,1.64,0.295,96,97,8.8,0.1,-0.1,1.3,$1.0,2023
Keegan Thompson,CHC,2,2,1,19,0,28.2,20,15,15,2,19,26,4.71,1.36,8.16,5.97,0.20800000000000002,0.152,0.055999999999999994,4.44,5.44,5.2,0.099,,,84.1,,,94.0,0.051,0.44299999999999995,88.9,14.4,109.1,0.41,0.423,0.16699999999999998,0.091,0.405,0.29100000000000004,0.304,0.177,0.494,0.32899999999999996,0.061,4.21,5.44,0.27,0.643,0.423,0.5920000000000001,0.873,0.767,0.41100000000000003,0.664,0.098,0.18,0.278,0.672,0.63,0.234,103,124,1.37,0.1,0.1,0.5,$0.4,2023
Mauricio Llovera,- - -,2,3,0,30,0,35.0,36,25,19,3,15,29,4.89,1.46,7.46,3.86,0.18100000000000002,0.094,0.08800000000000001,4.34,4.79,4.53,0.34,,,82.8,,,,0.063,0.41100000000000003,89.5,9.1,112.5,0.46799999999999997,0.297,0.23399999999999999,0.091,0.41100000000000003,0.259,0.33,0.179,0.46399999999999997,0.35700000000000004,0.091,4.94,4.79,0.251,0.635,0.425,0.7290000000000001,0.899,0.845,0.45399999999999996,0.6,0.066,0.221,0.287,0.591,0.77,0.303,101,111,1.93,0.1,-0.4,0.7,$0.6,2023
Grant Anderson,TEX,2,1,0,26,0,35.2,38,20,20,5,14,30,5.05,1.46,7.57,3.53,0.195,0.091,0.10400000000000001,4.66,4.69,4.43,0.49700000000000005,,,85.3,,,93.0,0.083,0.349,86.7,11.6,114.1,0.46299999999999997,0.37,0.16699999999999998,0.2,0.36700000000000005,0.349,0.284,0.174,0.532,0.294,0.125,4.08,4.69,0.297,0.625,0.44,0.69,0.883,0.81,0.436,0.617,0.084,0.19399999999999998,0.278,0.7170000000000001,1.26,0.317,108,109,2.14,0.1,-0.1,0.6,$0.5,2023
Joe Jacques,BOS,2,1,1,23,1,26.2,32,17,15,2,10,20,5.06,1.58,6.75,3.38,0.16399999999999998,0.08199999999999999,0.08199999999999999,4.53,4.86,4.12,0.349,0.018000000000000002,,77.2,84.9,,,0.035,0.45299999999999996,88.9,-2.2,115.9,0.647,0.247,0.106,0.095,0.326,0.36,0.314,0.174,0.465,0.36,0.095,4.06,4.86,0.267,0.562,0.392,0.701,0.9129999999999999,0.83,0.424,0.615,0.066,0.22399999999999998,0.29100000000000004,0.6859999999999999,0.68,0.357,105,113,2.0,0.1,-0.1,0.0,$0.4,2023
Seth Martinez,HOU,2,3,1,35,0,43.0,45,29,25,5,19,45,5.23,1.49,9.42,3.98,0.231,0.09699999999999999,0.133,4.42,4.71,4.16,0.268,0.161,,79.4,86.3,,91.2,0.096,0.456,90.2,12.3,110.7,0.377,0.385,0.23800000000000002,0.106,0.408,0.376,0.21600000000000003,0.12,0.504,0.376,0.106,5.48,4.71,0.298,0.695,0.45799999999999996,0.581,0.879,0.763,0.40299999999999997,0.579,0.10800000000000001,0.16699999999999998,0.276,0.6509999999999999,1.05,0.333,104,110,2.37,0.1,-0.5,1.3,$1.0,2023
Sean Hjelle,SFG,2,1,0,15,0,29.0,38,25,21,3,13,31,6.52,1.76,9.62,4.03,0.223,0.094,0.129,4.22,4.02,3.85,0.43200000000000005,0.037000000000000005,,85.6,89.6,,,0.066,0.418,88.6,2.7,111.8,0.5329999999999999,0.222,0.244,0.15,0.319,0.385,0.297,0.231,0.5489999999999999,0.22,0.15,4.56,4.02,0.271,0.662,0.444,0.59,0.887,0.7859999999999999,0.442,0.64,0.095,0.20199999999999999,0.297,0.591,0.93,0.398,100,92,2.38,0.1,-0.8,0.6,$0.5,2023
Yerry De Los Santos,PIT,1,1,0,22,0,24.1,17,10,9,1,13,18,3.33,1.23,6.66,4.81,0.17300000000000001,0.125,0.048,4.04,4.86,4.92,0.209,0.17600000000000002,,86.4,89.4,,,0.055999999999999994,0.306,88.1,2.1,108.9,0.5489999999999999,0.282,0.16899999999999998,0.1,0.40299999999999997,0.34700000000000003,0.25,0.20800000000000002,0.569,0.222,0.05,3.75,4.86,0.27899999999999997,0.696,0.456,0.7190000000000001,0.932,0.856,0.423,0.644,0.065,0.171,0.237,0.7090000000000001,0.37,0.225,93,111,1.38,0.1,0.3,1.1,$0.9,2023
Jacob Webb,- - -,1,1,1,54,0,53.2,39,22,22,6,30,57,3.69,1.29,9.56,5.03,0.24600000000000002,0.129,0.11599999999999999,4.48,4.85,4.43,0.235,0.28,,84.1,85.9,,94.8,0.05,0.397,88.1,15.0,112.1,0.371,0.42100000000000004,0.207,0.136,0.34,0.36200000000000004,0.298,0.19899999999999998,0.546,0.255,0.102,3.82,4.85,0.358,0.721,0.511,0.573,0.794,0.705,0.42100000000000004,0.625,0.151,0.13699999999999998,0.28800000000000003,0.789,1.01,0.244,104,113,1.9,0.1,0.8,0.8,$0.7,2023
Ryan Thompson,- - -,1,2,1,31,0,30.2,20,14,13,3,8,21,3.82,0.91,6.16,2.35,0.174,0.066,0.107,4.33,4.41,3.99,0.342,0.002,,78.2,83.0,,91.8,0.057,0.341,86.9,5.1,113.5,0.612,0.294,0.094,0.16,0.43200000000000005,0.33,0.239,0.21600000000000003,0.58,0.205,0.12,3.24,4.41,0.299,0.6,0.441,0.6709999999999999,0.9209999999999999,0.8320000000000001,0.473,0.603,0.07400000000000001,0.19899999999999998,0.273,0.647,0.88,0.2,103,102,2.63,0.1,0.4,1.1,$0.9,2023
Darius Vines,ATL,1,0,0,5,2,20.1,15,10,9,3,7,14,3.98,1.08,6.2,3.1,0.16699999999999998,0.083,0.083,4.98,5.58,5.09,0.08800000000000001,0.247,,80.8,81.1,,90.0,0.081,0.306,86.7,18.5,111.9,0.40299999999999997,0.5,0.09699999999999999,0.09699999999999999,0.40299999999999997,0.371,0.226,0.161,0.5,0.33899999999999997,0.09699999999999999,3.99,5.58,0.308,0.722,0.47700000000000004,0.625,0.846,0.762,0.409,0.607,0.113,0.152,0.265,0.691,1.33,0.203,116,127,2.0,0.1,0.2,0.5,$0.4,2023
Ray Kerr,SDP,1,1,0,22,0,27.0,25,15,13,5,9,35,4.33,1.26,11.67,3.0,0.307,0.079,0.228,4.18,3.24,3.09,,,,,,,96.1,0.11599999999999999,0.46399999999999997,87.8,14.9,111.4,0.397,0.353,0.25,0.083,0.348,0.377,0.275,0.217,0.406,0.377,0.20800000000000002,4.47,3.24,0.33299999999999996,0.68,0.473,0.529,0.795,0.6829999999999999,0.40299999999999997,0.544,0.14800000000000002,0.162,0.311,0.7140000000000001,1.67,0.313,96,74,3.89,0.1,-0.1,1.2,$0.9,2023
Matt Waldron,SDP,1,3,0,8,6,41.1,39,20,20,9,12,31,4.35,1.23,6.75,2.61,0.179,0.069,0.11,5.46,4.79,4.73,0.159,,0.27,79.8,,76.6,91.6,0.10800000000000001,0.385,86.7,14.2,113.4,0.4,0.415,0.185,0.14800000000000002,0.415,0.34600000000000003,0.23800000000000002,0.215,0.47700000000000004,0.308,0.16699999999999998,4.48,4.79,0.301,0.691,0.478,0.745,0.877,0.8320000000000001,0.456,0.636,0.08,0.168,0.248,0.807,1.96,0.248,126,109,2.58,0.1,0.5,0.9,$0.7,2023
Tanner Banks,CHW,1,4,1,32,3,61.0,59,32,30,10,16,51,4.43,1.23,7.52,2.36,0.2,0.063,0.13699999999999998,4.7,4.71,4.23,0.307,0.162,,86.3,86.3,,92.9,0.092,0.37,90.3,16.8,109.7,0.37200000000000005,0.43200000000000005,0.19699999999999998,0.063,0.348,0.38,0.272,0.10300000000000001,0.527,0.37,0.127,4.44,4.71,0.265,0.71,0.46299999999999997,0.655,0.8490000000000001,0.7879999999999999,0.445,0.6629999999999999,0.098,0.16899999999999998,0.267,0.723,1.48,0.282,107,110,3.19,0.1,0.2,0.8,$0.7,2023
Rob Zastryzny,PIT,1,0,0,21,1,20.2,24,15,11,1,13,15,4.79,1.79,6.53,5.66,0.155,0.134,0.021,4.32,5.85,5.64,0.275,0.141,,82.3,81.5,,93.0,0.057999999999999996,0.391,87.7,17.1,109.2,0.38799999999999996,0.40299999999999997,0.209,0.259,0.319,0.33299999999999996,0.348,0.275,0.42,0.304,0.037000000000000005,4.56,5.85,0.306,0.677,0.465,0.691,0.8320000000000001,0.779,0.429,0.619,0.10300000000000001,0.174,0.27699999999999997,0.618,0.44,0.338,99,134,1.15,0.1,-0.3,1.3,$1.1,2023
Jose Hernandez,PIT,1,3,0,50,0,50.2,47,30,28,9,22,62,4.97,1.36,11.01,3.91,0.278,0.099,0.179,4.48,4.0,3.65,0.5589999999999999,0.109,,83.0,88.7,,94.7,0.087,0.348,89.2,16.4,112.2,0.387,0.409,0.204,0.161,0.413,0.326,0.261,0.16699999999999998,0.486,0.348,0.161,4.14,4.0,0.289,0.6779999999999999,0.455,0.5589999999999999,0.8190000000000001,0.7240000000000001,0.426,0.5870000000000001,0.125,0.188,0.313,0.6970000000000001,1.6,0.295,103,91,2.82,0.1,-0.2,0.7,$0.6,2023
Andrew Bellatti,PHI,1,0,0,27,0,24.2,25,15,14,4,12,25,5.11,1.5,9.12,4.38,0.221,0.106,0.115,4.8,4.97,4.47,0.47100000000000003,0.055,,86.1,88.7,,94.3,0.066,0.32899999999999996,90.9,20.9,118.6,0.32899999999999996,0.447,0.22399999999999998,0.147,0.408,0.316,0.276,0.145,0.474,0.382,0.11800000000000001,4.9,4.97,0.353,0.6940000000000001,0.48200000000000004,0.56,0.775,0.677,0.379,0.602,0.156,0.147,0.303,0.701,1.46,0.292,108,113,2.08,0.1,-0.1,0.6,$0.5,2023
Justin Bruihl,- - -,1,0,0,27,0,28.0,28,18,17,2,11,22,5.46,1.39,7.07,3.54,0.182,0.091,0.091,4.11,4.84,4.49,0.313,,,78.5,,,,0.059000000000000004,0.447,90.2,10.2,113.8,0.494,0.32899999999999996,0.17600000000000002,0.036000000000000004,0.518,0.259,0.22399999999999998,0.106,0.45899999999999996,0.435,0.071,4.68,4.84,0.298,0.6629999999999999,0.461,0.556,0.892,0.772,0.447,0.603,0.105,0.17800000000000002,0.282,0.612,0.64,0.313,91,110,2.0,0.1,-0.1,1.5,$1.2,2023
Matt Barnes,MIA,1,0,0,24,1,21.1,25,13,13,2,10,20,5.48,1.64,8.44,4.22,0.20199999999999999,0.10099999999999999,0.10099999999999999,4.15,4.4,4.35,,,,,,,93.6,0.059000000000000004,0.353,89.2,10.0,111.2,0.493,0.284,0.22399999999999998,0.158,0.441,0.353,0.20600000000000002,0.11800000000000001,0.603,0.27899999999999997,0.105,4.71,4.4,0.272,0.622,0.39799999999999996,0.586,0.978,0.805,0.358,0.606,0.078,0.195,0.273,0.693,0.84,0.348,95,100,2.0,0.1,-0.1,1.4,$1.1,2023
Tim Herrin,CLE,1,1,0,23,0,27.2,29,18,17,3,12,32,5.53,1.48,10.41,3.9,0.264,0.099,0.165,3.87,4.01,3.76,0.415,,,88.1,,,96.8,0.067,0.373,87.8,11.7,108.7,0.444,0.361,0.19399999999999998,0.038,0.413,0.307,0.28,0.16,0.5870000000000001,0.253,0.115,4.63,4.01,0.324,0.679,0.47200000000000003,0.573,0.868,0.75,0.41700000000000004,0.521,0.11800000000000001,0.159,0.276,0.644,0.98,0.361,91,94,2.67,0.1,-0.2,1.1,$0.9,2023
Tucker Davidson,- - -,1,2,2,38,1,51.1,64,37,34,6,19,46,5.96,1.62,8.06,3.33,0.195,0.081,0.114,4.27,4.42,4.27,0.44299999999999995,,,84.9,,,91.4,0.071,0.33899999999999997,88.5,12.2,114.5,0.442,0.319,0.239,0.096,0.40399999999999997,0.337,0.259,0.133,0.536,0.331,0.115,5.16,4.42,0.33,0.645,0.46,0.6459999999999999,0.853,0.7659999999999999,0.413,0.551,0.107,0.17800000000000002,0.28600000000000003,0.631,1.05,0.358,99,103,2.42,0.1,-0.6,1.1,$1.0,2023
Connor Phillips,CIN,1,1,0,5,5,20.2,18,16,16,5,13,26,6.97,1.5,11.32,5.66,0.271,0.135,0.135,5.92,5.01,4.64,0.255,0.013000000000000001,,84.4,91.4,,96.4,0.107,0.41100000000000003,89.1,21.7,108.9,0.33899999999999997,0.5,0.161,0.107,0.35700000000000004,0.304,0.33899999999999997,0.179,0.5539999999999999,0.268,0.179,4.68,5.01,0.268,0.6409999999999999,0.41700000000000004,0.623,0.878,0.78,0.402,0.542,0.092,0.17800000000000002,0.27,0.64,2.18,0.255,129,114,2.0,0.1,-0.1,0.5,$0.4,2023
Dany Jimenez,OAK,0,2,1,25,1,23.1,11,9,9,3,14,21,3.47,1.07,8.1,5.4,0.223,0.149,0.07400000000000001,4.93,5.52,5.2,,0.012,,,82.4,,93.2,0.085,0.33899999999999997,89.1,27.0,113.3,0.281,0.561,0.158,0.281,0.373,0.373,0.254,0.22,0.475,0.305,0.094,3.75,5.52,0.23600000000000002,0.626,0.37799999999999995,0.6559999999999999,0.7929999999999999,0.7390000000000001,0.363,0.521,0.099,0.195,0.293,0.769,1.16,0.143,119,129,1.5,0.1,0.4,0.5,$0.4,2023
Peyton Battenfield,CLE,0,5,0,7,6,34.2,34,22,20,7,12,27,5.19,1.33,7.01,3.12,0.185,0.08199999999999999,0.10300000000000001,5.36,4.83,4.85,,0.038,,,84.8,,91.2,0.14,0.505,93.5,14.7,111.1,0.43,0.41100000000000003,0.159,0.045,0.495,0.336,0.168,0.055999999999999994,0.505,0.439,0.159,6.16,4.83,0.327,0.767,0.499,0.627,0.8420000000000001,0.7559999999999999,0.39,0.63,0.122,0.147,0.26899999999999996,0.6629999999999999,1.82,0.27,127,113,2.25,0.1,0.1,0.5,$0.5,2023
Alex Lange,DET,7,5,26,67,0,66.0,43,30,27,6,45,79,3.68,1.33,10.77,6.14,0.27399999999999997,0.156,0.11800000000000001,4.36,4.38,4.41,,0.102,,,89.5,,96.1,0.07,0.361,88.6,8.5,111.0,0.506,0.308,0.18600000000000003,0.0,0.42,0.395,0.185,0.102,0.561,0.33799999999999997,0.125,3.88,4.38,0.327,0.597,0.409,0.45799999999999996,0.823,0.62,0.305,0.5379999999999999,0.155,0.16899999999999998,0.324,0.748,0.82,0.243,102,102,1.76,0.0,0.8,-0.2,($0.2),2023
Jordan Weems,WSN,5,1,0,51,0,54.2,38,25,22,9,28,60,3.62,1.21,9.88,4.61,0.259,0.121,0.138,4.9,4.64,4.16,0.434,,,87.6,,,96.3,0.113,0.38299999999999995,89.9,15.9,111.8,0.38799999999999996,0.446,0.165,0.113,0.433,0.305,0.262,0.149,0.46799999999999997,0.38299999999999995,0.145,4.24,4.64,0.266,0.708,0.444,0.616,0.851,0.767,0.40299999999999997,0.569,0.10300000000000001,0.161,0.264,0.78,1.48,0.22,112,106,2.14,0.0,0.6,-0.2,($0.1),2023
Grant Hartwig,NYM,5,2,0,28,0,35.1,34,23,19,3,15,30,4.84,1.39,7.64,3.82,0.19,0.095,0.095,4.44,4.84,4.44,0.315,0.042,,82.6,86.4,,,0.065,0.364,87.1,8.8,114.6,0.48100000000000004,0.302,0.217,0.125,0.43,0.308,0.262,0.187,0.626,0.187,0.094,4.29,4.84,0.27399999999999997,0.68,0.42700000000000005,0.679,0.902,0.813,0.377,0.5820000000000001,0.08,0.175,0.255,0.63,0.76,0.298,102,110,2.0,0.0,-0.5,0.4,$0.3,2023
Nate Pearson,TOR,5,2,1,35,0,42.2,36,25,23,7,18,43,4.85,1.27,9.07,3.8,0.23600000000000002,0.099,0.13699999999999998,4.85,5.04,4.28,0.239,,,87.4,,,97.9,0.085,0.475,91.6,22.9,113.5,0.305,0.508,0.18600000000000003,0.15,0.43200000000000005,0.33899999999999997,0.22899999999999998,0.195,0.449,0.35600000000000004,0.11699999999999999,3.89,5.04,0.222,0.7,0.431,0.522,0.8540000000000001,0.758,0.43799999999999994,0.5379999999999999,0.10400000000000001,0.165,0.27,0.6779999999999999,1.48,0.261,112,118,2.39,0.0,-0.2,-0.3,($0.2),2023
Robert Suarez,SDP,4,3,0,26,0,27.2,15,13,13,4,10,24,4.23,0.9,7.81,3.25,0.222,0.09300000000000001,0.13,4.48,3.92,4.02,0.049,0.336,,86.9,89.7,,97.8,0.068,0.365,88.1,9.4,110.0,0.486,0.297,0.21600000000000003,0.0,0.392,0.324,0.284,0.135,0.581,0.284,0.182,3.22,3.92,0.29600000000000004,0.718,0.49200000000000005,0.662,0.8,0.7559999999999999,0.465,0.602,0.12,0.156,0.276,0.619,1.3,0.157,103,90,2.4,0.0,0.3,0.0,$0.0,2023
Drey Jameson,ARI,3,1,1,15,3,40.2,40,15,15,6,18,37,3.32,1.43,8.19,3.98,0.213,0.10300000000000001,0.109,4.76,4.71,4.48,0.27699999999999997,0.136,,85.1,89.3,,97.1,0.136,0.475,92.0,11.9,113.8,0.45799999999999996,0.39,0.153,0.043,0.322,0.40700000000000003,0.271,0.102,0.508,0.39,0.13,5.53,4.71,0.32299999999999995,0.638,0.46,0.528,0.85,0.723,0.435,0.529,0.128,0.168,0.295,0.87,1.33,0.304,112,107,2.06,0.0,0.9,-0.4,($0.3),2023
Jose Cuas,- - -,3,2,1,72,2,65.1,63,30,29,8,35,71,3.99,1.5,9.78,4.82,0.243,0.12,0.12300000000000001,4.6,4.48,4.24,0.266,0.04,,82.5,87.7,,92.4,0.11699999999999999,0.413,89.9,10.1,113.5,0.461,0.326,0.213,0.069,0.33,0.43,0.24,0.128,0.475,0.397,0.138,5.46,4.48,0.301,0.69,0.451,0.573,0.821,0.7190000000000001,0.384,0.606,0.127,0.156,0.28300000000000003,0.8,1.1,0.322,107,104,2.03,0.0,0.8,-0.5,($0.4),2023
Jose Cisnero,DET,3,4,2,63,0,59.1,63,39,35,10,25,70,5.31,1.48,10.62,3.79,0.262,0.094,0.16899999999999998,4.6,4.2,3.73,0.2,0.098,,84.7,88.9,,96.0,0.096,0.44299999999999995,90.1,14.3,116.8,0.439,0.39,0.171,0.141,0.40399999999999997,0.361,0.235,0.175,0.488,0.337,0.156,4.6,4.2,0.304,0.695,0.48,0.655,0.838,0.774,0.449,0.588,0.10800000000000001,0.16399999999999998,0.272,0.684,1.52,0.338,107,98,2.8,0.0,-0.7,0.2,$0.2,2023
Hogan Harris,OAK,3,6,0,14,6,63.0,67,51,50,10,28,56,7.14,1.51,8.0,4.0,0.19699999999999998,0.099,0.099,5.02,5.21,4.78,,0.203,,,80.2,,92.7,0.091,0.447,90.0,13.8,112.3,0.397,0.44299999999999995,0.16,0.14,0.35700000000000004,0.337,0.306,0.184,0.5,0.316,0.11599999999999999,5.13,5.21,0.25,0.6709999999999999,0.45899999999999996,0.679,0.851,0.804,0.496,0.588,0.09,0.179,0.27,0.56,1.43,0.305,121,122,2.0,0.0,-1.2,0.4,$0.4,2023
Nick Lodolo,CIN,2,1,0,7,7,34.1,50,24,24,10,10,47,6.29,1.75,12.32,2.62,0.28300000000000003,0.06,0.223,5.79,3.78,3.46,0.358,0.125,,79.7,87.3,,93.9,0.127,0.402,90.8,8.4,112.0,0.46,0.37,0.17,0.027000000000000003,0.382,0.314,0.304,0.13699999999999998,0.5489999999999999,0.314,0.27,4.82,3.78,0.363,0.617,0.467,0.551,0.866,0.722,0.41200000000000003,0.645,0.13,0.179,0.309,0.8109999999999999,2.62,0.435,126,86,4.7,0.0,0.0,0.3,$0.2,2023
Colin Selby,PIT,2,2,0,21,5,24.0,29,24,24,4,15,30,9.0,1.83,11.25,5.63,0.263,0.132,0.132,4.8,3.94,4.25,0.364,,,88.5,,,,0.10099999999999999,0.42,88.1,5.0,110.1,0.485,0.27899999999999997,0.235,0.053,0.449,0.319,0.23199999999999998,0.188,0.478,0.33299999999999996,0.21100000000000002,5.53,3.94,0.267,0.667,0.423,0.465,0.868,0.7140000000000001,0.391,0.526,0.121,0.191,0.312,0.521,1.5,0.385,110,90,2.0,0.0,-1.0,-0.3,($0.2),2023
Trent Thornton,- - -,1,2,0,27,1,31.1,30,12,7,5,6,26,2.01,1.15,7.47,1.72,0.20800000000000002,0.048,0.16,4.24,4.18,3.89,0.345,,,79.6,,,94.0,0.043,0.29,85.9,15.0,110.9,0.39799999999999996,0.409,0.19399999999999998,0.132,0.495,0.32299999999999995,0.183,0.183,0.505,0.312,0.132,3.08,4.18,0.34600000000000003,0.642,0.47600000000000003,0.6970000000000001,0.868,0.7979999999999999,0.439,0.688,0.096,0.19399999999999998,0.29,0.828,1.44,0.284,103,97,4.33,0.0,0.3,0.4,$0.4,2023
Dylan Covey,- - -,1,3,0,29,1,43.0,48,22,18,5,17,30,3.77,1.51,6.28,3.56,0.157,0.08900000000000001,0.068,4.7,4.42,4.45,0.254,,,87.2,,,95.6,0.042,0.373,87.8,7.6,113.0,0.5429999999999999,0.22899999999999998,0.22899999999999998,0.125,0.38,0.408,0.21100000000000002,0.16899999999999998,0.542,0.289,0.156,4.88,4.42,0.318,0.701,0.46799999999999997,0.754,0.9159999999999999,0.8490000000000001,0.392,0.654,0.071,0.154,0.22399999999999998,0.75,1.05,0.314,105,101,1.76,0.0,0.3,-0.4,$0.3,2023
Dylan Lee,ATL,1,0,0,24,1,23.2,24,14,11,4,8,24,4.18,1.35,9.13,3.04,0.23800000000000002,0.079,0.158,4.44,4.06,3.89,0.47600000000000003,0.12300000000000001,,83.3,85.6,,92.2,0.11599999999999999,0.391,88.5,13.9,109.0,0.38799999999999996,0.38799999999999996,0.22399999999999998,0.077,0.435,0.319,0.24600000000000002,0.174,0.391,0.435,0.154,5.64,4.06,0.408,0.7020000000000001,0.535,0.5710000000000001,0.847,0.727,0.43,0.743,0.145,0.163,0.309,0.682,1.52,0.308,103,93,3.0,0.0,-0.1,0.3,$0.3,2023
Nick Wittgren,KCR,1,0,0,27,0,29.0,30,17,16,2,11,18,4.97,1.41,5.59,3.41,0.141,0.086,0.055,4.36,5.46,5.05,0.364,0.11900000000000001,,83.0,85.0,,92.1,0.073,0.344,88.6,9.7,109.0,0.44799999999999995,0.365,0.188,0.057,0.41700000000000004,0.32299999999999995,0.26,0.188,0.531,0.281,0.057,4.66,5.46,0.305,0.731,0.479,0.753,0.922,0.858,0.409,0.6409999999999999,0.068,0.155,0.222,0.655,0.62,0.298,102,127,1.64,0.0,-0.1,0.4,$0.3,2023
Kevin Herget,CIN,1,2,1,14,0,24.1,26,14,14,4,6,13,5.18,1.32,4.81,2.22,0.124,0.057,0.067,5.31,5.62,5.16,0.136,0.35200000000000004,,83.0,83.4,,92.6,0.095,0.44,90.5,16.3,111.4,0.33299999999999996,0.429,0.23800000000000002,0.139,0.39299999999999996,0.298,0.31,0.131,0.5,0.369,0.111,5.57,5.62,0.31,0.677,0.478,0.7859999999999999,0.9,0.86,0.45899999999999996,0.5429999999999999,0.067,0.16,0.22699999999999998,0.7040000000000001,1.48,0.275,115,128,2.17,0.0,0.0,-0.2,($0.2),2023
Jesse Scholtens,CHW,1,9,1,26,11,85.0,100,54,50,15,30,58,5.29,1.53,6.14,3.18,0.154,0.08,0.07400000000000001,5.31,5.28,5.11,0.366,,,85.5,,,92.9,0.08,0.376,89.3,14.1,111.6,0.413,0.406,0.182,0.078,0.408,0.331,0.261,0.146,0.519,0.33399999999999996,0.129,4.94,5.28,0.302,0.684,0.45,0.701,0.883,0.8079999999999999,0.387,0.65,0.086,0.165,0.252,0.703,1.59,0.313,121,123,1.93,0.0,-0.2,0.0,$0.0,2023
Jonathan Hernandez,TEX,1,2,0,33,0,31.2,35,20,19,4,15,34,5.4,1.58,9.66,4.26,0.231,0.102,0.129,4.55,4.63,4.1,0.43799999999999994,0.098,,87.4,90.1,,,0.106,0.40399999999999997,88.6,10.9,114.8,0.511,0.359,0.13,0.152,0.447,0.319,0.23399999999999999,0.149,0.5429999999999999,0.309,0.121,4.95,4.63,0.27699999999999997,0.691,0.43200000000000005,0.45799999999999996,0.8740000000000001,0.7070000000000001,0.374,0.578,0.127,0.175,0.302,0.7020000000000001,1.14,0.344,105,108,2.27,0.0,-0.4,0.2,$0.2,2023
Mike Mayers,KCR,1,2,0,6,2,26.1,34,19,18,4,10,17,6.15,1.67,5.81,3.42,0.14300000000000002,0.084,0.059000000000000004,5.08,5.18,5.16,0.312,0.105,,83.9,85.8,,93.1,0.043,0.359,91.1,14.1,114.3,0.42700000000000005,0.371,0.20199999999999999,0.061,0.446,0.28300000000000003,0.272,0.076,0.5539999999999999,0.37,0.121,4.67,5.18,0.276,0.7070000000000001,0.47,0.652,0.903,0.8220000000000001,0.451,0.555,0.084,0.16,0.244,0.6509999999999999,1.37,0.341,119,121,1.7,0.0,-0.3,-0.4,($0.3),2023
Matt Carasiti,COL,1,0,1,16,0,24.1,28,19,17,3,11,16,6.29,1.6,5.92,4.07,0.145,0.1,0.045,5.02,4.71,4.69,,,,,,,95.0,0.061,0.366,91.0,2.6,110.5,0.561,0.23199999999999998,0.207,0.053,0.415,0.37799999999999995,0.207,0.061,0.659,0.28,0.158,5.29,4.71,0.21600000000000003,0.674,0.42100000000000004,0.6940000000000001,0.7979999999999999,0.769,0.44799999999999995,0.645,0.09699999999999999,0.2,0.297,0.5870000000000001,1.11,0.316,109,108,1.45,0.0,-0.3,-0.4,($0.3),2023
Jackson Rutledge,WSN,1,1,0,4,4,20.0,24,15,15,4,6,12,6.75,1.5,5.4,2.7,0.136,0.068,0.068,5.86,6.15,5.78,0.217,0.124,,85.3,89.0,,95.8,0.10300000000000001,0.5,91.0,23.1,117.9,0.265,0.515,0.221,0.114,0.41200000000000003,0.368,0.221,0.147,0.515,0.33799999999999997,0.114,5.82,6.15,0.27899999999999997,0.7440000000000001,0.488,0.698,0.862,0.8109999999999999,0.451,0.58,0.092,0.133,0.225,0.644,1.8,0.313,133,140,2.0,0.0,-0.1,0.2,$0.1,2023
Kyle Wright,ATL,1,3,0,9,7,31.0,40,26,24,5,17,34,6.97,1.84,9.87,4.94,0.21899999999999997,0.11,0.11,5.19,4.05,4.23,0.013999999999999999,0.063,,87.3,88.4,,93.6,0.12,0.46,91.1,-1.3,112.0,0.602,0.184,0.214,0.0,0.48,0.33,0.19,0.14,0.52,0.34,0.278,5.36,4.05,0.336,0.6609999999999999,0.47,0.623,0.904,0.785,0.41,0.606,0.10099999999999999,0.161,0.262,0.648,1.45,0.368,121,93,2.0,0.0,-0.5,-0.6,($0.4),2023
Calvin Faucher,TBR,1,1,0,17,4,25.2,31,20,20,4,12,25,7.01,1.68,8.77,4.21,0.20800000000000002,0.1,0.10800000000000001,4.85,4.44,4.38,0.278,,,87.2,,,95.3,0.122,0.451,90.0,7.6,111.6,0.5,0.305,0.195,0.08,0.366,0.366,0.268,0.159,0.512,0.32899999999999996,0.16,6.62,4.44,0.308,0.675,0.47100000000000003,0.614,0.87,0.777,0.444,0.5920000000000001,0.105,0.171,0.275,0.625,1.4,0.346,117,104,2.08,0.0,-0.5,0.2,$0.2,2023
Spencer Turnbull,DET,1,4,0,7,7,31.0,37,26,25,5,15,24,7.26,1.68,6.97,4.35,0.166,0.10300000000000001,0.062,5.55,5.21,5.24,0.222,0.11,,83.8,87.6,,,0.087,0.369,88.4,9.6,109.6,0.485,0.327,0.188,0.091,0.33,0.39799999999999996,0.272,0.184,0.447,0.369,0.152,6.22,5.21,0.319,0.638,0.452,0.718,0.858,0.8009999999999999,0.418,0.593,0.09,0.17800000000000002,0.268,0.604,1.45,0.327,129,122,1.6,0.0,-0.5,-0.3,($0.2),2023
Greg Weissert,NYY,0,0,0,17,0,20.0,21,9,9,3,8,22,4.05,1.45,9.9,3.6,0.253,0.092,0.161,4.36,3.89,3.7,0.275,0.061,,80.5,84.5,,94.4,0.071,0.39299999999999996,91.1,11.1,110.6,0.509,0.327,0.16399999999999998,0.111,0.375,0.33899999999999997,0.28600000000000003,0.08900000000000001,0.625,0.28600000000000003,0.16699999999999998,4.41,3.89,0.24,0.68,0.431,0.617,0.804,0.745,0.434,0.598,0.109,0.184,0.293,0.8140000000000001,1.35,0.34,100,91,2.75,0.0,0.1,0.3,$0.3,2023
Luis Patino,- - -,0,1,0,9,1,21.2,21,12,11,3,14,18,4.57,1.62,7.48,5.82,0.182,0.141,0.04,5.33,5.29,5.36,0.292,0.107,,86.3,85.1,,95.2,0.06,0.38799999999999996,87.7,13.0,110.6,0.40299999999999997,0.34299999999999997,0.254,0.261,0.358,0.44799999999999995,0.19399999999999998,0.209,0.5820000000000001,0.209,0.13,5.83,5.29,0.256,0.667,0.423,0.7070000000000001,0.875,0.815,0.40700000000000003,0.475,0.078,0.151,0.22899999999999998,0.747,1.25,0.281,123,123,1.29,0.0,0.0,-0.1,($0.1),2023
Richard Lovelady,OAK,0,3,0,27,0,23.1,15,13,12,3,10,24,4.63,1.07,9.26,3.86,0.25,0.10400000000000001,0.146,4.54,4.57,3.99,0.466,0.008,,85.9,85.7,,91.0,0.102,0.441,90.5,13.5,109.3,0.475,0.40700000000000003,0.11900000000000001,0.125,0.305,0.49200000000000005,0.203,0.11900000000000001,0.542,0.33899999999999997,0.125,3.85,4.57,0.276,0.637,0.447,0.527,0.895,0.775,0.474,0.615,0.1,0.195,0.29600000000000004,0.63,1.16,0.214,110,107,2.4,0.0,-0.1,0.1,$0.0,2023
Anthony Bass,TOR,0,0,0,22,0,20.0,19,12,11,3,9,19,4.95,1.4,8.55,4.05,0.21600000000000003,0.102,0.114,4.66,4.61,4.4,0.5589999999999999,,,85.5,,,94.6,0.083,0.467,90.8,15.8,109.6,0.38299999999999995,0.38299999999999995,0.233,0.13,0.517,0.25,0.233,0.083,0.5329999999999999,0.38299999999999995,0.13,5.23,4.61,0.309,0.625,0.441,0.517,0.871,0.727,0.42,0.7609999999999999,0.12,0.209,0.32799999999999996,0.672,1.35,0.281,107,108,2.11,0.0,-0.1,0.0,$0.0,2023
Brandon Walter,BOS,0,0,1,9,0,23.0,32,17,16,3,7,16,6.26,1.7,6.26,2.74,0.151,0.066,0.085,4.6,5.28,4.74,0.225,0.159,,79.8,82.4,,91.8,0.073,0.244,85.9,18.3,111.9,0.42700000000000005,0.402,0.171,0.121,0.415,0.256,0.32899999999999996,0.171,0.622,0.207,0.091,4.48,5.28,0.299,0.726,0.496,0.746,0.91,0.856,0.46,0.604,0.071,0.151,0.222,0.642,1.17,0.367,107,123,2.29,0.0,-0.2,0.3,$0.2,2023
Noah Davis,COL,0,4,0,8,6,30.0,43,30,29,6,15,26,8.7,1.93,7.8,4.5,0.17800000000000002,0.10300000000000001,0.075,6.02,5.35,5.08,0.17300000000000001,0.092,,84.3,84.7,,,0.059000000000000004,0.386,89.3,13.7,107.9,0.46,0.35,0.19,0.171,0.396,0.337,0.267,0.129,0.505,0.366,0.171,4.78,5.35,0.262,0.7170000000000001,0.47100000000000003,0.6709999999999999,0.889,0.823,0.45899999999999996,0.5479999999999999,0.083,0.153,0.23600000000000002,0.597,1.8,0.389,131,122,1.73,0.0,-0.4,0.0,$0.0,2023
Kirby Yates,ATL,7,2,5,61,0,60.1,35,22,22,9,37,80,3.28,1.19,11.93,5.52,0.315,0.146,0.16899999999999998,4.63,4.34,3.9,0.015,,,77.5,,,93.7,0.106,0.402,90.6,16.8,113.0,0.364,0.465,0.171,0.05,0.379,0.379,0.242,0.136,0.561,0.303,0.15,4.47,4.34,0.316,0.6859999999999999,0.45399999999999996,0.569,0.812,0.706,0.374,0.579,0.133,0.14300000000000002,0.276,0.8540000000000001,1.34,0.211,108,99,2.16,-0.1,1.0,-1.5,($1.2),2023
Kendall Graveman,- - -,5,6,8,68,0,66.1,51,27,23,9,36,66,3.12,1.31,8.95,4.88,0.23399999999999999,0.128,0.106,4.88,4.81,4.53,0.273,0.091,,87.1,88.4,,96.1,0.069,0.354,88.6,16.0,112.9,0.387,0.39299999999999996,0.22,0.132,0.36200000000000004,0.322,0.316,0.149,0.586,0.264,0.132,4.54,4.81,0.305,0.654,0.433,0.586,0.835,0.7240000000000001,0.366,0.635,0.11900000000000001,0.163,0.282,0.8190000000000001,1.22,0.253,112,112,1.83,-0.1,1.0,-1.4,($1.1),2023
Ron Marinaccio,NYY,4,5,2,45,0,47.1,35,24,21,6,27,56,3.99,1.31,10.65,5.13,0.273,0.132,0.141,4.69,4.79,4.15,0.11199999999999999,0.37200000000000005,,81.4,82.9,,93.9,0.113,0.365,88.6,16.3,113.4,0.387,0.45,0.162,0.08,0.447,0.42100000000000004,0.132,0.132,0.544,0.325,0.12,4.38,4.79,0.34,0.6890000000000001,0.46799999999999997,0.693,0.823,0.763,0.36700000000000005,0.5660000000000001,0.11,0.14300000000000002,0.253,0.743,1.14,0.266,107,112,2.07,-0.1,0.1,-1.4,($1.1),2023
Andre Pallante,STL,4,1,0,62,0,68.0,76,37,36,6,30,43,4.76,1.56,5.69,3.97,0.142,0.099,0.043,4.59,4.01,3.48,0.175,,,87.6,,,96.3,0.035,0.41600000000000004,89.0,-11.6,112.5,0.778,0.102,0.12,0.0,0.36700000000000005,0.42,0.212,0.19899999999999998,0.54,0.261,0.261,4.13,4.01,0.255,0.7,0.45299999999999996,0.6579999999999999,0.9209999999999999,0.8390000000000001,0.445,0.589,0.073,0.153,0.225,0.716,0.79,0.318,107,91,1.43,-0.1,0.1,-1.0,($0.8),2023
Matt Koch,COL,3,2,0,39,1,38.2,41,22,22,7,9,27,5.12,1.29,6.28,2.09,0.166,0.055,0.11,5.07,4.42,4.23,0.086,,,82.4,,,93.8,0.08,0.44799999999999995,90.1,8.1,112.7,0.49200000000000005,0.32299999999999995,0.185,0.05,0.392,0.4,0.20800000000000002,0.136,0.456,0.408,0.175,4.53,4.42,0.325,0.733,0.515,0.614,0.88,0.7909999999999999,0.467,0.669,0.10800000000000001,0.147,0.255,0.711,1.63,0.288,110,101,3.0,-0.1,0.3,-0.6,($0.5),2023
Carlos Rodon,NYY,3,8,0,14,14,64.1,65,51,49,15,28,64,6.85,1.45,8.95,3.92,0.22399999999999998,0.098,0.126,5.79,5.3,4.87,0.285,0.044000000000000004,,85.5,85.5,,95.5,0.121,0.41600000000000004,91.6,22.1,111.2,0.271,0.527,0.20199999999999999,0.091,0.402,0.386,0.212,0.11599999999999999,0.503,0.381,0.152,5.32,5.3,0.342,0.784,0.532,0.606,0.856,0.764,0.429,0.594,0.125,0.11599999999999999,0.242,0.605,2.1,0.286,133,124,2.29,-0.1,-0.9,-1.2,($0.9),2023
Bryce Jarvis,ARI,2,1,0,11,1,23.2,14,9,8,3,9,12,3.04,0.97,4.56,3.42,0.13,0.098,0.033,5.03,5.27,5.4,0.314,0.11599999999999999,,84.6,84.5,,95.5,0.099,0.451,90.2,11.9,111.8,0.44299999999999995,0.386,0.171,0.111,0.43700000000000006,0.324,0.239,0.155,0.423,0.423,0.111,5.51,5.27,0.243,0.6970000000000001,0.43,0.7170000000000001,0.9059999999999999,0.843,0.41100000000000003,0.5429999999999999,0.068,0.151,0.21899999999999997,0.745,1.14,0.162,119,120,1.33,-0.1,0.4,-0.9,($0.7),2023
Connor Brogdon,PHI,2,1,0,27,1,29.0,29,14,13,5,13,26,4.03,1.45,8.07,4.03,0.205,0.102,0.102,5.15,5.13,4.59,,0.43,,,83.3,,95.0,0.10300000000000001,0.322,86.1,15.2,111.6,0.37200000000000005,0.45299999999999996,0.174,0.051,0.35600000000000004,0.33299999999999996,0.31,0.195,0.563,0.24100000000000002,0.128,4.77,5.13,0.331,0.6890000000000001,0.469,0.6579999999999999,0.799,0.737,0.384,0.6609999999999999,0.12300000000000001,0.16,0.28300000000000003,0.8059999999999999,1.55,0.293,116,117,2.0,-0.1,0.3,-1.1,($0.9),2023
Scott McGough,ARI,2,7,9,63,1,70.1,60,40,37,14,30,86,4.73,1.28,11.0,3.84,0.28600000000000003,0.1,0.18600000000000003,4.76,3.51,3.49,0.092,,,86.7,,,93.5,0.10400000000000001,0.486,91.3,10.5,112.2,0.486,0.315,0.19899999999999998,0.175,0.49200000000000005,0.295,0.213,0.115,0.49200000000000005,0.39299999999999996,0.24600000000000002,4.23,3.51,0.33799999999999997,0.664,0.474,0.519,0.8270000000000001,0.6990000000000001,0.418,0.578,0.14300000000000002,0.16399999999999998,0.306,0.718,1.79,0.272,113,80,2.87,-0.1,0.0,-1.0,($0.8),2023
Michael Rucker,CHC,2,1,0,35,0,40.1,39,22,22,6,19,40,4.91,1.44,8.93,4.24,0.22699999999999998,0.10800000000000001,0.11900000000000001,4.84,4.22,4.12,0.16699999999999998,0.045,,86.0,90.4,,94.8,0.079,0.491,91.6,7.7,109.9,0.518,0.281,0.20199999999999999,0.125,0.43,0.386,0.184,0.14,0.518,0.342,0.188,4.47,4.22,0.27899999999999997,0.6890000000000001,0.431,0.5710000000000001,0.8859999999999999,0.758,0.371,0.568,0.10400000000000001,0.146,0.25,0.741,1.34,0.306,112,96,2.11,-0.1,0.0,-0.7,($0.6),2023
Adam Ottavino,NYM,1,7,12,66,0,61.2,46,24,22,7,29,62,3.21,1.22,9.05,4.23,0.23800000000000002,0.111,0.126,4.52,4.33,4.04,0.278,0.14,,79.7,87.6,,93.4,0.037000000000000005,0.40700000000000003,88.6,7.2,112.2,0.563,0.3,0.138,0.063,0.426,0.34,0.235,0.136,0.605,0.259,0.146,3.52,4.33,0.297,0.597,0.418,0.602,0.8909999999999999,0.769,0.40399999999999997,0.586,0.096,0.207,0.304,0.8059999999999999,1.02,0.252,104,99,2.14,-0.1,1.0,-0.7,($0.6),2023
Luis Frias,ARI,1,0,0,29,0,31.0,30,14,14,3,17,26,4.06,1.52,7.55,4.94,0.187,0.122,0.065,4.67,5.39,5.01,,0.027999999999999997,,,89.3,,96.1,0.085,0.38299999999999995,89.7,15.9,113.7,0.415,0.39399999999999996,0.191,0.054000000000000006,0.436,0.34,0.223,0.128,0.574,0.298,0.081,5.15,5.39,0.325,0.7070000000000001,0.484,0.657,0.8240000000000001,0.759,0.41700000000000004,0.604,0.11699999999999999,0.14300000000000002,0.26,0.7809999999999999,0.87,0.297,111,123,1.53,-0.1,0.3,-0.6,($0.5),2023
Kyle Harrison,SFG,1,1,0,7,7,34.2,29,19,16,8,11,35,4.15,1.15,9.09,2.86,0.23800000000000002,0.075,0.163,5.53,5.01,4.45,,0.109,,,86.6,,93.6,0.09300000000000001,0.381,89.4,18.3,111.0,0.268,0.536,0.196,0.077,0.361,0.289,0.35100000000000003,0.155,0.526,0.32,0.154,4.55,5.01,0.303,0.669,0.45899999999999996,0.716,0.845,0.7959999999999999,0.42700000000000005,0.585,0.094,0.19,0.284,0.762,2.08,0.236,131,114,3.18,-0.1,0.2,-1.0,($0.8),2023
Yohan Ramirez,- - -,1,0,0,31,0,38.1,39,21,18,3,17,35,4.23,1.46,8.22,3.99,0.19899999999999998,0.09699999999999999,0.102,4.64,4.66,4.05,0.261,0.035,,82.8,89.9,,,0.044000000000000004,0.319,86.8,3.7,109.9,0.584,0.212,0.204,0.125,0.381,0.40700000000000003,0.212,0.195,0.5660000000000001,0.239,0.125,4.23,4.66,0.244,0.649,0.401,0.664,0.899,0.8109999999999999,0.387,0.563,0.076,0.201,0.27699999999999997,0.732,0.7,0.327,106,107,2.06,-0.1,-0.1,-0.7,($0.6),2023
Richard Bleier,BOS,1,0,0,27,0,30.2,37,20,18,5,5,16,5.28,1.37,4.7,1.47,0.121,0.038,0.083,5.11,4.5,4.26,0.096,,,77.2,,,89.2,0.07400000000000001,0.39799999999999996,88.6,5.8,112.9,0.552,0.267,0.18100000000000002,0.179,0.389,0.38,0.231,0.16699999999999998,0.528,0.306,0.179,4.7,4.5,0.415,0.7090000000000001,0.546,0.7809999999999999,0.882,0.8390000000000001,0.445,0.758,0.08800000000000001,0.16399999999999998,0.252,0.6579999999999999,1.47,0.311,119,105,3.2,-0.1,-0.2,-1.2,($1.0),2023
Gus Varland,- - -,1,1,0,16,0,20.1,27,18,15,3,16,20,6.64,2.11,8.85,7.08,0.19399999999999998,0.155,0.039,5.71,5.26,5.23,0.449,0.05,,89.0,89.4,,95.8,0.106,0.5760000000000001,93.7,7.3,109.8,0.508,0.27699999999999997,0.215,0.055999999999999994,0.33299999999999996,0.424,0.242,0.091,0.545,0.364,0.16699999999999998,6.53,5.26,0.272,0.708,0.45399999999999996,0.609,0.84,0.76,0.41700000000000004,0.67,0.109,0.17600000000000002,0.285,0.653,1.33,0.381,129,120,1.25,-0.1,-0.4,-1.1,($0.7),2023
Connor Seabold,COL,1,7,0,27,13,87.1,116,76,73,19,28,67,7.52,1.65,6.9,2.89,0.16399999999999998,0.069,0.096,5.75,5.59,5.03,0.305,0.133,,85.4,80.7,,92.8,0.10099999999999999,0.405,89.2,16.5,112.5,0.33399999999999996,0.467,0.19899999999999998,0.057,0.366,0.337,0.297,0.157,0.44799999999999995,0.395,0.135,5.14,5.59,0.287,0.758,0.503,0.665,0.86,0.8,0.46,0.635,0.1,0.154,0.255,0.603,1.96,0.338,125,128,2.39,-0.1,-0.9,-1.8,($1.2),2023
Drew Rom,STL,1,4,0,8,8,33.2,51,34,30,7,19,32,8.02,2.08,8.55,5.08,0.188,0.11199999999999999,0.076,5.75,5.6,5.25,0.237,0.003,,79.4,82.0,,90.8,0.126,0.45399999999999996,91.3,13.7,112.4,0.395,0.43700000000000006,0.168,0.038,0.395,0.353,0.252,0.126,0.445,0.429,0.135,6.11,5.6,0.259,0.637,0.434,0.731,0.924,0.863,0.46399999999999997,0.529,0.06,0.18600000000000003,0.24600000000000002,0.598,1.87,0.393,134,128,1.68,-0.1,-1.0,-0.8,($0.6),2023
Cole Sands,MIN,0,0,0,15,0,21.2,20,10,9,4,13,21,3.74,1.52,8.72,5.4,0.214,0.133,0.08199999999999999,5.52,5.33,4.86,,,,,,,93.7,0.125,0.547,91.5,14.6,114.1,0.391,0.45299999999999996,0.156,0.10300000000000001,0.45299999999999996,0.391,0.156,0.109,0.516,0.375,0.138,6.02,5.33,0.28600000000000003,0.631,0.436,0.687,0.929,0.8390000000000001,0.433,0.602,0.07,0.179,0.249,0.8390000000000001,1.66,0.267,129,124,1.62,-0.1,0.1,-1.4,($1.1),2023
Max Castillo,KCR,0,1,0,7,0,20.1,20,10,10,2,9,10,4.43,1.43,4.43,3.98,0.11199999999999999,0.10099999999999999,0.011000000000000001,5.32,5.83,5.63,0.316,0.26,,83.6,87.1,,93.5,0.075,0.40299999999999997,88.4,12.6,110.5,0.409,0.33299999999999996,0.258,0.22699999999999998,0.418,0.373,0.209,0.22399999999999998,0.507,0.26899999999999996,0.091,6.19,5.83,0.29600000000000004,0.7190000000000001,0.485,0.768,0.909,0.861,0.447,0.685,0.067,0.14300000000000002,0.21,0.753,0.89,0.277,125,136,1.11,-0.1,0.1,-0.9,($0.7),2023
Adrian Martinez,OAK,0,2,0,22,1,55.0,59,31,29,8,19,47,4.75,1.42,7.69,3.11,0.195,0.079,0.11599999999999999,4.75,4.66,4.35,0.174,0.23399999999999999,,83.3,82.8,,,0.1,0.376,88.6,13.7,114.4,0.382,0.353,0.265,0.083,0.376,0.38799999999999996,0.235,0.17600000000000002,0.5760000000000001,0.247,0.133,5.31,4.66,0.289,0.7040000000000001,0.45299999999999996,0.648,0.8740000000000001,0.787,0.39399999999999996,0.527,0.096,0.149,0.24600000000000002,0.7240000000000001,1.31,0.315,115,109,2.47,-0.1,-0.1,-1.5,($1.1),2023
Sam Long,OAK,0,1,2,40,1,45.0,49,29,28,5,21,32,5.6,1.56,6.4,4.2,0.161,0.106,0.055,4.74,5.39,5.11,0.124,0.022000000000000002,,84.9,84.1,,94.2,0.09,0.379,89.1,14.7,111.1,0.42700000000000005,0.39899999999999997,0.175,0.08800000000000001,0.37200000000000005,0.386,0.24100000000000002,0.172,0.5660000000000001,0.262,0.08800000000000001,4.92,5.39,0.32299999999999995,0.684,0.48100000000000004,0.73,0.897,0.8340000000000001,0.43700000000000006,0.623,0.08,0.162,0.242,0.6559999999999999,1.0,0.314,115,126,1.52,-0.1,-0.5,-1.3,($1.0),2023
Trevor Williams,WSN,6,10,0,30,30,144.1,178,97,89,34,53,111,5.55,1.6,6.92,3.3,0.168,0.08,0.08800000000000001,5.98,5.21,5.09,0.18100000000000002,0.16899999999999998,,81.0,83.3,,89.8,0.102,0.386,88.3,15.9,114.3,0.395,0.41200000000000003,0.193,0.1,0.4,0.34700000000000003,0.253,0.163,0.508,0.32899999999999996,0.17,5.64,5.21,0.315,0.713,0.469,0.733,0.899,0.831,0.387,0.589,0.079,0.14400000000000002,0.223,0.738,2.12,0.316,136,119,2.09,-0.2,0.0,-1.7,($1.3),2023
Drew VerHagen,STL,5,1,0,60,0,61.0,52,30,27,9,26,60,3.98,1.28,8.85,3.84,0.22399999999999998,0.09699999999999999,0.127,4.93,5.07,4.24,0.311,0.111,,81.3,88.6,,93.6,0.081,0.364,88.1,15.5,113.1,0.42200000000000004,0.439,0.139,0.066,0.491,0.272,0.237,0.15,0.561,0.289,0.11800000000000001,4.01,5.07,0.326,0.652,0.46299999999999997,0.528,0.853,0.72,0.419,0.616,0.129,0.162,0.29100000000000004,0.7659999999999999,1.33,0.262,115,116,2.31,-0.2,0.4,-2.1,($1.7),2023
Ken Waldichuk,OAK,4,9,1,35,22,141.0,149,93,84,24,71,132,5.36,1.56,8.43,4.53,0.207,0.111,0.095,5.3,5.08,4.9,0.27,0.166,,81.2,84.3,,93.5,0.077,0.384,88.3,14.5,112.5,0.39799999999999996,0.40299999999999997,0.19899999999999998,0.08199999999999999,0.401,0.376,0.223,0.155,0.535,0.31,0.141,4.7,5.08,0.309,0.706,0.474,0.63,0.851,0.767,0.414,0.56,0.11,0.14300000000000002,0.253,0.696,1.53,0.31,128,119,1.86,-0.2,-0.8,-2.2,($1.5),2023
Daniel Duarte,CIN,3,0,1,31,0,31.2,24,14,13,5,20,23,3.69,1.39,6.54,5.68,0.16899999999999998,0.147,0.022000000000000002,5.84,5.62,5.52,0.182,0.068,,83.6,90.1,,95.5,0.043,0.326,85.6,12.5,110.5,0.5,0.38,0.12,0.2,0.37,0.304,0.326,0.228,0.5429999999999999,0.228,0.14300000000000002,3.54,5.62,0.29100000000000004,0.7240000000000001,0.47700000000000004,0.653,0.8540000000000001,0.784,0.43,0.625,0.10300000000000001,0.14300000000000002,0.247,0.816,1.42,0.218,127,128,1.15,-0.2,0.4,-1.9,($1.5),2023
Brad Keller,KCR,3,4,0,11,9,45.1,42,26,23,3,45,31,4.57,1.92,6.15,8.93,0.147,0.213,-0.066,5.92,6.41,7.11,0.27899999999999997,0.12300000000000001,,84.5,90.8,,,0.068,0.364,89.2,5.1,109.3,0.583,0.28,0.136,0.027000000000000003,0.439,0.341,0.22,0.106,0.652,0.242,0.081,5.67,6.41,0.223,0.615,0.373,0.595,0.903,0.789,0.382,0.502,0.078,0.172,0.25,0.746,0.6,0.302,139,150,0.69,-0.2,0.5,-1.9,($1.4),2023
Taylor Clarke,KCR,3,6,3,58,2,59.0,71,42,39,12,24,65,5.95,1.61,9.92,3.66,0.244,0.09,0.154,5.07,4.81,4.08,0.371,0.154,,88.6,89.1,,95.0,0.126,0.414,89.6,19.8,112.4,0.31,0.49700000000000005,0.193,0.106,0.49700000000000005,0.312,0.191,0.156,0.451,0.39299999999999996,0.141,5.09,4.81,0.38,0.684,0.501,0.645,0.845,0.753,0.397,0.654,0.12300000000000001,0.14800000000000002,0.271,0.69,1.83,0.364,119,112,2.71,-0.2,-0.9,-2.3,($1.8),2023
James Karinchak,CLE,2,5,0,44,0,39.0,24,18,14,6,28,52,3.23,1.33,12.0,6.46,0.304,0.16399999999999998,0.14,4.97,4.97,4.36,,,,,,,95.1,0.125,0.386,90.4,20.7,110.5,0.287,0.54,0.172,0.128,0.43200000000000005,0.364,0.205,0.17,0.489,0.341,0.128,4.53,4.97,0.29600000000000004,0.605,0.408,0.609,0.8390000000000001,0.732,0.363,0.526,0.109,0.196,0.304,0.794,1.38,0.22,118,116,1.86,-0.2,0.3,-1.9,($1.5),2023
Jimmy Herget,LAA,2,4,0,29,1,29.0,33,15,15,7,8,26,4.66,1.41,8.07,2.48,0.205,0.063,0.142,5.63,5.06,4.33,0.31,0.057,,85.3,85.7,,92.7,0.099,0.385,89.3,21.8,110.8,0.28600000000000003,0.495,0.22,0.133,0.429,0.319,0.253,0.154,0.462,0.385,0.156,4.41,5.06,0.272,0.684,0.47,0.639,0.88,0.8079999999999999,0.479,0.622,0.09,0.18,0.271,0.843,2.17,0.31,130,118,3.25,-0.2,0.2,-2.4,($1.9),2023
Jackson Kowar,KCR,2,0,0,23,0,28.0,34,24,20,4,20,29,6.43,1.93,9.32,6.43,0.212,0.146,0.066,5.29,5.26,5.02,0.262,0.35600000000000004,,86.1,86.7,,96.9,0.057,0.345,87.9,13.2,113.8,0.442,0.36,0.198,0.065,0.43700000000000006,0.322,0.24100000000000002,0.126,0.621,0.253,0.129,4.61,5.26,0.295,0.667,0.44,0.569,0.885,0.7559999999999999,0.391,0.599,0.107,0.162,0.26899999999999996,0.628,1.29,0.361,124,123,1.45,-0.2,-0.6,-1.8,($1.4),2023
Karl Kauffmann,COL,2,5,0,11,3,35.0,42,34,32,5,16,16,8.23,1.66,4.11,4.11,0.10099999999999999,0.10099999999999999,0.0,5.91,6.28,5.98,0.17,0.201,,83.8,85.1,,90.2,0.09,0.49200000000000005,93.4,12.5,111.5,0.413,0.38799999999999996,0.198,0.043,0.369,0.402,0.23,0.09,0.402,0.508,0.106,7.21,6.28,0.289,0.736,0.44799999999999995,0.722,0.9079999999999999,0.831,0.35700000000000004,0.513,0.075,0.139,0.214,0.509,1.29,0.316,128,143,1.0,-0.2,-0.7,-2.1,($1.5),2023
Duane Underwood Jr.,PIT,1,0,2,20,0,24.1,24,14,14,3,11,14,5.18,1.44,5.18,4.07,0.14,0.11,0.03,5.06,4.89,5.26,,0.258,,,88.7,,,0.08,0.387,88.4,11.6,109.6,0.44,0.28,0.28,0.048,0.48,0.33299999999999996,0.187,0.107,0.653,0.24,0.14300000000000002,6.57,4.89,0.325,0.6709999999999999,0.47200000000000003,0.7140000000000001,0.875,0.8109999999999999,0.424,0.62,0.08800000000000001,0.171,0.259,0.682,1.11,0.292,116,112,1.27,-0.2,-0.1,-1.8,($1.4),2023
Austin Voth,BAL,1,2,0,25,0,34.2,39,22,20,6,15,34,5.19,1.56,8.83,3.89,0.213,0.094,0.11900000000000001,5.1,5.09,4.4,0.16,,,83.0,,,93.3,0.055999999999999994,0.35200000000000004,88.4,17.3,116.3,0.336,0.439,0.22399999999999998,0.106,0.35200000000000004,0.324,0.324,0.231,0.556,0.213,0.128,4.06,5.09,0.33299999999999996,0.6729999999999999,0.473,0.685,0.8420000000000001,0.7759999999999999,0.41100000000000003,0.6,0.105,0.16399999999999998,0.26899999999999996,0.72,1.56,0.324,120,119,2.27,-0.2,-0.4,-2.3,($1.9),2023
Kaleb Ort,BOS,1,2,0,21,2,23.0,27,19,16,6,9,24,6.26,1.57,9.39,3.52,0.22399999999999998,0.084,0.14,5.86,5.28,4.4,0.233,0.018000000000000002,,84.1,90.9,,96.2,0.12300000000000001,0.397,90.4,21.0,109.3,0.3,0.557,0.14300000000000002,0.10300000000000001,0.28800000000000003,0.493,0.21899999999999997,0.13699999999999998,0.562,0.301,0.154,4.62,5.28,0.3,0.7170000000000001,0.479,0.727,0.8909999999999999,0.8320000000000001,0.43,0.514,0.08,0.147,0.22699999999999998,0.629,2.35,0.313,136,123,2.67,-0.2,-0.4,-2.1,($1.6),2023
Cody Bolton,PIT,1,0,0,16,0,21.1,30,15,15,3,15,22,6.33,2.11,9.28,6.33,0.20600000000000002,0.14,0.065,5.27,4.99,4.99,0.28800000000000003,0.165,,83.7,91.8,,95.3,0.10099999999999999,0.435,92.6,8.8,111.1,0.40299999999999997,0.299,0.299,0.0,0.406,0.36200000000000004,0.23199999999999998,0.07200000000000001,0.522,0.406,0.15,6.93,4.99,0.228,0.7390000000000001,0.413,0.652,0.8690000000000001,0.7929999999999999,0.363,0.505,0.086,0.156,0.242,0.742,1.27,0.409,121,114,1.47,-0.2,-0.3,-1.9,($1.5),2023
Ryan Weathers,- - -,1,8,0,15,12,57.2,68,44,42,12,29,43,6.55,1.68,6.71,4.53,0.16699999999999998,0.113,0.054000000000000006,6.03,5.56,5.51,0.203,0.23,,80.8,86.8,,95.2,0.076,0.348,89.2,16.2,113.5,0.376,0.431,0.193,0.115,0.413,0.293,0.293,0.185,0.516,0.299,0.154,4.68,5.56,0.245,0.6940000000000001,0.43799999999999994,0.693,0.8340000000000001,0.789,0.43,0.5720000000000001,0.092,0.16399999999999998,0.256,0.665,1.87,0.326,139,127,1.48,-0.2,-0.6,-2.6,($1.7),2023
Amir Garrett,KCR,0,1,0,27,0,24.1,22,11,9,4,20,28,3.33,1.73,10.36,7.4,0.25,0.179,0.071,5.56,5.05,5.1,0.445,,,86.1,,,95.0,0.094,0.42200000000000004,90.6,14.8,109.0,0.475,0.39299999999999996,0.131,0.042,0.469,0.391,0.141,0.094,0.5,0.406,0.16699999999999998,4.92,5.05,0.26,0.682,0.41600000000000004,0.6920000000000001,0.7829999999999999,0.747,0.37,0.48200000000000004,0.105,0.16,0.265,0.852,1.48,0.3,130,118,1.4,-0.2,0.2,-2.3,($1.8),2023
Brad Boxberger,CHC,0,1,2,22,0,20.0,15,11,11,3,11,17,4.95,1.3,7.65,4.95,0.20199999999999999,0.131,0.071,5.31,5.01,4.91,0.32799999999999996,0.13,,86.7,81.0,,91.4,0.073,0.418,90.5,14.4,109.4,0.436,0.364,0.2,0.05,0.455,0.327,0.218,0.109,0.491,0.4,0.15,4.76,5.01,0.245,0.62,0.402,0.7290000000000001,0.83,0.794,0.42,0.607,0.083,0.192,0.27399999999999997,0.7020000000000001,1.35,0.231,123,114,1.55,-0.2,0.0,-1.7,($1.3),2023
Ross Stripling,SFG,0,5,0,22,11,89.0,104,54,53,20,16,70,5.36,1.35,7.08,1.62,0.184,0.042,0.142,5.21,3.98,4.13,0.292,0.258,,87.3,83.8,,92.4,0.102,0.413,89.5,10.7,117.8,0.44,0.311,0.249,0.077,0.39899999999999997,0.406,0.195,0.15,0.522,0.32799999999999996,0.22,5.57,3.98,0.308,0.7070000000000001,0.48100000000000004,0.7090000000000001,0.8290000000000001,0.785,0.433,0.677,0.10300000000000001,0.177,0.28,0.723,2.02,0.308,123,91,4.38,-0.2,-0.1,-2.4,($1.7),2023
Nick Sandlin,CLE,5,5,0,61,0,60.0,38,28,25,12,24,66,3.75,1.03,9.9,3.6,0.276,0.1,0.17600000000000002,4.96,4.12,3.69,0.49700000000000005,,,79.2,,,92.3,0.102,0.401,86.7,16.9,111.8,0.41,0.444,0.146,0.141,0.483,0.22399999999999998,0.293,0.19699999999999998,0.503,0.299,0.188,3.93,4.12,0.321,0.659,0.465,0.575,0.7909999999999999,0.705,0.425,0.619,0.13699999999999998,0.165,0.302,0.763,1.8,0.193,117,96,2.75,-0.3,0.5,-2.6,($2.1),2023
Brock Burke,TEX,5,3,0,53,0,59.2,64,32,29,13,9,52,4.37,1.22,7.84,1.36,0.20800000000000002,0.036000000000000004,0.172,4.9,4.12,3.76,0.184,0.11699999999999999,,87.3,88.2,,94.8,0.086,0.401,89.7,15.8,113.3,0.386,0.402,0.212,0.081,0.332,0.369,0.299,0.12300000000000001,0.545,0.332,0.17600000000000002,4.25,4.12,0.369,0.797,0.565,0.716,0.856,0.8059999999999999,0.457,0.624,0.109,0.132,0.242,0.757,1.96,0.293,113,96,5.78,-0.3,-0.1,-2.7,($2.1),2023
Yonny Chirinos,- - -,5,5,0,20,9,85.0,91,53,51,15,27,53,5.4,1.39,5.61,2.86,0.14400000000000002,0.07400000000000001,0.071,5.43,4.97,4.97,0.256,,,88.8,,,93.1,0.092,0.45399999999999996,91.3,9.9,114.0,0.456,0.335,0.21,0.128,0.45899999999999996,0.349,0.192,0.11,0.52,0.37,0.16,6.19,4.97,0.29100000000000004,0.725,0.486,0.713,0.9009999999999999,0.8390000000000001,0.44799999999999995,0.605,0.078,0.149,0.228,0.6859999999999999,1.59,0.285,129,115,1.96,-0.3,-0.2,-2.9,($2.2),2023
Hayden Wesneski,CHC,3,5,0,34,11,89.1,82,50,46,20,32,83,4.63,1.28,8.36,3.22,0.21899999999999997,0.084,0.135,5.48,4.35,4.32,0.36200000000000004,0.049,,82.0,84.6,,94.5,0.12300000000000001,0.379,88.7,14.1,112.0,0.402,0.375,0.223,0.094,0.431,0.327,0.242,0.142,0.488,0.369,0.20800000000000002,5.28,4.35,0.294,0.633,0.444,0.665,0.872,0.7959999999999999,0.444,0.623,0.09,0.182,0.272,0.753,2.01,0.257,127,99,2.59,-0.3,0.3,-3.7,($2.7),2023
Brent Headrick,MIN,3,0,1,14,0,25.2,27,18,18,7,10,30,6.31,1.44,10.52,3.51,0.256,0.085,0.171,6.1,5.45,4.25,0.381,0.057,,80.1,82.0,,91.8,0.151,0.425,90.7,26.7,110.5,0.18100000000000002,0.625,0.19399999999999998,0.111,0.41100000000000003,0.301,0.28800000000000003,0.151,0.479,0.37,0.156,5.41,5.45,0.325,0.677,0.48200000000000004,0.6629999999999999,0.852,0.782,0.445,0.624,0.105,0.17600000000000002,0.281,0.737,2.45,0.303,142,127,3.0,-0.3,-0.3,-3.0,($2.4),2023
Erasmo Ramirez,- - -,3,3,0,38,2,60.1,82,47,43,11,13,43,6.41,1.57,6.41,1.94,0.157,0.047,0.109,5.05,4.73,4.43,0.146,0.075,,80.5,84.2,,92.0,0.084,0.435,89.7,10.0,113.1,0.434,0.354,0.212,0.027000000000000003,0.41600000000000004,0.355,0.22899999999999998,0.11199999999999999,0.542,0.34600000000000003,0.147,5.33,4.73,0.31,0.7509999999999999,0.51,0.644,0.89,0.809,0.45399999999999996,0.639,0.098,0.147,0.244,0.622,1.64,0.35,118,109,3.31,-0.3,-1.2,-2.8,($2.2),2023
Carlos Carrasco,NYM,3,8,0,20,20,90.0,115,71,68,18,38,66,6.8,1.7,6.6,3.8,0.158,0.091,0.067,5.86,4.93,5.16,0.184,0.299,,84.2,87.3,,92.9,0.107,0.48200000000000004,91.5,8.7,116.7,0.45,0.29600000000000004,0.254,0.121,0.45899999999999996,0.345,0.195,0.13,0.518,0.35200000000000004,0.198,6.78,4.93,0.318,0.706,0.466,0.5870000000000001,0.895,0.765,0.382,0.59,0.109,0.151,0.261,0.6579999999999999,1.8,0.336,135,113,1.74,-0.3,-1.3,-2.9,($2.2),2023
Bryan Hoeing,MIA,2,3,0,33,7,70.2,71,45,43,13,25,53,5.48,1.36,6.75,3.18,0.174,0.08199999999999999,0.092,5.29,4.91,4.74,0.317,0.068,,83.3,85.8,,94.0,0.094,0.442,90.5,10.5,113.7,0.451,0.384,0.165,0.012,0.35700000000000004,0.375,0.268,0.121,0.545,0.335,0.151,5.25,4.91,0.297,0.653,0.43700000000000006,0.6679999999999999,0.9,0.805,0.395,0.645,0.085,0.187,0.273,0.664,1.66,0.275,121,112,2.12,-0.3,-0.2,-3.2,($2.5),2023
AJ Smith-Shawver,ATL,1,0,0,6,5,25.1,17,14,12,7,11,20,4.26,1.11,7.11,3.91,0.19,0.105,0.086,6.69,5.71,5.25,0.233,0.106,,84.9,86.1,,94.6,0.096,0.35600000000000004,90.3,19.3,116.6,0.37,0.5479999999999999,0.08199999999999999,0.1,0.425,0.301,0.27399999999999997,0.16399999999999998,0.507,0.32899999999999996,0.175,3.79,5.71,0.273,0.732,0.45399999999999996,0.693,0.863,0.8009999999999999,0.39399999999999996,0.467,0.09,0.134,0.225,0.7809999999999999,2.49,0.152,156,130,1.82,-0.3,0.2,-3.4,($2.4),2023
Cooper Criswell,TBR,1,1,0,10,0,33.0,40,23,21,6,11,27,5.73,1.55,7.36,3.0,0.179,0.073,0.106,5.35,4.54,4.31,0.28300000000000003,0.13,,76.3,83.6,,,0.055,0.33,87.2,8.0,111.9,0.444,0.287,0.26899999999999996,0.09699999999999999,0.413,0.358,0.22899999999999998,0.165,0.55,0.284,0.19399999999999998,5.17,4.54,0.308,0.649,0.457,0.7290000000000001,0.892,0.83,0.43700000000000006,0.649,0.078,0.195,0.273,0.687,1.64,0.33,128,106,2.45,-0.3,-0.5,-3.1,($2.4),2023
Dinelson Lamet,- - -,1,4,0,17,4,27.2,42,38,36,7,23,32,11.71,2.35,10.41,7.48,0.221,0.159,0.062,6.83,5.64,5.33,0.45899999999999996,0.027000000000000003,,86.0,90.4,,95.1,0.11199999999999999,0.528,91.6,12.0,110.2,0.42700000000000005,0.39299999999999996,0.18,0.114,0.449,0.371,0.18,0.135,0.40399999999999997,0.461,0.2,6.21,5.64,0.237,0.754,0.433,0.551,0.895,0.778,0.37799999999999995,0.51,0.096,0.142,0.23800000000000002,0.498,2.28,0.427,149,129,1.39,-0.3,-1.4,-3.2,($2.5),2023
Collin Snider,KCR,0,0,1,20,1,20.1,24,12,11,3,13,11,4.87,1.82,4.87,5.75,0.11599999999999999,0.13699999999999998,-0.021,6.01,5.55,5.8,0.36,0.003,,84.2,90.0,,95.9,0.042,0.282,86.6,5.9,109.2,0.529,0.257,0.214,0.055999999999999994,0.563,0.254,0.183,0.16899999999999998,0.535,0.29600000000000004,0.16699999999999998,5.43,5.55,0.23,0.662,0.401,0.647,0.927,0.83,0.395,0.547,0.068,0.183,0.251,0.762,1.33,0.309,141,130,0.85,-0.3,0.0,-3.3,($2.6),2023
Devin Smeltzer,MIA,0,1,0,9,1,22.1,29,18,16,7,4,16,6.45,1.48,6.45,1.61,0.16,0.04,0.12,6.97,5.49,4.59,0.11599999999999999,0.27699999999999997,,77.8,82.5,,89.4,0.11800000000000001,0.474,90.9,18.3,109.3,0.342,0.461,0.19699999999999998,0.057,0.368,0.434,0.19699999999999998,0.105,0.447,0.447,0.2,7.69,5.49,0.35700000000000004,0.642,0.474,0.7240000000000001,0.884,0.813,0.41,0.69,0.08800000000000001,0.185,0.273,0.6990000000000001,2.82,0.319,159,125,4.0,-0.3,-0.3,-3.6,($2.5),2023
Tommy Doyle,COL,0,1,0,15,0,23.2,23,18,18,5,13,18,6.85,1.52,6.85,4.94,0.175,0.126,0.049,6.13,4.92,5.12,0.08800000000000001,,,87.1,,,94.1,0.111,0.431,90.6,13.2,113.6,0.431,0.306,0.264,0.045,0.486,0.264,0.25,0.125,0.444,0.431,0.22699999999999998,5.88,4.92,0.332,0.754,0.49700000000000005,0.5489999999999999,0.875,0.743,0.392,0.544,0.127,0.127,0.255,0.621,1.9,0.269,133,112,1.38,-0.3,-0.3,-3.3,($2.5),2023
Tommy Hunter,NYM,0,1,0,14,0,23.2,28,20,18,6,5,20,6.85,1.39,7.61,1.9,0.18899999999999997,0.047,0.142,5.75,4.69,4.02,,0.076,,,86.3,,92.7,0.127,0.43,88.6,6.5,110.7,0.46799999999999997,0.405,0.127,0.031,0.506,0.278,0.215,0.152,0.494,0.354,0.188,5.12,4.69,0.33,0.7609999999999999,0.512,0.8140000000000001,0.847,0.835,0.42200000000000004,0.6890000000000001,0.084,0.168,0.253,0.564,2.28,0.301,132,107,4.0,-0.3,-0.6,-2.9,($2.2),2023
Luis L. Ortiz,PIT,5,5,0,18,15,86.2,99,50,46,13,48,59,4.78,1.7,6.13,4.98,0.14800000000000002,0.12,0.027999999999999997,5.57,5.38,5.62,0.327,0.134,,85.9,89.6,,96.1,0.1,0.491,92.4,6.7,113.9,0.479,0.317,0.203,0.022000000000000002,0.43,0.354,0.21600000000000003,0.127,0.46,0.41200000000000003,0.141,6.86,5.38,0.289,0.708,0.45399999999999996,0.6559999999999999,0.88,0.7929999999999999,0.39399999999999996,0.58,0.094,0.151,0.245,0.757,1.35,0.309,128,123,1.23,-0.4,0.5,-4.0,($2.9),2023
Adam Wainwright,STL,5,11,0,21,21,101.0,151,89,83,20,41,55,7.4,1.9,4.9,3.65,0.114,0.085,0.028999999999999998,5.99,5.77,5.83,,0.051,,,81.5,,85.9,0.111,0.38799999999999996,89.0,12.9,115.3,0.401,0.375,0.22399999999999998,0.055999999999999994,0.439,0.375,0.18600000000000003,0.129,0.532,0.33899999999999997,0.139,7.34,5.77,0.23800000000000002,0.6459999999999999,0.41100000000000003,0.7829999999999999,0.929,0.88,0.425,0.5539999999999999,0.049,0.196,0.245,0.63,1.78,0.357,140,132,1.34,-0.4,-1.9,-4.1,($3.1),2023
Alek Manoah,TOR,3,9,0,19,19,87.1,93,61,57,15,59,79,5.87,1.74,8.14,6.08,0.19,0.142,0.048,6.01,5.85,5.65,0.3,0.127,,80.8,86.4,,92.9,0.09,0.44799999999999995,89.5,16.3,113.6,0.377,0.41100000000000003,0.21100000000000002,0.092,0.40700000000000003,0.36200000000000004,0.231,0.134,0.496,0.369,0.138,6.05,5.85,0.292,0.708,0.45399999999999996,0.672,0.89,0.804,0.38799999999999996,0.595,0.08900000000000001,0.153,0.242,0.7140000000000001,1.55,0.308,138,136,1.34,-0.4,-0.5,-4.4,($3.3),2023
Ronel Blanco,HOU,2,1,0,17,7,52.0,49,29,26,12,28,52,4.5,1.48,9.0,4.85,0.23,0.124,0.106,5.99,5.12,4.86,0.48700000000000004,0.09,,88.0,85.5,,94.5,0.11800000000000001,0.34700000000000003,88.5,17.2,110.8,0.34700000000000003,0.465,0.188,0.075,0.521,0.306,0.174,0.125,0.528,0.34700000000000003,0.179,5.12,5.12,0.34,0.78,0.512,0.535,0.8009999999999999,0.693,0.392,0.584,0.157,0.11,0.267,0.804,2.08,0.28,140,119,1.86,-0.4,0.4,-4.1,($2.8),2023
Albert Abreu,NYY,2,2,0,45,0,59.0,52,39,31,9,35,61,4.73,1.47,9.31,5.34,0.228,0.131,0.09699999999999999,5.26,4.98,4.6,0.281,0.14400000000000002,,87.7,88.3,,97.3,0.07200000000000001,0.41600000000000004,89.0,12.6,109.9,0.461,0.37,0.17,0.098,0.39399999999999996,0.33299999999999996,0.273,0.152,0.521,0.327,0.14800000000000002,4.64,4.98,0.268,0.628,0.418,0.6459999999999999,0.835,0.764,0.415,0.552,0.098,0.184,0.282,0.672,1.37,0.274,120,116,1.74,-0.4,-0.7,-4.0,($3.2),2023
Brent Honeywell,- - -,2,4,0,40,0,52.1,53,29,28,10,23,45,4.82,1.45,7.74,3.96,0.192,0.098,0.094,5.62,4.78,4.48,0.179,0.266,,81.6,87.3,,95.0,0.081,0.478,90.9,10.3,112.9,0.488,0.325,0.188,0.115,0.478,0.317,0.205,0.11800000000000001,0.491,0.391,0.192,5.74,4.78,0.27899999999999997,0.746,0.469,0.647,0.8490000000000001,0.778,0.406,0.5429999999999999,0.10300000000000001,0.14300000000000002,0.24600000000000002,0.7759999999999999,1.72,0.285,129,110,1.96,-0.4,0.1,-4.4,($3.4),2023
Michael Soroka,ATL,2,2,0,7,6,32.1,36,23,23,9,12,29,6.4,1.48,8.07,3.34,0.2,0.083,0.11699999999999999,6.56,4.68,4.59,0.266,0.182,,83.1,82.1,,93.1,0.11,0.34,87.3,12.8,112.4,0.449,0.34700000000000003,0.204,0.028999999999999998,0.42,0.36,0.22,0.15,0.56,0.29,0.265,5.69,4.68,0.28600000000000003,0.6940000000000001,0.45299999999999996,0.6809999999999999,0.862,0.794,0.408,0.579,0.09300000000000001,0.168,0.261,0.736,2.51,0.297,153,107,2.42,-0.4,-0.2,-4.6,($3.3),2023
Noah Syndergaard,- - -,2,6,0,18,18,88.2,104,65,64,22,19,56,6.5,1.39,5.68,1.93,0.14300000000000002,0.049,0.095,6.2,5.21,5.07,0.068,0.22,,85.0,87.3,,92.3,0.111,0.42200000000000004,88.7,14.7,114.8,0.37200000000000005,0.395,0.23399999999999999,0.083,0.43799999999999994,0.359,0.203,0.147,0.49,0.363,0.183,6.46,5.21,0.29600000000000004,0.716,0.493,0.738,0.879,0.8340000000000001,0.46799999999999997,0.624,0.08199999999999999,0.16699999999999998,0.248,0.665,2.23,0.289,142,120,2.95,-0.4,-0.7,-5.0,($3.5),2023
Jordan Balazovic,MIN,1,0,0,18,0,24.1,26,13,12,5,12,17,4.44,1.56,6.29,4.44,0.157,0.111,0.046,6.01,5.31,5.18,0.196,,,86.3,,,95.1,0.076,0.494,92.1,14.3,112.7,0.44299999999999995,0.36700000000000005,0.19,0.069,0.36700000000000005,0.36700000000000005,0.266,0.10099999999999999,0.46799999999999997,0.43,0.172,5.42,5.31,0.23399999999999999,0.721,0.462,0.633,0.909,0.8340000000000001,0.467,0.611,0.076,0.155,0.23199999999999998,0.8059999999999999,1.85,0.284,140,124,1.42,-0.4,0.0,-3.8,($3.0),2023
Tim Hill,SDP,1,4,0,48,0,44.1,59,36,27,7,14,26,5.48,1.65,5.28,2.84,0.129,0.069,0.059000000000000004,5.49,4.74,4.31,0.049,,,83.1,,,90.9,0.051,0.442,89.9,1.9,111.0,0.612,0.23,0.158,0.057,0.321,0.34,0.34,0.16699999999999998,0.564,0.26899999999999996,0.2,5.03,4.74,0.327,0.7020000000000001,0.501,0.794,0.9009999999999999,0.8640000000000001,0.46299999999999997,0.564,0.068,0.163,0.231,0.621,1.42,0.349,126,108,1.86,-0.4,-1.2,-4.4,($3.4),2023
Casey Lawrence,STL,1,0,0,15,0,27.1,32,20,20,7,10,20,6.59,1.54,6.59,3.29,0.16399999999999998,0.08199999999999999,0.08199999999999999,6.44,5.95,5.05,0.369,0.13,,80.6,82.9,,90.0,0.078,0.37799999999999995,88.1,19.6,109.6,0.326,0.528,0.146,0.149,0.467,0.344,0.18899999999999997,0.156,0.544,0.3,0.149,4.43,5.95,0.327,0.657,0.45899999999999996,0.7390000000000001,0.846,0.8,0.39799999999999996,0.648,0.092,0.157,0.248,0.7020000000000001,2.3,0.301,150,136,2.0,-0.4,-0.5,-4.4,($3.4),2023
Cory Abbott,WSN,1,2,0,22,0,39.1,48,29,29,9,19,40,6.64,1.7,9.15,4.35,0.21899999999999997,0.10400000000000001,0.115,5.95,4.82,4.37,,,,,,,92.3,0.11699999999999999,0.433,90.9,12.8,113.7,0.392,0.36700000000000005,0.242,0.068,0.375,0.4,0.225,0.142,0.525,0.33299999999999996,0.205,5.19,4.82,0.332,0.654,0.478,0.594,0.861,0.759,0.452,0.645,0.115,0.16899999999999998,0.284,0.7190000000000001,2.06,0.351,135,110,2.11,-0.4,-0.5,-4.1,($3.2),2023
Gavin Stone,LAD,1,1,1,8,4,31.0,46,32,31,8,13,22,9.0,1.9,6.39,3.77,0.145,0.086,0.059000000000000004,6.64,5.15,5.08,0.069,0.342,,85.6,85.8,,94.2,0.087,0.374,88.5,11.7,111.3,0.455,0.313,0.23199999999999998,0.057,0.48700000000000004,0.261,0.252,0.139,0.496,0.365,0.22899999999999998,6.38,5.15,0.368,0.741,0.508,0.611,0.8029999999999999,0.716,0.375,0.618,0.14400000000000002,0.133,0.27699999999999997,0.5820000000000001,2.32,0.355,147,118,1.69,-0.4,-1.0,-4.6,($3.4),2023
Stephen Nogosek,NYM,0,1,0,13,0,25.2,28,16,16,6,14,25,5.61,1.64,8.77,4.91,0.212,0.11900000000000001,0.09300000000000001,6.22,5.24,4.68,0.17,,,78.9,,,94.6,0.11699999999999999,0.429,89.7,15.4,109.2,0.377,0.41600000000000004,0.20800000000000002,0.094,0.46799999999999997,0.35100000000000003,0.182,0.11699999999999999,0.5710000000000001,0.312,0.188,5.67,5.24,0.24100000000000002,0.682,0.41700000000000004,0.746,0.835,0.804,0.39899999999999997,0.508,0.08199999999999999,0.161,0.243,0.787,2.1,0.31,143,120,1.79,-0.4,-0.2,-4.0,($3.1),2023
Andrew Suarez,STL,0,0,0,13,0,27.2,33,27,22,7,15,17,7.16,1.73,5.53,4.88,0.131,0.115,0.015,6.94,6.16,5.67,0.228,0.182,,84.5,83.6,,92.6,0.08199999999999999,0.418,90.4,15.9,111.4,0.418,0.429,0.153,0.095,0.39799999999999996,0.39799999999999996,0.204,0.133,0.49,0.37799999999999995,0.16699999999999998,5.84,6.16,0.27,0.7020000000000001,0.465,0.675,0.873,0.81,0.452,0.623,0.08800000000000001,0.161,0.25,0.55,2.28,0.286,162,141,1.13,-0.4,-0.6,-4.0,($3.0),2023
Wandy Peralta,NYY,4,2,4,63,0,54.0,36,19,17,7,30,51,2.83,1.22,8.5,5.0,0.225,0.132,0.09300000000000001,5.05,4.5,4.44,0.131,0.439,,88.8,89.0,,95.8,0.071,0.34299999999999997,86.8,3.7,110.6,0.574,0.272,0.154,0.054000000000000006,0.5,0.32899999999999996,0.171,0.214,0.493,0.293,0.18899999999999997,4.69,4.5,0.363,0.715,0.467,0.5870000000000001,0.86,0.711,0.297,0.5770000000000001,0.134,0.127,0.261,0.852,1.17,0.218,116,105,1.7,-0.5,1.2,-4.6,($3.7),2023
Daniel Bard,COL,4,2,1,50,0,49.1,35,30,25,5,49,47,4.56,1.7,8.57,8.94,0.203,0.21100000000000002,-0.009000000000000001,6.13,6.76,6.3,0.486,0.001,,86.9,87.0,,94.7,0.102,0.313,87.1,16.9,109.9,0.36700000000000005,0.45299999999999996,0.18,0.121,0.36700000000000005,0.406,0.22699999999999998,0.195,0.49200000000000005,0.313,0.086,6.09,6.76,0.214,0.6459999999999999,0.397,0.696,0.8590000000000001,0.8079999999999999,0.424,0.539,0.076,0.188,0.264,0.7290000000000001,0.91,0.244,133,154,0.96,-0.5,0.1,-5.2,($4.1),2023
Andres Machado,WSN,4,1,0,44,0,50.0,53,29,29,12,13,43,5.22,1.32,7.74,2.34,0.20800000000000002,0.063,0.145,5.5,4.03,3.96,0.132,0.275,,88.5,89.8,,96.7,0.113,0.39299999999999996,87.8,10.1,112.7,0.42100000000000004,0.345,0.23399999999999999,0.02,0.38,0.42,0.2,0.127,0.56,0.313,0.24,5.57,4.03,0.348,0.7020000000000001,0.506,0.6509999999999999,0.868,0.7859999999999999,0.447,0.599,0.10800000000000001,0.147,0.255,0.757,2.16,0.297,125,92,3.31,-0.5,-0.1,-4.7,($3.7),2023
Alec Marsh,KCR,3,9,0,17,8,74.1,77,50,47,16,39,85,5.69,1.56,10.29,4.72,0.249,0.114,0.135,5.7,4.84,4.38,0.259,0.149,,86.2,87.0,,94.4,0.096,0.41600000000000004,89.7,14.2,111.8,0.34600000000000003,0.424,0.22899999999999998,0.034,0.428,0.39399999999999996,0.17800000000000002,0.096,0.5479999999999999,0.35600000000000004,0.184,5.93,4.84,0.32,0.662,0.452,0.557,0.86,0.728,0.386,0.605,0.12300000000000001,0.16399999999999998,0.287,0.731,1.94,0.316,134,113,2.18,-0.5,-0.3,-6.0,($3.9),2023
Joey Wentz,DET,3,13,0,25,19,105.2,131,87,81,25,47,98,6.9,1.68,8.35,4.0,0.19899999999999998,0.096,0.10400000000000001,5.81,5.13,4.84,,0.175,,,85.1,,93.5,0.115,0.415,89.9,17.4,115.2,0.373,0.442,0.185,0.098,0.418,0.354,0.228,0.147,0.496,0.35700000000000004,0.163,5.78,5.13,0.29,0.73,0.47600000000000003,0.59,0.861,0.7659999999999999,0.424,0.622,0.111,0.157,0.268,0.636,2.13,0.329,136,120,2.09,-0.5,-1.8,-5.7,($4.4),2023
Josh Fleming,TBR,2,0,0,12,3,51.2,56,29,27,9,19,25,4.7,1.45,4.35,3.31,0.113,0.086,0.027000000000000003,5.66,4.51,4.7,,0.29,,,82.9,,91.7,0.055999999999999994,0.486,90.7,-0.3,113.1,0.597,0.19899999999999998,0.205,0.086,0.441,0.384,0.175,0.124,0.5710000000000001,0.305,0.257,5.37,4.51,0.33299999999999996,0.685,0.46,0.741,0.92,0.8370000000000001,0.36,0.575,0.075,0.166,0.24,0.737,1.57,0.28,136,105,1.32,-0.5,0.1,-5.7,($4.1),2023
Gavin Hollowell,COL,2,0,1,26,0,33.2,31,23,22,8,18,32,5.88,1.46,8.55,4.81,0.20800000000000002,0.11699999999999999,0.091,6.58,5.6,4.77,0.33,,,82.5,,,93.6,0.08199999999999999,0.35700000000000004,86.6,20.1,110.2,0.32,0.44299999999999995,0.237,0.07,0.408,0.28600000000000003,0.306,0.214,0.408,0.37799999999999995,0.18600000000000003,5.43,5.6,0.306,0.684,0.461,0.764,0.7659999999999999,0.765,0.41,0.5,0.10800000000000001,0.157,0.264,0.731,2.14,0.256,143,128,1.78,-0.5,-0.1,-5.0,($3.9),2023
Chris Flexen,- - -,2,8,0,29,16,102.1,133,81,78,25,38,74,6.86,1.67,6.51,3.34,0.159,0.08199999999999999,0.077,6.22,5.12,5.11,0.09699999999999999,0.16,,80.9,81.1,,92.1,0.094,0.414,89.4,15.1,113.5,0.391,0.371,0.239,0.109,0.41700000000000004,0.326,0.257,0.13699999999999998,0.517,0.34600000000000003,0.19399999999999998,6.18,5.12,0.305,0.736,0.478,0.654,0.88,0.794,0.401,0.618,0.099,0.146,0.245,0.6709999999999999,2.2,0.332,142,118,1.95,-0.5,-1.0,-5.5,($4.1),2023
Dylan Dodd,ATL,2,2,0,7,7,34.1,53,29,29,9,12,15,7.6,1.89,3.93,3.15,0.091,0.073,0.018000000000000002,6.92,6.5,6.19,0.28300000000000003,0.174,,81.8,82.8,,92.5,0.125,0.46299999999999997,92.6,16.8,114.8,0.35600000000000004,0.45899999999999996,0.185,0.032,0.419,0.34600000000000003,0.235,0.081,0.5,0.419,0.145,8.37,6.5,0.321,0.735,0.535,0.7390000000000001,0.884,0.8420000000000001,0.518,0.6709999999999999,0.085,0.162,0.24600000000000002,0.693,2.36,0.346,161,148,1.25,-0.5,-0.6,-5.8,($4.1),2023
Zach Neal,OAK,1,1,0,14,2,27.0,30,22,20,8,14,25,6.67,1.63,8.33,4.67,0.20199999999999999,0.113,0.08900000000000001,7.03,4.83,4.84,,0.184,,,82.5,,89.2,0.12,0.41,87.7,12.2,112.5,0.341,0.32899999999999996,0.32899999999999996,0.07400000000000001,0.518,0.24100000000000002,0.24100000000000002,0.16899999999999998,0.42200000000000004,0.41,0.29600000000000004,7.5,4.83,0.337,0.725,0.496,0.674,0.861,0.7859999999999999,0.409,0.637,0.106,0.154,0.26,0.69,2.67,0.293,170,113,1.79,-0.5,-0.4,-5.3,($3.9),2023
Jose Suarez,LAA,1,3,0,11,7,33.2,46,32,31,10,20,28,8.29,1.96,7.49,5.35,0.17,0.121,0.048,7.32,6.16,5.65,0.258,0.265,,81.6,82.1,,92.3,0.11199999999999999,0.397,88.7,23.9,111.2,0.33299999999999996,0.48200000000000004,0.184,0.16399999999999998,0.466,0.293,0.24100000000000002,0.19,0.491,0.319,0.182,5.93,6.16,0.302,0.721,0.48100000000000004,0.607,0.8059999999999999,0.735,0.428,0.588,0.127,0.142,0.26899999999999996,0.66,2.67,0.34,169,144,1.4,-0.5,-0.9,-5.5,($4.1),2023
Thad Ward,WSN,0,0,0,26,0,35.1,29,26,25,7,28,30,6.37,1.61,7.64,7.13,0.188,0.175,0.013000000000000001,6.68,5.98,5.81,0.361,0.015,,81.1,88.0,,93.5,0.1,0.37,89.4,12.8,111.4,0.455,0.40399999999999997,0.141,0.1,0.3,0.36,0.34,0.12,0.56,0.32,0.175,5.51,5.98,0.247,0.596,0.386,0.6729999999999999,0.877,0.7979999999999999,0.39899999999999997,0.469,0.078,0.19699999999999998,0.275,0.6709999999999999,1.78,0.237,152,136,1.07,-0.5,-0.4,-4.7,($3.6),2023
Amos Willingham,WSN,0,2,0,18,0,24.1,35,18,18,8,9,15,6.66,1.81,5.55,3.33,0.129,0.078,0.052000000000000005,7.53,6.24,5.35,0.349,0.026000000000000002,,85.7,88.4,,95.8,0.121,0.527,92.5,15.5,114.6,0.363,0.484,0.154,0.068,0.363,0.35200000000000004,0.28600000000000003,0.14300000000000002,0.40700000000000003,0.451,0.182,6.96,6.24,0.34700000000000003,0.6629999999999999,0.47700000000000004,0.638,0.9209999999999999,0.8,0.41200000000000003,0.56,0.095,0.162,0.257,0.799,2.96,0.325,171,143,1.67,-0.5,-0.3,-5.3,($4.1),2023
Luis Severino,NYY,4,8,0,19,18,89.1,113,73,66,23,34,79,6.65,1.65,7.96,3.43,0.18899999999999997,0.08199999999999999,0.10800000000000001,6.14,4.83,4.78,0.226,0.185,,85.3,86.7,,96.6,0.10400000000000001,0.44799999999999995,90.2,13.6,111.7,0.42200000000000004,0.37200000000000005,0.20600000000000002,0.091,0.39899999999999997,0.35200000000000004,0.248,0.14400000000000002,0.51,0.34600000000000003,0.209,5.87,4.83,0.322,0.75,0.513,0.742,0.865,0.8220000000000001,0.447,0.657,0.091,0.14800000000000002,0.239,0.659,2.32,0.326,141,113,2.32,-0.6,-1.5,-6.0,($4.5),2023
Quinn Priester,PIT,3,3,0,10,8,50.0,58,43,43,12,27,36,7.74,1.7,6.48,4.86,0.154,0.115,0.038,6.74,5.1,5.31,0.237,0.10400000000000001,,85.3,89.1,,92.7,0.083,0.47,89.7,4.6,114.7,0.524,0.271,0.205,0.156,0.524,0.31,0.16699999999999998,0.179,0.46399999999999997,0.35700000000000004,0.267,6.25,5.1,0.305,0.642,0.44299999999999995,0.654,0.877,0.7859999999999999,0.41,0.598,0.095,0.163,0.258,0.632,2.16,0.295,154,117,1.33,-0.6,-0.9,-6.6,($4.8),2023
Jimmy Lambert,CHW,2,3,1,35,1,37.2,41,26,22,10,20,41,5.26,1.62,9.8,4.78,0.23800000000000002,0.11599999999999999,0.122,6.2,4.9,4.39,0.304,0.102,,85.7,85.5,,94.3,0.127,0.46399999999999997,91.1,18.3,116.7,0.34299999999999997,0.45399999999999996,0.204,0.122,0.48200000000000004,0.336,0.182,0.145,0.48200000000000004,0.373,0.204,5.74,4.9,0.27699999999999997,0.69,0.452,0.574,0.848,0.752,0.424,0.57,0.11199999999999999,0.177,0.29,0.75,2.39,0.31,141,114,2.05,-0.6,-0.6,-5.8,($4.6),2023
Jake Woodford,STL,2,3,0,15,8,47.2,61,34,33,11,22,29,6.23,1.74,5.48,4.15,0.131,0.099,0.032,6.61,5.28,5.35,0.23199999999999998,0.04,,81.8,86.1,,92.7,0.113,0.494,92.1,5.9,116.6,0.512,0.28600000000000003,0.20199999999999999,0.063,0.429,0.405,0.16699999999999998,0.11900000000000001,0.518,0.363,0.22899999999999998,7.02,5.28,0.214,0.6829999999999999,0.41700000000000004,0.7909999999999999,0.892,0.863,0.433,0.599,0.057,0.191,0.248,0.737,2.08,0.318,154,120,1.32,-0.6,-0.4,-6.8,($4.9),2023
Jeff Brigham,NYM,1,3,0,37,0,37.2,26,23,22,9,18,42,5.26,1.17,10.04,4.3,0.263,0.113,0.15,5.96,4.88,4.07,0.42200000000000004,,,82.5,,,93.7,0.11599999999999999,0.34700000000000003,90.0,20.6,110.3,0.34,0.489,0.17,0.087,0.45299999999999996,0.305,0.242,0.168,0.547,0.284,0.196,4.64,4.88,0.284,0.706,0.45299999999999996,0.638,0.828,0.7559999999999999,0.4,0.594,0.11,0.151,0.261,0.7140000000000001,2.15,0.198,137,111,2.33,-0.6,-0.3,-5.9,($4.6),2023
Jose Urena,- - -,0,7,0,10,10,44.2,50,37,32,13,22,29,6.45,1.61,5.84,4.43,0.14300000000000002,0.10800000000000001,0.034,7.28,5.46,5.63,0.254,0.24100000000000002,,86.3,87.5,,95.7,0.106,0.397,90.2,10.6,112.2,0.473,0.353,0.17300000000000001,0.038,0.53,0.265,0.205,0.09300000000000001,0.49700000000000005,0.41100000000000003,0.245,5.76,5.46,0.335,0.693,0.46799999999999997,0.722,0.8690000000000001,0.8029999999999999,0.37200000000000005,0.626,0.092,0.15,0.243,0.657,2.62,0.268,161,126,1.32,-0.6,-0.4,-7.0,($4.4),2023
Adam Cimber,TOR,0,2,1,22,0,20.2,25,18,17,6,7,12,7.4,1.55,5.23,3.05,0.126,0.07400000000000001,0.053,7.46,5.37,4.91,0.29100000000000004,,,74.8,,,85.3,0.069,0.47200000000000003,90.5,9.2,111.0,0.479,0.29600000000000004,0.225,0.095,0.45799999999999996,0.389,0.153,0.111,0.569,0.319,0.28600000000000003,6.18,5.37,0.314,0.659,0.469,0.8590000000000001,0.8909999999999999,0.879,0.45,0.695,0.055999999999999994,0.193,0.249,0.652,2.61,0.288,172,125,1.71,-0.6,-0.6,-6.1,($4.8),2023
Chad Kuhl,WSN,0,4,1,16,5,38.1,47,38,36,8,28,31,8.45,1.96,7.28,6.57,0.166,0.15,0.016,6.78,6.35,6.0,0.434,0.042,,85.5,87.0,,94.1,0.12,0.504,92.2,17.6,113.2,0.306,0.42700000000000005,0.266,0.057,0.43200000000000005,0.336,0.23199999999999998,0.10400000000000001,0.504,0.392,0.151,8.8,6.35,0.23399999999999999,0.667,0.409,0.561,0.846,0.7490000000000001,0.405,0.519,0.102,0.145,0.248,0.599,1.88,0.333,154,145,1.11,-0.6,-1.3,-6.2,($4.7),2023
Mason Englert,DET,4,3,0,31,1,56.0,67,39,34,12,17,41,5.46,1.5,6.59,2.73,0.162,0.067,0.095,5.59,5.02,4.67,0.359,0.268,,84.4,83.7,,91.3,0.098,0.446,91.4,15.7,109.9,0.376,0.397,0.228,0.053,0.44,0.38299999999999995,0.17600000000000002,0.114,0.48700000000000004,0.39899999999999997,0.16,6.56,5.02,0.331,0.742,0.508,0.644,0.873,0.789,0.43200000000000005,0.617,0.107,0.136,0.244,0.679,1.93,0.304,130,117,2.41,-0.7,-0.8,-6.7,($5.3),2023
Jaime Barria,LAA,2,6,0,34,6,82.1,91,63,52,20,30,62,5.68,1.47,6.78,3.28,0.171,0.083,0.08800000000000001,6.07,5.32,4.91,0.504,0.142,,85.9,84.7,,92.9,0.10400000000000001,0.34,87.6,16.6,114.6,0.363,0.449,0.187,0.10800000000000001,0.46299999999999997,0.325,0.213,0.175,0.522,0.302,0.16699999999999998,5.38,5.32,0.301,0.733,0.484,0.65,0.8640000000000001,0.787,0.424,0.655,0.10300000000000001,0.152,0.255,0.632,2.19,0.286,140,124,2.07,-0.7,-1.2,-7.7,($5.9),2023
Jose Ruiz,- - -,2,1,0,38,1,44.1,52,31,29,10,21,39,5.89,1.65,7.92,4.26,0.188,0.10099999999999999,0.087,6.26,5.22,4.71,,0.135,,,89.7,,96.5,0.085,0.36200000000000004,89.0,13.1,110.7,0.39,0.36200000000000004,0.248,0.11800000000000001,0.376,0.376,0.248,0.156,0.546,0.298,0.196,5.59,5.22,0.312,0.684,0.455,0.5920000000000001,0.833,0.732,0.385,0.57,0.122,0.141,0.263,0.738,2.03,0.321,147,120,1.86,-0.7,-0.5,-7.4,($5.3),2023
Johnny Cueto,MIA,1,4,0,13,10,52.1,51,36,35,17,15,39,6.02,1.26,6.71,2.58,0.179,0.069,0.11,7.02,5.2,4.93,0.22699999999999998,0.192,,85.9,84.2,,92.1,0.106,0.366,88.2,16.9,113.1,0.331,0.475,0.19399999999999998,0.079,0.47200000000000003,0.23,0.298,0.161,0.516,0.32299999999999995,0.22399999999999998,5.14,5.2,0.377,0.735,0.523,0.7709999999999999,0.8759999999999999,0.831,0.408,0.6559999999999999,0.08800000000000001,0.136,0.22399999999999998,0.73,2.92,0.236,160,119,2.6,-0.7,-0.2,-7.3,($5.3),2023
Kyle Muller,OAK,1,5,0,21,13,77.0,112,65,65,16,39,56,7.6,1.96,6.55,4.56,0.151,0.105,0.046,6.14,5.5,5.47,0.252,0.081,,87.1,87.9,,93.8,0.109,0.496,92.1,12.8,115.2,0.424,0.354,0.221,0.094,0.46,0.34299999999999997,0.19699999999999998,0.113,0.496,0.391,0.16699999999999998,7.38,5.5,0.273,0.7340000000000001,0.48200000000000004,0.608,0.903,0.8109999999999999,0.45299999999999996,0.535,0.091,0.133,0.22399999999999998,0.6759999999999999,1.87,0.372,148,128,1.44,-0.7,-1.6,-7.3,($5.5),2023
Corey Kluber,BOS,3,6,1,15,9,55.0,69,47,43,17,21,42,7.04,1.64,6.87,3.44,0.163,0.08199999999999999,0.08199999999999999,7.11,5.8,5.28,,0.159,,,82.2,,88.5,0.121,0.405,89.0,19.4,113.7,0.302,0.47600000000000003,0.222,0.1,0.495,0.289,0.21600000000000003,0.13699999999999998,0.563,0.3,0.18899999999999997,6.29,5.8,0.332,0.7,0.48700000000000004,0.684,0.873,0.799,0.42100000000000004,0.6609999999999999,0.098,0.162,0.26,0.67,2.78,0.301,165,135,2.0,-0.8,-0.9,-8.8,($6.5),2023
Dominic Leone,- - -,1,3,1,51,0,54.0,49,28,28,14,28,54,4.67,1.43,9.0,4.67,0.23,0.11900000000000001,0.111,6.29,4.94,4.49,0.297,,,85.3,,,95.7,0.11900000000000001,0.444,89.7,14.6,113.7,0.371,0.43700000000000006,0.192,0.03,0.377,0.364,0.258,0.086,0.523,0.391,0.212,5.29,4.94,0.353,0.774,0.507,0.513,0.82,0.684,0.365,0.634,0.16,0.11699999999999999,0.27699999999999997,0.8590000000000001,2.33,0.255,147,114,1.93,-0.8,0.0,-8.7,($6.7),2023
Jorge Lopez,- - -,6,2,3,61,0,59.0,67,42,39,12,22,49,5.95,1.51,7.47,3.36,0.184,0.083,0.102,5.76,4.69,4.35,0.161,0.11699999999999999,,88.6,89.0,,96.9,0.064,0.455,90.9,9.5,111.8,0.47600000000000003,0.303,0.222,0.071,0.42200000000000004,0.342,0.235,0.139,0.49700000000000005,0.364,0.214,5.39,4.69,0.316,0.664,0.47200000000000003,0.613,0.8959999999999999,0.792,0.449,0.639,0.098,0.179,0.27699999999999997,0.6859999999999999,1.83,0.314,134,109,2.23,-0.9,-0.9,-9.1,($7.2),2023
Eric Lauer,MIL,4,6,0,10,9,46.2,54,39,34,16,24,43,6.56,1.67,8.29,4.63,0.204,0.114,0.09,7.41,5.58,5.31,0.083,0.006999999999999999,,82.7,83.0,,91.2,0.139,0.451,91.7,21.8,110.7,0.25,0.514,0.23600000000000002,0.054000000000000006,0.465,0.33299999999999996,0.201,0.09,0.47200000000000003,0.43799999999999994,0.21600000000000003,7.55,5.58,0.28800000000000003,0.7090000000000001,0.469,0.732,0.853,0.8109999999999999,0.431,0.569,0.08900000000000001,0.15,0.23800000000000002,0.701,3.09,0.297,169,127,1.79,-0.9,-0.8,-9.7,($6.8),2023
Michael Kopech,CHW,5,12,0,30,27,129.1,115,80,78,29,91,134,5.43,1.59,9.32,6.33,0.22699999999999998,0.154,0.073,6.46,5.68,5.41,0.273,0.07400000000000001,,84.9,88.7,,95.4,0.127,0.423,90.3,17.8,115.8,0.355,0.474,0.17,0.096,0.41,0.34700000000000003,0.243,0.155,0.49700000000000005,0.34700000000000003,0.174,5.77,5.68,0.271,0.6609999999999999,0.42100000000000004,0.623,0.841,0.755,0.384,0.535,0.10300000000000001,0.16,0.264,0.777,2.02,0.264,147,133,1.47,-1.0,0.4,-10.7,($8.0),2023
Chris Sale,ATL,18,3,0,29,29,177.2,141,48,47,9,39,225,2.38,1.01,11.4,1.98,0.321,0.055999999999999994,0.265,2.09,2.64,2.8,0.40299999999999997,0.142,,78.7,86.9,,94.9,0.055999999999999994,0.312,86.5,9.6,114.4,0.44799999999999995,0.336,0.21600000000000003,0.055999999999999994,0.435,0.319,0.247,0.16699999999999998,0.584,0.249,0.063,2.79,2.64,0.369,0.6459999999999999,0.49,0.5760000000000001,0.812,0.711,0.435,0.6940000000000001,0.141,0.182,0.32299999999999995,0.7979999999999999,0.46,0.314,53,66,5.77,6.4,7.0,56.3,$51.4,2024
Tarik Skubal,DET,18,4,0,31,31,192.0,142,54,51,15,35,228,2.39,0.92,10.69,1.64,0.303,0.046,0.256,2.49,2.83,2.89,0.146,0.273,,88.8,86.3,,97.0,0.067,0.337,87.4,12.0,113.0,0.457,0.358,0.184,0.129,0.387,0.358,0.256,0.18100000000000002,0.565,0.254,0.08800000000000001,2.72,2.83,0.35200000000000004,0.698,0.516,0.5660000000000001,0.8009999999999999,0.7170000000000001,0.475,0.687,0.146,0.175,0.321,0.8,0.7,0.273,60,68,6.51,6.0,6.6,53.3,$47.7,2024
Zack Wheeler,PHI,16,7,0,32,32,200.0,139,62,57,20,52,224,2.57,0.96,10.08,2.34,0.285,0.066,0.21899999999999997,3.13,3.3,3.32,0.12300000000000001,,,85.0,,,95.5,0.083,0.332,86.7,13.0,114.3,0.426,0.39,0.184,0.138,0.35,0.406,0.245,0.209,0.501,0.29,0.10300000000000001,2.85,3.3,0.364,0.713,0.511,0.6409999999999999,0.8220000000000001,0.747,0.42,0.642,0.129,0.14400000000000002,0.273,0.8009999999999999,0.9,0.246,76,82,4.31,5.4,7.1,49.1,$43.1,2024
Cole Ragans,KCR,11,9,0,32,32,186.1,146,71,65,15,67,223,3.14,1.14,10.77,3.24,0.293,0.08800000000000001,0.205,2.99,3.46,3.49,0.133,0.237,,86.1,84.8,,95.5,0.062,0.354,88.3,15.3,115.4,0.40700000000000003,0.405,0.187,0.09699999999999999,0.395,0.324,0.281,0.17600000000000002,0.524,0.3,0.081,3.31,3.46,0.331,0.716,0.488,0.5770000000000001,0.7909999999999999,0.705,0.409,0.5870000000000001,0.14400000000000002,0.145,0.289,0.747,0.72,0.29,73,84,3.33,4.9,4.8,44.5,$38.8,2024
Seth Lugo,KCR,16,9,0,33,33,206.2,177,75,69,16,48,181,3.0,1.09,7.88,2.09,0.217,0.057,0.159,3.25,3.83,3.94,0.23,0.061,,82.6,87.5,,92.3,0.08,0.39,88.5,10.7,115.1,0.442,0.36700000000000005,0.191,0.083,0.386,0.401,0.212,0.156,0.542,0.303,0.07400000000000001,3.74,3.83,0.314,0.6609999999999999,0.46299999999999997,0.634,0.897,0.795,0.43,0.644,0.095,0.187,0.281,0.7509999999999999,0.7,0.277,79,93,3.77,4.7,5.8,43.4,$37.4,2024
Dylan Cease,SDP,14,11,0,33,33,189.1,137,80,73,18,65,224,3.47,1.07,10.65,3.09,0.294,0.085,0.209,3.1,3.44,3.46,0.43,0.009000000000000001,,87.7,69.7,,96.9,0.085,0.384,89.0,14.1,116.8,0.39799999999999996,0.424,0.17800000000000002,0.081,0.433,0.365,0.203,0.147,0.546,0.307,0.091,3.31,3.44,0.335,0.706,0.48,0.531,0.813,0.693,0.389,0.596,0.147,0.145,0.293,0.6940000000000001,0.86,0.263,77,85,3.45,4.7,3.8,43.7,$38.0,2024
Cristopher Sanchez,PHI,11,9,0,31,31,181.2,182,76,67,11,44,153,3.32,1.24,7.58,2.18,0.203,0.057999999999999996,0.145,3.0,3.19,3.58,0.168,0.35700000000000004,,84.4,85.2,,,0.054000000000000006,0.345,87.4,2.4,120.0,0.574,0.215,0.21100000000000002,0.034,0.418,0.368,0.214,0.17800000000000002,0.537,0.285,0.09300000000000001,3.55,3.19,0.39299999999999996,0.6729999999999999,0.512,0.672,0.865,0.78,0.426,0.6579999999999999,0.113,0.163,0.275,0.7120000000000001,0.54,0.313,73,79,3.48,4.7,4.1,42.7,$37.2,2024
Garrett Crochet,CHW,6,12,0,32,32,146.0,123,61,58,18,33,209,3.58,1.07,12.88,2.03,0.35100000000000003,0.055,0.29600000000000004,2.69,2.38,2.53,0.099,0.059000000000000004,,84.3,91.0,,97.3,0.092,0.38799999999999996,88.3,11.1,111.4,0.451,0.361,0.188,0.10400000000000001,0.39399999999999996,0.348,0.259,0.175,0.494,0.33,0.14400000000000002,2.84,2.38,0.36,0.7290000000000001,0.529,0.527,0.7909999999999999,0.6940000000000001,0.45799999999999996,0.64,0.162,0.145,0.307,0.736,1.11,0.318,63,57,6.33,4.6,3.1,42.1,$37.0,2024
Logan Webb,SFG,13,10,0,33,33,204.2,202,83,79,11,50,172,3.47,1.23,7.56,2.2,0.205,0.059000000000000004,0.145,2.95,3.28,3.61,0.213,0.308,,83.8,87.4,,92.8,0.07,0.462,89.8,2.5,120.4,0.568,0.22699999999999998,0.205,0.057,0.36,0.41,0.23,0.17,0.5379999999999999,0.292,0.079,4.3,3.28,0.34600000000000003,0.628,0.46,0.6970000000000001,0.91,0.8140000000000001,0.40299999999999997,0.6970000000000001,0.085,0.19899999999999998,0.284,0.7170000000000001,0.48,0.315,76,81,3.44,4.4,4.1,41.4,$35.5,2024
Paul Skenes,PIT,11,3,0,23,23,133.0,94,31,29,10,32,170,1.96,0.95,11.5,2.17,0.331,0.062,0.268,2.44,2.54,2.71,0.161,0.054000000000000006,,85.5,87.4,,98.9,0.052000000000000005,0.363,87.8,8.4,112.5,0.513,0.309,0.17800000000000002,0.16,0.46399999999999997,0.32,0.21600000000000003,0.193,0.5720000000000001,0.235,0.106,2.52,2.54,0.345,0.7,0.496,0.588,0.833,0.736,0.42700000000000005,0.623,0.131,0.163,0.294,0.856,0.68,0.284,61,63,5.31,4.3,5.7,38.2,$34.1,2024
George Kirby,SEA,14,11,0,33,33,191.0,181,82,75,22,23,179,3.53,1.07,8.43,1.08,0.23,0.03,0.201,3.26,3.58,3.56,0.239,,0.0,87.2,,74.0,96.2,0.081,0.36200000000000004,89.0,14.8,113.9,0.413,0.40700000000000003,0.18,0.109,0.342,0.361,0.298,0.17800000000000002,0.528,0.294,0.096,3.43,3.58,0.359,0.745,0.531,0.6579999999999999,0.863,0.7859999999999999,0.446,0.6609999999999999,0.114,0.151,0.264,0.716,1.04,0.291,83,87,7.78,4.1,3.1,38.7,$33.2,2024
Logan Gilbert,SEA,9,12,0,33,33,208.2,148,83,75,26,37,220,3.23,0.89,9.49,1.6,0.27399999999999997,0.046,0.228,3.27,3.11,3.19,0.32,,,88.5,,,96.8,0.07200000000000001,0.39299999999999996,89.6,12.7,114.9,0.451,0.377,0.172,0.084,0.45,0.314,0.23600000000000002,0.135,0.541,0.325,0.129,3.13,3.11,0.34299999999999997,0.7170000000000001,0.503,0.506,0.831,0.705,0.429,0.677,0.149,0.152,0.301,0.695,1.12,0.236,83,76,5.95,4.0,3.9,37.8,$32.1,2024
Michael King,SDP,13,9,0,31,30,173.2,144,71,57,17,63,201,2.95,1.19,10.42,3.26,0.27699999999999997,0.087,0.19,3.33,3.5,3.63,0.17800000000000002,0.244,,82.1,86.7,,93.8,0.062,0.303,85.7,13.8,112.4,0.40399999999999997,0.368,0.228,0.127,0.426,0.341,0.233,0.20199999999999999,0.534,0.264,0.10300000000000001,3.57,3.5,0.324,0.633,0.452,0.609,0.825,0.735,0.415,0.6609999999999999,0.12,0.193,0.313,0.752,0.88,0.29,83,86,3.19,3.9,3.7,36.1,$31.2,2024
Tanner Houck,BOS,9,10,0,30,30,178.2,156,75,62,11,48,154,3.12,1.14,7.76,2.42,0.207,0.065,0.14300000000000002,3.32,3.58,3.73,0.414,,,83.2,,,93.8,0.057,0.41700000000000004,89.4,3.8,113.8,0.5589999999999999,0.239,0.201,0.064,0.45,0.35700000000000004,0.193,0.126,0.569,0.305,0.08800000000000001,4.07,3.58,0.33799999999999997,0.637,0.465,0.652,0.887,0.789,0.425,0.649,0.098,0.193,0.29100000000000004,0.7090000000000001,0.55,0.282,80,87,3.21,3.9,4.1,36.3,$31.1,2024
Tyler Glasnow,LAD,9,6,0,22,22,134.0,92,53,52,15,35,168,3.49,0.95,11.28,2.35,0.322,0.067,0.255,2.9,2.68,2.9,0.276,,,90.0,,,96.4,0.08199999999999999,0.395,89.0,9.2,117.6,0.486,0.349,0.165,0.1,0.379,0.40700000000000003,0.215,0.17,0.536,0.293,0.136,2.66,2.68,0.314,0.674,0.483,0.475,0.841,0.715,0.469,0.64,0.138,0.16699999999999998,0.304,0.698,1.01,0.253,70,67,4.8,3.9,3.3,35.2,$31.2,2024
Corbin Burnes,BAL,15,9,0,32,32,194.1,165,76,63,22,48,181,2.92,1.1,8.38,2.22,0.231,0.061,0.17,3.55,3.55,3.75,0.145,0.111,,87.2,89.3,,,0.067,0.316,87.5,11.0,114.5,0.48200000000000004,0.345,0.17300000000000001,0.122,0.425,0.365,0.21,0.19,0.521,0.289,0.11599999999999999,3.33,3.55,0.36,0.679,0.48700000000000004,0.564,0.871,0.735,0.39899999999999997,0.639,0.129,0.156,0.28600000000000003,0.755,1.02,0.269,87,86,3.77,3.8,4.5,36.1,$30.7,2024
Sonny Gray,STL,13,9,0,28,28,166.1,142,79,71,21,39,203,3.84,1.09,10.98,2.11,0.303,0.057999999999999996,0.244,3.12,2.82,3.03,0.203,0.064,,84.8,88.4,,92.6,0.08900000000000001,0.37799999999999995,89.6,11.5,113.5,0.423,0.353,0.22399999999999998,0.075,0.42100000000000004,0.36,0.21899999999999997,0.151,0.508,0.341,0.14300000000000002,3.66,2.82,0.33899999999999997,0.6779999999999999,0.483,0.52,0.8590000000000001,0.723,0.426,0.636,0.134,0.17800000000000002,0.312,0.679,1.14,0.299,79,70,5.21,3.8,2.4,35.4,$30.5,2024
Framber Valdez,HOU,15,7,0,28,28,176.1,140,60,57,13,55,169,2.91,1.11,8.63,2.81,0.24,0.078,0.162,3.25,3.08,3.41,,0.17300000000000001,,,89.9,,95.9,0.053,0.45,90.2,0.4,114.7,0.606,0.2,0.19399999999999998,0.032,0.41600000000000004,0.37799999999999995,0.205,0.129,0.55,0.321,0.14,3.41,3.08,0.312,0.631,0.44799999999999995,0.527,0.889,0.7440000000000001,0.425,0.619,0.114,0.183,0.298,0.7709999999999999,0.66,0.276,79,75,3.07,3.7,5.1,34.2,$29.2,2024
Hunter Greene,CIN,9,5,0,26,26,150.1,96,47,46,12,57,169,2.75,1.02,10.12,3.41,0.27699999999999997,0.09300000000000001,0.183,3.47,4.19,3.8,0.34700000000000003,,,86.9,,,97.8,0.052000000000000005,0.325,87.3,20.8,114.2,0.34,0.483,0.177,0.149,0.38799999999999996,0.32799999999999996,0.284,0.19899999999999998,0.536,0.265,0.069,3.01,4.19,0.327,0.737,0.503,0.599,0.825,0.741,0.429,0.622,0.13,0.13699999999999998,0.267,0.805,0.72,0.237,82,103,2.96,3.7,5.4,34.1,$29.5,2024
Yusei Kikuchi,- - -,9,10,0,32,32,175.2,167,85,79,25,44,206,4.05,1.2,10.55,2.25,0.28,0.06,0.22,3.46,3.2,3.3,0.23399999999999999,0.111,,88.4,86.8,,95.6,0.09699999999999999,0.45,90.1,14.2,119.2,0.426,0.386,0.188,0.081,0.405,0.322,0.273,0.136,0.504,0.36,0.135,3.69,3.2,0.309,0.701,0.483,0.563,0.8290000000000001,0.7340000000000001,0.44299999999999995,0.654,0.128,0.168,0.297,0.7190000000000001,1.28,0.309,83,78,4.68,3.6,2.4,34.2,$29.1,2024
Reynaldo Lopez,ATL,8,5,0,26,25,135.2,108,32,30,10,42,148,1.99,1.11,9.82,2.79,0.273,0.077,0.195,2.92,3.44,3.58,0.295,0.038,,85.1,86.1,,95.7,0.08800000000000001,0.42200000000000004,89.8,13.8,115.6,0.39399999999999996,0.382,0.22399999999999998,0.098,0.365,0.35600000000000004,0.27899999999999997,0.142,0.5529999999999999,0.305,0.075,3.92,3.44,0.325,0.701,0.49,0.5579999999999999,0.863,0.75,0.439,0.643,0.122,0.163,0.28600000000000003,0.87,0.66,0.287,74,85,3.52,3.5,5.9,32.6,$28.3,2024
Ranger Suarez,PHI,12,8,0,27,27,150.2,140,63,58,14,41,145,3.46,1.2,8.66,2.45,0.23199999999999998,0.065,0.166,3.37,3.26,3.61,0.001,0.163,,82.7,80.1,,92.0,0.051,0.34299999999999997,86.9,6.3,115.6,0.519,0.258,0.223,0.109,0.461,0.34600000000000003,0.19399999999999998,0.154,0.562,0.28300000000000003,0.127,3.66,3.26,0.341,0.6659999999999999,0.469,0.6659999999999999,0.903,0.799,0.395,0.645,0.094,0.175,0.26899999999999996,0.7390000000000001,0.84,0.299,82,81,3.54,3.4,3.5,32.0,$27.5,2024
Max Fried,ATL,11,10,0,29,29,174.1,146,71,63,13,57,166,3.25,1.16,8.57,2.94,0.23199999999999998,0.08,0.153,3.33,3.33,3.61,0.158,0.13699999999999998,,83.8,85.8,,94.2,0.05,0.345,86.3,3.0,114.4,0.588,0.23199999999999998,0.18,0.054000000000000006,0.435,0.311,0.255,0.151,0.588,0.261,0.11699999999999999,3.69,3.33,0.321,0.649,0.457,0.644,0.868,0.7759999999999999,0.413,0.65,0.102,0.17600000000000002,0.278,0.725,0.67,0.282,84,82,2.91,3.4,4.0,31.8,$27.0,2024
Nick Martinez,CIN,10,7,0,42,16,142.1,128,56,49,13,18,116,3.1,1.03,7.33,1.14,0.204,0.032,0.172,3.21,3.89,3.8,0.059000000000000004,0.21600000000000003,,85.0,80.1,,92.8,0.051,0.304,86.4,17.0,112.4,0.369,0.414,0.21600000000000003,0.14800000000000002,0.39299999999999996,0.342,0.265,0.198,0.5720000000000001,0.23,0.07400000000000001,3.19,3.89,0.363,0.6920000000000001,0.508,0.6709999999999999,0.863,0.7859999999999999,0.441,0.675,0.109,0.16399999999999998,0.273,0.715,0.82,0.275,76,96,6.44,3.4,3.2,31.6,$27.2,2024
Erick Fedde,- - -,9,9,0,31,31,177.1,154,66,65,20,52,154,3.3,1.16,7.82,2.64,0.212,0.07200000000000001,0.14,3.86,4.12,4.19,0.20199999999999999,,,83.5,,,93.4,0.076,0.377,88.6,14.9,116.5,0.42100000000000004,0.39399999999999996,0.185,0.168,0.36700000000000005,0.369,0.264,0.18100000000000002,0.511,0.309,0.099,3.91,4.12,0.29,0.698,0.45299999999999996,0.69,0.88,0.807,0.39899999999999997,0.647,0.087,0.161,0.248,0.792,1.02,0.271,93,101,2.96,3.4,4.7,32.1,$27.3,2024
Jack Flaherty,- - -,13,7,0,28,28,162.0,135,61,57,24,38,194,3.17,1.07,10.78,2.11,0.299,0.059000000000000004,0.24,3.48,3.0,3.1,0.292,0.026000000000000002,,84.8,85.9,,93.4,0.077,0.349,88.4,14.0,117.5,0.395,0.37799999999999995,0.22699999999999998,0.09,0.436,0.341,0.223,0.157,0.542,0.3,0.155,3.58,3.0,0.32899999999999996,0.6809999999999999,0.46299999999999997,0.547,0.843,0.7120000000000001,0.38,0.612,0.133,0.18,0.313,0.809,1.33,0.285,84,73,5.11,3.3,4.1,31.0,$26.6,2024
Michael Wacha,KCR,13,8,0,29,29,166.2,154,65,62,17,45,145,3.35,1.19,7.83,2.43,0.212,0.066,0.146,3.65,4.14,4.17,0.08,0.322,,83.9,81.3,,93.8,0.08199999999999999,0.324,86.9,15.7,117.5,0.386,0.415,0.19899999999999998,0.15,0.429,0.313,0.258,0.213,0.505,0.282,0.085,4.03,4.14,0.316,0.693,0.48,0.652,0.861,0.784,0.436,0.645,0.10400000000000001,0.159,0.262,0.7709999999999999,0.92,0.29,89,101,3.22,3.3,4.2,31.3,$26.6,2024
Tanner Bibee,CLE,12,8,0,31,31,173.2,150,70,67,22,44,187,3.47,1.12,9.69,2.28,0.263,0.062,0.201,3.56,3.72,3.58,0.278,0.18,,86.2,82.5,,94.7,0.07,0.369,88.4,17.7,116.7,0.34600000000000003,0.444,0.209,0.135,0.408,0.308,0.285,0.153,0.55,0.297,0.106,3.75,3.72,0.315,0.75,0.509,0.6509999999999999,0.8170000000000001,0.76,0.445,0.659,0.122,0.152,0.27399999999999997,0.7709999999999999,1.14,0.285,88,91,4.25,3.3,3.5,31.2,$26.4,2024
Pablo Lopez,MIN,15,10,0,32,32,185.1,180,90,84,26,41,198,4.08,1.19,9.62,1.99,0.256,0.053,0.203,3.65,3.36,3.46,0.21899999999999997,0.2,,84.5,88.5,,95.1,0.08199999999999999,0.373,87.9,13.3,113.0,0.429,0.36200000000000004,0.21,0.08,0.43799999999999994,0.317,0.245,0.134,0.568,0.298,0.138,3.66,3.36,0.358,0.723,0.515,0.625,0.83,0.7490000000000001,0.43200000000000005,0.675,0.129,0.14800000000000002,0.278,0.722,1.26,0.309,89,82,4.83,3.2,2.5,30.7,$25.8,2024
Hunter Brown,HOU,11,9,0,31,30,170.0,156,71,66,18,60,179,3.49,1.27,9.48,3.18,0.251,0.084,0.16699999999999998,3.58,3.47,3.74,0.054000000000000006,,,89.2,,,96.1,0.045,0.303,86.2,9.6,114.0,0.489,0.305,0.20600000000000002,0.134,0.35,0.37799999999999995,0.271,0.192,0.59,0.218,0.127,3.3,3.47,0.306,0.677,0.462,0.672,0.843,0.778,0.42100000000000004,0.601,0.10300000000000001,0.16699999999999998,0.27,0.7659999999999999,0.95,0.307,88,84,2.98,3.2,3.3,30.0,$25.4,2024
MacKenzie Gore,WSN,10,12,0,32,32,166.1,171,93,72,15,65,181,3.9,1.42,9.79,3.52,0.248,0.08900000000000001,0.159,3.53,3.87,3.98,0.157,0.09300000000000001,,90.7,85.9,,96.1,0.068,0.38,88.0,13.5,113.2,0.391,0.353,0.255,0.066,0.376,0.364,0.26,0.156,0.5429999999999999,0.3,0.09,4.19,3.87,0.315,0.747,0.502,0.581,0.846,0.752,0.433,0.581,0.125,0.13699999999999998,0.261,0.6809999999999999,0.81,0.34,87,95,2.78,3.2,1.2,30.5,$25.8,2024
Shota Imanaga,CHC,15,3,0,29,29,173.1,149,66,56,27,28,174,2.91,1.02,9.03,1.45,0.251,0.04,0.21,3.72,3.62,3.5,0.076,0.021,,81.7,88.7,,91.9,0.086,0.39299999999999996,88.6,17.8,114.4,0.37200000000000005,0.455,0.17300000000000001,0.109,0.45,0.33299999999999996,0.217,0.166,0.526,0.309,0.122,3.38,3.62,0.389,0.767,0.555,0.6,0.83,0.7390000000000001,0.43799999999999994,0.68,0.145,0.129,0.27399999999999997,0.802,1.4,0.264,93,89,6.21,3.1,4.4,29.3,$24.8,2024
Aaron Nola,PHI,14,8,0,33,33,199.1,189,84,79,30,50,197,3.57,1.2,8.89,2.26,0.24,0.061,0.179,3.94,3.44,3.68,,0.096,,,85.8,,92.6,0.07200000000000001,0.382,88.5,12.0,120.5,0.445,0.33899999999999997,0.21600000000000003,0.083,0.47700000000000004,0.314,0.209,0.16,0.535,0.305,0.156,3.73,3.44,0.34700000000000003,0.6859999999999999,0.48200000000000004,0.627,0.882,0.772,0.39899999999999997,0.665,0.11,0.17,0.28,0.79,1.35,0.294,95,85,3.94,3.1,4.5,29.9,$25.0,2024
Brandon Pfaadt,ARI,11,10,0,32,32,181.2,183,103,95,24,42,185,4.71,1.24,9.17,2.08,0.243,0.055,0.188,3.61,3.58,3.65,0.273,0.113,,84.9,87.5,,93.9,0.081,0.39299999999999996,89.4,14.1,115.5,0.415,0.38799999999999996,0.19699999999999998,0.099,0.42700000000000005,0.32299999999999995,0.25,0.131,0.564,0.306,0.11800000000000001,3.76,3.58,0.326,0.6940000000000001,0.491,0.6,0.866,0.768,0.449,0.708,0.114,0.17600000000000002,0.29,0.645,1.19,0.315,92,88,4.4,3.1,1.2,29.7,$25.0,2024
Nestor Cortes,NYY,9,10,0,31,30,174.1,162,74,73,24,39,162,3.77,1.15,8.36,2.01,0.228,0.055,0.17300000000000001,3.84,4.16,4.02,0.166,0.09699999999999999,,78.3,83.6,,92.1,0.079,0.436,89.7,22.4,117.4,0.311,0.489,0.2,0.131,0.37,0.376,0.253,0.16399999999999998,0.519,0.317,0.098,3.61,4.16,0.31,0.755,0.502,0.7070000000000001,0.8340000000000001,0.79,0.43200000000000005,0.589,0.106,0.146,0.252,0.764,1.24,0.287,92,102,4.15,3.1,3.2,29.1,$24.6,2024
Joe Ryan,MIN,7,7,0,23,23,135.0,110,59,54,19,23,147,3.6,0.99,9.8,1.53,0.273,0.043,0.23,3.44,3.44,3.28,0.233,,,83.1,,,94.0,0.085,0.366,88.3,18.5,116.4,0.35700000000000004,0.45399999999999996,0.18899999999999997,0.19,0.42700000000000005,0.331,0.242,0.198,0.521,0.281,0.11699999999999999,2.86,3.44,0.324,0.7070000000000001,0.508,0.621,0.8170000000000001,0.752,0.48100000000000004,0.7040000000000001,0.126,0.17,0.29600000000000004,0.7090000000000001,1.27,0.265,84,84,6.39,3.1,2.4,29.1,$25.1,2024
Blake Snell,SFG,5,3,0,20,20,104.0,65,38,36,6,44,145,3.12,1.05,12.55,3.81,0.34700000000000003,0.105,0.242,2.43,3.01,3.16,0.099,0.177,,88.8,85.5,,96.1,0.057,0.289,86.5,14.6,111.6,0.42,0.40700000000000003,0.17300000000000001,0.098,0.40399999999999997,0.33299999999999996,0.263,0.171,0.575,0.254,0.065,2.55,3.01,0.34600000000000003,0.6509999999999999,0.455,0.494,0.7829999999999999,0.6409999999999999,0.35600000000000004,0.648,0.163,0.165,0.32799999999999996,0.7090000000000001,0.52,0.266,63,75,3.3,3.1,2.5,28.0,$24.6,2024
Kevin Gausman,TOR,14,11,0,31,31,181.0,165,86,77,20,56,162,3.83,1.22,8.06,2.78,0.214,0.07400000000000001,0.14,3.77,4.22,4.24,0.084,,,82.8,,,94.0,0.09699999999999999,0.41600000000000004,90.2,16.1,117.5,0.38299999999999995,0.42200000000000004,0.195,0.057999999999999996,0.41700000000000004,0.321,0.262,0.136,0.501,0.363,0.08900000000000001,4.82,4.22,0.33,0.725,0.495,0.6709999999999999,0.868,0.7909999999999999,0.41700000000000004,0.643,0.105,0.152,0.258,0.703,0.99,0.281,91,103,2.89,3.0,2.5,28.6,$24.0,2024
Bailey Ober,MIN,12,9,0,31,31,178.2,136,81,79,27,43,191,3.98,1.0,9.62,2.17,0.26899999999999996,0.061,0.209,3.82,3.83,3.56,0.11599999999999999,0.294,,80.3,83.4,,91.7,0.083,0.34299999999999997,87.5,20.4,113.8,0.335,0.503,0.161,0.10300000000000001,0.439,0.341,0.22,0.183,0.514,0.303,0.115,3.21,3.83,0.371,0.737,0.523,0.632,0.797,0.728,0.41600000000000004,0.674,0.142,0.152,0.294,0.7070000000000001,1.36,0.247,93,93,4.44,3.0,3.0,28.2,$23.7,2024
Justin Steele,CHC,5,5,0,24,24,134.2,111,54,46,12,37,135,3.07,1.1,9.02,2.47,0.243,0.067,0.177,3.23,3.62,3.74,0.29600000000000004,0.032,,83.3,86.2,,,0.042,0.332,86.9,12.3,114.1,0.44799999999999995,0.375,0.177,0.065,0.38,0.332,0.28800000000000003,0.174,0.562,0.264,0.087,2.74,3.62,0.308,0.705,0.512,0.616,0.865,0.792,0.513,0.6809999999999999,0.106,0.171,0.27699999999999997,0.725,0.8,0.27,81,89,3.65,3.0,3.1,28.0,$24.0,2024
Yoshinobu Yamamoto,LAD,7,2,0,18,18,90.0,78,32,30,7,22,105,3.0,1.11,10.5,2.2,0.285,0.06,0.226,2.61,2.86,3.14,0.033,,,86.3,,,95.6,0.083,0.413,88.4,8.4,112.0,0.479,0.315,0.20600000000000002,0.08,0.396,0.358,0.24600000000000002,0.146,0.529,0.325,0.09300000000000001,3.43,2.86,0.34299999999999997,0.665,0.483,0.586,0.861,0.75,0.434,0.622,0.12,0.184,0.304,0.757,0.7,0.305,63,71,4.77,2.9,2.6,26.0,$23.0,2024
Zac Gallen,ARI,14,6,0,28,28,148.0,133,62,60,13,54,156,3.65,1.26,9.49,3.28,0.251,0.087,0.16399999999999998,3.38,3.62,3.85,0.087,0.14,,87.0,86.7,,93.8,0.07400000000000001,0.41,90.0,11.9,114.0,0.462,0.336,0.20199999999999999,0.08800000000000001,0.396,0.373,0.231,0.133,0.516,0.35100000000000003,0.096,3.95,3.62,0.33,0.652,0.442,0.623,0.8909999999999999,0.7609999999999999,0.348,0.589,0.106,0.17800000000000002,0.28300000000000003,0.747,0.79,0.305,86,89,2.89,2.8,3.2,26.8,$22.6,2024
Sean Manaea,NYM,12,6,0,32,32,181.2,134,75,70,21,63,184,3.47,1.08,9.12,3.12,0.249,0.085,0.16399999999999998,3.83,4.04,3.96,0.245,0.11699999999999999,,79.3,85.4,,92.2,0.075,0.37799999999999995,88.6,16.3,114.9,0.376,0.431,0.193,0.102,0.376,0.358,0.266,0.156,0.524,0.32,0.102,3.74,4.04,0.322,0.701,0.48700000000000004,0.614,0.847,0.76,0.436,0.598,0.11699999999999999,0.159,0.276,0.742,1.04,0.245,95,99,2.92,2.8,3.6,26.7,$22.3,2024
Zach Eflin,- - -,10,9,0,28,28,165.1,166,71,66,22,24,134,3.59,1.15,7.29,1.31,0.196,0.035,0.161,3.77,3.81,3.97,0.10300000000000001,0.061,,79.7,85.7,,92.6,0.075,0.361,88.1,13.3,115.3,0.42700000000000005,0.375,0.19699999999999998,0.129,0.446,0.319,0.235,0.174,0.503,0.32299999999999995,0.113,3.67,3.81,0.355,0.675,0.499,0.675,0.892,0.8079999999999999,0.45,0.665,0.096,0.18,0.276,0.752,1.2,0.287,94,93,5.58,2.8,3.0,26.7,$22.5,2024
Bryce Miller,SEA,12,8,0,31,31,180.1,131,62,59,21,45,171,2.94,0.98,8.53,2.25,0.243,0.064,0.179,3.58,3.85,3.8,0.168,,,84.5,,,95.3,0.09699999999999999,0.41200000000000003,90.3,16.3,110.7,0.381,0.441,0.17800000000000002,0.075,0.40399999999999997,0.34600000000000003,0.249,0.14,0.542,0.318,0.099,3.71,3.85,0.304,0.718,0.48700000000000004,0.638,0.847,0.774,0.442,0.622,0.11,0.162,0.272,0.782,1.05,0.237,91,94,3.8,2.7,4.5,26.4,$22.0,2024
Spencer Schwellenbach,ATL,8,7,0,21,21,123.2,106,49,46,14,23,127,3.35,1.04,9.24,1.67,0.254,0.046,0.20800000000000002,3.29,3.34,3.42,0.201,,,87.3,,,96.2,0.049,0.39799999999999996,87.6,11.7,117.3,0.41600000000000004,0.36700000000000005,0.217,0.096,0.413,0.34,0.247,0.183,0.517,0.299,0.11199999999999999,3.44,3.34,0.382,0.698,0.528,0.59,0.8420000000000001,0.7440000000000001,0.462,0.672,0.135,0.162,0.297,0.745,1.02,0.279,83,83,5.52,2.7,3.0,24.8,$21.2,2024
Cade Smith,CLE,6,1,1,74,0,75.1,51,16,16,1,17,103,1.91,0.9,12.31,2.03,0.35600000000000004,0.059000000000000004,0.298,1.4,2.41,2.16,0.10099999999999999,,,82.1,,,96.1,0.084,0.428,90.4,11.9,120.3,0.436,0.358,0.20600000000000002,0.102,0.331,0.392,0.27699999999999997,0.12,0.608,0.271,0.017,2.55,2.41,0.3,0.7040000000000001,0.49700000000000005,0.57,0.8,0.7290000000000001,0.489,0.633,0.135,0.188,0.322,0.79,0.12,0.303,33,58,6.06,2.7,2.5,25.5,$21.5,2024
Nathan Eovaldi,TEX,12,8,0,29,29,170.2,147,74,72,23,42,166,3.8,1.11,8.75,2.21,0.239,0.06,0.17800000000000002,3.83,3.47,3.64,0.028999999999999998,,,86.0,,,95.6,0.077,0.426,89.3,8.8,114.2,0.483,0.32799999999999996,0.188,0.07,0.39899999999999997,0.374,0.22699999999999998,0.11900000000000001,0.541,0.341,0.146,3.89,3.47,0.348,0.725,0.521,0.619,0.825,0.7509999999999999,0.45799999999999996,0.655,0.13,0.156,0.28600000000000003,0.745,1.21,0.271,93,85,3.95,2.6,3.1,25.2,$21.0,2024
Griffin Jax,MIN,5,5,10,72,0,71.0,47,19,16,4,15,95,2.03,0.87,12.04,1.9,0.344,0.054000000000000006,0.29,1.94,2.32,2.15,0.371,0.16699999999999998,,88.8,92.4,,97.1,0.079,0.384,88.3,6.2,111.3,0.522,0.32299999999999995,0.155,0.057999999999999996,0.41700000000000004,0.35600000000000004,0.22699999999999998,0.233,0.44799999999999995,0.319,0.077,2.36,2.32,0.41200000000000003,0.6659999999999999,0.52,0.484,0.7809999999999999,0.645,0.423,0.7070000000000001,0.184,0.172,0.35700000000000004,0.7709999999999999,0.51,0.269,46,56,6.33,2.6,2.6,24.8,$20.8,2024
Brady Singer,KCR,9,13,0,32,32,179.2,175,77,74,22,54,170,3.71,1.27,8.52,2.71,0.223,0.071,0.152,3.93,3.62,3.89,0.455,0.017,,82.9,87.9,,91.7,0.08,0.41700000000000004,88.9,8.9,114.7,0.47100000000000003,0.29100000000000004,0.23800000000000002,0.066,0.419,0.39,0.191,0.159,0.515,0.326,0.145,4.67,3.62,0.29,0.6659999999999999,0.446,0.569,0.893,0.769,0.414,0.585,0.10300000000000001,0.18100000000000002,0.284,0.778,1.1,0.302,96,88,3.15,2.5,3.7,23.7,$19.6,2024
Reese Olson,DET,4,8,0,22,22,112.1,100,51,44,7,33,101,3.53,1.18,8.09,2.64,0.217,0.071,0.146,3.17,3.72,3.93,0.278,0.223,,84.8,86.6,,94.3,0.055,0.43700000000000006,90.2,8.9,111.0,0.506,0.312,0.182,0.099,0.462,0.324,0.214,0.128,0.5660000000000001,0.306,0.069,3.63,3.72,0.348,0.6829999999999999,0.47100000000000003,0.5489999999999999,0.89,0.7290000000000001,0.365,0.637,0.127,0.155,0.282,0.6759999999999999,0.56,0.291,77,91,3.06,2.5,1.7,23.3,$19.9,2024
Ryan Feltner,COL,3,10,0,30,30,162.1,165,94,81,20,52,138,4.49,1.34,7.65,2.88,0.19899999999999998,0.075,0.124,4.16,4.17,4.31,0.249,0.147,,87.6,85.3,,94.8,0.065,0.368,88.1,11.9,111.3,0.449,0.35200000000000004,0.19899999999999998,0.075,0.39399999999999996,0.38,0.226,0.158,0.515,0.327,0.11599999999999999,4.3,4.17,0.29600000000000004,0.7,0.479,0.6409999999999999,0.853,0.7809999999999999,0.452,0.626,0.105,0.162,0.267,0.6629999999999999,1.11,0.305,97,103,2.65,2.5,2.1,23.7,$19.7,2024
Mitchell Parker,WSN,7,10,0,29,29,151.0,154,82,72,18,43,133,4.29,1.3,7.93,2.56,0.20600000000000002,0.067,0.139,3.85,4.17,4.25,0.098,,,84.5,,,92.6,0.081,0.389,89.6,15.3,113.6,0.38,0.406,0.215,0.075,0.444,0.308,0.248,0.132,0.547,0.321,0.096,4.36,4.17,0.33799999999999997,0.733,0.512,0.643,0.893,0.8009999999999999,0.441,0.649,0.102,0.154,0.256,0.6729999999999999,1.07,0.302,94,103,3.09,2.4,1.3,23.3,$19.5,2024
Jameson Taillon,CHC,12,8,0,28,28,165.1,154,67,60,21,33,125,3.27,1.13,6.8,1.8,0.185,0.049,0.136,3.92,4.16,4.29,0.155,0.042,,80.5,86.0,,92.5,0.07200000000000001,0.38799999999999996,89.7,15.9,114.0,0.401,0.405,0.19399999999999998,0.068,0.445,0.332,0.223,0.136,0.536,0.32799999999999996,0.102,4.03,4.16,0.31,0.6729999999999999,0.48,0.6829999999999999,0.8959999999999999,0.823,0.46799999999999997,0.6559999999999999,0.085,0.182,0.267,0.763,1.14,0.269,98,102,3.79,2.3,3.7,22.6,$18.8,2024
Luis Castillo,SEA,11,12,0,30,30,175.1,158,73,71,25,47,175,3.64,1.17,8.98,2.41,0.243,0.065,0.17800000000000002,3.91,3.82,3.79,0.223,0.14300000000000002,,85.7,88.1,,95.7,0.085,0.419,89.7,16.3,112.4,0.39299999999999996,0.42,0.187,0.12300000000000001,0.409,0.331,0.26,0.159,0.522,0.319,0.12300000000000001,3.91,3.82,0.349,0.736,0.506,0.642,0.855,0.768,0.406,0.647,0.11800000000000001,0.151,0.26899999999999996,0.7829999999999999,1.28,0.285,100,93,3.72,2.3,2.9,22.2,$18.3,2024
Freddy Peralta,MIL,11,9,0,32,32,173.2,143,74,71,26,68,200,3.68,1.21,10.36,3.52,0.276,0.094,0.182,4.16,3.93,3.78,0.21600000000000003,0.175,,81.5,87.8,,94.4,0.087,0.369,87.6,17.3,113.5,0.36700000000000005,0.44799999999999995,0.18600000000000003,0.131,0.376,0.36200000000000004,0.262,0.19699999999999998,0.485,0.318,0.131,3.84,3.93,0.32,0.7140000000000001,0.467,0.596,0.8109999999999999,0.7190000000000001,0.373,0.614,0.131,0.139,0.27,0.7959999999999999,1.35,0.278,102,97,2.94,2.3,3.5,22.0,$18.2,2024
Chris Bassitt,TOR,10,14,0,31,31,171.0,180,91,79,18,70,168,4.16,1.46,8.84,3.68,0.222,0.092,0.129,4.08,4.28,4.31,0.11800000000000001,0.053,,77.3,84.5,,92.7,0.075,0.371,87.8,14.3,117.2,0.40299999999999997,0.355,0.242,0.124,0.365,0.365,0.27,0.177,0.49200000000000005,0.331,0.102,4.53,4.28,0.27899999999999997,0.6659999999999999,0.44799999999999995,0.6970000000000001,0.863,0.805,0.43700000000000006,0.624,0.087,0.185,0.272,0.727,0.95,0.333,98,105,2.4,2.3,1.2,22.4,$18.6,2024
Zack Littell,TBR,8,10,0,29,29,156.1,164,68,63,22,31,141,3.63,1.25,8.12,1.78,0.215,0.047,0.168,3.88,4.01,3.99,0.051,,,79.5,,,92.5,0.096,0.39,89.3,18.1,114.4,0.34,0.424,0.235,0.109,0.414,0.368,0.218,0.14,0.5670000000000001,0.293,0.109,4.33,4.01,0.34,0.728,0.516,0.622,0.877,0.785,0.45299999999999996,0.6629999999999999,0.111,0.157,0.268,0.78,1.27,0.311,97,98,4.55,2.3,2.6,21.9,$18.1,2024
Ryan Helsley,STL,7,4,49,65,0,66.1,50,19,15,3,23,79,2.04,1.1,10.72,3.12,0.297,0.086,0.21100000000000002,2.41,3.35,3.08,,,,,,,99.8,0.037000000000000005,0.354,89.4,18.3,114.3,0.368,0.41100000000000003,0.221,0.16399999999999998,0.32299999999999995,0.396,0.28,0.165,0.5429999999999999,0.293,0.045,2.73,3.35,0.368,0.7120000000000001,0.527,0.44,0.8079999999999999,0.67,0.46299999999999997,0.6579999999999999,0.17300000000000001,0.163,0.336,0.785,0.41,0.292,61,83,3.43,2.3,2.4,21.5,$18.0,2024
Mason Miller,OAK,2,2,28,55,0,65.0,36,23,18,6,21,104,2.49,0.88,14.4,2.91,0.418,0.084,0.33299999999999996,2.18,2.21,1.91,0.35,0.018000000000000002,,87.6,92.3,,101.1,0.057,0.325,86.1,17.9,109.8,0.40700000000000003,0.431,0.163,0.151,0.317,0.35,0.33299999999999996,0.228,0.496,0.276,0.113,1.77,2.21,0.40299999999999997,0.6859999999999999,0.523,0.47700000000000004,0.742,0.625,0.426,0.647,0.196,0.153,0.349,0.706,0.83,0.256,54,53,4.95,2.3,1.5,22.2,$18.7,2024
Ronel Blanco,HOU,13,6,0,30,29,167.1,114,56,52,22,68,166,2.8,1.09,8.93,3.66,0.24600000000000002,0.10099999999999999,0.145,4.15,4.09,4.17,0.301,0.221,,86.4,85.3,,93.6,0.09300000000000001,0.355,88.7,16.4,118.7,0.39799999999999996,0.419,0.183,0.131,0.45299999999999996,0.337,0.21,0.17800000000000002,0.506,0.317,0.12,4.01,4.09,0.33799999999999997,0.7,0.485,0.56,0.856,0.733,0.405,0.605,0.129,0.153,0.282,0.836,1.18,0.22,102,100,2.44,2.2,5.0,21.2,$17.5,2024
Mitch Keller,PIT,11,12,0,31,31,178.0,182,90,84,23,50,166,4.25,1.3,8.39,2.53,0.215,0.065,0.15,4.08,4.08,4.08,0.157,0.004,,83.0,89.4,,94.5,0.07200000000000001,0.391,88.8,12.4,115.3,0.39399999999999996,0.368,0.23800000000000002,0.081,0.376,0.33899999999999997,0.285,0.135,0.5329999999999999,0.331,0.11599999999999999,4.29,4.08,0.319,0.67,0.474,0.6709999999999999,0.885,0.805,0.442,0.616,0.09300000000000001,0.187,0.27899999999999997,0.731,1.16,0.306,101,100,3.32,2.2,2.2,21.0,$17.3,2024
Ryne Nelson,ARI,10,6,1,28,25,150.2,155,73,71,17,34,126,4.24,1.25,7.53,2.03,0.2,0.054000000000000006,0.146,3.74,3.98,4.08,0.099,0.099,,84.1,83.0,,95.2,0.075,0.415,90.1,12.0,112.1,0.41600000000000004,0.366,0.218,0.08800000000000001,0.39,0.336,0.27399999999999997,0.14,0.522,0.33799999999999997,0.1,4.15,3.98,0.33399999999999996,0.7290000000000001,0.517,0.75,0.885,0.838,0.46299999999999997,0.6729999999999999,0.084,0.16,0.243,0.711,1.02,0.308,95,98,3.71,2.2,2.1,20.7,$17.3,2024
Bryan Woo,SEA,9,3,0,22,22,121.1,96,41,39,14,13,101,2.89,0.9,7.49,0.96,0.214,0.027999999999999997,0.18600000000000003,3.4,3.75,3.75,0.18600000000000003,0.09,,84.3,89.6,,95.0,0.048,0.35200000000000004,88.8,15.6,115.6,0.406,0.423,0.17,0.087,0.344,0.37200000000000005,0.285,0.14400000000000002,0.6,0.256,0.094,2.71,3.75,0.342,0.721,0.531,0.602,0.872,0.785,0.499,0.7290000000000001,0.114,0.17800000000000002,0.292,0.768,1.04,0.24,86,92,7.77,2.2,3.1,21.2,$17.9,2024
Andrew Heaney,TEX,5,14,0,32,31,160.0,159,84,76,23,41,159,4.28,1.25,8.94,2.31,0.22899999999999998,0.059000000000000004,0.17,4.04,4.18,3.95,0.278,0.17,,82.6,83.8,,91.8,0.083,0.401,89.6,18.2,112.9,0.335,0.444,0.22,0.08,0.40700000000000003,0.345,0.247,0.14800000000000002,0.547,0.306,0.10800000000000001,4.45,4.18,0.349,0.7040000000000001,0.501,0.613,0.858,0.76,0.428,0.638,0.12,0.152,0.272,0.7120000000000001,1.29,0.297,98,102,3.88,2.2,1.3,21.0,$17.4,2024
Emmanuel Clase,CLE,4,2,47,74,0,74.1,39,10,5,2,10,66,0.61,0.66,7.99,1.21,0.244,0.037000000000000005,0.207,2.22,2.81,2.64,0.205,,,91.1,,,,0.036000000000000004,0.297,86.5,3.1,109.7,0.574,0.242,0.184,0.043,0.349,0.396,0.255,0.172,0.604,0.22399999999999998,0.043,2.45,2.81,0.409,0.748,0.563,0.605,0.8590000000000001,0.758,0.45299999999999996,0.6629999999999999,0.136,0.15,0.287,0.851,0.24,0.195,54,68,6.6,2.2,4.1,21.4,$17.9,2024
Luis Gil,NYY,15,7,0,29,29,151.2,104,60,59,18,77,171,3.5,1.19,10.15,4.57,0.268,0.121,0.14800000000000002,4.14,4.36,4.22,0.256,0.252,,87.5,91.6,,96.6,0.094,0.373,89.3,18.9,112.3,0.35600000000000004,0.467,0.177,0.16399999999999998,0.429,0.305,0.266,0.168,0.511,0.321,0.102,3.8,4.36,0.29,0.7,0.45299999999999996,0.609,0.826,0.742,0.39799999999999996,0.5479999999999999,0.11699999999999999,0.154,0.27,0.7879999999999999,1.07,0.237,99,107,2.22,2.1,3.1,20.3,$16.8,2024
Gavin Stone,LAD,11,5,0,25,25,140.1,133,55,55,18,37,116,3.53,1.21,7.44,2.37,0.2,0.064,0.136,4.01,4.02,4.2,0.16399999999999998,0.266,,88.8,87.5,,95.0,0.064,0.36200000000000004,88.2,11.2,114.7,0.442,0.366,0.191,0.077,0.409,0.344,0.247,0.16899999999999998,0.539,0.292,0.11599999999999999,3.92,4.02,0.349,0.721,0.501,0.6729999999999999,0.835,0.768,0.409,0.621,0.11599999999999999,0.149,0.265,0.797,1.15,0.283,96,99,3.14,2.1,3.4,20.6,$17.2,2024
Luis Severino,NYM,11,7,0,31,31,182.0,166,86,79,23,60,161,3.91,1.24,7.96,2.97,0.212,0.079,0.133,4.21,4.12,4.22,0.242,0.075,,85.7,86.2,,96.3,0.057,0.353,87.1,12.7,114.7,0.46,0.36,0.18100000000000002,0.12300000000000001,0.37200000000000005,0.355,0.273,0.203,0.509,0.28800000000000003,0.12300000000000001,3.86,4.12,0.331,0.728,0.503,0.679,0.8909999999999999,0.812,0.434,0.633,0.094,0.147,0.24100000000000002,0.737,1.14,0.283,104,101,2.68,2.1,2.5,20.6,$16.9,2024
Tobias Myers,MIL,9,6,0,27,25,138.0,126,52,46,18,36,127,3.0,1.17,8.28,2.35,0.223,0.063,0.16,3.91,3.97,3.99,0.204,0.114,,85.5,81.2,,92.9,0.077,0.384,89.7,16.3,115.9,0.376,0.406,0.218,0.125,0.41600000000000004,0.322,0.262,0.13,0.556,0.314,0.113,4.22,3.97,0.317,0.7290000000000001,0.495,0.7040000000000001,0.871,0.81,0.43200000000000005,0.67,0.094,0.163,0.257,0.8109999999999999,1.17,0.282,96,98,3.53,2.1,3.4,20.4,$17.1,2024
Matt Strahm,PHI,6,2,3,66,0,62.2,36,14,13,4,11,79,1.87,0.75,11.35,1.58,0.33299999999999996,0.046,0.287,2.29,3.15,2.37,0.195,,,81.6,,,93.6,0.071,0.376,89.2,21.6,113.2,0.314,0.5,0.18600000000000003,0.157,0.418,0.33299999999999996,0.248,0.17,0.5529999999999999,0.27699999999999997,0.057,2.44,3.15,0.35600000000000004,0.7070000000000001,0.529,0.644,0.8190000000000001,0.759,0.493,0.624,0.127,0.165,0.292,0.823,0.57,0.234,56,78,7.18,2.1,2.5,19.5,$16.4,2024
Brayan Bello,BOS,14,8,0,30,30,162.1,157,84,81,19,64,153,4.49,1.36,8.48,3.55,0.218,0.091,0.127,4.19,3.87,4.13,0.28,0.26899999999999996,,86.8,87.7,,95.7,0.07400000000000001,0.41100000000000003,88.5,6.2,115.2,0.508,0.273,0.218,0.085,0.384,0.397,0.21899999999999997,0.152,0.536,0.312,0.147,4.54,3.87,0.321,0.669,0.462,0.622,0.846,0.753,0.405,0.644,0.114,0.16699999999999998,0.281,0.721,1.05,0.303,102,94,2.39,2.0,2.1,19.3,$15.9,2024
Grayson Rodriguez,BAL,13,4,0,20,20,116.2,109,52,50,15,36,130,3.86,1.24,10.03,2.78,0.265,0.073,0.191,3.66,3.57,3.61,0.159,0.21,,86.6,83.1,,96.3,0.078,0.397,89.2,13.4,112.9,0.406,0.381,0.213,0.08199999999999999,0.419,0.363,0.21899999999999997,0.147,0.528,0.325,0.12300000000000001,3.71,3.57,0.34299999999999997,0.69,0.5,0.552,0.8340000000000001,0.728,0.452,0.6779999999999999,0.136,0.161,0.29600000000000004,0.76,1.16,0.308,90,87,3.61,2.0,1.9,19.2,$16.2,2024
Nick Lodolo,CIN,9,6,0,21,21,115.1,101,62,61,13,37,122,4.76,1.2,9.52,2.89,0.247,0.075,0.172,3.95,3.95,3.78,0.273,0.16399999999999998,,81.7,88.2,,94.3,0.08199999999999999,0.38,89.2,11.8,114.3,0.447,0.358,0.195,0.11599999999999999,0.42100000000000004,0.332,0.247,0.142,0.573,0.285,0.11599999999999999,3.72,3.95,0.33,0.635,0.461,0.597,0.8440000000000001,0.742,0.428,0.665,0.11800000000000001,0.17300000000000001,0.292,0.682,1.01,0.29,93,97,3.3,2.0,1.3,19.1,$16.0,2024
Trevor Williams,WSN,6,1,0,13,13,66.2,51,17,15,3,18,59,2.03,1.04,7.97,2.43,0.22699999999999998,0.069,0.158,2.79,3.82,3.96,0.34700000000000003,0.16399999999999998,,78.7,82.8,,89.2,0.066,0.39299999999999996,89.4,13.4,111.6,0.45399999999999996,0.38799999999999996,0.158,0.099,0.41,0.311,0.27899999999999997,0.14800000000000002,0.541,0.311,0.042,3.15,3.82,0.313,0.7020000000000001,0.461,0.7090000000000001,0.86,0.7959999999999999,0.382,0.6,0.094,0.16,0.254,0.802,0.41,0.267,69,94,3.28,2.0,2.8,18.0,$15.8,2024
Nick Pivetta,BOS,6,12,0,27,26,145.2,128,70,67,28,36,172,4.14,1.13,10.63,2.22,0.289,0.061,0.22899999999999998,4.07,3.5,3.31,0.284,,,82.7,,,94.1,0.10099999999999999,0.389,89.4,19.4,114.9,0.335,0.483,0.182,0.075,0.42,0.342,0.23800000000000002,0.142,0.479,0.37799999999999995,0.151,3.51,3.5,0.342,0.698,0.502,0.5820000000000001,0.89,0.775,0.449,0.6859999999999999,0.113,0.161,0.27399999999999997,0.755,1.73,0.279,99,85,4.78,2.0,2.3,19.3,$16.1,2024
Jeff Hoffman,PHI,3,3,10,68,0,66.1,48,20,16,6,16,89,2.17,0.96,12.08,2.17,0.336,0.06,0.275,2.52,2.8,2.39,0.408,0.12,,86.9,90.6,,96.9,0.076,0.42,88.3,17.3,112.5,0.376,0.408,0.217,0.172,0.478,0.318,0.204,0.172,0.522,0.306,0.094,2.86,2.8,0.371,0.703,0.515,0.469,0.8109999999999999,0.672,0.43700000000000006,0.664,0.16899999999999998,0.151,0.319,0.802,0.81,0.278,62,69,5.56,2.0,2.1,19.4,$16.3,2024
David Peterson,NYM,10,3,0,21,21,121.0,110,44,39,8,46,101,2.9,1.29,7.51,3.42,0.198,0.09,0.10800000000000001,3.67,4.1,4.37,0.184,0.16399999999999998,,85.1,84.7,,93.2,0.073,0.42700000000000005,89.3,7.2,114.4,0.501,0.292,0.207,0.057999999999999996,0.36200000000000004,0.39,0.247,0.138,0.556,0.306,0.078,4.56,4.1,0.324,0.691,0.475,0.635,0.861,0.77,0.41200000000000003,0.637,0.109,0.166,0.275,0.784,0.6,0.293,91,101,2.2,1.9,3.1,18.0,$15.0,2024
Miles Mikolas,STL,10,11,0,32,32,171.2,194,106,102,26,25,122,5.35,1.28,6.4,1.31,0.16899999999999998,0.035,0.135,4.24,4.08,4.28,0.284,0.084,,85.7,85.6,,93.4,0.081,0.423,88.8,13.6,113.0,0.419,0.365,0.21600000000000003,0.11699999999999999,0.406,0.35100000000000003,0.243,0.152,0.519,0.33,0.126,4.63,4.08,0.313,0.685,0.49700000000000005,0.759,0.9059999999999999,0.8590000000000001,0.495,0.7240000000000001,0.07,0.19,0.26,0.629,1.36,0.31,106,100,4.88,1.9,0.0,18.9,$15.5,2024
Ryan Pepiot,TBR,8,8,0,26,26,130.0,102,58,52,17,48,142,3.6,1.15,9.83,3.32,0.263,0.08900000000000001,0.174,3.95,4.05,3.88,0.174,0.235,,89.1,85.9,,95.0,0.091,0.371,89.3,19.1,113.7,0.353,0.456,0.191,0.155,0.405,0.32,0.276,0.17,0.522,0.308,0.11,3.62,4.05,0.322,0.6920000000000001,0.478,0.595,0.8170000000000001,0.73,0.42200000000000004,0.662,0.129,0.16,0.289,0.743,1.18,0.262,99,99,2.96,1.9,1.9,18.2,$15.1,2024
Kirby Yates,TEX,7,2,33,61,0,61.2,23,10,8,3,28,85,1.17,0.83,12.41,4.09,0.359,0.11800000000000001,0.24100000000000002,2.5,3.12,2.85,0.006,,,85.8,,,93.4,0.040999999999999995,0.32799999999999996,87.6,15.2,106.5,0.455,0.42100000000000004,0.124,0.098,0.42100000000000004,0.364,0.215,0.165,0.595,0.24,0.059000000000000004,1.86,3.12,0.358,0.691,0.49200000000000005,0.623,0.743,0.69,0.401,0.633,0.152,0.151,0.303,0.8809999999999999,0.44,0.168,60,76,3.04,1.9,3.4,18.1,$15.2,2024
Jake Irvin,WSN,10,14,0,33,33,187.2,173,97,92,29,52,156,4.41,1.2,7.48,2.49,0.203,0.068,0.135,4.41,4.03,4.21,0.003,0.039,,86.1,88.6,,94.1,0.092,0.391,88.8,11.4,115.6,0.439,0.36700000000000005,0.193,0.079,0.424,0.336,0.24100000000000002,0.18100000000000002,0.485,0.33399999999999996,0.14300000000000002,4.31,4.03,0.304,0.69,0.48200000000000004,0.649,0.8809999999999999,0.8029999999999999,0.462,0.615,0.095,0.16699999999999998,0.262,0.701,1.39,0.273,108,99,3.0,1.8,2.1,17.8,$14.5,2024
Kutter Crawford,BOS,9,16,0,33,33,183.2,155,97,89,34,51,175,4.36,1.12,8.58,2.5,0.231,0.067,0.163,4.65,4.35,4.09,0.183,,,80.8,,,92.8,0.099,0.363,88.4,19.8,116.7,0.33,0.494,0.17600000000000002,0.145,0.424,0.332,0.244,0.16399999999999998,0.5479999999999999,0.28800000000000003,0.133,3.85,4.35,0.36700000000000005,0.706,0.519,0.622,0.86,0.7659999999999999,0.446,0.635,0.121,0.157,0.278,0.705,1.67,0.247,113,106,3.43,1.8,2.2,18.0,$14.7,2024
Gerrit Cole,NYY,8,5,0,17,17,95.0,78,38,36,11,29,99,3.41,1.13,9.38,2.75,0.254,0.07400000000000001,0.179,3.69,3.99,3.79,0.14400000000000002,0.04,,88.3,88.3,,95.9,0.07400000000000001,0.395,89.7,16.9,111.0,0.387,0.441,0.172,0.142,0.371,0.34,0.289,0.18,0.488,0.332,0.09699999999999999,3.6,3.99,0.324,0.684,0.48,0.633,0.866,0.777,0.435,0.672,0.107,0.168,0.275,0.768,1.04,0.273,88,97,3.41,1.8,1.9,16.8,$14.2,2024
Andre Pallante,STL,8,8,0,29,20,121.1,110,55,51,8,48,94,3.78,1.3,6.97,3.56,0.185,0.094,0.09,3.71,3.89,4.15,0.175,,,87.5,,,94.7,0.033,0.373,87.4,1.1,112.3,0.618,0.228,0.154,0.07200000000000001,0.41600000000000004,0.353,0.23,0.184,0.551,0.266,0.096,3.49,3.89,0.28600000000000003,0.6970000000000001,0.46399999999999997,0.6679999999999999,0.9009999999999999,0.82,0.434,0.601,0.083,0.155,0.239,0.706,0.59,0.286,93,96,1.96,1.8,2.0,17.0,$14.3,2024
Matt Waldron,SDP,7,11,0,27,26,146.2,145,84,80,21,40,133,4.91,1.26,8.16,2.45,0.213,0.064,0.149,4.26,4.32,4.13,0.19699999999999998,,0.384,79.3,,77.6,90.8,0.07,0.349,88.1,16.4,113.4,0.389,0.428,0.183,0.128,0.402,0.391,0.207,0.16399999999999998,0.534,0.302,0.11199999999999999,4.11,4.32,0.281,0.667,0.451,0.7140000000000001,0.856,0.8059999999999999,0.441,0.627,0.087,0.187,0.275,0.672,1.29,0.295,106,106,3.33,1.8,0.5,16.9,$14.1,2024
Jared Jones,PIT,6,8,0,22,22,121.2,106,60,56,18,39,132,4.14,1.19,9.76,2.88,0.262,0.077,0.185,4.0,3.78,3.72,0.35,0.066,,88.8,90.0,,97.4,0.098,0.445,89.6,14.5,110.9,0.387,0.418,0.195,0.11699999999999999,0.39,0.37200000000000005,0.23800000000000002,0.149,0.515,0.335,0.131,4.04,3.78,0.335,0.731,0.516,0.562,0.816,0.726,0.45799999999999996,0.625,0.141,0.151,0.292,0.721,1.33,0.284,99,93,3.38,1.8,1.8,17.0,$14.1,2024
Simeon Woods Richardson,MIN,5,5,0,28,28,133.2,125,63,62,16,48,117,4.17,1.29,7.88,3.23,0.20600000000000002,0.084,0.121,4.12,4.55,4.51,0.313,0.193,,86.4,82.8,,93.0,0.08199999999999999,0.36200000000000004,88.4,18.5,109.4,0.353,0.44299999999999995,0.204,0.11900000000000001,0.42100000000000004,0.289,0.289,0.155,0.564,0.282,0.091,4.01,4.55,0.326,0.7140000000000001,0.495,0.7040000000000001,0.867,0.807,0.436,0.657,0.096,0.155,0.251,0.736,1.08,0.283,101,111,2.44,1.8,2.0,17.8,$14.7,2024
Jon Gray,TEX,5,6,0,23,19,102.2,107,54,51,11,28,86,4.47,1.31,7.54,2.45,0.196,0.064,0.132,3.7,4.24,4.29,0.439,0.071,,88.7,88.8,,95.1,0.086,0.42200000000000004,90.5,15.3,112.8,0.401,0.40700000000000003,0.193,0.107,0.41200000000000003,0.36,0.228,0.145,0.489,0.366,0.084,4.66,4.24,0.341,0.72,0.514,0.593,0.88,0.777,0.457,0.626,0.114,0.153,0.267,0.677,0.96,0.306,90,104,3.07,1.8,0.7,17.2,$14.4,2024
David Robertson,TEX,3,4,2,68,0,72.0,53,25,24,5,27,99,3.0,1.11,12.38,3.38,0.33399999999999996,0.091,0.243,2.65,2.88,2.69,0.07200000000000001,0.018000000000000002,,83.7,88.1,,,0.055,0.376,88.7,9.9,111.7,0.488,0.32899999999999996,0.183,0.055999999999999994,0.32899999999999996,0.457,0.213,0.177,0.48200000000000004,0.341,0.09300000000000001,3.18,2.88,0.27699999999999997,0.636,0.434,0.5660000000000001,0.821,0.73,0.436,0.591,0.11699999999999999,0.204,0.321,0.769,0.63,0.3,64,70,3.67,1.8,1.7,17.7,$14.8,2024
Joe Jimenez,ATL,1,5,3,69,0,68.2,45,22,20,2,23,82,2.62,0.99,10.75,3.01,0.29600000000000004,0.083,0.213,2.34,3.52,3.04,0.496,0.042,,84.6,89.1,,94.6,0.048,0.327,87.8,16.3,111.9,0.419,0.425,0.156,0.085,0.45799999999999996,0.33299999999999996,0.20800000000000002,0.13699999999999998,0.56,0.304,0.027999999999999997,2.5,3.52,0.36,0.706,0.513,0.491,0.83,0.698,0.444,0.65,0.155,0.16399999999999998,0.32,0.723,0.26,0.259,59,87,3.57,1.8,1.8,17.4,$14.6,2024
Ryan Walker,SFG,10,4,10,76,1,80.0,50,19,17,5,18,99,1.91,0.85,11.14,2.03,0.321,0.057999999999999996,0.263,2.52,2.8,2.45,0.447,,,83.9,,,94.8,0.06,0.302,86.4,9.7,116.1,0.469,0.324,0.207,0.086,0.379,0.341,0.28,0.18100000000000002,0.544,0.275,0.086,2.61,2.8,0.324,0.614,0.457,0.5489999999999999,0.8420000000000001,0.7290000000000001,0.457,0.636,0.124,0.212,0.336,0.8290000000000001,0.56,0.254,65,69,5.5,1.7,2.8,16.3,$13.6,2024
Bailey Falter,PIT,8,9,0,28,28,142.1,138,72,70,17,45,97,4.43,1.29,6.13,2.85,0.165,0.076,0.08800000000000001,4.3,4.71,4.91,,,,,,,91.9,0.08900000000000001,0.41200000000000003,90.1,17.0,113.5,0.36200000000000004,0.42100000000000004,0.217,0.125,0.369,0.33899999999999997,0.292,0.14400000000000002,0.5329999999999999,0.324,0.092,4.8,4.71,0.311,0.6890000000000001,0.491,0.6809999999999999,0.895,0.8240000000000001,0.47700000000000004,0.5870000000000001,0.086,0.165,0.252,0.6970000000000001,1.07,0.281,106,116,2.16,1.7,1.9,16.3,$13.4,2024
Spencer Arrighetti,HOU,7,13,0,29,28,145.0,139,80,73,21,65,171,4.53,1.41,10.61,4.03,0.271,0.10300000000000001,0.168,4.18,4.01,3.93,0.109,0.086,,80.9,85.6,,94.2,0.077,0.39799999999999996,88.9,16.4,119.9,0.36,0.42200000000000004,0.21899999999999997,0.10400000000000001,0.43700000000000006,0.316,0.247,0.147,0.54,0.314,0.128,4.04,4.01,0.297,0.687,0.47,0.557,0.838,0.7390000000000001,0.444,0.617,0.122,0.171,0.294,0.721,1.3,0.321,103,98,2.63,1.7,0.8,16.2,$13.3,2024
Jose Soriano,LAA,6,7,0,22,20,113.0,91,50,43,8,45,97,3.42,1.2,7.73,3.58,0.207,0.096,0.111,3.8,3.82,4.03,0.055,,,91.5,,,99.1,0.066,0.442,90.0,-0.9,112.0,0.597,0.222,0.18100000000000002,0.028999999999999998,0.39899999999999997,0.389,0.212,0.171,0.535,0.294,0.114,4.08,3.82,0.32,0.659,0.457,0.625,0.89,0.779,0.40399999999999997,0.56,0.10099999999999999,0.16699999999999998,0.267,0.71,0.64,0.269,92,93,2.16,1.7,2.0,15.5,$13.4,2024
Patrick Corbin,WSN,6,13,0,32,32,174.2,208,114,109,25,54,139,5.62,1.5,7.16,2.78,0.182,0.071,0.111,4.41,4.14,4.41,0.34299999999999997,0.034,,79.4,81.1,,91.4,0.083,0.467,90.8,10.0,116.3,0.46299999999999997,0.327,0.209,0.098,0.384,0.39799999999999996,0.218,0.141,0.526,0.33299999999999996,0.13699999999999998,5.52,4.14,0.341,0.693,0.48100000000000004,0.64,0.899,0.7879999999999999,0.396,0.652,0.102,0.152,0.254,0.657,1.29,0.337,108,102,2.57,1.7,-0.3,17.1,$13.9,2024
Clarke Schmidt,NYY,5,5,0,16,16,85.1,71,31,27,8,30,93,2.85,1.18,9.81,3.16,0.263,0.085,0.17800000000000002,3.58,3.92,3.77,0.251,0.006999999999999999,,85.2,87.2,,,0.059000000000000004,0.38,89.1,16.0,112.3,0.405,0.4,0.195,0.159,0.40700000000000003,0.321,0.271,0.20800000000000002,0.511,0.281,0.091,3.74,3.92,0.299,0.655,0.441,0.585,0.8190000000000001,0.7240000000000001,0.401,0.623,0.122,0.183,0.304,0.8,0.84,0.296,86,96,3.1,1.7,2.1,15.8,$13.4,2024
A.J. Puk,- - -,4,9,3,62,4,71.1,51,31,25,5,28,88,3.15,1.11,11.1,3.53,0.299,0.095,0.204,2.87,3.47,3.23,0.379,0.026000000000000002,,83.8,84.5,,95.7,0.04,0.335,86.2,16.8,111.0,0.368,0.408,0.22399999999999998,0.113,0.381,0.392,0.22699999999999998,0.21600000000000003,0.506,0.278,0.07,2.71,3.47,0.344,0.66,0.49,0.539,0.812,0.7090000000000001,0.462,0.6559999999999999,0.142,0.174,0.316,0.6759999999999999,0.63,0.269,72,86,3.14,1.7,1.4,16.1,$13.6,2024
DJ Herz,WSN,4,9,0,19,19,88.2,76,45,41,11,36,106,4.16,1.26,10.76,3.65,0.27699999999999997,0.094,0.183,3.71,3.85,3.77,0.04,0.245,,81.6,83.6,,93.5,0.08,0.34600000000000003,89.4,18.0,113.3,0.364,0.446,0.19,0.107,0.436,0.309,0.254,0.14,0.534,0.326,0.107,3.26,3.85,0.326,0.7,0.486,0.631,0.7979999999999999,0.7340000000000001,0.429,0.607,0.129,0.154,0.28300000000000003,0.703,1.12,0.288,91,95,2.94,1.7,1.1,15.7,$13.2,2024
Edwin Uceta,TBR,2,0,5,30,0,41.2,26,8,7,2,8,57,1.51,0.82,12.31,1.73,0.358,0.05,0.308,1.7,2.49,2.1,0.046,0.341,,81.6,88.3,,94.2,0.032,0.312,87.3,20.7,111.8,0.341,0.429,0.231,0.231,0.473,0.312,0.215,0.237,0.527,0.237,0.051,1.92,2.49,0.37200000000000005,0.711,0.512,0.544,0.792,0.6859999999999999,0.41200000000000003,0.679,0.16,0.154,0.315,0.8390000000000001,0.43,0.264,42,60,7.13,1.7,1.7,15.6,$13.3,2024
Lucas Erceg,- - -,2,6,14,61,0,61.2,49,26,23,3,16,72,3.36,1.05,10.51,2.34,0.285,0.063,0.221,2.53,3.1,2.83,0.27899999999999997,0.19899999999999998,,85.7,91.1,,98.8,0.063,0.33299999999999996,85.9,6.6,110.3,0.465,0.308,0.226,0.08199999999999999,0.321,0.34,0.34,0.226,0.522,0.252,0.061,3.23,3.1,0.34,0.665,0.475,0.58,0.802,0.7090000000000001,0.41600000000000004,0.597,0.138,0.174,0.313,0.674,0.44,0.295,63,75,4.5,1.7,0.8,15.8,$13.4,2024
Carlos Rodon,NYY,16,9,0,32,32,175.0,157,81,77,31,57,195,3.96,1.22,10.03,2.93,0.265,0.077,0.188,4.39,4.09,3.78,0.26,0.129,,86.9,85.6,,95.4,0.11,0.409,90.4,18.1,112.2,0.33799999999999997,0.494,0.168,0.08199999999999999,0.39899999999999997,0.344,0.257,0.14300000000000002,0.527,0.32899999999999996,0.134,4.12,4.09,0.337,0.731,0.493,0.557,0.8270000000000001,0.716,0.396,0.583,0.14,0.145,0.285,0.792,1.59,0.284,105,100,3.42,1.6,2.3,15.9,$12.9,2024
Tanner Scott,- - -,9,6,22,72,0,72.0,45,20,14,3,36,84,1.75,1.13,10.5,4.5,0.28600000000000003,0.122,0.163,2.92,3.38,3.55,0.40700000000000003,0.001,,88.6,92.0,,97.2,0.046,0.272,84.3,11.1,109.3,0.5,0.29600000000000004,0.204,0.146,0.368,0.322,0.31,0.21600000000000003,0.561,0.222,0.063,2.96,3.38,0.363,0.696,0.515,0.5479999999999999,0.7829999999999999,0.693,0.456,0.677,0.158,0.151,0.309,0.797,0.38,0.247,72,84,2.33,1.6,2.7,15.7,$13.1,2024
Hunter Gaddis,CLE,6,3,0,78,0,74.2,43,16,13,4,14,66,1.57,0.76,7.96,1.69,0.237,0.05,0.187,2.82,3.94,3.38,0.44799999999999995,0.168,,89.1,80.3,,95.5,0.057,0.366,88.5,18.7,111.3,0.381,0.46399999999999997,0.155,0.14400000000000002,0.418,0.345,0.237,0.165,0.546,0.289,0.044000000000000004,2.71,3.94,0.34299999999999997,0.715,0.51,0.6859999999999999,0.826,0.774,0.447,0.68,0.115,0.16699999999999998,0.28300000000000003,0.812,0.48,0.205,69,96,4.71,1.6,2.8,15.6,$13.0,2024
Raisel Iglesias,ATL,6,2,34,66,0,69.1,38,19,15,4,13,68,1.95,0.74,8.83,1.69,0.263,0.05,0.212,2.65,3.38,3.01,0.207,0.307,,84.2,89.6,,95.7,0.04,0.309,86.0,14.2,115.1,0.444,0.39799999999999996,0.158,0.07400000000000001,0.349,0.366,0.28600000000000003,0.171,0.594,0.23399999999999999,0.059000000000000004,2.24,3.38,0.4,0.6859999999999999,0.518,0.581,0.799,0.701,0.415,0.6409999999999999,0.155,0.16399999999999998,0.319,0.723,0.52,0.199,67,83,5.23,1.6,2.3,15.1,$12.6,2024
Jeremiah Estrada,SDP,6,3,1,62,0,61.0,42,22,20,4,23,94,2.95,1.07,13.87,3.39,0.373,0.091,0.282,2.07,2.65,2.39,0.23600000000000002,,,89.9,,,97.2,0.052000000000000005,0.37,89.2,17.4,109.8,0.35100000000000003,0.433,0.21600000000000003,0.069,0.396,0.366,0.239,0.179,0.515,0.306,0.069,2.53,2.65,0.365,0.735,0.534,0.49,0.757,0.659,0.45899999999999996,0.675,0.182,0.132,0.315,0.7240000000000001,0.59,0.29,52,66,4.09,1.6,1.0,15.5,$13.0,2024
Tyler Anderson,LAA,10,15,0,31,31,179.1,158,83,76,24,73,142,3.81,1.29,7.13,3.66,0.18600000000000003,0.095,0.09,4.66,4.85,4.86,0.006,0.371,,81.3,79.0,,89.7,0.079,0.33,87.2,17.6,113.8,0.374,0.424,0.20199999999999999,0.114,0.51,0.297,0.193,0.157,0.5760000000000001,0.267,0.105,4.37,4.85,0.33799999999999997,0.723,0.49,0.622,0.826,0.741,0.396,0.5870000000000001,0.127,0.146,0.273,0.758,1.2,0.258,113,119,1.95,1.5,2.9,15.0,$12.2,2024
Cole Sands,MIN,9,1,4,62,0,71.1,59,30,26,6,12,85,3.28,1.0,10.72,1.51,0.29100000000000004,0.040999999999999995,0.25,2.63,3.26,2.68,,,,,,,95.7,0.063,0.37,89.0,17.6,113.0,0.36700000000000005,0.431,0.20199999999999999,0.12300000000000001,0.365,0.37,0.265,0.185,0.48100000000000004,0.33299999999999996,0.07400000000000001,3.23,3.26,0.336,0.7240000000000001,0.504,0.614,0.84,0.754,0.433,0.647,0.124,0.161,0.285,0.685,0.76,0.29,64,79,7.08,1.5,0.7,14.5,$12.2,2024
Albert Suarez,BAL,9,7,0,32,24,133.2,130,56,55,17,43,108,3.7,1.29,7.27,2.9,0.191,0.076,0.115,4.24,4.53,4.56,,0.172,,,86.1,,94.8,0.071,0.384,88.8,17.0,114.7,0.33899999999999997,0.426,0.235,0.105,0.426,0.33299999999999996,0.24100000000000002,0.136,0.56,0.304,0.099,4.04,4.53,0.32799999999999996,0.778,0.503,0.691,0.848,0.7859999999999999,0.391,0.589,0.10800000000000001,0.12,0.228,0.7879999999999999,1.14,0.287,104,111,2.51,1.5,2.5,14.5,$11.9,2024
Taj Bradley,TBR,8,11,0,25,25,138.0,122,68,63,22,47,154,4.11,1.22,10.04,3.07,0.266,0.081,0.185,4.09,3.62,3.69,,,,,,,96.3,0.102,0.428,91.2,13.3,116.4,0.42,0.396,0.184,0.11,0.39399999999999996,0.359,0.247,0.102,0.504,0.39399999999999996,0.151,4.15,3.62,0.33,0.743,0.506,0.59,0.843,0.748,0.426,0.625,0.127,0.139,0.266,0.737,1.43,0.284,103,88,3.28,1.5,1.3,14.8,$12.1,2024
Tyler Holton,DET,7,2,8,66,9,94.1,57,25,23,7,17,77,2.19,0.78,7.35,1.62,0.218,0.048,0.16899999999999998,3.17,3.68,3.48,0.155,0.18899999999999997,,80.6,83.7,,92.1,0.055,0.32799999999999996,86.6,11.4,109.6,0.47200000000000003,0.36200000000000004,0.165,0.109,0.371,0.42200000000000004,0.207,0.172,0.5660000000000001,0.262,0.076,2.77,3.68,0.336,0.6759999999999999,0.478,0.6409999999999999,0.8540000000000001,0.767,0.41700000000000004,0.636,0.111,0.18100000000000002,0.293,0.777,0.67,0.201,77,90,4.53,1.5,2.9,14.3,$11.9,2024
Justin Slaten,BOS,6,2,2,44,0,55.1,47,21,18,4,9,58,2.93,1.01,9.43,1.46,0.259,0.04,0.21899999999999997,2.61,2.9,2.76,0.247,,,84.0,,,96.6,0.039,0.368,87.8,8.6,112.2,0.5,0.292,0.20800000000000002,0.17800000000000002,0.426,0.381,0.19399999999999998,0.161,0.503,0.335,0.08900000000000001,3.2,2.9,0.384,0.722,0.534,0.503,0.888,0.7340000000000001,0.444,0.638,0.142,0.138,0.28,0.706,0.65,0.285,63,70,6.44,1.5,1.1,14.0,$11.7,2024
Cody Bradford,TEX,6,3,0,14,13,76.1,64,32,30,10,13,70,3.54,1.01,8.25,1.53,0.22699999999999998,0.042,0.185,3.59,3.82,3.78,0.071,0.273,,82.9,80.9,,90.1,0.08900000000000001,0.348,88.8,17.8,112.6,0.36,0.441,0.198,0.102,0.35700000000000004,0.379,0.263,0.138,0.5579999999999999,0.304,0.102,3.52,3.82,0.345,0.6829999999999999,0.489,0.685,0.866,0.7929999999999999,0.42700000000000005,0.6920000000000001,0.10099999999999999,0.19,0.292,0.7190000000000001,1.18,0.252,87,93,5.38,1.5,1.7,14.3,$12.3,2024
Orion Kerkering,PHI,5,3,0,64,2,63.0,51,20,16,2,17,74,2.29,1.08,10.57,2.43,0.28800000000000003,0.066,0.222,2.42,2.94,2.71,0.557,,,86.3,,,97.7,0.051,0.335,87.3,5.4,116.9,0.535,0.252,0.213,0.051,0.418,0.342,0.24100000000000002,0.133,0.614,0.253,0.051,3.18,2.94,0.324,0.605,0.451,0.608,0.838,0.747,0.45,0.603,0.114,0.198,0.312,0.765,0.29,0.314,59,73,4.35,1.5,1.5,14.0,$11.8,2024
Robert Garcia,WSN,3,6,0,72,0,59.2,55,34,28,4,16,75,4.22,1.19,11.31,2.41,0.299,0.064,0.235,2.38,2.77,2.71,0.16,0.312,,85.6,87.8,,94.6,0.031,0.302,87.7,11.5,111.4,0.46799999999999997,0.325,0.20800000000000002,0.14,0.358,0.384,0.258,0.214,0.522,0.264,0.08,2.53,2.77,0.38,0.6679999999999999,0.509,0.618,0.826,0.74,0.447,0.705,0.132,0.184,0.315,0.5720000000000001,0.6,0.329,59,69,4.69,1.5,-0.2,14.6,$12.2,2024
Alec Marsh,KCR,9,9,0,26,25,129.0,123,70,65,19,39,123,4.53,1.26,8.58,2.72,0.22399999999999998,0.071,0.153,4.34,4.22,4.08,0.23199999999999998,0.1,,86.5,86.4,,94.3,0.096,0.408,89.7,15.0,113.6,0.377,0.41200000000000003,0.21,0.111,0.42,0.332,0.249,0.182,0.489,0.32899999999999996,0.124,4.96,4.22,0.305,0.698,0.474,0.617,0.889,0.789,0.429,0.613,0.1,0.168,0.268,0.7040000000000001,1.33,0.292,106,103,3.15,1.4,1.1,13.4,$10.9,2024
Dean Kremer,BAL,8,10,0,24,24,129.2,110,72,59,18,51,123,4.1,1.24,8.54,3.54,0.222,0.092,0.13,4.32,4.34,4.33,,,,,,,93.6,0.098,0.354,87.4,15.1,114.5,0.41700000000000004,0.419,0.16399999999999998,0.115,0.39399999999999996,0.35600000000000004,0.25,0.231,0.484,0.285,0.115,4.49,4.34,0.304,0.6709999999999999,0.46,0.68,0.87,0.7979999999999999,0.423,0.626,0.09300000000000001,0.175,0.268,0.6629999999999999,1.25,0.257,106,106,2.41,1.4,0.7,14.0,$11.5,2024
Kyle Gibson,STL,8,8,0,30,30,169.2,161,91,80,23,68,151,4.24,1.35,8.01,3.61,0.209,0.094,0.115,4.42,4.19,4.44,0.209,0.099,,80.8,84.9,,91.6,0.092,0.391,88.2,12.0,112.7,0.44799999999999995,0.34700000000000003,0.20600000000000002,0.099,0.431,0.35100000000000003,0.218,0.166,0.483,0.35100000000000003,0.134,4.86,4.19,0.295,0.662,0.42700000000000005,0.597,0.883,0.7559999999999999,0.359,0.5760000000000001,0.10400000000000001,0.168,0.272,0.7070000000000001,1.22,0.29,111,103,2.22,1.4,1.4,14.1,$11.4,2024
Joe Musgrove,SDP,6,5,0,19,19,99.2,94,44,43,14,23,101,3.88,1.17,9.12,2.08,0.24600000000000002,0.055999999999999994,0.19,3.96,3.74,3.62,0.2,0.078,,82.1,87.1,,93.1,0.105,0.406,90.3,13.8,115.8,0.413,0.384,0.203,0.085,0.435,0.359,0.207,0.11199999999999999,0.547,0.341,0.132,4.32,3.74,0.304,0.682,0.473,0.562,0.831,0.736,0.449,0.6829999999999999,0.125,0.18100000000000002,0.306,0.773,1.26,0.305,98,92,4.39,1.4,1.7,13.3,$11.0,2024
Justin Martinez,ARI,5,6,8,64,0,72.2,59,26,20,2,36,91,2.48,1.31,11.27,4.46,0.295,0.11699999999999999,0.179,2.59,2.88,3.14,0.217,,,89.8,,,100.6,0.027999999999999997,0.318,86.4,-0.3,113.5,0.589,0.177,0.23399999999999999,0.0,0.33,0.374,0.29600000000000004,0.218,0.525,0.257,0.065,3.05,2.88,0.327,0.672,0.47100000000000003,0.522,0.818,0.6990000000000001,0.41700000000000004,0.62,0.142,0.156,0.298,0.754,0.25,0.322,67,71,2.53,1.4,1.5,13.3,$11.1,2024
Osvaldo Bido,OAK,5,3,0,16,9,63.1,43,25,24,3,26,63,3.41,1.09,8.95,3.69,0.243,0.1,0.14300000000000002,3.36,4.63,4.23,0.196,0.152,,85.8,88.9,,95.0,0.043,0.27,85.6,21.7,112.0,0.29600000000000004,0.488,0.21600000000000003,0.228,0.405,0.35,0.245,0.252,0.491,0.258,0.038,2.7,4.63,0.31,0.701,0.47600000000000003,0.601,0.857,0.7609999999999999,0.425,0.5870000000000001,0.114,0.147,0.26,0.71,0.43,0.25,85,113,2.42,1.4,1.1,12.7,$10.9,2024
Kenley Jansen,BOS,4,2,27,54,0,54.2,38,20,20,4,20,62,3.29,1.06,10.21,3.29,0.284,0.092,0.193,3.0,4.04,3.42,0.077,,,82.2,,,,0.111,0.37,90.4,22.3,114.6,0.306,0.537,0.157,0.125,0.385,0.341,0.27399999999999997,0.156,0.578,0.267,0.055999999999999994,3.28,4.04,0.272,0.7,0.488,0.583,0.8340000000000001,0.765,0.504,0.674,0.115,0.177,0.292,0.73,0.66,0.26,73,99,3.1,1.4,1.4,13.5,$11.3,2024
Tylor Megill,NYM,4,5,0,16,15,78.0,70,39,35,8,32,91,4.04,1.31,10.5,3.69,0.27,0.095,0.175,3.55,3.79,3.81,0.133,0.013000000000000001,,85.5,87.3,,95.8,0.1,0.424,88.9,12.3,110.5,0.402,0.38799999999999996,0.21100000000000002,0.111,0.368,0.368,0.263,0.191,0.478,0.33,0.099,4.18,3.79,0.321,0.716,0.48700000000000004,0.5589999999999999,0.8420000000000001,0.7340000000000001,0.42100000000000004,0.585,0.129,0.147,0.27699999999999997,0.7070000000000001,0.92,0.307,88,93,2.84,1.4,0.8,13.3,$11.2,2024
Keegan Akin,BAL,3,1,1,66,0,78.2,55,31,29,9,19,97,3.32,0.94,11.1,2.17,0.31,0.061,0.249,2.99,3.27,2.7,0.332,0.10800000000000001,,85.6,85.6,,93.9,0.077,0.374,88.3,18.5,113.9,0.37,0.48700000000000004,0.14300000000000002,0.163,0.42100000000000004,0.313,0.267,0.174,0.528,0.297,0.098,2.45,3.27,0.3,0.6679999999999999,0.47,0.5770000000000001,0.7929999999999999,0.7190000000000001,0.461,0.636,0.132,0.184,0.316,0.71,1.03,0.247,73,79,5.11,1.4,1.0,13.7,$11.5,2024
Kyle Bradish,BAL,2,0,0,8,8,39.1,27,12,12,2,15,53,2.75,1.07,12.13,3.43,0.325,0.092,0.233,2.51,2.92,3.09,0.298,,,88.3,,,,0.065,0.293,85.0,2.9,107.9,0.5489999999999999,0.308,0.14300000000000002,0.25,0.396,0.308,0.297,0.297,0.495,0.209,0.071,2.71,2.92,0.264,0.622,0.418,0.564,0.845,0.745,0.43200000000000005,0.5770000000000001,0.107,0.205,0.312,0.782,0.46,0.278,61,71,3.53,1.4,1.3,12.3,$11.0,2024
Kevin Ginkel,ARI,8,3,5,72,0,70.0,69,31,25,6,15,77,3.21,1.2,9.9,1.93,0.265,0.052000000000000005,0.213,2.85,3.23,2.97,0.384,,,87.5,,,96.1,0.055999999999999994,0.408,89.8,10.0,112.6,0.43799999999999994,0.35600000000000004,0.20600000000000002,0.057999999999999996,0.39299999999999996,0.342,0.265,0.11199999999999999,0.556,0.332,0.087,3.25,3.23,0.34600000000000003,0.7040000000000001,0.49,0.6,0.8540000000000001,0.747,0.402,0.639,0.124,0.149,0.273,0.7120000000000001,0.77,0.332,73,80,5.13,1.3,0.8,12.1,$10.1,2024
Mitch Spence,OAK,8,10,0,35,24,151.1,165,79,77,20,44,126,4.58,1.38,7.49,2.62,0.19399999999999998,0.068,0.126,4.21,4.12,4.18,0.326,0.12300000000000001,,84.3,91.2,,,0.084,0.41700000000000004,89.5,9.6,113.7,0.484,0.345,0.171,0.08,0.47200000000000003,0.349,0.179,0.13699999999999998,0.5539999999999999,0.309,0.12300000000000001,4.13,4.12,0.355,0.721,0.503,0.629,0.909,0.792,0.406,0.614,0.105,0.138,0.243,0.727,1.19,0.319,107,101,2.86,1.3,0.9,12.3,$10.0,2024
Jason Adam,- - -,7,2,4,74,0,73.2,40,20,16,5,23,81,1.95,0.86,9.9,2.81,0.287,0.08199999999999999,0.20600000000000002,3.03,3.54,3.1,0.368,0.258,,82.1,89.6,,95.6,0.064,0.37799999999999995,88.5,13.8,117.8,0.429,0.4,0.171,0.11800000000000001,0.384,0.40700000000000003,0.209,0.163,0.488,0.349,0.07400000000000001,3.13,3.54,0.36700000000000005,0.721,0.503,0.484,0.7559999999999999,0.634,0.385,0.599,0.184,0.139,0.32299999999999995,0.79,0.61,0.21,76,87,3.52,1.3,2.2,12.4,$10.4,2024
Lance Lynn,STL,7,4,0,23,23,117.1,113,64,50,16,44,109,3.84,1.34,8.36,3.38,0.213,0.086,0.127,4.31,4.39,4.4,0.07,0.062,,80.7,84.8,,92.5,0.105,0.39299999999999996,88.9,17.0,114.6,0.363,0.41100000000000003,0.226,0.139,0.384,0.373,0.243,0.161,0.531,0.308,0.111,4.93,4.39,0.302,0.7509999999999999,0.48200000000000004,0.721,0.8390000000000001,0.795,0.401,0.626,0.099,0.141,0.24,0.7,1.23,0.287,108,108,2.48,1.3,0.8,12.8,$10.5,2024
Frankie Montas,- - -,7,11,0,30,30,150.2,140,89,81,24,66,148,4.84,1.37,8.84,3.94,0.226,0.10099999999999999,0.125,4.71,4.26,4.38,0.294,,,88.6,,,95.8,0.092,0.43,89.3,13.5,113.0,0.41600000000000004,0.379,0.20600000000000002,0.11699999999999999,0.376,0.389,0.235,0.147,0.541,0.311,0.14800000000000002,4.69,4.26,0.307,0.731,0.484,0.635,0.861,0.777,0.418,0.627,0.10800000000000001,0.145,0.253,0.6890000000000001,1.43,0.282,112,105,2.24,1.3,0.8,12.7,$10.3,2024
Austin Gomber,COL,5,12,0,30,30,165.0,178,89,87,30,38,116,4.75,1.31,6.33,2.07,0.16699999999999998,0.055,0.11199999999999999,4.83,4.5,4.61,0.16699999999999998,0.205,,83.8,81.1,,90.5,0.096,0.41200000000000003,90.2,15.0,113.0,0.38,0.413,0.207,0.059000000000000004,0.423,0.364,0.213,0.122,0.484,0.39399999999999996,0.135,5.05,4.5,0.306,0.6990000000000001,0.48100000000000004,0.705,0.884,0.821,0.446,0.621,0.086,0.175,0.261,0.731,1.64,0.29,113,111,3.05,1.3,2.6,12.6,$10.2,2024
Declan Cronin,MIA,3,4,0,56,0,70.1,75,41,34,1,25,72,4.35,1.42,9.21,3.2,0.235,0.08199999999999999,0.154,2.58,3.43,3.28,0.522,,,87.1,,,94.0,0.049,0.41700000000000004,89.5,1.5,115.4,0.5760000000000001,0.23600000000000002,0.187,0.021,0.377,0.358,0.265,0.13699999999999998,0.529,0.33299999999999996,0.021,3.64,3.43,0.28300000000000003,0.703,0.47200000000000003,0.556,0.853,0.754,0.449,0.585,0.11599999999999999,0.16899999999999998,0.284,0.618,0.13,0.365,64,85,2.88,1.3,-0.4,12.5,$10.5,2024
Gavin Williams,CLE,3,10,0,16,16,76.0,72,42,41,7,32,79,4.86,1.37,9.36,3.79,0.23800000000000002,0.096,0.142,3.67,4.12,4.19,,0.05,,,89.3,,96.6,0.069,0.44,90.8,13.2,110.8,0.406,0.382,0.212,0.10800000000000001,0.349,0.335,0.317,0.142,0.541,0.317,0.084,4.21,4.12,0.32899999999999996,0.713,0.49,0.6859999999999999,0.8540000000000001,0.7879999999999999,0.42,0.627,0.10400000000000001,0.151,0.255,0.669,0.83,0.308,90,101,2.47,1.3,0.3,12.0,$10.1,2024
Chris Flexen,CHW,3,15,0,33,30,160.0,180,95,88,24,63,123,4.95,1.52,6.92,3.54,0.174,0.08900000000000001,0.085,4.8,5.03,4.95,0.087,0.157,,80.1,81.4,,91.4,0.081,0.374,88.7,17.3,115.1,0.35600000000000004,0.449,0.195,0.13,0.41,0.341,0.249,0.154,0.5379999999999999,0.308,0.10400000000000001,4.71,5.03,0.313,0.7040000000000001,0.45899999999999996,0.6709999999999999,0.877,0.789,0.373,0.5870000000000001,0.09699999999999999,0.153,0.25,0.71,1.35,0.315,114,123,1.95,1.3,0.3,12.8,$10.4,2024
Calvin Faucher,MIA,2,3,6,53,0,53.2,49,25,19,0,26,63,3.19,1.4,10.57,4.36,0.268,0.111,0.157,2.5,3.76,3.61,0.07200000000000001,,,88.0,,,96.2,0.077,0.39399999999999996,89.6,9.0,110.4,0.46399999999999997,0.321,0.214,0.022000000000000002,0.275,0.43,0.29600000000000004,0.14800000000000002,0.5920000000000001,0.261,0.0,3.72,3.76,0.27399999999999997,0.672,0.433,0.589,0.8640000000000001,0.759,0.39799999999999996,0.57,0.10400000000000001,0.162,0.266,0.684,0.0,0.345,62,93,2.42,1.3,0.5,12.8,$10.7,2024
Casey Mize,DET,2,6,0,22,20,102.1,121,57,51,11,29,78,4.49,1.47,6.86,2.55,0.17300000000000001,0.064,0.10800000000000001,3.95,4.04,4.33,0.27699999999999997,,,85.8,,,95.7,0.079,0.446,90.6,9.3,117.0,0.49,0.29600000000000004,0.214,0.109,0.405,0.36700000000000005,0.22699999999999998,0.149,0.516,0.335,0.109,4.72,4.04,0.319,0.7190000000000001,0.493,0.6709999999999999,0.879,0.8029999999999999,0.435,0.677,0.09699999999999999,0.157,0.254,0.695,0.97,0.331,96,99,2.69,1.3,0.5,13.0,$10.8,2024
Ben Brown,CHC,1,3,0,15,8,55.1,41,22,22,5,19,64,3.58,1.08,10.41,3.09,0.28800000000000003,0.086,0.203,3.11,3.63,3.43,,0.016,,,90.6,,96.7,0.109,0.514,91.8,16.2,113.7,0.387,0.45299999999999996,0.161,0.145,0.348,0.37,0.28300000000000003,0.18100000000000002,0.457,0.36200000000000004,0.081,4.15,3.63,0.309,0.655,0.46399999999999997,0.49,0.835,0.708,0.44799999999999995,0.64,0.135,0.188,0.324,0.722,0.81,0.271,78,90,3.37,1.3,1.2,12.1,$10.3,2024
JP Sears,OAK,11,13,0,32,32,180.2,172,93,88,28,49,137,4.38,1.22,6.82,2.44,0.18100000000000002,0.065,0.11599999999999999,4.71,4.86,4.61,0.33899999999999997,0.19,,78.9,84.0,,92.3,0.1,0.4,89.3,18.1,114.4,0.373,0.47100000000000003,0.156,0.127,0.413,0.34299999999999997,0.244,0.171,0.504,0.325,0.10800000000000001,4.42,4.86,0.312,0.7040000000000001,0.486,0.696,0.858,0.8,0.44299999999999995,0.648,0.09699999999999999,0.166,0.262,0.725,1.39,0.272,119,119,2.8,1.2,1.6,11.8,$9.4,2024
Jhoan Duran,MIN,6,9,23,58,0,54.1,48,30,22,4,15,66,3.64,1.16,10.93,2.48,0.289,0.066,0.22399999999999998,2.85,2.7,2.5,,,,,,,100.4,0.035,0.36200000000000004,87.0,-3.1,109.9,0.609,0.21,0.18100000000000002,0.069,0.38299999999999995,0.33299999999999996,0.284,0.262,0.539,0.19899999999999998,0.138,2.76,2.7,0.31,0.721,0.49,0.556,0.785,0.7040000000000001,0.439,0.5920000000000001,0.145,0.162,0.307,0.615,0.66,0.321,69,65,4.4,1.2,-0.3,11.5,$9.5,2024
Joe Mantiply,ARI,6,2,1,75,2,59.2,52,27,26,1,18,53,3.92,1.17,7.99,2.72,0.218,0.07400000000000001,0.14400000000000002,2.51,3.71,3.6,0.265,0.264,,79.3,81.0,,89.5,0.076,0.419,88.1,5.4,113.5,0.53,0.33299999999999996,0.13699999999999998,0.036000000000000004,0.44799999999999995,0.326,0.22699999999999998,0.157,0.506,0.337,0.018000000000000002,3.19,3.71,0.42200000000000004,0.682,0.525,0.67,0.812,0.743,0.396,0.617,0.135,0.15,0.284,0.627,0.15,0.298,65,92,2.94,1.2,0.5,11.4,$9.5,2024
Will Vest,DET,3,4,2,69,0,70.1,61,23,22,3,18,63,2.82,1.12,8.06,2.3,0.218,0.062,0.156,2.83,3.47,3.43,0.21600000000000003,0.098,,86.9,89.1,,96.3,0.028999999999999998,0.38,88.4,7.3,111.5,0.485,0.275,0.24,0.054000000000000006,0.263,0.395,0.341,0.151,0.522,0.327,0.054000000000000006,3.8,3.47,0.325,0.705,0.498,0.6890000000000001,0.8420000000000001,0.7879999999999999,0.455,0.606,0.106,0.168,0.27399999999999997,0.758,0.38,0.287,68,85,3.5,1.2,1.4,11.1,$9.2,2024
Clay Holmes,NYY,3,5,30,67,0,63.0,60,29,22,4,22,68,3.14,1.3,9.71,3.14,0.251,0.081,0.17,3.02,3.01,2.87,0.435,,,85.5,,,97.5,0.055999999999999994,0.365,88.8,0.4,111.2,0.65,0.192,0.158,0.059000000000000004,0.433,0.376,0.191,0.185,0.522,0.292,0.11800000000000001,3.27,3.01,0.297,0.644,0.446,0.527,0.843,0.723,0.429,0.613,0.124,0.2,0.324,0.705,0.57,0.322,72,73,3.09,1.2,0.3,11.2,$9.3,2024
Dennis Santana,- - -,3,1,3,62,0,71.2,57,33,31,4,21,69,3.89,1.09,8.67,2.64,0.24,0.073,0.16699999999999998,3.01,3.95,3.56,0.306,0.083,,87.0,88.5,,95.7,0.047,0.326,86.3,14.3,109.0,0.361,0.414,0.225,0.076,0.39899999999999997,0.363,0.23800000000000002,0.171,0.544,0.285,0.051,3.19,3.95,0.377,0.674,0.506,0.6,0.852,0.746,0.436,0.6409999999999999,0.128,0.166,0.294,0.6409999999999999,0.5,0.28,74,97,3.29,1.2,0.7,11.0,$9.2,2024
Fernando Cruz,CIN,3,8,0,69,3,66.2,54,36,36,9,35,109,4.86,1.34,14.72,4.73,0.37799999999999995,0.122,0.257,3.27,2.67,2.74,0.257,,,88.6,,,94.8,0.098,0.441,88.7,13.9,112.3,0.35700000000000004,0.364,0.27899999999999997,0.098,0.462,0.34299999999999997,0.196,0.182,0.462,0.35700000000000004,0.17600000000000002,4.05,2.67,0.331,0.682,0.46399999999999997,0.43200000000000005,0.7929999999999999,0.633,0.379,0.594,0.17,0.155,0.325,0.698,1.22,0.336,77,66,3.11,1.2,0.2,11.4,$9.5,2024
Grant Holmes,ATL,2,1,0,26,7,68.1,66,27,27,7,15,70,3.56,1.19,9.22,1.98,0.248,0.053,0.195,3.2,3.52,3.37,0.312,0.006999999999999999,,86.6,91.1,,94.5,0.067,0.385,88.7,13.9,111.7,0.43799999999999994,0.387,0.175,0.067,0.359,0.369,0.272,0.154,0.523,0.32299999999999995,0.09300000000000001,3.46,3.52,0.392,0.731,0.536,0.45899999999999996,0.865,0.6940000000000001,0.425,0.649,0.16399999999999998,0.136,0.3,0.765,0.92,0.314,81,87,4.67,1.2,1.3,11.3,$9.5,2024
Patrick Sandoval,LAA,2,8,0,16,16,79.2,85,49,45,8,35,81,5.08,1.51,9.15,3.95,0.22899999999999998,0.099,0.13,3.87,4.04,4.26,0.292,0.28300000000000003,,86.8,82.9,,94.0,0.051,0.363,87.9,11.0,112.6,0.45,0.33799999999999997,0.212,0.038,0.415,0.39299999999999996,0.192,0.132,0.556,0.312,0.10300000000000001,4.26,4.04,0.309,0.664,0.45799999999999996,0.609,0.8370000000000001,0.748,0.42100000000000004,0.555,0.115,0.16699999999999998,0.282,0.662,0.9,0.341,93,99,2.31,1.2,0.1,11.6,$9.6,2024
Jose Berrios,TOR,16,11,0,32,32,192.1,168,79,77,31,54,153,3.6,1.15,7.16,2.53,0.195,0.069,0.126,4.72,4.25,4.33,,0.16,,,84.9,,94.2,0.078,0.41700000000000004,89.6,13.4,114.5,0.43200000000000005,0.368,0.19899999999999998,0.10099999999999999,0.42100000000000004,0.322,0.257,0.15,0.49700000000000005,0.35200000000000004,0.15,4.74,4.25,0.327,0.664,0.466,0.69,0.89,0.8079999999999999,0.414,0.6459999999999999,0.09,0.188,0.27699999999999997,0.8140000000000001,1.45,0.256,114,104,2.83,1.1,3.8,11.3,$9.1,2024
Jose Quintana,NYM,10,10,0,31,31,170.1,150,73,71,22,63,135,3.75,1.25,7.13,3.33,0.188,0.08800000000000001,0.1,4.56,4.44,4.57,0.054000000000000006,0.193,,78.0,85.8,,90.8,0.067,0.382,88.0,10.7,114.2,0.474,0.35,0.17600000000000002,0.069,0.40700000000000003,0.368,0.22399999999999998,0.17300000000000001,0.48200000000000004,0.344,0.126,4.52,4.44,0.301,0.674,0.42700000000000005,0.684,0.905,0.8009999999999999,0.337,0.63,0.085,0.163,0.248,0.782,1.16,0.263,113,109,2.14,1.1,3.1,10.5,$8.4,2024
Charlie Morton,ATL,8,10,0,30,30,165.1,154,85,77,23,65,167,4.19,1.32,9.09,3.54,0.23800000000000002,0.09300000000000001,0.146,4.46,3.99,4.06,,0.11,,,85.0,,94.3,0.09300000000000001,0.384,88.7,9.0,114.4,0.46299999999999997,0.325,0.212,0.068,0.43700000000000006,0.32799999999999996,0.235,0.14400000000000002,0.529,0.327,0.158,4.47,3.99,0.312,0.679,0.461,0.561,0.8809999999999999,0.753,0.408,0.593,0.114,0.166,0.27899999999999997,0.742,1.25,0.306,112,98,2.57,1.1,1.9,11.1,$9.0,2024
Derek Law,WSN,7,4,1,75,0,90.0,82,31,26,7,24,76,2.6,1.18,7.6,2.4,0.20800000000000002,0.066,0.142,3.32,3.54,3.58,0.292,0.049,,87.2,87.9,,95.5,0.038,0.35200000000000004,88.2,9.0,110.0,0.485,0.27899999999999997,0.237,0.096,0.413,0.375,0.212,0.133,0.621,0.24600000000000002,0.096,3.69,3.54,0.373,0.6859999999999999,0.49700000000000005,0.564,0.8740000000000001,0.7340000000000001,0.39799999999999996,0.608,0.132,0.149,0.281,0.782,0.7,0.292,82,87,3.17,1.1,1.8,10.8,$9.0,2024
Yu Darvish,SDP,7,3,0,16,16,81.2,65,32,30,12,22,78,3.31,1.07,8.6,2.42,0.23600000000000002,0.066,0.16899999999999998,4.08,3.99,3.91,0.132,0.006,,82.0,88.3,,94.3,0.075,0.39899999999999997,89.4,17.1,113.2,0.387,0.436,0.17800000000000002,0.08199999999999999,0.504,0.325,0.171,0.154,0.522,0.325,0.122,3.57,3.99,0.335,0.715,0.512,0.613,0.831,0.755,0.467,0.665,0.125,0.156,0.281,0.792,1.32,0.245,101,98,3.55,1.1,1.9,10.3,$8.5,2024
Edwin Diaz,NYM,6,4,20,54,0,53.2,36,23,21,7,20,84,3.52,1.04,14.09,3.35,0.389,0.09300000000000001,0.29600000000000004,3.02,2.59,2.26,0.479,,,89.7,,,97.6,0.073,0.303,85.9,13.9,110.7,0.44,0.413,0.147,0.111,0.505,0.303,0.193,0.22,0.514,0.266,0.156,2.48,2.59,0.327,0.7120000000000001,0.49,0.494,0.742,0.647,0.423,0.63,0.17300000000000001,0.147,0.319,0.732,1.17,0.284,75,64,4.2,1.1,0.6,10.3,$8.6,2024
Cooper Criswell,BOS,6,5,0,26,18,99.1,103,52,45,10,31,73,4.08,1.35,6.61,2.81,0.172,0.073,0.099,4.15,4.43,4.45,0.28800000000000003,0.26,,77.2,84.5,,85.4,0.07,0.374,89.3,9.6,113.5,0.503,0.33299999999999996,0.163,0.077,0.486,0.307,0.20800000000000002,0.153,0.489,0.358,0.096,4.3,4.43,0.31,0.643,0.446,0.769,0.903,0.848,0.41,0.649,0.068,0.187,0.255,0.701,0.91,0.307,101,108,2.35,1.1,1.2,10.8,$8.9,2024
Alex Vesia,LAD,5,4,5,67,0,66.1,33,19,13,7,33,87,1.76,0.99,11.8,4.48,0.331,0.125,0.205,3.45,4.09,3.46,0.318,0.05,,85.1,85.6,,93.4,0.12,0.345,87.5,30.0,113.3,0.221,0.647,0.132,0.17,0.32899999999999996,0.371,0.3,0.221,0.5429999999999999,0.23600000000000002,0.08,2.78,4.09,0.299,0.716,0.47,0.653,0.769,0.726,0.409,0.593,0.129,0.151,0.28,0.8390000000000001,0.95,0.193,83,101,2.64,1.1,1.9,10.7,$8.9,2024
Ryan Weathers,MIA,5,6,0,16,16,86.2,78,39,35,11,24,80,3.63,1.18,8.31,2.49,0.218,0.065,0.153,4.11,4.03,3.98,0.21600000000000003,0.261,,82.7,86.4,,96.2,0.083,0.382,89.5,10.4,111.6,0.466,0.359,0.175,0.08900000000000001,0.413,0.32299999999999995,0.264,0.193,0.512,0.295,0.122,4.17,4.03,0.303,0.691,0.462,0.627,0.845,0.7609999999999999,0.41,0.605,0.11,0.163,0.273,0.753,1.14,0.276,101,99,3.33,1.1,1.6,10.4,$8.5,2024
Aroldis Chapman,PIT,5,5,14,68,0,61.2,44,31,26,5,39,98,3.79,1.35,14.3,5.69,0.37,0.147,0.223,3.04,3.14,3.15,0.266,,,87.0,,,97.9,0.071,0.413,90.5,11.2,112.0,0.44799999999999995,0.376,0.17600000000000002,0.064,0.365,0.317,0.317,0.135,0.556,0.31,0.106,2.96,3.14,0.27699999999999997,0.644,0.444,0.512,0.7979999999999999,0.701,0.456,0.581,0.133,0.18600000000000003,0.319,0.6920000000000001,0.73,0.322,75,78,2.51,1.1,0.3,10.5,$8.7,2024
Jonathan Cannon,CHW,5,10,1,23,21,124.1,125,65,62,18,40,91,4.49,1.33,6.59,2.9,0.174,0.077,0.098,4.65,4.62,4.72,0.218,0.187,,82.0,85.8,,94.4,0.07200000000000001,0.36200000000000004,89.0,14.6,111.9,0.381,0.396,0.223,0.098,0.389,0.389,0.223,0.171,0.539,0.29,0.11800000000000001,4.37,4.62,0.32,0.696,0.46799999999999997,0.7020000000000001,0.88,0.8059999999999999,0.39399999999999996,0.6,0.091,0.158,0.249,0.723,1.3,0.29,111,113,2.28,1.1,1.1,10.3,$8.5,2024
Chris Paddack,MIN,5,3,0,17,17,88.1,102,50,49,14,21,79,4.99,1.39,8.05,2.14,0.20600000000000002,0.055,0.151,4.19,4.09,4.13,0.177,0.259,,86.0,82.9,,93.4,0.099,0.431,90.4,14.3,115.5,0.373,0.41200000000000003,0.215,0.096,0.35,0.41700000000000004,0.233,0.141,0.5479999999999999,0.311,0.122,4.81,4.09,0.335,0.703,0.491,0.6409999999999999,0.872,0.7809999999999999,0.425,0.635,0.107,0.163,0.27,0.7090000000000001,1.43,0.327,102,100,3.76,1.1,0.4,10.3,$8.5,2024
Carlos Estevez,- - -,4,5,26,54,0,55.0,38,18,15,5,12,50,2.45,0.91,8.18,1.96,0.23600000000000002,0.057,0.179,3.24,4.09,3.57,0.28300000000000003,0.10400000000000001,,89.5,89.5,,96.9,0.10099999999999999,0.423,90.3,19.5,111.6,0.32899999999999996,0.49700000000000005,0.174,0.122,0.32899999999999996,0.396,0.275,0.141,0.523,0.336,0.068,3.19,4.09,0.307,0.74,0.521,0.638,0.8109999999999999,0.759,0.496,0.675,0.125,0.161,0.28600000000000003,0.75,0.82,0.229,78,100,4.17,1.1,1.6,10.8,$9.1,2024
Shane Baz,TBR,4,3,0,14,14,79.1,57,28,27,9,27,69,3.06,1.06,7.83,3.06,0.21600000000000003,0.085,0.132,4.07,4.39,4.33,0.212,0.10400000000000001,,87.4,88.1,,95.7,0.073,0.42,90.5,18.1,109.2,0.39299999999999996,0.429,0.17800000000000002,0.17,0.402,0.32899999999999996,0.26899999999999996,0.142,0.516,0.342,0.096,3.62,4.39,0.287,0.755,0.5,0.585,0.867,0.779,0.456,0.63,0.11,0.15,0.26,0.7959999999999999,1.02,0.229,102,107,2.56,1.1,2.0,10.4,$8.6,2024
Aaron Bummer,ATL,4,3,0,56,0,55.1,61,24,22,2,18,69,3.58,1.43,11.22,2.93,0.28300000000000003,0.07400000000000001,0.209,2.23,2.52,2.64,0.41100000000000003,0.011000000000000001,,82.4,84.3,,93.7,0.013000000000000001,0.32899999999999996,86.6,0.0,112.4,0.597,0.188,0.215,0.107,0.374,0.374,0.252,0.174,0.5870000000000001,0.239,0.071,2.8,2.52,0.306,0.6,0.429,0.653,0.8370000000000001,0.7609999999999999,0.419,0.561,0.10300000000000001,0.20800000000000002,0.311,0.7290000000000001,0.33,0.386,57,63,3.83,1.1,0.5,10.5,$8.8,2024
John Schreiber,KCR,4,3,2,59,0,51.2,48,23,21,1,20,46,3.66,1.32,8.01,3.48,0.205,0.08900000000000001,0.11599999999999999,3.03,4.21,3.94,0.26899999999999996,0.067,,81.1,86.3,,93.0,0.039,0.37,89.0,10.2,112.9,0.513,0.322,0.16399999999999998,0.163,0.37,0.318,0.312,0.188,0.539,0.273,0.02,3.36,4.21,0.28800000000000003,0.687,0.451,0.711,0.873,0.812,0.41,0.563,0.085,0.166,0.251,0.6940000000000001,0.17,0.307,74,103,2.3,1.1,0.6,10.5,$8.8,2024
Mark Leiter Jr.,- - -,4,5,0,60,0,58.0,55,34,29,8,22,86,4.5,1.33,13.34,3.41,0.336,0.086,0.25,3.29,2.75,2.63,0.09300000000000001,,,79.7,,,91.9,0.083,0.4,88.8,11.3,110.4,0.45799999999999996,0.33299999999999996,0.20800000000000002,0.188,0.51,0.276,0.214,0.166,0.531,0.303,0.16699999999999998,3.44,2.75,0.358,0.643,0.46299999999999997,0.45,0.809,0.634,0.369,0.625,0.16899999999999998,0.159,0.32799999999999996,0.669,1.24,0.343,81,68,3.91,1.1,-0.4,10.7,$9.1,2024
Adrian Morejon,SDP,3,2,2,60,0,63.2,63,24,20,4,21,71,2.83,1.32,10.04,2.97,0.261,0.077,0.184,2.79,3.33,3.19,0.32899999999999996,,,85.7,,,97.0,0.084,0.324,86.6,7.1,110.7,0.514,0.322,0.16399999999999998,0.08800000000000001,0.374,0.324,0.302,0.218,0.469,0.313,0.07,3.31,3.33,0.36200000000000004,0.69,0.516,0.564,0.852,0.745,0.47,0.625,0.132,0.15,0.282,0.768,0.57,0.337,70,82,3.38,1.1,0.9,10.7,$9.0,2024
Tanner Banks,- - -,2,3,2,63,2,72.1,69,41,32,6,25,78,3.98,1.3,9.71,3.11,0.251,0.08,0.17,3.25,3.59,3.39,0.33,0.129,,88.0,86.3,,93.7,0.063,0.341,87.5,10.9,116.2,0.498,0.335,0.16699999999999998,0.10300000000000001,0.337,0.39,0.273,0.146,0.585,0.268,0.08800000000000001,3.4,3.59,0.29,0.72,0.47700000000000004,0.609,0.8370000000000001,0.759,0.435,0.6559999999999999,0.115,0.163,0.278,0.632,0.75,0.317,78,88,3.12,1.1,-0.5,10.6,$9.0,2024
David Festa,MIN,2,6,0,14,13,64.1,62,36,35,9,23,77,4.9,1.32,10.77,3.22,0.278,0.083,0.195,3.76,3.58,3.58,0.318,0.28,,86.2,88.5,,94.8,0.086,0.389,89.5,15.0,111.8,0.36200000000000004,0.402,0.23600000000000002,0.114,0.451,0.32,0.22899999999999998,0.166,0.503,0.331,0.129,4.14,3.58,0.33799999999999997,0.6990000000000001,0.484,0.57,0.852,0.735,0.405,0.639,0.128,0.162,0.29,0.685,1.26,0.319,92,87,3.35,1.1,0.4,10.1,$8.5,2024
Ross Stripling,OAK,2,11,0,22,14,85.1,109,65,57,7,22,49,6.01,1.54,5.17,2.32,0.129,0.057999999999999996,0.071,3.89,4.74,5.01,0.139,0.17600000000000002,,84.8,82.8,,92.0,0.068,0.353,88.3,13.6,111.7,0.392,0.353,0.255,0.09300000000000001,0.359,0.337,0.304,0.175,0.524,0.301,0.065,4.75,4.74,0.327,0.6679999999999999,0.478,0.7809999999999999,0.8909999999999999,0.8490000000000001,0.44299999999999995,0.669,0.07200000000000001,0.18100000000000002,0.253,0.5479999999999999,0.74,0.338,98,116,2.23,1.1,-1.4,10.7,$8.9,2024
Yariel Rodriguez,TOR,1,8,0,21,21,86.2,74,46,43,11,40,85,4.47,1.32,8.83,4.15,0.231,0.109,0.122,4.34,4.42,4.46,0.282,,,84.6,,,,0.063,0.371,87.8,16.8,111.6,0.374,0.41600000000000004,0.21,0.162,0.39299999999999996,0.33899999999999997,0.268,0.184,0.544,0.272,0.111,3.98,4.42,0.309,0.677,0.45399999999999996,0.624,0.865,0.765,0.392,0.56,0.107,0.165,0.272,0.6990000000000001,1.14,0.275,105,108,2.13,1.1,0.7,10.4,$8.6,2024
Andrew Abbott,CIN,10,10,0,25,25,138.0,127,60,57,25,52,114,3.72,1.3,7.43,3.39,0.195,0.08900000000000001,0.106,5.04,4.91,4.78,0.18600000000000003,0.163,,83.0,84.8,,92.9,0.09300000000000001,0.335,88.2,21.3,112.2,0.337,0.493,0.17,0.133,0.364,0.38,0.256,0.16,0.5529999999999999,0.287,0.12300000000000001,4.01,4.91,0.311,0.688,0.47200000000000003,0.6890000000000001,0.875,0.805,0.428,0.616,0.092,0.163,0.255,0.8290000000000001,1.63,0.26,118,121,2.19,1.0,3.0,10.1,$8.1,2024
Bowden Francis,TOR,8,5,0,27,13,103.2,74,41,38,17,22,92,3.3,0.93,7.99,1.91,0.225,0.054000000000000006,0.172,4.36,4.17,3.88,0.092,,,81.7,,,93.0,0.087,0.36200000000000004,89.1,18.9,112.2,0.34299999999999997,0.465,0.192,0.135,0.498,0.254,0.247,0.171,0.488,0.341,0.128,3.39,4.17,0.313,0.753,0.517,0.682,0.857,0.8,0.465,0.613,0.10300000000000001,0.157,0.26,0.7829999999999999,1.48,0.211,105,102,4.18,1.0,2.2,10.0,$8.3,2024
Blake Treinen,LAD,7,3,1,50,0,46.2,33,11,10,5,11,56,1.93,0.94,10.8,2.12,0.304,0.06,0.245,3.0,3.06,2.67,0.385,,,83.9,,,94.2,0.052000000000000005,0.33899999999999997,87.6,14.1,111.3,0.447,0.395,0.158,0.111,0.435,0.313,0.252,0.165,0.539,0.29600000000000004,0.111,2.4,3.06,0.36700000000000005,0.634,0.479,0.5539999999999999,0.898,0.745,0.419,0.652,0.122,0.183,0.305,0.897,0.96,0.255,72,76,5.09,1.0,1.8,9.7,$8.1,2024
Jose Butto,NYM,7,3,3,30,7,74.0,41,21,21,6,38,79,2.55,1.07,9.61,4.62,0.26899999999999996,0.129,0.139,3.83,4.2,4.11,0.23399999999999999,0.221,,84.0,87.2,,94.4,0.076,0.37799999999999995,88.7,15.9,114.5,0.415,0.409,0.175,0.129,0.401,0.355,0.244,0.14,0.552,0.308,0.086,3.43,4.2,0.324,0.682,0.435,0.5489999999999999,0.865,0.703,0.311,0.534,0.129,0.142,0.271,0.833,0.73,0.211,95,103,2.08,1.0,2.6,9.3,$7.7,2024
Luke Weaver,NYY,7,3,4,62,0,84.0,52,28,27,10,26,103,2.89,0.93,11.04,2.79,0.311,0.079,0.233,3.33,3.42,2.87,,0.27699999999999997,,,88.7,,95.8,0.086,0.384,89.1,16.5,110.6,0.364,0.467,0.16899999999999998,0.077,0.409,0.384,0.207,0.141,0.581,0.278,0.11,3.3,3.42,0.348,0.752,0.493,0.603,0.759,0.688,0.358,0.628,0.154,0.146,0.299,0.794,1.07,0.223,80,83,3.96,1.0,1.6,9.4,$7.9,2024
Javier Assad,CHC,7,6,0,29,29,147.0,143,64,61,20,63,124,3.73,1.4,7.59,3.86,0.19399999999999998,0.099,0.096,4.64,4.61,4.72,0.109,0.048,,80.2,83.9,,91.8,0.087,0.397,89.1,13.3,114.7,0.436,0.386,0.17800000000000002,0.10099999999999999,0.373,0.364,0.263,0.146,0.5529999999999999,0.301,0.11800000000000001,4.95,4.61,0.262,0.6409999999999999,0.42200000000000004,0.7240000000000001,0.91,0.843,0.42200000000000004,0.588,0.066,0.188,0.255,0.8029999999999999,1.22,0.289,116,113,1.97,1.0,2.9,10.4,$8.4,2024
Tim Herrin,CLE,5,1,0,75,0,65.2,39,17,14,2,25,68,1.92,0.97,9.32,3.43,0.265,0.09699999999999999,0.16699999999999998,2.86,3.64,3.45,0.276,,,87.6,,,95.6,0.069,0.365,86.9,7.5,111.5,0.49700000000000005,0.32899999999999996,0.174,0.078,0.396,0.447,0.157,0.20800000000000002,0.541,0.252,0.039,3.22,3.64,0.324,0.6559999999999999,0.467,0.522,0.853,0.722,0.43200000000000005,0.619,0.13,0.18899999999999997,0.318,0.785,0.27,0.236,70,89,2.72,1.0,1.7,9.3,$7.7,2024
Trevor Megill,MIL,1,3,21,48,0,46.1,33,16,14,4,14,50,2.72,1.01,9.71,2.72,0.273,0.077,0.19699999999999998,3.1,3.87,3.31,,,,,,,98.9,0.076,0.424,91.2,19.1,109.8,0.33299999999999996,0.496,0.171,0.086,0.331,0.373,0.297,0.09300000000000001,0.5589999999999999,0.34700000000000003,0.069,2.82,3.87,0.363,0.71,0.522,0.489,0.8809999999999999,0.7340000000000001,0.46,0.65,0.139,0.153,0.292,0.755,0.78,0.254,77,95,3.57,1.0,1.3,9.4,$7.9,2024
Drew Rasmussen,TBR,0,2,1,16,4,28.2,25,10,9,0,6,35,2.83,1.08,10.99,1.88,0.302,0.052000000000000005,0.25,1.35,2.57,2.55,0.054000000000000006,,,85.6,,,97.5,0.0,0.36,86.2,6.5,109.0,0.5329999999999999,0.307,0.16,0.043,0.36,0.293,0.34700000000000003,0.17300000000000001,0.5870000000000001,0.24,0.0,1.97,2.57,0.353,0.633,0.479,0.517,0.8320000000000001,0.705,0.451,0.733,0.141,0.2,0.341,0.677,0.0,0.333,33,62,5.83,1.0,0.5,9.1,$7.8,2024
Marcus Stroman,NYY,10,9,1,30,29,154.2,167,81,74,19,60,113,4.31,1.47,6.58,3.49,0.16699999999999998,0.08900000000000001,0.079,4.62,4.5,4.74,0.29600000000000004,0.11,,83.9,83.4,,90.6,0.067,0.39899999999999997,89.3,9.9,116.8,0.49200000000000005,0.308,0.2,0.079,0.4,0.39399999999999996,0.207,0.14800000000000002,0.527,0.325,0.126,4.93,4.5,0.302,0.6809999999999999,0.43799999999999994,0.6920000000000001,0.922,0.82,0.359,0.593,0.079,0.171,0.25,0.7390000000000001,1.11,0.312,111,110,1.88,0.9,1.0,9.2,$7.4,2024
Jared Koenig,MIL,9,4,1,55,6,62.0,54,22,17,4,23,63,2.47,1.24,9.15,3.34,0.23800000000000002,0.087,0.151,3.28,3.95,3.69,,0.039,,,85.6,,96.1,0.08,0.354,87.5,10.5,113.1,0.465,0.365,0.171,0.081,0.408,0.36200000000000004,0.23,0.218,0.5,0.282,0.065,3.48,3.95,0.29100000000000004,0.6609999999999999,0.47,0.654,0.852,0.789,0.484,0.657,0.099,0.18600000000000003,0.28600000000000003,0.782,0.58,0.292,81,97,2.74,0.9,1.3,8.8,$7.4,2024
Robert Suarez,SDP,9,3,36,65,0,65.0,52,21,20,7,16,59,2.77,1.05,8.17,2.22,0.22899999999999998,0.062,0.16699999999999998,3.49,3.81,3.53,,0.126,,,91.1,,99.2,0.077,0.40399999999999997,89.0,16.0,109.5,0.418,0.40700000000000003,0.17600000000000002,0.122,0.33899999999999997,0.32799999999999996,0.33299999999999996,0.18,0.49700000000000005,0.322,0.095,3.05,3.81,0.35600000000000004,0.7879999999999999,0.556,0.711,0.809,0.775,0.46299999999999997,0.632,0.125,0.115,0.239,0.8079999999999999,0.97,0.256,87,94,3.69,0.9,1.7,8.5,$7.1,2024
Reed Garrett,NYM,8,5,4,53,0,57.1,50,28,24,6,30,83,3.77,1.4,13.03,4.71,0.336,0.121,0.215,3.31,3.16,3.1,0.435,,,88.7,,,97.0,0.053,0.371,87.5,13.5,110.3,0.44299999999999995,0.35100000000000003,0.20600000000000002,0.196,0.409,0.364,0.22699999999999998,0.25,0.485,0.265,0.13,3.18,3.16,0.361,0.636,0.457,0.5,0.8170000000000001,0.654,0.35,0.619,0.158,0.158,0.316,0.7340000000000001,0.94,0.349,82,78,2.77,0.9,0.2,8.7,$7.2,2024
Josh Hader,HOU,8,8,34,71,0,71.0,43,33,30,12,25,105,3.8,0.96,13.31,3.17,0.37799999999999995,0.09,0.28800000000000003,3.5,2.93,2.38,0.27399999999999997,0.009000000000000001,,85.6,89.3,,,0.102,0.38799999999999996,89.7,21.2,111.0,0.303,0.524,0.172,0.132,0.34,0.435,0.22399999999999998,0.129,0.578,0.293,0.158,2.68,2.93,0.386,0.77,0.541,0.494,0.713,0.62,0.40299999999999997,0.64,0.205,0.124,0.33,0.69,1.52,0.23,86,71,4.2,0.9,0.5,9.1,$7.6,2024
Aaron Civale,- - -,8,9,0,31,31,161.0,158,82,78,29,52,149,4.36,1.3,8.33,2.91,0.21600000000000003,0.075,0.141,4.74,4.31,4.26,0.163,,,80.6,,,92.1,0.073,0.39399999999999996,89.4,17.2,119.5,0.35600000000000004,0.428,0.21600000000000003,0.11800000000000001,0.41100000000000003,0.336,0.253,0.145,0.539,0.315,0.142,4.0,4.31,0.311,0.659,0.45,0.665,0.899,0.8009999999999999,0.39899999999999997,0.637,0.08900000000000001,0.18899999999999997,0.278,0.764,1.62,0.285,118,106,2.87,0.9,1.6,9.0,$7.2,2024
Ryan Thompson,ARI,7,5,2,67,0,66.1,64,26,24,5,15,52,3.26,1.19,7.06,2.04,0.191,0.055,0.136,3.3,3.35,3.23,0.257,,,79.1,,,92.5,0.07400000000000001,0.446,90.0,-0.5,113.9,0.614,0.228,0.157,0.156,0.451,0.392,0.157,0.196,0.475,0.32799999999999996,0.111,3.98,3.35,0.366,0.6679999999999999,0.496,0.685,0.8759999999999999,0.7959999999999999,0.43200000000000005,0.665,0.10099999999999999,0.17600000000000002,0.27699999999999997,0.74,0.68,0.296,84,83,3.47,0.9,1.2,8.5,$7.1,2024
Luis L. Ortiz,PIT,7,6,1,37,15,135.2,109,56,50,16,42,107,3.32,1.11,7.1,2.79,0.192,0.076,0.11699999999999999,4.25,4.59,4.38,0.26899999999999996,0.01,,85.9,90.8,,95.9,0.08800000000000001,0.377,89.0,13.8,112.9,0.397,0.42200000000000004,0.18100000000000002,0.071,0.425,0.32899999999999996,0.24600000000000002,0.166,0.5479999999999999,0.28600000000000003,0.095,4.3,4.59,0.285,0.723,0.479,0.679,0.884,0.816,0.44299999999999995,0.586,0.08800000000000001,0.161,0.249,0.7559999999999999,1.06,0.243,105,113,2.55,0.9,2.6,9.2,$7.5,2024
Evan Phillips,LAD,5,1,18,61,0,54.2,48,30,22,6,17,63,3.62,1.19,10.37,2.8,0.276,0.075,0.20199999999999999,3.28,3.48,3.15,0.386,,,85.1,,,96.3,0.061,0.327,85.9,11.9,117.7,0.397,0.40399999999999997,0.19899999999999998,0.051,0.32,0.408,0.272,0.19699999999999998,0.565,0.23800000000000002,0.102,3.28,3.48,0.312,0.6629999999999999,0.469,0.557,0.857,0.747,0.447,0.632,0.11900000000000001,0.183,0.302,0.625,0.99,0.298,79,86,3.71,0.9,-0.1,8.6,$7.2,2024
Anthony Bender,MIA,5,2,1,59,0,53.0,50,25,24,3,18,59,4.08,1.28,10.02,3.06,0.259,0.079,0.18,2.92,3.36,3.21,0.47,0.038,,85.0,89.4,,95.8,0.048,0.408,87.7,8.7,115.7,0.5,0.281,0.21899999999999997,0.098,0.361,0.429,0.21100000000000002,0.163,0.551,0.28600000000000003,0.073,3.43,3.36,0.309,0.5770000000000001,0.429,0.62,0.915,0.797,0.447,0.557,0.087,0.217,0.304,0.693,0.51,0.326,72,83,3.28,0.9,0.3,8.5,$7.1,2024
Hoby Milner,MIL,5,1,1,61,1,64.2,63,38,34,6,14,64,4.73,1.19,8.91,1.95,0.239,0.052000000000000005,0.187,3.14,3.15,3.08,0.32899999999999996,0.138,,79.6,81.2,,88.9,0.027000000000000003,0.36200000000000004,87.7,8.3,111.8,0.519,0.287,0.193,0.077,0.41,0.319,0.271,0.218,0.527,0.255,0.115,3.23,3.15,0.297,0.607,0.429,0.753,0.885,0.8320000000000001,0.425,0.649,0.07200000000000001,0.215,0.287,0.581,0.84,0.313,77,78,4.57,0.9,-0.5,8.6,$7.2,2024
Kyle Freeland,COL,5,8,0,21,21,113.1,134,73,66,22,26,85,5.24,1.41,6.75,2.06,0.17300000000000001,0.053,0.12,4.9,4.38,4.47,0.22699999999999998,0.12300000000000001,,86.9,85.9,,91.6,0.106,0.40700000000000003,90.3,15.2,116.0,0.402,0.39899999999999997,0.19899999999999998,0.107,0.42100000000000004,0.354,0.225,0.156,0.49700000000000005,0.34700000000000003,0.147,5.08,4.38,0.325,0.723,0.499,0.711,0.917,0.841,0.435,0.657,0.079,0.16699999999999998,0.24600000000000002,0.6759999999999999,1.75,0.315,114,108,3.27,0.9,0.8,9.3,$7.5,2024
Porter Hodge,CHC,3,1,9,39,0,43.0,19,10,9,2,19,52,1.88,0.88,10.88,3.98,0.317,0.11599999999999999,0.201,2.75,3.41,3.22,0.375,,,83.0,,,,0.033,0.359,88.6,13.5,109.5,0.413,0.391,0.196,0.111,0.326,0.435,0.239,0.174,0.5539999999999999,0.272,0.055999999999999994,2.64,3.41,0.267,0.677,0.447,0.396,0.838,0.69,0.439,0.524,0.138,0.17300000000000001,0.311,0.8009999999999999,0.42,0.189,69,84,2.74,0.9,1.5,8.6,$7.2,2024
Bryan Abreu,HOU,3,3,1,78,0,78.1,59,27,27,9,32,103,3.1,1.16,11.83,3.68,0.317,0.098,0.218,3.49,3.48,3.01,0.531,0.005,,86.2,90.1,,96.9,0.087,0.38,90.4,16.0,111.3,0.40399999999999997,0.42100000000000004,0.175,0.078,0.375,0.386,0.239,0.125,0.56,0.315,0.11699999999999999,3.28,3.48,0.32,0.6559999999999999,0.461,0.496,0.818,0.688,0.418,0.56,0.14400000000000002,0.184,0.32799999999999996,0.8290000000000001,1.03,0.286,85,85,3.22,0.9,1.7,8.4,$7.0,2024
Chris Martin,BOS,3,1,2,45,0,44.1,47,22,17,5,3,50,3.45,1.13,10.15,0.61,0.278,0.017,0.261,2.78,2.61,2.43,0.009000000000000001,,,85.2,,,94.9,0.04,0.34700000000000003,88.5,9.4,112.3,0.46299999999999997,0.314,0.223,0.026000000000000002,0.293,0.374,0.33299999999999996,0.154,0.52,0.325,0.132,3.44,2.61,0.37799999999999995,0.7040000000000001,0.536,0.711,0.857,0.804,0.484,0.772,0.105,0.17600000000000002,0.281,0.674,1.02,0.353,67,63,16.67,0.9,0.3,8.6,$7.2,2024
Joe Ross,MIL,3,6,0,25,10,74.0,72,35,31,7,29,66,3.77,1.36,8.03,3.53,0.20600000000000002,0.09,0.115,3.83,4.5,4.38,0.373,0.08199999999999999,,86.6,90.2,,94.8,0.08,0.387,88.7,16.6,114.5,0.41,0.419,0.171,0.11800000000000001,0.366,0.344,0.29,0.21,0.469,0.321,0.075,3.87,4.5,0.308,0.711,0.491,0.547,0.858,0.752,0.45399999999999996,0.664,0.122,0.161,0.28300000000000003,0.727,0.85,0.298,94,111,2.28,0.9,0.7,8.6,$7.1,2024
Rhett Lowder,CIN,2,2,0,6,6,30.2,25,4,4,0,14,22,1.17,1.27,6.46,4.11,0.172,0.109,0.063,3.1,4.73,5.16,0.273,0.195,,85.1,86.3,,93.8,0.033,0.413,90.2,12.5,112.1,0.385,0.363,0.253,0.152,0.446,0.326,0.228,0.141,0.5429999999999999,0.315,0.0,4.32,4.73,0.29600000000000004,0.696,0.46799999999999997,0.738,0.8590000000000001,0.815,0.43,0.617,0.086,0.153,0.239,0.897,0.0,0.272,73,116,1.57,0.9,1.8,7.9,$6.9,2024
Dedniel Nunez,NYM,2,0,1,25,0,35.0,24,11,9,3,8,48,2.31,0.91,12.34,2.06,0.35600000000000004,0.059000000000000004,0.29600000000000004,2.22,2.32,2.13,0.491,0.01,,87.5,91.8,,96.5,0.10099999999999999,0.38,88.7,10.1,113.1,0.526,0.359,0.115,0.14300000000000002,0.43,0.32899999999999996,0.24100000000000002,0.165,0.532,0.304,0.107,2.39,2.32,0.41200000000000003,0.741,0.568,0.469,0.831,0.693,0.474,0.733,0.174,0.151,0.326,0.755,0.77,0.276,56,58,6.0,0.9,0.8,8.9,$7.5,2024
Matthew Boyd,CLE,2,2,0,8,8,39.2,32,16,12,4,13,46,2.72,1.13,10.44,2.95,0.27699999999999997,0.078,0.19899999999999998,3.29,3.89,3.65,0.17600000000000002,0.262,,79.5,81.0,,92.1,0.067,0.381,87.6,20.2,111.2,0.314,0.47600000000000003,0.21,0.14,0.324,0.39,0.28600000000000003,0.21,0.495,0.295,0.08,3.08,3.89,0.325,0.72,0.48700000000000004,0.57,0.8079999999999999,0.715,0.41100000000000003,0.645,0.139,0.16,0.299,0.7490000000000001,0.91,0.277,81,95,3.54,0.9,0.8,8.4,$7.1,2024
Ryan Pressly,HOU,2,3,4,59,0,56.2,58,25,22,4,18,58,3.49,1.34,9.21,2.86,0.23800000000000002,0.07400000000000001,0.16399999999999998,3.1,3.43,3.38,0.289,0.111,,89.6,89.6,,93.9,0.078,0.41600000000000004,89.8,6.2,119.3,0.488,0.287,0.226,0.021,0.418,0.376,0.20600000000000002,0.133,0.5329999999999999,0.33299999999999996,0.085,3.95,3.43,0.349,0.701,0.498,0.528,0.8959999999999999,0.747,0.424,0.627,0.126,0.149,0.275,0.732,0.64,0.333,76,84,3.22,0.9,0.5,8.2,$6.8,2024
Trevor Rogers,- - -,2,11,0,25,25,124.1,140,74,68,14,56,97,4.92,1.58,7.02,4.05,0.17300000000000001,0.1,0.073,4.52,4.7,4.91,0.20600000000000002,0.235,,82.4,85.6,,92.1,0.084,0.444,90.7,10.4,112.1,0.46299999999999997,0.336,0.201,0.07400000000000001,0.42200000000000004,0.363,0.215,0.131,0.511,0.358,0.10400000000000001,5.17,4.7,0.315,0.6890000000000001,0.461,0.7020000000000001,0.888,0.8109999999999999,0.392,0.5870000000000001,0.087,0.157,0.245,0.698,1.01,0.322,111,115,1.73,0.9,0.5,9.2,$7.5,2024
Kris Bubic,KCR,1,1,1,27,0,30.1,26,12,9,2,5,39,2.67,1.02,11.57,1.48,0.322,0.040999999999999995,0.281,1.95,2.04,2.09,0.364,0.165,,84.0,85.3,,93.2,0.026000000000000002,0.28600000000000003,83.4,3.0,110.3,0.562,0.26,0.17800000000000002,0.053,0.33799999999999997,0.377,0.28600000000000003,0.182,0.636,0.182,0.105,1.81,2.04,0.40700000000000003,0.632,0.505,0.607,0.7909999999999999,0.708,0.43700000000000006,0.612,0.14800000000000002,0.193,0.34,0.674,0.59,0.32,47,49,7.8,0.9,0.5,8.7,$7.4,2024
Ben Lively,CLE,13,10,0,29,29,151.0,139,67,64,23,49,118,3.81,1.25,7.03,2.92,0.187,0.078,0.109,4.66,4.57,4.58,0.21899999999999997,0.091,,79.4,84.0,,90.0,0.065,0.415,90.2,14.0,116.9,0.419,0.413,0.168,0.106,0.40700000000000003,0.365,0.228,0.128,0.563,0.309,0.122,3.98,4.57,0.276,0.706,0.46299999999999997,0.716,0.889,0.83,0.433,0.657,0.078,0.188,0.267,0.784,1.37,0.265,115,112,2.41,0.8,2.3,7.9,$6.3,2024
Colin Rea,MIL,12,6,1,32,27,167.2,169,83,80,29,43,135,4.29,1.26,7.25,2.31,0.18899999999999997,0.06,0.129,4.75,4.42,4.33,0.17,,,82.1,,,93.0,0.087,0.42,90.4,15.2,114.3,0.38799999999999996,0.40700000000000003,0.205,0.094,0.456,0.304,0.24,0.13699999999999998,0.534,0.32899999999999996,0.13699999999999998,4.89,4.42,0.28600000000000003,0.696,0.46799999999999997,0.716,0.884,0.8270000000000001,0.44299999999999995,0.648,0.081,0.183,0.264,0.7659999999999999,1.56,0.282,116,109,3.14,0.8,2.0,7.9,$6.4,2024
James Paxton,- - -,9,3,0,21,21,100.1,95,53,49,12,50,73,4.4,1.45,6.55,4.49,0.16699999999999998,0.114,0.053,4.79,5.21,5.35,,0.066,,,82.6,,93.4,0.08,0.431,90.5,16.0,118.1,0.375,0.42700000000000005,0.19899999999999998,0.092,0.32899999999999996,0.39899999999999997,0.272,0.14400000000000002,0.502,0.355,0.092,4.73,5.21,0.29,0.7140000000000001,0.47,0.639,0.907,0.812,0.424,0.636,0.08800000000000001,0.145,0.23399999999999999,0.72,1.08,0.276,114,128,1.46,0.8,1.1,7.7,$6.3,2024
Kyle Harrison,SFG,7,7,0,24,24,124.1,125,65,63,18,42,118,4.56,1.34,8.54,3.04,0.222,0.079,0.14300000000000002,4.33,4.23,4.18,,0.198,,,84.9,,92.9,0.10099999999999999,0.441,90.7,14.9,114.9,0.409,0.40299999999999997,0.188,0.08199999999999999,0.32899999999999996,0.389,0.282,0.142,0.512,0.345,0.12300000000000001,4.87,4.23,0.305,0.6659999999999999,0.461,0.667,0.8690000000000001,0.7929999999999999,0.431,0.568,0.095,0.179,0.27399999999999997,0.733,1.3,0.308,111,104,2.81,0.8,0.9,8.1,$6.5,2024
Brant Hurter,DET,6,1,0,10,1,45.1,34,13,13,4,6,38,2.58,0.88,7.54,1.19,0.217,0.034,0.183,3.03,3.32,3.19,0.307,0.11800000000000001,,83.2,85.7,,92.2,0.046,0.366,88.5,10.2,112.1,0.531,0.336,0.133,0.14,0.366,0.42700000000000005,0.20600000000000002,0.20600000000000002,0.565,0.22899999999999998,0.09300000000000001,2.27,3.32,0.302,0.6579999999999999,0.478,0.633,0.9,0.815,0.495,0.7090000000000001,0.08800000000000001,0.217,0.305,0.785,0.79,0.236,74,81,6.33,0.8,1.2,7.1,$6.1,2024
Jose Leclerc,TEX,6,5,1,64,0,66.2,56,33,32,7,32,89,4.32,1.32,12.02,4.32,0.309,0.111,0.198,3.48,3.66,3.26,0.32299999999999995,0.102,,82.0,88.2,,95.6,0.07400000000000001,0.307,87.4,18.1,115.8,0.35200000000000004,0.428,0.22,0.132,0.436,0.344,0.221,0.166,0.54,0.294,0.10300000000000001,3.57,3.66,0.322,0.706,0.46799999999999997,0.517,0.753,0.652,0.381,0.5589999999999999,0.163,0.141,0.304,0.718,0.95,0.314,84,89,2.78,0.8,0.1,7.8,$6.5,2024
Kevin Kelly,TBR,5,2,1,68,0,70.2,59,25,21,7,9,63,2.67,0.96,8.02,1.15,0.22699999999999998,0.032,0.19399999999999998,3.27,3.13,2.83,0.27899999999999997,,,77.3,,,92.2,0.05,0.368,86.9,4.8,114.9,0.568,0.271,0.161,0.055999999999999994,0.38799999999999996,0.38299999999999995,0.22899999999999998,0.204,0.522,0.27399999999999997,0.13,3.3,3.13,0.281,0.615,0.445,0.682,0.872,0.8109999999999999,0.491,0.698,0.084,0.235,0.319,0.759,0.89,0.268,82,76,7.0,0.8,1.2,7.4,$6.2,2024
Dylan Lee,ATL,4,2,0,52,0,59.2,49,19,14,7,17,76,2.11,1.11,11.46,2.56,0.317,0.071,0.24600000000000002,3.0,3.15,2.73,0.547,0.121,,84.1,85.7,,92.5,0.075,0.32,87.5,16.8,111.2,0.35200000000000004,0.455,0.193,0.061,0.49700000000000005,0.354,0.15,0.10800000000000001,0.608,0.284,0.106,2.55,3.15,0.41200000000000003,0.762,0.569,0.456,0.769,0.644,0.449,0.688,0.20199999999999999,0.136,0.337,0.836,1.06,0.3,76,78,4.47,0.8,1.2,7.5,$6.3,2024
Jakob Junis,- - -,4,0,1,24,6,67.0,49,22,20,8,8,51,2.69,0.85,6.85,1.07,0.20199999999999999,0.032,0.17,3.69,3.87,3.72,0.45299999999999996,0.08199999999999999,,83.1,86.6,,92.6,0.084,0.424,90.0,15.1,116.4,0.387,0.40299999999999997,0.209,0.078,0.408,0.335,0.257,0.105,0.607,0.28800000000000003,0.10400000000000001,3.78,3.87,0.32299999999999995,0.624,0.474,0.6579999999999999,0.841,0.779,0.502,0.723,0.105,0.21600000000000003,0.321,0.779,1.07,0.224,89,95,6.38,0.8,1.9,7.6,$6.7,2024
Beau Brieske,DET,4,5,1,46,12,67.2,55,31,27,5,30,69,3.59,1.26,9.18,3.99,0.245,0.106,0.138,3.51,4.27,4.0,0.174,0.26,,86.2,88.4,,96.0,0.055,0.359,89.0,14.9,111.3,0.376,0.433,0.191,0.078,0.348,0.442,0.21,0.177,0.525,0.298,0.065,3.31,4.27,0.332,0.7090000000000001,0.485,0.696,0.8340000000000001,0.778,0.406,0.589,0.10800000000000001,0.15,0.258,0.7,0.67,0.284,85,104,2.3,0.8,0.5,7.4,$6.1,2024
Tony Santillan,CIN,3,3,0,29,1,30.0,21,11,10,4,9,46,3.0,1.0,13.8,2.7,0.377,0.07400000000000001,0.303,2.73,2.51,2.19,0.387,0.01,,86.8,92.2,,97.3,0.06,0.40299999999999997,90.2,19.7,112.3,0.32299999999999995,0.462,0.215,0.1,0.254,0.418,0.32799999999999996,0.11900000000000001,0.627,0.254,0.133,2.42,2.51,0.299,0.7340000000000001,0.5,0.5429999999999999,0.825,0.7340000000000001,0.462,0.615,0.133,0.16399999999999998,0.297,0.779,1.2,0.27,65,62,5.11,0.8,0.7,7.2,$6.1,2024
Devin Williams,MIL,1,0,14,22,0,21.2,10,3,3,1,11,38,1.25,0.97,15.78,4.57,0.43200000000000005,0.125,0.307,2.06,2.44,2.31,,0.45,,,84.4,,94.7,0.054000000000000006,0.324,84.2,14.7,104.9,0.43200000000000005,0.37799999999999995,0.18899999999999997,0.071,0.37799999999999995,0.37799999999999995,0.243,0.18899999999999997,0.595,0.21600000000000003,0.071,2.09,2.44,0.33299999999999996,0.703,0.473,0.506,0.721,0.627,0.379,0.557,0.17600000000000002,0.146,0.322,0.9259999999999999,0.42,0.25,51,61,3.45,0.8,1.4,7.9,$6.7,2024
Nick Mears,- - -,1,5,0,54,0,57.2,61,40,38,7,24,75,5.93,1.47,11.71,3.75,0.293,0.094,0.19899999999999998,3.39,3.47,3.19,0.22899999999999998,,,86.6,,,96.9,0.07,0.331,88.1,14.3,109.7,0.408,0.401,0.191,0.048,0.35700000000000004,0.382,0.261,0.159,0.478,0.363,0.111,3.3,3.47,0.344,0.677,0.491,0.584,0.838,0.7390000000000001,0.44299999999999995,0.66,0.128,0.172,0.301,0.598,1.09,0.36,81,86,3.13,0.8,-0.6,7.3,$6.2,2024
Michael Lorenzen,- - -,7,6,0,26,24,130.1,101,49,48,17,60,97,3.31,1.24,6.7,4.14,0.18100000000000002,0.11199999999999999,0.069,4.89,4.95,5.07,0.15,0.188,,83.9,84.6,,94.0,0.08,0.39399999999999996,88.5,15.1,115.6,0.418,0.405,0.177,0.146,0.386,0.365,0.249,0.188,0.491,0.322,0.113,4.58,4.95,0.271,0.698,0.446,0.659,0.872,0.7959999999999999,0.41100000000000003,0.61,0.091,0.165,0.257,0.8240000000000001,1.17,0.236,119,121,1.62,0.7,3.1,6.6,$5.4,2024
Joey Estes,OAK,7,9,0,25,24,127.2,130,73,71,23,27,92,5.01,1.23,6.49,1.9,0.16899999999999998,0.05,0.12,4.94,5.29,5.04,0.331,0.11,,79.7,84.8,,92.6,0.09699999999999999,0.396,89.5,25.4,113.6,0.24600000000000002,0.555,0.2,0.154,0.413,0.32899999999999996,0.258,0.171,0.527,0.302,0.10099999999999999,4.41,5.29,0.354,0.767,0.552,0.725,0.887,0.833,0.479,0.6629999999999999,0.092,0.136,0.228,0.6970000000000001,1.62,0.274,125,130,3.41,0.7,0.4,7.3,$5.8,2024
Bryan Hudson,MIL,6,1,0,43,0,62.1,28,12,12,7,17,62,1.73,0.72,8.95,2.45,0.268,0.07400000000000001,0.195,3.6,3.6,3.22,0.233,,,81.6,,,91.4,0.067,0.36200000000000004,87.9,14.2,111.6,0.41200000000000003,0.405,0.182,0.15,0.324,0.39899999999999997,0.27699999999999997,0.209,0.547,0.243,0.11699999999999999,2.99,3.6,0.27699999999999997,0.6859999999999999,0.47200000000000003,0.575,0.905,0.804,0.478,0.593,0.09300000000000001,0.191,0.28300000000000003,0.9420000000000001,1.01,0.148,89,89,3.65,0.7,2.7,7.0,$5.8,2024
Justin Verlander,HOU,5,6,0,17,17,90.1,98,56,55,15,27,74,5.48,1.38,7.37,2.69,0.187,0.068,0.11900000000000001,4.78,5.13,4.8,0.193,0.10099999999999999,,86.7,84.1,,93.7,0.069,0.325,88.6,20.9,118.8,0.282,0.523,0.195,0.127,0.37,0.349,0.28,0.19,0.5429999999999999,0.266,0.1,3.77,5.13,0.319,0.703,0.486,0.723,0.861,0.81,0.435,0.583,0.092,0.16699999999999998,0.259,0.682,1.49,0.303,118,126,2.74,0.7,0.0,6.7,$5.4,2024
Tyler Ferguson,OAK,4,2,2,48,0,51.1,32,23,21,4,24,62,3.68,1.09,10.87,4.21,0.3,0.11599999999999999,0.184,3.28,3.77,3.42,0.23800000000000002,0.022000000000000002,,84.5,88.5,,96.1,0.084,0.387,88.2,17.2,116.3,0.373,0.43200000000000005,0.195,0.157,0.429,0.32799999999999996,0.244,0.193,0.496,0.311,0.078,3.67,3.77,0.33299999999999996,0.653,0.48,0.662,0.8,0.748,0.45799999999999996,0.623,0.121,0.175,0.295,0.6679999999999999,0.7,0.243,83,92,2.58,0.7,0.3,6.4,$5.4,2024
Randy Vasquez,SDP,4,7,0,20,20,98.0,119,56,53,13,29,62,4.87,1.51,5.69,2.66,0.14400000000000002,0.067,0.077,4.7,4.9,5.01,0.099,0.12300000000000001,,82.4,88.7,,94.3,0.087,0.395,88.7,15.0,119.2,0.387,0.37799999999999995,0.23600000000000002,0.16,0.37799999999999995,0.41100000000000003,0.21,0.177,0.489,0.33299999999999996,0.10400000000000001,5.92,4.9,0.311,0.731,0.494,0.731,0.8959999999999999,0.8370000000000001,0.434,0.603,0.081,0.15,0.23,0.722,1.19,0.33,116,120,2.14,0.7,0.3,7.4,$6.0,2024
Spencer Turnbull,PHI,3,0,0,17,7,54.1,37,17,16,6,20,58,2.65,1.05,9.61,3.31,0.261,0.09,0.171,3.85,3.8,3.67,0.385,0.055999999999999994,,84.0,87.8,,,0.07200000000000001,0.424,87.8,10.7,108.9,0.475,0.36,0.165,0.04,0.41,0.396,0.19399999999999998,0.13699999999999998,0.5539999999999999,0.309,0.12,4.07,3.8,0.287,0.644,0.424,0.623,0.858,0.76,0.38299999999999995,0.599,0.10099999999999999,0.179,0.28,0.84,0.99,0.233,93,94,2.9,0.7,1.7,6.3,$5.3,2024
Shawn Armstrong,- - -,3,3,1,57,7,66.2,77,38,36,6,25,66,4.86,1.53,8.91,3.38,0.22399999999999998,0.085,0.139,3.57,4.19,3.95,0.053,,,85.1,,,93.5,0.08900000000000001,0.381,88.9,16.7,113.0,0.358,0.39299999999999996,0.249,0.152,0.307,0.381,0.312,0.183,0.485,0.332,0.076,5.11,4.19,0.342,0.703,0.509,0.73,0.8690000000000001,0.8190000000000001,0.462,0.695,0.092,0.16899999999999998,0.261,0.69,0.81,0.362,90,103,2.64,0.7,-0.4,6.4,$5.5,2024
Jesus Luzardo,MIA,3,6,0,12,12,66.2,61,37,37,9,22,58,5.0,1.25,7.83,2.97,0.212,0.08,0.131,4.26,4.23,4.33,0.292,0.228,,83.6,86.3,,95.5,0.099,0.41100000000000003,90.4,16.5,115.5,0.37,0.402,0.228,0.079,0.43799999999999994,0.26,0.302,0.12,0.599,0.281,0.11800000000000001,4.6,4.23,0.332,0.723,0.488,0.556,0.831,0.718,0.4,0.624,0.13699999999999998,0.15,0.28800000000000003,0.6629999999999999,1.22,0.284,105,104,2.64,0.7,0.5,6.8,$5.6,2024
Andrew Nardi,MIA,3,2,0,59,0,49.2,44,29,28,7,18,70,5.07,1.25,12.68,3.26,0.33299999999999996,0.086,0.248,3.33,3.35,2.77,0.384,0.008,,83.0,91.4,,94.2,0.07400000000000001,0.34700000000000003,88.2,21.6,112.7,0.317,0.508,0.175,0.098,0.38799999999999996,0.322,0.289,0.174,0.537,0.289,0.115,2.75,3.35,0.381,0.723,0.517,0.627,0.792,0.718,0.395,0.5760000000000001,0.146,0.134,0.27899999999999997,0.639,1.27,0.325,82,83,3.89,0.7,-0.3,6.8,$5.7,2024
Robert Gasser,MIL,2,0,0,5,5,28.0,28,9,8,2,1,16,2.57,1.04,5.14,0.32,0.14,0.009000000000000001,0.132,3.38,4.18,4.34,0.321,0.12300000000000001,,80.7,87.5,,93.2,0.021,0.245,86.0,14.2,108.8,0.43,0.344,0.226,0.188,0.36200000000000004,0.39399999999999996,0.245,0.191,0.574,0.23399999999999999,0.063,2.89,4.18,0.342,0.684,0.521,0.677,0.846,0.7929999999999999,0.524,0.737,0.10800000000000001,0.188,0.29600000000000004,0.7879999999999999,0.64,0.283,83,103,16.0,0.7,0.9,6.2,$5.4,2024
Jacob Webb,BAL,2,5,2,60,0,56.2,40,23,19,4,27,58,3.02,1.18,9.21,4.29,0.245,0.114,0.131,3.52,4.31,4.03,0.281,0.275,,82.9,84.4,,93.5,0.079,0.344,87.4,17.7,115.5,0.34,0.42700000000000005,0.233,0.156,0.397,0.325,0.278,0.21899999999999997,0.483,0.298,0.063,3.52,4.31,0.318,0.718,0.494,0.6629999999999999,0.8140000000000001,0.759,0.441,0.595,0.11900000000000001,0.15,0.26899999999999996,0.721,0.64,0.245,86,105,2.15,0.7,0.7,6.4,$5.3,2024
Hunter Stratton,PIT,2,1,1,36,0,37.2,37,17,15,3,7,33,3.58,1.17,7.88,1.67,0.209,0.044000000000000004,0.165,3.25,3.98,3.6,0.25,,,84.2,,,95.6,0.061,0.313,87.3,19.5,110.6,0.37799999999999995,0.396,0.225,0.205,0.4,0.35700000000000004,0.243,0.174,0.53,0.29600000000000004,0.068,3.27,3.98,0.376,0.71,0.52,0.603,0.86,0.754,0.429,0.62,0.128,0.14800000000000002,0.276,0.701,0.72,0.304,81,98,4.71,0.7,0.4,6.3,$5.3,2024
Hunter Harvey,- - -,2,4,1,49,0,50.2,51,28,25,5,16,55,4.44,1.32,9.77,2.84,0.251,0.073,0.17800000000000002,3.52,3.52,3.3,0.047,,,85.9,,,98.0,0.091,0.483,90.4,10.9,112.4,0.447,0.305,0.248,0.11599999999999999,0.44799999999999995,0.287,0.266,0.14,0.49,0.371,0.11599999999999999,5.16,3.52,0.33799999999999997,0.72,0.513,0.6509999999999999,0.8029999999999999,0.748,0.45799999999999996,0.635,0.129,0.152,0.281,0.677,0.89,0.333,87,87,3.44,0.7,-0.1,6.5,$5.5,2024
Clayton Kershaw,LAD,2,2,0,7,7,30.0,36,19,15,2,9,24,4.5,1.5,7.2,2.7,0.18,0.068,0.113,3.53,4.33,4.51,0.43700000000000006,,,86.0,,,89.8,0.040999999999999995,0.408,90.4,14.1,110.8,0.385,0.344,0.271,0.121,0.485,0.381,0.134,0.14400000000000002,0.5670000000000001,0.289,0.061,4.59,4.33,0.314,0.72,0.501,0.5760000000000001,0.898,0.79,0.461,0.6990000000000001,0.105,0.161,0.266,0.633,0.6,0.354,85,106,2.67,0.7,0.0,6.2,$5.3,2024
Cionel Perez,BAL,2,0,2,62,0,53.2,47,29,27,0,28,46,4.53,1.4,7.71,4.7,0.193,0.11800000000000001,0.076,3.3,4.59,4.37,0.369,,,83.1,,,96.5,0.05,0.34,88.3,4.1,116.4,0.5579999999999999,0.295,0.147,0.109,0.428,0.29600000000000004,0.27699999999999997,0.20800000000000002,0.465,0.327,0.0,3.59,4.59,0.28,0.682,0.45399999999999996,0.613,0.882,0.7879999999999999,0.433,0.63,0.096,0.155,0.251,0.638,0.0,0.296,81,112,1.64,0.7,-0.2,6.9,$5.8,2024
Jesus Tinoco,- - -,1,0,3,32,0,40.2,27,15,15,3,12,42,3.32,0.96,9.3,2.66,0.259,0.07400000000000001,0.185,3.17,3.73,3.29,0.522,0.039,,86.7,90.0,,96.6,0.067,0.33299999999999996,87.1,12.9,112.8,0.467,0.39,0.14300000000000002,0.098,0.324,0.381,0.295,0.21899999999999997,0.39,0.39,0.073,3.2,3.73,0.337,0.688,0.488,0.6609999999999999,0.8109999999999999,0.752,0.429,0.586,0.121,0.16899999999999998,0.29,0.7140000000000001,0.66,0.235,78,92,3.5,0.7,0.8,6.4,$5.5,2024
Michel Otanez,OAK,1,0,1,36,0,34.0,27,15,13,2,20,55,3.44,1.38,14.56,5.29,0.364,0.132,0.23199999999999998,2.73,3.38,2.99,0.41100000000000003,,,85.3,,,98.1,0.040999999999999995,0.32899999999999996,86.3,15.1,106.3,0.384,0.43799999999999994,0.17800000000000002,0.125,0.342,0.384,0.27399999999999997,0.205,0.534,0.26,0.063,2.49,3.38,0.324,0.6970000000000001,0.46799999999999997,0.433,0.752,0.616,0.384,0.5760000000000001,0.179,0.159,0.33899999999999997,0.742,0.53,0.352,68,82,2.75,0.7,0.3,6.6,$5.5,2024
Ryan Fernandez,STL,1,6,2,62,0,66.2,58,30,26,4,32,71,3.51,1.35,9.59,4.32,0.249,0.11199999999999999,0.13699999999999998,3.35,3.9,3.87,0.44799999999999995,,,87.3,,,95.8,0.07200000000000001,0.33899999999999997,89.0,10.4,111.8,0.429,0.33299999999999996,0.237,0.068,0.444,0.344,0.21100000000000002,0.106,0.589,0.306,0.068,3.5,3.9,0.337,0.72,0.479,0.506,0.861,0.7040000000000001,0.37,0.579,0.142,0.129,0.271,0.718,0.54,0.307,84,96,2.22,0.7,0.5,7.2,$6.0,2024
Jordan Montgomery,ARI,8,7,1,25,21,117.0,149,83,81,14,44,83,6.23,1.65,6.38,3.38,0.156,0.083,0.073,4.48,4.67,4.91,0.018000000000000002,0.193,,84.1,83.2,,92.1,0.06,0.409,88.6,12.2,112.3,0.423,0.342,0.235,0.067,0.428,0.37799999999999995,0.19399999999999998,0.13699999999999998,0.517,0.34600000000000003,0.10400000000000001,5.18,4.67,0.365,0.7040000000000001,0.491,0.632,0.851,0.748,0.37,0.63,0.12300000000000001,0.133,0.256,0.639,1.08,0.347,114,115,1.89,0.6,-0.9,6.0,$4.8,2024
Jalen Beeks,- - -,7,4,10,71,0,70.0,77,42,35,6,27,55,4.5,1.49,7.07,3.47,0.17600000000000002,0.087,0.09,4.0,4.65,4.38,,0.256,,,88.9,,94.7,0.048,0.33,87.2,13.5,115.5,0.451,0.366,0.183,0.146,0.38299999999999995,0.35200000000000004,0.264,0.185,0.5329999999999999,0.282,0.073,3.77,4.65,0.284,0.743,0.47,0.632,0.888,0.795,0.40399999999999997,0.561,0.096,0.136,0.233,0.659,0.77,0.321,95,114,2.04,0.6,-0.1,6.1,$5.0,2024
Dylan Floro,- - -,6,4,0,66,0,68.2,65,31,29,5,17,48,3.8,1.19,6.29,2.23,0.172,0.061,0.111,3.5,4.1,4.07,0.26899999999999996,0.095,,83.4,83.6,,90.0,0.042,0.39,90.2,10.9,114.1,0.455,0.335,0.21100000000000002,0.057,0.35200000000000004,0.34299999999999997,0.305,0.127,0.5539999999999999,0.319,0.071,3.88,4.1,0.259,0.622,0.419,0.6729999999999999,0.9109999999999999,0.8290000000000001,0.442,0.627,0.07200000000000001,0.226,0.298,0.684,0.66,0.288,88,101,2.82,0.6,0.6,5.6,$4.8,2024
Carmen Mlodzinski,PIT,5,5,0,40,4,50.2,41,22,19,3,19,46,3.38,1.18,8.17,3.38,0.22,0.091,0.129,3.36,4.18,3.96,0.366,0.003,,86.5,88.7,,96.2,0.027999999999999997,0.35200000000000004,89.3,12.8,112.3,0.461,0.376,0.163,0.075,0.45799999999999996,0.268,0.275,0.134,0.585,0.282,0.057,3.34,4.18,0.302,0.7290000000000001,0.48,0.638,0.852,0.774,0.418,0.622,0.10800000000000001,0.152,0.261,0.6920000000000001,0.53,0.273,83,103,2.42,0.6,0.6,5.8,$4.8,2024
Merrill Kelly,ARI,5,1,0,13,13,73.2,67,35,33,11,19,63,4.03,1.17,7.7,2.32,0.21,0.063,0.147,4.25,3.89,4.09,0.11800000000000001,0.209,,85.6,88.4,,92.0,0.106,0.40700000000000003,90.4,11.2,110.0,0.425,0.363,0.212,0.078,0.456,0.335,0.209,0.13,0.535,0.335,0.14300000000000002,4.91,3.89,0.33399999999999996,0.713,0.478,0.657,0.919,0.8059999999999999,0.381,0.63,0.09300000000000001,0.168,0.261,0.73,1.34,0.273,108,96,3.32,0.6,1.2,6.4,$5.2,2024
Yennier Cano,BAL,4,3,5,70,0,60.0,54,24,21,6,24,65,3.15,1.3,9.75,3.6,0.261,0.096,0.165,3.55,3.08,3.08,0.13,0.244,,87.1,91.1,,96.6,0.063,0.434,89.9,-2.0,113.6,0.629,0.20800000000000002,0.16399999999999998,0.061,0.45299999999999996,0.396,0.151,0.16399999999999998,0.509,0.327,0.182,3.71,3.08,0.355,0.6809999999999999,0.48100000000000004,0.605,0.86,0.7440000000000001,0.386,0.5820000000000001,0.12300000000000001,0.147,0.27,0.779,0.9,0.314,87,75,2.71,0.6,0.9,5.8,$4.8,2024
Trent Thornton,SEA,4,3,1,71,0,72.1,63,32,29,8,19,77,3.61,1.13,9.58,2.36,0.262,0.065,0.19699999999999998,3.47,3.56,3.2,0.33799999999999997,0.025,,82.4,87.6,,95.6,0.078,0.373,87.9,16.2,111.7,0.381,0.386,0.233,0.11,0.409,0.342,0.249,0.166,0.56,0.275,0.11,3.33,3.56,0.363,0.69,0.505,0.607,0.8590000000000001,0.757,0.434,0.68,0.12300000000000001,0.172,0.295,0.726,1.0,0.297,88,87,4.05,0.6,0.3,5.4,$4.5,2024
Michael Tonkin,- - -,4,4,2,57,0,79.1,70,43,32,6,30,85,3.63,1.26,9.64,3.4,0.25,0.08800000000000001,0.162,3.44,3.89,3.56,0.451,,,83.2,,,93.2,0.07400000000000001,0.35,88.0,12.5,111.3,0.41,0.34600000000000003,0.244,0.08,0.43799999999999994,0.401,0.161,0.166,0.5529999999999999,0.281,0.08,4.33,3.89,0.336,0.664,0.467,0.6829999999999999,0.8640000000000001,0.7859999999999999,0.39899999999999997,0.644,0.1,0.161,0.261,0.653,0.68,0.303,83,95,2.83,0.6,-0.5,5.9,$5.0,2024
Edward Cabrera,MIA,4,8,0,20,20,96.1,82,60,53,15,50,107,4.95,1.37,10.0,4.67,0.256,0.12,0.136,4.68,3.94,4.22,0.083,0.324,,89.3,93.1,,96.3,0.086,0.457,89.7,10.0,114.6,0.47,0.324,0.20600000000000002,0.11,0.465,0.336,0.19899999999999998,0.13699999999999998,0.516,0.348,0.183,4.77,3.94,0.31,0.677,0.45399999999999996,0.546,0.8740000000000001,0.738,0.39299999999999996,0.608,0.11900000000000001,0.159,0.27699999999999997,0.664,1.4,0.278,115,97,2.14,0.6,0.1,5.7,$4.6,2024
Reid Detmers,LAA,4,9,0,17,17,87.1,98,67,65,18,38,109,6.7,1.56,11.23,3.92,0.27899999999999997,0.09699999999999999,0.182,4.72,3.86,3.77,0.245,0.142,,86.2,84.7,,94.1,0.107,0.39299999999999996,89.9,16.2,112.7,0.38299999999999995,0.43799999999999994,0.179,0.095,0.479,0.26899999999999996,0.252,0.132,0.504,0.364,0.171,4.14,3.86,0.326,0.6970000000000001,0.489,0.596,0.8170000000000001,0.735,0.439,0.629,0.13,0.165,0.295,0.629,1.85,0.357,114,94,2.87,0.6,-1.1,6.4,$5.2,2024
Michael McGreevy,STL,3,0,0,4,3,23.0,16,5,5,1,2,18,1.96,0.78,7.04,0.78,0.209,0.023,0.18600000000000003,2.56,2.72,2.77,0.19,0.09300000000000001,,84.3,87.3,,93.1,0.046,0.33799999999999997,87.3,-3.3,108.1,0.625,0.172,0.203,0.0,0.523,0.33799999999999997,0.138,0.2,0.5379999999999999,0.262,0.091,3.6,2.72,0.32,0.633,0.46,0.6729999999999999,0.852,0.7829999999999999,0.447,0.674,0.1,0.193,0.293,0.795,0.39,0.234,65,67,9.0,0.6,1.0,5.6,$5.0,2024
Andres Munoz,SEA,3,7,22,60,0,59.1,31,16,14,6,26,77,2.12,0.96,11.68,3.94,0.332,0.11199999999999999,0.22,3.35,2.98,2.94,0.47100000000000003,,,87.7,,,98.6,0.087,0.33299999999999996,86.3,1.5,108.8,0.524,0.294,0.183,0.054000000000000006,0.349,0.35700000000000004,0.294,0.20600000000000002,0.5,0.294,0.162,2.92,2.98,0.359,0.64,0.45399999999999996,0.456,0.8059999999999999,0.623,0.33899999999999997,0.586,0.171,0.172,0.34299999999999997,0.853,0.91,0.208,85,72,2.96,0.6,2.1,6.0,$5.0,2024
Tyler Rogers,SFG,3,4,1,77,0,70.1,67,23,22,7,6,51,2.82,1.04,6.53,0.77,0.17600000000000002,0.021,0.155,3.56,3.69,3.33,0.355,,,73.6,,,,0.044000000000000004,0.31,85.2,7.5,112.6,0.545,0.295,0.161,0.16699999999999998,0.35600000000000004,0.33299999999999996,0.311,0.244,0.524,0.231,0.106,2.99,3.69,0.303,0.725,0.524,0.7659999999999999,0.868,0.84,0.523,0.6970000000000001,0.084,0.19399999999999998,0.27699999999999997,0.812,0.9,0.274,91,91,8.5,0.6,1.5,5.6,$4.7,2024
Anthony Banda,LAD,3,2,2,48,2,49.2,44,19,17,5,18,50,3.08,1.25,9.06,3.26,0.239,0.086,0.153,3.67,3.88,3.67,0.28300000000000003,0.127,,85.8,90.1,,96.1,0.065,0.38799999999999996,88.3,11.9,117.0,0.444,0.37,0.185,0.12,0.36700000000000005,0.353,0.281,0.187,0.48200000000000004,0.331,0.1,3.26,3.88,0.359,0.727,0.519,0.529,0.8370000000000001,0.716,0.435,0.608,0.147,0.13699999999999998,0.284,0.789,0.91,0.291,88,96,2.78,0.6,0.8,5.5,$4.6,2024
Pete Fairbanks,TBR,3,3,23,46,0,45.1,36,20,18,4,17,44,3.57,1.17,8.74,3.38,0.23800000000000002,0.092,0.146,3.5,3.88,3.75,0.44799999999999995,0.026000000000000002,,85.1,93.8,,97.4,0.055999999999999994,0.41100000000000003,89.1,15.3,110.6,0.434,0.377,0.18899999999999997,0.152,0.41100000000000003,0.363,0.226,0.20199999999999999,0.5,0.298,0.087,4.07,3.88,0.255,0.667,0.447,0.611,0.866,0.7879999999999999,0.466,0.562,0.095,0.207,0.302,0.696,0.79,0.267,88,95,2.59,0.6,0.4,5.7,$4.7,2024
Ben Joyce,LAA,2,0,4,31,1,34.2,26,8,8,1,14,33,2.08,1.15,8.57,3.63,0.23199999999999998,0.099,0.134,3.2,3.69,3.53,0.152,,,86.2,,,102.4,0.044000000000000004,0.374,87.2,0.2,111.1,0.589,0.222,0.18899999999999997,0.1,0.396,0.33,0.275,0.209,0.505,0.28600000000000003,0.05,3.21,3.69,0.305,0.733,0.49700000000000005,0.637,0.77,0.725,0.449,0.6409999999999999,0.13699999999999998,0.15,0.287,0.845,0.26,0.278,77,90,2.36,0.6,1.4,6.0,$5.0,2024
Bryan Hoeing,- - -,2,3,0,34,2,53.2,43,15,13,4,14,43,2.18,1.06,7.21,2.35,0.205,0.067,0.138,3.32,3.5,3.66,0.226,,,83.1,,,94.6,0.078,0.45799999999999996,90.9,7.2,114.4,0.483,0.272,0.245,0.024,0.444,0.33299999999999996,0.222,0.13699999999999998,0.542,0.32,0.098,5.07,3.5,0.3,0.647,0.45399999999999996,0.638,0.884,0.794,0.445,0.624,0.09300000000000001,0.196,0.289,0.8170000000000001,0.67,0.262,82,86,3.07,0.6,1.5,5.6,$4.6,2024
Max Scherzer,TEX,2,4,0,9,9,43.1,40,20,19,7,10,40,3.95,1.15,8.31,2.08,0.226,0.055999999999999994,0.16899999999999998,4.18,4.04,4.01,0.212,0.139,,85.0,82.9,,92.6,0.079,0.349,87.9,20.8,112.6,0.32,0.45899999999999996,0.221,0.161,0.43700000000000006,0.28600000000000003,0.278,0.175,0.54,0.28600000000000003,0.125,3.85,4.04,0.41600000000000004,0.723,0.546,0.5710000000000001,0.858,0.732,0.42200000000000004,0.655,0.146,0.14,0.287,0.752,1.45,0.277,101,99,4.0,0.6,0.6,5.9,$4.8,2024
Jack Kochanowicz,LAA,2,6,0,11,11,65.1,68,30,29,7,10,25,3.99,1.19,3.44,1.38,0.094,0.038,0.055999999999999994,4.62,4.48,4.56,,0.03,,,88.3,,96.5,0.063,0.444,90.3,3.6,113.9,0.57,0.244,0.18600000000000003,0.14800000000000002,0.39,0.408,0.20199999999999999,0.152,0.498,0.35,0.13,4.96,4.48,0.32299999999999995,0.737,0.536,0.77,0.9079999999999999,0.867,0.513,0.613,0.071,0.147,0.218,0.735,0.96,0.282,112,110,2.5,0.6,1.1,5.7,$4.6,2024
Jose Alvarado,PHI,2,5,13,66,0,61.2,49,30,28,6,28,63,4.09,1.25,9.19,4.09,0.244,0.109,0.136,3.8,3.81,3.83,0.406,,,92.5,,,,0.066,0.41,89.5,12.5,111.8,0.46,0.319,0.221,0.154,0.39799999999999996,0.325,0.27699999999999997,0.16899999999999998,0.512,0.319,0.115,3.95,3.81,0.312,0.679,0.462,0.562,0.8490000000000001,0.735,0.409,0.612,0.122,0.151,0.273,0.69,0.88,0.269,92,94,2.25,0.6,0.4,5.8,$4.8,2024
Braxton Garrett,MIA,2,2,0,7,7,37.0,40,24,22,5,4,34,5.35,1.19,8.27,0.97,0.21100000000000002,0.025,0.18600000000000003,3.82,3.49,3.45,0.265,0.124,,82.9,83.1,,90.8,0.085,0.483,92.3,9.1,111.4,0.513,0.299,0.188,0.114,0.508,0.305,0.18600000000000003,0.17800000000000002,0.449,0.373,0.14300000000000002,4.49,3.49,0.32799999999999996,0.672,0.473,0.598,0.94,0.802,0.42,0.7020000000000001,0.09300000000000001,0.188,0.282,0.595,1.22,0.31,94,86,8.5,0.6,0.0,5.7,$4.8,2024
Aaron Ashby,MIL,1,2,0,14,2,28.1,20,13,9,2,10,33,2.86,1.06,10.48,3.18,0.27699999999999997,0.084,0.193,2.81,2.86,3.01,0.136,0.20199999999999999,,83.2,88.9,,96.5,0.066,0.368,90.2,4.5,111.9,0.5870000000000001,0.24,0.17300000000000001,0.0,0.461,0.276,0.263,0.066,0.5920000000000001,0.342,0.111,3.03,2.86,0.33,0.569,0.43,0.57,0.8959999999999999,0.75,0.41700000000000004,0.647,0.107,0.223,0.331,0.625,0.64,0.243,70,71,3.3,0.6,0.4,5.2,$4.8,2024
Jose A. Ferrer,WSN,1,0,1,31,0,32.0,27,12,12,1,6,25,3.38,1.03,7.03,1.69,0.19399999999999998,0.047,0.147,2.76,3.54,3.27,0.055,0.191,,88.0,88.3,,98.4,0.01,0.479,90.7,5.5,110.3,0.573,0.26,0.16699999999999998,0.16,0.32299999999999995,0.396,0.281,0.198,0.44799999999999995,0.354,0.04,2.68,3.54,0.325,0.64,0.483,0.5710000000000001,0.902,0.7909999999999999,0.502,0.682,0.10099999999999999,0.187,0.287,0.685,0.28,0.274,68,87,4.17,0.6,0.5,6.1,$5.1,2024
Huascar Brazoban,- - -,1,3,0,39,0,51.2,38,26,22,2,25,51,3.83,1.22,8.88,4.35,0.235,0.115,0.12,3.32,4.08,4.02,,0.28,,,90.4,,96.6,0.043,0.24600000000000002,82.3,10.3,110.1,0.457,0.312,0.23199999999999998,0.11599999999999999,0.486,0.33299999999999996,0.18100000000000002,0.261,0.5429999999999999,0.196,0.047,3.63,4.08,0.353,0.6940000000000001,0.484,0.579,0.8420000000000001,0.7240000000000001,0.385,0.488,0.133,0.138,0.271,0.633,0.35,0.265,82,100,2.04,0.6,0.1,6.1,$5.2,2024
Ian Hamilton,NYY,0,1,1,35,0,37.2,37,17,16,2,14,41,3.82,1.35,9.8,3.35,0.252,0.086,0.166,3.03,3.71,3.48,0.5429999999999999,,,88.5,,,96.4,0.038,0.371,89.5,13.9,113.6,0.43799999999999994,0.324,0.23800000000000002,0.08800000000000001,0.39,0.324,0.28600000000000003,0.133,0.657,0.21,0.059000000000000004,3.74,3.71,0.366,0.708,0.504,0.467,0.7909999999999999,0.6509999999999999,0.40399999999999997,0.644,0.17600000000000002,0.165,0.34,0.723,0.48,0.34,72,90,2.93,0.6,0.2,6.1,$5.1,2024
Davis Martin,CHW,0,5,0,11,10,50.0,50,25,24,5,23,47,4.32,1.46,8.46,4.14,0.214,0.105,0.109,4.27,4.57,4.51,0.268,0.196,,83.6,89.3,,93.7,0.076,0.379,87.9,11.9,112.0,0.45799999999999996,0.368,0.174,0.113,0.455,0.33799999999999997,0.207,0.221,0.49,0.29,0.094,4.01,4.57,0.332,0.6990000000000001,0.48100000000000004,0.545,0.889,0.748,0.406,0.632,0.121,0.14800000000000002,0.26899999999999996,0.746,0.9,0.321,101,112,2.04,0.6,0.6,6.0,$5.0,2024
Cal Quantrill,COL,8,11,0,29,29,148.1,156,83,82,23,69,110,4.98,1.52,6.67,4.19,0.168,0.105,0.063,5.32,4.87,5.07,0.126,0.019,,87.9,84.9,,94.2,0.073,0.41200000000000003,89.1,11.1,113.5,0.444,0.33299999999999996,0.223,0.11,0.425,0.35600000000000004,0.21899999999999997,0.133,0.5,0.36700000000000005,0.149,5.32,4.87,0.27399999999999997,0.72,0.455,0.6920000000000001,0.8759999999999999,0.81,0.40700000000000003,0.627,0.086,0.152,0.239,0.7509999999999999,1.4,0.3,124,120,1.59,0.5,2.1,5.4,$4.3,2024
Pierce Johnson,ATL,6,6,2,58,0,56.1,48,25,23,6,25,67,3.67,1.3,10.7,3.99,0.284,0.106,0.17800000000000002,3.61,3.65,3.42,,,,,,,95.6,0.085,0.39399999999999996,89.4,11.7,112.3,0.451,0.373,0.17600000000000002,0.094,0.43,0.401,0.16899999999999998,0.14800000000000002,0.514,0.33799999999999997,0.113,3.83,3.65,0.299,0.6409999999999999,0.45,0.536,0.861,0.74,0.441,0.614,0.11699999999999999,0.191,0.308,0.7509999999999999,0.96,0.309,91,90,2.68,0.5,0.6,4.5,$3.7,2024
Tyson Miller,- - -,5,1,1,58,0,62.0,39,18,16,7,11,54,2.32,0.81,7.84,1.6,0.23,0.047,0.183,3.67,4.17,3.57,0.43799999999999994,0.022000000000000002,,80.3,85.4,,,0.079,0.345,88.2,20.3,111.3,0.307,0.49700000000000005,0.196,0.099,0.39399999999999996,0.37,0.23600000000000002,0.2,0.57,0.23,0.086,3.41,4.17,0.355,0.755,0.52,0.675,0.815,0.759,0.414,0.562,0.125,0.142,0.268,0.8190000000000001,1.02,0.203,92,102,4.91,0.5,1.7,5.2,$4.4,2024
Martin Perez,- - -,5,6,0,26,26,135.0,151,71,68,22,49,107,4.53,1.48,7.13,3.27,0.18100000000000002,0.083,0.098,4.9,4.48,4.64,0.0,0.22699999999999998,,83.0,83.4,,91.5,0.086,0.415,89.0,11.2,117.4,0.444,0.35700000000000004,0.2,0.07200000000000001,0.462,0.35700000000000004,0.182,0.145,0.545,0.31,0.145,5.39,4.48,0.314,0.665,0.457,0.7020000000000001,0.883,0.81,0.408,0.637,0.087,0.185,0.272,0.769,1.47,0.317,121,110,2.18,0.5,1.5,5.0,$4.0,2024
Paul Blackburn,- - -,5,4,0,14,14,75.1,76,41,39,12,21,59,4.66,1.29,7.05,2.51,0.187,0.066,0.12,4.63,4.14,4.33,0.166,0.179,,81.3,85.7,,92.2,0.08199999999999999,0.35600000000000004,87.6,11.0,111.0,0.457,0.341,0.203,0.114,0.442,0.365,0.193,0.172,0.588,0.24,0.152,4.57,4.14,0.318,0.7170000000000001,0.47600000000000003,0.687,0.86,0.79,0.396,0.589,0.1,0.145,0.245,0.7090000000000001,1.43,0.29,116,101,2.81,0.5,0.4,4.5,$3.6,2024
Graham Ashcraft,CIN,5,5,0,15,15,77.1,89,50,45,11,27,57,5.24,1.5,6.63,3.14,0.163,0.077,0.086,4.82,4.56,4.67,0.319,0.037000000000000005,,88.5,91.0,,,0.077,0.42700000000000005,90.6,8.8,113.7,0.486,0.315,0.198,0.07400000000000001,0.369,0.358,0.273,0.154,0.562,0.285,0.136,5.14,4.56,0.306,0.735,0.49,0.637,0.882,0.795,0.43,0.56,0.10099999999999999,0.136,0.23600000000000002,0.675,1.28,0.313,113,112,2.11,0.5,0.1,5.3,$4.3,2024
Hogan Harris,OAK,4,4,0,21,9,72.1,65,29,23,7,33,61,2.86,1.35,7.59,4.11,0.2,0.10800000000000001,0.092,4.23,4.69,4.69,0.11199999999999999,0.165,,78.8,81.1,,93.1,0.07200000000000001,0.39399999999999996,88.9,15.6,112.8,0.371,0.4,0.22899999999999998,0.11,0.38,0.39399999999999996,0.226,0.125,0.5579999999999999,0.317,0.085,5.04,4.69,0.278,0.625,0.44,0.693,0.873,0.813,0.46799999999999997,0.633,0.08199999999999999,0.19,0.272,0.789,0.87,0.289,107,115,1.85,0.5,1.2,4.9,$4.0,2024
Greg Weissert,BOS,4,2,1,62,0,63.1,65,32,22,7,20,58,3.13,1.34,8.24,2.84,0.221,0.076,0.14400000000000002,3.72,3.91,3.77,0.349,0.08800000000000001,,80.8,84.6,,94.2,0.059000000000000004,0.405,88.9,12.8,111.1,0.41200000000000003,0.374,0.214,0.07400000000000001,0.33,0.42200000000000004,0.249,0.162,0.551,0.28600000000000003,0.10300000000000001,3.5,3.91,0.327,0.659,0.479,0.703,0.871,0.809,0.45899999999999996,0.551,0.091,0.185,0.276,0.705,0.99,0.326,90,95,2.9,0.5,0.3,5.1,$4.2,2024
Tim Hill,- - -,4,0,0,62,0,67.0,77,32,25,2,19,31,3.36,1.43,4.16,2.55,0.107,0.065,0.040999999999999995,3.57,4.02,3.62,0.052000000000000005,,,82.2,,,90.8,0.017,0.406,88.0,-6.6,111.9,0.682,0.157,0.161,0.054000000000000006,0.34299999999999997,0.37200000000000005,0.285,0.201,0.51,0.289,0.054000000000000006,3.54,4.02,0.345,0.667,0.503,0.773,0.9470000000000001,0.887,0.49200000000000005,0.7040000000000001,0.057,0.17800000000000002,0.235,0.693,0.27,0.316,85,98,1.63,0.5,0.2,4.6,$3.8,2024
Jordan Hicks,SFG,4,7,1,29,20,109.2,112,54,50,12,47,96,4.1,1.45,7.88,3.86,0.2,0.098,0.102,4.37,4.34,4.44,0.24100000000000002,,,81.2,,,95.9,0.094,0.42200000000000004,89.6,8.9,112.3,0.509,0.31,0.18100000000000002,0.059000000000000004,0.42200000000000004,0.359,0.21899999999999997,0.125,0.5379999999999999,0.337,0.11900000000000001,4.87,4.34,0.27,0.6940000000000001,0.441,0.5870000000000001,0.867,0.765,0.40299999999999997,0.607,0.10400000000000001,0.166,0.26899999999999996,0.754,0.98,0.315,111,107,2.04,0.5,1.1,4.8,$3.9,2024
Emilio Pagan,CIN,4,5,1,38,1,38.0,40,20,19,6,11,44,4.5,1.34,10.42,2.61,0.278,0.07,0.209,3.77,3.63,3.19,0.272,,,86.5,,,94.8,0.087,0.505,90.4,21.0,107.7,0.314,0.47100000000000003,0.21600000000000003,0.16699999999999998,0.38799999999999996,0.379,0.233,0.146,0.447,0.408,0.125,4.01,3.63,0.35700000000000004,0.745,0.535,0.6609999999999999,0.777,0.735,0.457,0.728,0.141,0.152,0.293,0.728,1.42,0.351,88,89,4.0,0.5,0.1,4.5,$3.8,2024
Collin Snider,SEA,3,4,0,42,0,41.2,36,14,9,5,13,47,1.94,1.18,10.15,2.81,0.278,0.077,0.201,3.41,3.52,3.22,0.376,,,82.5,,,94.2,0.10099999999999999,0.36700000000000005,85.6,16.7,107.8,0.308,0.43,0.262,0.174,0.42200000000000004,0.303,0.275,0.257,0.44,0.303,0.109,3.94,3.52,0.335,0.763,0.519,0.597,0.802,0.726,0.43,0.7340000000000001,0.142,0.158,0.3,0.833,1.08,0.298,87,86,3.62,0.5,0.7,4.4,$3.7,2024
Buck Farmer,CIN,3,2,1,61,1,71.0,56,25,24,7,29,70,3.04,1.2,8.87,3.68,0.23399999999999999,0.09699999999999999,0.13699999999999998,4.0,4.44,3.94,,0.209,,,86.8,,92.9,0.083,0.358,88.3,18.1,111.2,0.358,0.426,0.21600000000000003,0.16,0.43,0.337,0.233,0.187,0.534,0.28,0.086,4.16,4.44,0.322,0.662,0.457,0.634,0.86,0.764,0.397,0.625,0.10800000000000001,0.177,0.284,0.815,0.89,0.263,94,109,2.41,0.5,1.2,5.1,$4.3,2024
Joel Payamps,MIL,3,7,6,68,0,59.0,39,23,20,7,18,59,3.05,0.97,9.0,2.75,0.251,0.077,0.174,3.73,3.8,3.46,0.40299999999999997,0.077,,83.8,89.6,,94.8,0.096,0.436,89.4,15.9,118.5,0.386,0.41200000000000003,0.203,0.111,0.455,0.34600000000000003,0.19899999999999998,0.16699999999999998,0.506,0.327,0.111,4.08,3.8,0.313,0.693,0.478,0.6729999999999999,0.812,0.76,0.435,0.621,0.114,0.16899999999999998,0.28300000000000003,0.732,1.07,0.215,92,94,3.28,0.5,1.0,5.2,$4.3,2024
Landon Knack,LAD,3,5,1,15,12,69.0,58,28,28,14,18,69,3.65,1.1,9.0,2.35,0.24100000000000002,0.063,0.17800000000000002,4.72,4.23,3.89,0.23,0.145,,85.2,84.2,,93.5,0.102,0.439,90.6,21.1,111.3,0.311,0.5,0.18899999999999997,0.122,0.505,0.29100000000000004,0.204,0.138,0.51,0.35200000000000004,0.14300000000000002,3.92,4.23,0.282,0.696,0.46,0.654,0.848,0.78,0.429,0.584,0.10099999999999999,0.17,0.271,0.8590000000000001,1.83,0.242,112,104,3.83,0.5,1.4,5.2,$4.2,2024
Randy Rodriguez,SFG,3,2,0,35,1,52.1,47,29,25,4,18,53,4.3,1.24,9.11,3.1,0.24,0.081,0.158,3.34,4.11,3.65,0.39799999999999996,0.055999999999999994,,84.8,89.8,,97.9,0.075,0.374,88.1,13.4,114.2,0.41,0.424,0.16699999999999998,0.131,0.35600000000000004,0.39,0.253,0.192,0.575,0.233,0.066,3.18,4.11,0.32,0.7020000000000001,0.48,0.5770000000000001,0.807,0.718,0.42,0.5660000000000001,0.135,0.168,0.304,0.625,0.69,0.301,86,101,2.94,0.5,-0.3,5.2,$4.3,2024
Gregory Soto,- - -,3,5,2,66,0,53.0,56,30,26,4,27,65,4.42,1.57,11.04,4.58,0.266,0.111,0.156,3.68,3.84,3.56,0.42100000000000004,,,85.9,,,98.2,0.076,0.43799999999999994,88.7,5.8,110.9,0.507,0.282,0.21100000000000002,0.1,0.326,0.361,0.313,0.16699999999999998,0.521,0.313,0.1,4.46,3.84,0.322,0.6609999999999999,0.46799999999999997,0.528,0.8320000000000001,0.713,0.43,0.59,0.134,0.158,0.292,0.7140000000000001,0.68,0.371,89,94,2.41,0.5,-0.2,4.4,$3.7,2024
Cade Povich,BAL,3,9,0,16,16,79.2,80,49,46,12,34,69,5.2,1.43,7.79,3.84,0.196,0.09699999999999999,0.099,4.79,4.99,4.8,0.131,0.107,,82.7,86.1,,92.4,0.08900000000000001,0.366,88.4,17.7,115.1,0.35200000000000004,0.467,0.18,0.114,0.447,0.33299999999999996,0.22,0.179,0.5329999999999999,0.289,0.105,4.11,4.99,0.299,0.6809999999999999,0.47200000000000003,0.6609999999999999,0.855,0.7879999999999999,0.45399999999999996,0.619,0.1,0.174,0.27399999999999997,0.679,1.36,0.291,118,122,2.03,0.5,0.0,5.0,$4.0,2024
John Means,BAL,2,0,0,4,4,20.2,16,6,6,2,2,16,2.61,0.87,6.97,0.87,0.2,0.025,0.175,3.31,4.54,4.61,0.231,0.284,,84.6,82.1,,90.6,0.066,0.525,90.9,26.5,110.5,0.183,0.5670000000000001,0.25,0.08800000000000001,0.541,0.23,0.23,0.16399999999999998,0.45899999999999996,0.377,0.059000000000000004,4.67,4.54,0.312,0.716,0.48100000000000004,0.672,0.813,0.76,0.419,0.675,0.11599999999999999,0.166,0.281,0.802,0.87,0.237,81,111,8.0,0.5,0.7,4.5,$3.8,2024
Adam Ottavino,NYM,2,2,1,60,0,56.0,49,29,27,6,23,70,4.34,1.29,11.25,3.7,0.28600000000000003,0.094,0.192,3.67,3.89,3.27,0.39899999999999997,0.051,,79.1,87.3,,93.2,0.076,0.345,87.1,13.6,110.6,0.434,0.42,0.147,0.15,0.368,0.285,0.34700000000000003,0.215,0.479,0.306,0.1,3.21,3.89,0.28600000000000003,0.614,0.431,0.631,0.838,0.762,0.442,0.616,0.102,0.21600000000000003,0.318,0.708,0.96,0.309,91,96,3.04,0.5,-0.1,4.4,$3.7,2024
Brenan Hanifee,DET,1,1,0,21,3,29.1,27,7,6,2,6,23,1.84,1.13,7.06,1.84,0.192,0.05,0.142,3.1,3.55,3.52,0.22399999999999998,0.096,,87.4,88.7,,95.6,0.044000000000000004,0.363,86.1,4.8,110.7,0.5379999999999999,0.28600000000000003,0.17600000000000002,0.154,0.473,0.28600000000000003,0.242,0.242,0.44,0.319,0.077,3.08,3.55,0.302,0.7240000000000001,0.49,0.76,0.917,0.863,0.445,0.65,0.067,0.177,0.244,0.861,0.61,0.281,75,87,3.83,0.5,1.0,4.9,$4.1,2024
Danny Coulombe,BAL,1,0,1,33,0,29.2,15,7,7,3,5,32,2.12,0.67,9.71,1.52,0.299,0.047,0.252,2.83,2.94,2.57,0.285,0.002,,81.7,82.0,,90.9,0.057,0.47100000000000003,90.3,11.8,108.1,0.486,0.4,0.114,0.036000000000000004,0.486,0.371,0.14300000000000002,0.18600000000000003,0.386,0.429,0.107,2.92,2.94,0.3,0.635,0.446,0.608,0.884,0.779,0.436,0.561,0.099,0.195,0.294,0.823,0.91,0.179,69,71,6.4,0.5,1.0,5.1,$4.3,2024
Landen Roupp,SFG,1,2,0,23,4,50.1,43,21,20,2,26,47,3.58,1.37,8.4,4.65,0.217,0.12,0.09699999999999999,3.42,4.17,4.39,0.040999999999999995,0.094,,84.0,88.2,,93.7,0.049,0.392,89.0,10.6,111.6,0.47200000000000003,0.29600000000000004,0.23199999999999998,0.16699999999999998,0.42700000000000005,0.34299999999999997,0.231,0.196,0.552,0.252,0.048,4.05,4.17,0.28,0.606,0.409,0.627,0.858,0.763,0.397,0.613,0.09699999999999999,0.212,0.309,0.7290000000000001,0.36,0.291,88,103,1.81,0.5,0.5,5.1,$4.3,2024
Richard Fitts,BOS,0,1,0,4,4,20.2,19,6,4,0,7,9,1.74,1.26,3.92,3.05,0.106,0.08199999999999999,0.024,3.31,5.51,5.8,0.446,,,85.3,,,94.5,0.013999999999999999,0.33299999999999996,88.5,15.3,115.6,0.373,0.44799999999999995,0.179,0.033,0.319,0.275,0.406,0.145,0.594,0.261,0.0,3.97,5.51,0.371,0.655,0.49700000000000005,0.8,0.9229999999999999,0.872,0.44299999999999995,0.624,0.064,0.172,0.23600000000000002,0.769,0.0,0.275,80,135,1.29,0.5,0.8,4.3,$3.7,2024
Ryan Burr,TOR,0,2,0,34,4,32.2,29,16,15,4,12,47,4.13,1.26,12.95,3.31,0.336,0.086,0.25,3.07,3.15,2.76,0.605,,,85.4,,,94.1,0.08800000000000001,0.475,91.3,16.3,113.1,0.325,0.45,0.225,0.055999999999999994,0.45,0.325,0.225,0.138,0.46299999999999997,0.4,0.111,3.56,3.15,0.36200000000000004,0.743,0.505,0.457,0.887,0.6940000000000001,0.375,0.636,0.154,0.154,0.309,0.7140000000000001,1.1,0.329,74,76,3.92,0.5,0.1,4.4,$3.7,2024
Michael Kopech,- - -,6,8,15,67,0,67.2,44,27,26,9,34,88,3.46,1.15,11.7,4.52,0.315,0.122,0.19399999999999998,4.02,3.81,3.34,0.11800000000000001,0.001,,87.5,74.0,,98.8,0.105,0.408,89.0,16.9,110.3,0.376,0.456,0.168,0.044000000000000004,0.395,0.36200000000000004,0.243,0.138,0.5589999999999999,0.303,0.132,3.48,3.81,0.34700000000000003,0.632,0.46799999999999997,0.598,0.752,0.6859999999999999,0.423,0.638,0.147,0.17,0.317,0.795,1.2,0.245,96,93,2.59,0.4,1.1,3.8,$3.2,2024
Cole Irvin,- - -,6,6,1,29,16,111.0,132,71,63,18,29,78,5.11,1.45,6.32,2.35,0.159,0.059000000000000004,0.1,4.82,4.78,4.66,0.040999999999999995,0.131,,78.2,84.9,,91.9,0.127,0.409,89.9,15.3,116.6,0.389,0.405,0.205,0.07200000000000001,0.414,0.335,0.251,0.121,0.5379999999999999,0.34,0.11800000000000001,5.77,4.78,0.29600000000000004,0.6809999999999999,0.48,0.773,0.885,0.8490000000000001,0.478,0.669,0.07200000000000001,0.184,0.257,0.677,1.46,0.316,119,117,2.69,0.4,-0.3,3.2,$2.8,2024
Matt Festa,- - -,6,1,0,19,0,23.2,21,18,15,2,8,24,5.7,1.23,9.13,3.04,0.24,0.08,0.16,3.38,4.52,3.9,0.332,,,83.2,,,92.1,0.06,0.34299999999999997,86.3,26.5,111.1,0.258,0.53,0.212,0.257,0.373,0.284,0.34299999999999997,0.239,0.522,0.239,0.057,3.93,4.52,0.359,0.782,0.556,0.743,0.7929999999999999,0.7759999999999999,0.465,0.65,0.124,0.14,0.264,0.441,0.76,0.292,82,110,3.0,0.4,-0.8,3.7,$3.1,2024
Victor Vodnik,COL,5,4,9,64,0,73.2,72,37,35,7,37,65,4.28,1.48,7.94,4.52,0.203,0.11599999999999999,0.08800000000000001,4.18,4.14,4.2,0.201,0.166,,84.7,90.1,,98.2,0.078,0.488,91.2,4.6,115.4,0.544,0.27,0.18600000000000003,0.052000000000000005,0.32299999999999995,0.406,0.272,0.157,0.424,0.419,0.121,4.96,4.14,0.249,0.713,0.43799999999999994,0.677,0.8640000000000001,0.8009999999999999,0.408,0.5720000000000001,0.087,0.158,0.245,0.7290000000000001,0.86,0.31,98,102,1.76,0.4,0.9,3.4,$2.8,2024
Andrew Chafin,- - -,4,3,1,62,0,56.1,52,26,22,5,31,70,3.51,1.47,11.18,4.95,0.285,0.126,0.159,3.54,3.94,3.72,0.45799999999999996,,,82.2,,,91.9,0.063,0.34,88.5,15.0,108.9,0.361,0.40299999999999997,0.23600000000000002,0.052000000000000005,0.313,0.43799999999999994,0.25,0.146,0.597,0.257,0.086,3.63,3.94,0.375,0.667,0.45899999999999996,0.5,0.892,0.664,0.289,0.614,0.154,0.133,0.287,0.753,0.8,0.338,86,96,2.26,0.4,0.3,4.0,$3.4,2024
Erik Miller,SFG,4,5,0,73,10,67.1,50,33,29,7,38,87,3.88,1.31,11.63,5.08,0.306,0.134,0.17300000000000001,3.67,3.53,3.59,0.16399999999999998,0.33899999999999997,,83.4,85.6,,97.1,0.07,0.41100000000000003,89.5,10.7,112.7,0.506,0.34600000000000003,0.147,0.14800000000000002,0.475,0.361,0.165,0.177,0.475,0.348,0.13,3.14,3.53,0.27899999999999997,0.6779999999999999,0.433,0.585,0.795,0.7120000000000001,0.386,0.532,0.124,0.158,0.282,0.7070000000000001,0.94,0.285,94,87,2.29,0.4,0.2,4.2,$3.4,2024
Burch Smith,- - -,4,1,0,50,0,56.1,64,34,31,6,12,46,4.95,1.35,7.35,1.92,0.191,0.05,0.141,3.66,4.02,3.79,0.085,0.008,,83.9,85.4,,95.1,0.094,0.44799999999999995,90.7,12.9,111.4,0.43799999999999994,0.365,0.19699999999999998,0.092,0.425,0.293,0.282,0.14400000000000002,0.503,0.354,0.092,4.45,4.02,0.297,0.754,0.51,0.7040000000000001,0.883,0.8270000000000001,0.467,0.66,0.08800000000000001,0.152,0.24,0.632,0.96,0.331,90,99,3.83,0.4,-0.4,3.4,$2.8,2024
Michael Grove,LAD,4,4,0,39,2,51.0,46,31,29,6,16,54,5.12,1.22,9.53,2.82,0.25,0.07400000000000001,0.17600000000000002,3.87,3.77,3.38,0.5329999999999999,,,86.9,,,95.0,0.09300000000000001,0.336,87.6,10.5,116.7,0.45299999999999996,0.345,0.201,0.10400000000000001,0.489,0.324,0.187,0.21600000000000003,0.532,0.252,0.125,3.64,3.77,0.33,0.64,0.457,0.59,0.8759999999999999,0.754,0.41,0.574,0.11199999999999999,0.174,0.287,0.621,1.06,0.299,93,93,3.38,0.4,-0.4,3.8,$3.2,2024
Kyle Hendricks,CHC,4,12,0,29,24,130.2,147,88,86,21,43,87,5.92,1.45,5.99,2.96,0.153,0.076,0.078,4.98,4.59,4.83,,0.387,,,80.9,,88.0,0.07400000000000001,0.33399999999999996,85.9,12.9,113.6,0.445,0.341,0.213,0.15,0.41200000000000003,0.355,0.233,0.19399999999999998,0.518,0.28800000000000003,0.14300000000000002,4.81,4.59,0.327,0.657,0.45899999999999996,0.736,0.895,0.828,0.402,0.684,0.079,0.185,0.264,0.642,1.45,0.305,124,113,2.02,0.4,-0.7,4.1,$3.3,2024
Sean Guenther,DET,3,0,0,17,0,21.0,9,2,2,0,2,12,0.86,0.52,5.14,0.86,0.16399999999999998,0.027000000000000003,0.13699999999999998,2.6,3.75,3.24,0.276,,,79.8,,,90.5,0.018000000000000002,0.316,88.6,3.4,109.7,0.632,0.281,0.08800000000000001,0.0,0.544,0.35100000000000003,0.105,0.14,0.561,0.298,0.0,2.15,3.75,0.35700000000000004,0.6409999999999999,0.47700000000000004,0.68,0.924,0.8190000000000001,0.424,0.685,0.086,0.222,0.309,0.846,0.0,0.158,63,91,6.0,0.4,1.0,3.8,$3.2,2024
Sam Moll,CIN,3,2,0,48,0,37.2,27,16,14,3,14,38,3.35,1.09,9.08,3.35,0.25,0.092,0.158,3.46,3.91,3.6,0.245,0.09,,81.3,85.3,,93.4,0.061,0.36700000000000005,88.8,10.1,112.5,0.469,0.385,0.146,0.027000000000000003,0.48,0.327,0.19399999999999998,0.14300000000000002,0.622,0.235,0.081,2.89,3.91,0.309,0.627,0.446,0.618,0.863,0.7659999999999999,0.429,0.632,0.10400000000000001,0.18899999999999997,0.293,0.696,0.72,0.253,81,96,2.71,0.4,0.5,4.2,$3.5,2024
Yimi Garcia,- - -,3,0,5,39,0,39.0,23,15,15,6,12,49,3.46,0.9,11.31,2.77,0.32,0.078,0.242,3.73,3.63,2.91,0.32,0.095,,85.0,88.8,,96.6,0.133,0.344,87.4,23.3,111.9,0.273,0.557,0.17,0.122,0.33299999999999996,0.36700000000000005,0.3,0.16699999999999998,0.556,0.278,0.122,2.99,3.63,0.374,0.69,0.507,0.619,0.8220000000000001,0.736,0.42200000000000004,0.6729999999999999,0.134,0.158,0.292,0.769,1.38,0.202,92,88,4.08,0.4,0.6,3.7,$3.2,2024
Matthew Liberatore,STL,3,4,0,60,6,86.0,81,44,42,11,28,76,4.4,1.27,7.95,2.93,0.212,0.078,0.134,4.11,4.17,4.0,0.284,0.047,,87.6,88.0,,94.9,0.071,0.385,89.7,13.2,111.3,0.42200000000000004,0.402,0.17600000000000002,0.08199999999999999,0.361,0.401,0.23800000000000002,0.147,0.56,0.294,0.11199999999999999,4.18,4.17,0.318,0.75,0.521,0.598,0.862,0.777,0.469,0.637,0.11599999999999999,0.145,0.261,0.701,1.15,0.29,103,103,2.71,0.4,0.3,3.4,$2.8,2024
Jeffrey Springs,TBR,2,2,0,7,7,33.0,34,12,12,5,11,37,3.27,1.36,10.09,3.0,0.261,0.077,0.183,3.98,3.8,3.74,0.258,0.317,,82.6,79.6,,90.0,0.09699999999999999,0.462,89.3,15.9,106.9,0.38,0.424,0.196,0.077,0.441,0.33299999999999996,0.226,0.151,0.505,0.344,0.128,3.66,3.8,0.377,0.682,0.484,0.594,0.8740000000000001,0.733,0.35100000000000003,0.655,0.129,0.154,0.28300000000000003,0.872,1.36,0.33,100,93,3.36,0.4,0.8,3.9,$3.2,2024
Joey Cantillo,CLE,2,4,0,9,8,38.2,35,22,21,6,15,44,4.89,1.29,10.24,3.49,0.27,0.092,0.17800000000000002,4.07,3.46,3.69,0.084,0.276,,82.6,77.9,,92.3,0.077,0.40399999999999997,89.1,11.0,112.4,0.485,0.35,0.165,0.139,0.462,0.327,0.212,0.154,0.5,0.34600000000000003,0.16699999999999998,3.82,3.46,0.26899999999999996,0.645,0.433,0.565,0.805,0.721,0.436,0.509,0.121,0.177,0.298,0.6729999999999999,1.4,0.296,101,84,2.93,0.4,0.1,4.3,$3.5,2024
Luis Medina,OAK,2,4,0,8,8,40.0,43,24,23,4,20,32,5.18,1.58,7.2,4.5,0.17800000000000002,0.111,0.067,4.44,5.11,5.14,0.251,0.081,,85.9,89.8,,96.1,0.087,0.449,89.5,16.2,111.1,0.386,0.409,0.205,0.154,0.457,0.252,0.29100000000000004,0.17300000000000001,0.52,0.307,0.077,4.63,5.11,0.284,0.74,0.483,0.635,0.897,0.81,0.43799999999999994,0.47200000000000003,0.092,0.142,0.233,0.685,0.9,0.317,113,125,1.6,0.4,0.0,4.0,$3.2,2024
Brock Burke,- - -,2,1,0,34,1,34.0,37,22,22,4,16,41,5.82,1.56,10.85,4.24,0.266,0.10400000000000001,0.162,3.87,3.77,3.55,0.259,0.16899999999999998,,87.0,89.0,,95.9,0.042,0.41100000000000003,90.1,12.6,108.1,0.474,0.337,0.18899999999999997,0.188,0.337,0.41100000000000003,0.253,0.168,0.516,0.316,0.125,3.49,3.77,0.32799999999999996,0.748,0.525,0.62,0.787,0.732,0.47,0.675,0.141,0.15,0.29,0.6679999999999999,1.06,0.363,94,92,2.56,0.4,-0.1,3.6,$3.1,2024
River Ryan,LAD,1,0,0,4,4,20.1,15,4,3,1,9,18,1.33,1.18,7.97,3.98,0.222,0.111,0.111,3.36,4.29,4.5,0.22699999999999998,0.085,,89.9,89.7,,96.3,0.07400000000000001,0.278,84.3,9.8,108.7,0.5,0.389,0.111,0.0,0.389,0.315,0.29600000000000004,0.24100000000000002,0.5,0.259,0.048,3.98,4.29,0.278,0.722,0.46799999999999997,0.489,0.912,0.768,0.42700000000000005,0.58,0.10800000000000001,0.152,0.26,0.885,0.44,0.264,81,105,2.0,0.4,1.0,3.9,$3.3,2024
Sean Reid-Foley,NYM,1,2,0,23,0,21.2,13,10,4,0,14,25,1.66,1.25,10.38,5.82,0.278,0.156,0.122,2.8,3.7,3.98,0.125,0.19699999999999998,,86.6,88.7,,95.2,0.0,0.392,88.9,6.8,109.5,0.608,0.255,0.13699999999999998,0.154,0.353,0.373,0.275,0.13699999999999998,0.51,0.353,0.0,2.91,3.7,0.251,0.715,0.442,0.561,0.823,0.735,0.41,0.589,0.11699999999999999,0.182,0.299,0.63,0.0,0.255,70,91,1.79,0.4,0.1,3.8,$3.2,2024
Bryan King,HOU,1,0,0,28,0,26.1,20,7,7,1,10,32,2.39,1.14,10.94,3.42,0.294,0.092,0.20199999999999999,2.71,3.54,3.14,0.349,,,81.8,,,92.1,0.031,0.344,85.7,11.4,109.3,0.435,0.371,0.19399999999999998,0.13,0.359,0.297,0.344,0.25,0.547,0.203,0.043,3.16,3.54,0.268,0.6859999999999999,0.47600000000000003,0.607,0.8590000000000001,0.7879999999999999,0.498,0.596,0.10099999999999999,0.17800000000000002,0.27899999999999997,0.823,0.34,0.302,66,86,3.2,0.4,0.6,3.9,$3.3,2024
Gus Varland,- - -,1,0,0,26,0,26.1,30,12,10,2,8,27,3.42,1.44,9.23,2.73,0.235,0.07,0.165,3.13,3.92,3.56,0.382,0.048,,88.7,89.8,,95.3,0.051,0.392,89.5,13.4,108.9,0.385,0.397,0.218,0.0,0.418,0.316,0.266,0.076,0.684,0.24100000000000002,0.065,3.58,3.92,0.273,0.7040000000000001,0.475,0.591,0.833,0.759,0.46799999999999997,0.6,0.114,0.187,0.301,0.746,0.68,0.364,74,95,3.38,0.4,0.2,4.0,$3.4,2024
Ryan Brasier,LAD,1,0,0,29,4,28.0,22,12,11,3,5,25,3.54,0.96,8.04,1.61,0.22699999999999998,0.045,0.182,3.31,3.59,3.42,0.41200000000000003,,,85.2,,,94.6,0.075,0.43799999999999994,90.7,16.6,117.2,0.423,0.397,0.179,0.032,0.45,0.325,0.225,0.125,0.525,0.35,0.09699999999999999,3.44,3.59,0.402,0.7490000000000001,0.564,0.613,0.924,0.8059999999999999,0.46799999999999997,0.727,0.109,0.155,0.264,0.6579999999999999,0.96,0.247,79,89,5.0,0.4,0.3,3.7,$3.1,2024
J.T. Ginn,OAK,1,1,0,8,6,34.0,36,16,16,4,9,29,4.24,1.32,7.68,2.38,0.204,0.063,0.141,3.96,3.9,4.01,0.309,0.146,,85.4,87.1,,93.0,0.069,0.451,90.3,11.3,109.0,0.47100000000000003,0.324,0.20600000000000002,0.121,0.431,0.324,0.245,0.13699999999999998,0.578,0.284,0.121,4.56,3.9,0.276,0.738,0.474,0.506,0.853,0.738,0.429,0.563,0.124,0.147,0.271,0.7490000000000001,1.06,0.327,100,95,3.22,0.4,0.4,4.1,$3.4,2024
Davis Daniel,LAA,1,4,0,6,6,30.1,39,22,21,5,6,28,6.23,1.48,8.31,1.78,0.209,0.045,0.16399999999999998,4.16,4.16,4.02,0.23800000000000002,0.203,,81.8,84.6,,91.6,0.10099999999999999,0.39399999999999996,87.2,17.9,112.7,0.364,0.434,0.20199999999999999,0.11599999999999999,0.424,0.28300000000000003,0.293,0.162,0.525,0.313,0.11599999999999999,4.33,4.16,0.355,0.67,0.49200000000000005,0.706,0.878,0.8079999999999999,0.435,0.701,0.094,0.185,0.28,0.615,1.48,0.362,100,102,4.67,0.4,-0.3,4.3,$3.5,2024
Christian Scott,NYM,0,3,0,9,9,47.1,45,24,24,8,12,39,4.56,1.2,7.42,2.28,0.198,0.061,0.13699999999999998,4.6,4.71,4.48,0.36700000000000005,,,85.2,,,94.3,0.10400000000000001,0.354,89.0,22.3,111.4,0.324,0.507,0.16899999999999998,0.139,0.35700000000000004,0.371,0.273,0.182,0.49700000000000005,0.322,0.111,4.38,4.71,0.306,0.755,0.511,0.672,0.852,0.794,0.456,0.574,0.105,0.133,0.239,0.732,1.52,0.272,114,116,3.25,0.4,0.5,4.4,$3.6,2024
Michael Soroka,CHW,0,10,0,25,9,79.2,66,49,42,13,44,84,4.74,1.38,9.49,4.97,0.242,0.127,0.115,4.95,4.54,4.4,0.365,0.09699999999999999,,82.0,82.2,,93.5,0.09699999999999999,0.35200000000000004,87.6,15.8,115.4,0.40299999999999997,0.42700000000000005,0.171,0.1,0.47200000000000003,0.259,0.26899999999999996,0.17600000000000002,0.532,0.292,0.14400000000000002,4.57,4.54,0.284,0.652,0.431,0.593,0.894,0.775,0.4,0.5529999999999999,0.09699999999999999,0.16899999999999998,0.266,0.675,1.47,0.261,118,111,1.91,0.4,-0.1,2.8,$2.9,2024
Daniel Hudson,LAD,6,2,10,65,0,63.0,46,25,21,10,19,63,3.0,1.03,9.0,2.71,0.249,0.075,0.174,4.18,4.06,3.51,0.409,0.037000000000000005,,88.1,88.8,,95.2,0.124,0.494,90.4,18.1,113.0,0.38799999999999996,0.47600000000000003,0.135,0.07400000000000001,0.41200000000000003,0.376,0.212,0.124,0.565,0.312,0.12300000000000001,3.79,4.06,0.306,0.78,0.505,0.556,0.7909999999999999,0.708,0.418,0.628,0.147,0.13,0.27699999999999997,0.7879999999999999,1.43,0.225,100,100,3.32,0.3,1.0,2.6,$2.1,2024
Andrew Kittredge,STL,5,5,1,74,0,70.2,60,26,22,10,20,67,2.8,1.13,8.53,2.55,0.233,0.07,0.16399999999999998,3.96,3.64,3.5,0.5,,,88.2,,,,0.085,0.395,88.9,11.8,111.1,0.452,0.36,0.188,0.085,0.42700000000000005,0.387,0.18600000000000003,0.161,0.5579999999999999,0.281,0.141,3.97,3.64,0.41700000000000004,0.687,0.5329999999999999,0.5710000000000001,0.8809999999999999,0.743,0.429,0.721,0.13699999999999998,0.156,0.293,0.818,1.27,0.263,100,90,3.35,0.3,1.5,2.9,$2.4,2024
Luis Garcia,- - -,5,1,4,60,0,59.0,61,36,32,8,15,53,4.88,1.29,8.08,2.29,0.209,0.059000000000000004,0.15,4.05,3.62,3.47,0.20800000000000002,,,81.9,,,96.4,0.071,0.39299999999999996,88.7,6.2,111.6,0.503,0.284,0.213,0.077,0.475,0.306,0.21899999999999997,0.13699999999999998,0.514,0.35,0.154,3.54,3.62,0.35100000000000003,0.6990000000000001,0.496,0.601,0.889,0.7709999999999999,0.418,0.591,0.114,0.16399999999999998,0.27699999999999997,0.634,1.22,0.303,98,88,3.53,0.3,-0.4,2.6,$2.1,2024
Jorge Alcala,MIN,4,3,0,54,0,58.1,40,23,21,8,20,58,3.24,1.03,8.95,3.09,0.247,0.085,0.162,4.14,4.38,3.73,0.387,0.091,,89.9,91.0,,98.0,0.071,0.325,86.6,19.0,109.0,0.342,0.513,0.145,0.16699999999999998,0.43799999999999994,0.366,0.196,0.222,0.47700000000000004,0.301,0.10300000000000001,3.11,4.38,0.301,0.73,0.485,0.625,0.8079999999999999,0.743,0.43,0.6509999999999999,0.124,0.155,0.27899999999999997,0.772,1.23,0.219,101,107,2.9,0.3,0.8,3.0,$2.5,2024
Yuki Matsui,SDP,4,2,0,64,0,62.2,46,27,26,8,27,69,3.73,1.16,9.91,3.88,0.268,0.105,0.163,3.92,4.02,3.63,0.33299999999999996,,,85.1,,,92.2,0.068,0.373,88.5,18.2,112.4,0.385,0.45299999999999996,0.161,0.11,0.49700000000000005,0.28600000000000003,0.217,0.174,0.509,0.317,0.11,2.93,4.02,0.35200000000000004,0.726,0.5,0.527,0.83,0.7,0.39399999999999996,0.588,0.149,0.125,0.27399999999999997,0.7440000000000001,1.15,0.248,97,99,2.56,0.3,0.5,3.2,$2.7,2024
Eli Morgan,CLE,3,0,0,32,0,42.0,30,11,9,4,11,34,1.93,0.98,7.29,2.36,0.204,0.066,0.138,3.64,4.46,4.08,0.361,0.237,,86.9,79.0,,92.4,0.025,0.281,85.2,17.6,109.2,0.303,0.479,0.218,0.12300000000000001,0.364,0.322,0.314,0.231,0.579,0.19,0.07,2.5,4.46,0.391,0.721,0.534,0.685,0.851,0.7829999999999999,0.433,0.665,0.11599999999999999,0.15,0.266,0.852,0.86,0.222,90,109,3.09,0.3,1.0,3.1,$2.5,2024
John King,STL,3,3,0,56,0,60.0,58,23,19,5,14,38,2.85,1.2,5.7,2.1,0.153,0.055999999999999994,0.09699999999999999,3.73,3.78,3.59,0.12,0.27699999999999997,,83.6,84.5,,93.0,0.062,0.369,88.5,1.2,109.7,0.617,0.233,0.15,0.022000000000000002,0.385,0.32799999999999996,0.287,0.154,0.5539999999999999,0.292,0.111,3.81,3.78,0.359,0.703,0.505,0.7340000000000001,0.9179999999999999,0.843,0.425,0.706,0.079,0.17,0.249,0.758,0.75,0.279,94,93,2.71,0.3,0.8,2.5,$2.0,2024
Jason Foley,DET,3,6,28,69,0,60.0,51,28,21,5,20,46,3.15,1.18,6.9,3.0,0.184,0.08,0.10400000000000001,3.82,4.09,4.09,0.314,0.051,,88.5,92.0,,97.4,0.066,0.41200000000000003,89.5,7.5,115.9,0.47200000000000003,0.3,0.228,0.037000000000000005,0.319,0.451,0.231,0.121,0.511,0.368,0.09300000000000001,4.17,4.09,0.299,0.696,0.49,0.631,0.868,0.792,0.48,0.672,0.102,0.174,0.276,0.682,0.75,0.26,93,100,2.3,0.3,0.4,2.8,$2.3,2024
Cristian Javier,HOU,3,1,0,7,7,34.2,30,16,15,4,19,27,3.89,1.41,7.01,4.93,0.18,0.127,0.053,4.75,5.56,5.61,0.295,0.268,,77.5,81.3,,92.0,0.067,0.308,88.9,24.6,109.8,0.252,0.515,0.233,0.132,0.433,0.34600000000000003,0.221,0.115,0.596,0.28800000000000003,0.075,4.54,5.56,0.282,0.6679999999999999,0.433,0.633,0.852,0.765,0.391,0.5670000000000001,0.102,0.158,0.259,0.76,1.04,0.26,117,137,1.42,0.3,0.5,2.7,$2.2,2024
Sean Hjelle,SFG,3,4,0,58,0,80.2,84,37,35,10,14,75,3.9,1.21,8.37,1.56,0.223,0.042,0.18100000000000002,3.63,3.01,2.81,0.344,,,85.9,,,,0.053,0.374,88.7,2.3,111.8,0.59,0.222,0.188,0.094,0.366,0.35,0.284,0.17300000000000001,0.539,0.28800000000000003,0.18899999999999997,3.55,3.01,0.292,0.654,0.447,0.642,0.9059999999999999,0.8079999999999999,0.43,0.682,0.086,0.228,0.314,0.742,1.12,0.318,93,74,5.36,0.3,0.3,2.9,$2.4,2024
Eduardo Rodriguez,ARI,3,4,0,10,10,50.0,56,29,28,8,19,47,5.04,1.5,8.46,3.42,0.21,0.085,0.125,4.57,4.24,4.4,0.066,0.225,,84.0,86.7,,91.9,0.10800000000000001,0.42,88.7,14.5,117.2,0.37,0.377,0.253,0.10300000000000001,0.439,0.35700000000000004,0.204,0.14,0.522,0.33799999999999997,0.138,5.5,4.24,0.311,0.684,0.462,0.7559999999999999,0.8420000000000001,0.8079999999999999,0.405,0.621,0.08900000000000001,0.171,0.26,0.725,1.44,0.322,116,104,2.47,0.3,0.2,2.9,$2.3,2024
Stephen Kolek,SDP,3,0,0,42,0,46.2,59,30,27,4,12,39,5.21,1.52,7.52,2.31,0.185,0.057,0.128,3.57,3.46,3.41,0.13699999999999998,0.066,,84.7,88.8,,95.8,0.038,0.408,88.1,3.6,113.5,0.5589999999999999,0.204,0.237,0.032,0.314,0.359,0.327,0.135,0.628,0.237,0.129,4.44,3.46,0.33,0.6920000000000001,0.491,0.6990000000000001,0.8690000000000001,0.8059999999999999,0.444,0.654,0.095,0.175,0.27,0.643,0.77,0.359,89,85,3.25,0.3,-0.5,2.6,$2.1,2024
Joe Boyle,OAK,3,6,0,13,10,47.2,42,35,34,4,40,56,6.42,1.72,10.57,7.55,0.248,0.177,0.071,4.68,5.11,5.22,0.375,,,87.8,,,98.0,0.04,0.405,88.2,16.2,110.7,0.368,0.384,0.248,0.188,0.278,0.452,0.27,0.16699999999999998,0.579,0.254,0.083,4.32,5.11,0.233,0.6409999999999999,0.39399999999999996,0.529,0.8370000000000001,0.727,0.395,0.522,0.10800000000000001,0.166,0.273,0.634,0.76,0.311,119,125,1.4,0.3,-0.6,3.0,$2.4,2024
Cam Booser,BOS,2,3,1,43,0,42.2,41,17,16,5,16,43,3.38,1.34,9.07,3.38,0.235,0.087,0.14800000000000002,3.8,4.4,3.92,0.237,,,82.4,,,95.4,0.081,0.363,88.6,20.5,112.1,0.303,0.49200000000000005,0.205,0.05,0.484,0.32299999999999995,0.19399999999999998,0.13699999999999998,0.54,0.32299999999999995,0.083,3.57,4.4,0.364,0.732,0.524,0.5660000000000001,0.8420000000000001,0.7340000000000001,0.435,0.574,0.14,0.14400000000000002,0.28300000000000003,0.8,1.05,0.303,92,108,2.69,0.3,0.6,2.7,$2.3,2024
T.J. McFarland,OAK,2,4,0,79,0,56.2,53,28,24,4,17,39,3.81,1.24,6.19,2.7,0.166,0.07200000000000001,0.094,3.82,3.97,3.85,0.384,0.12300000000000001,,78.3,81.5,,,0.046,0.349,87.5,3.2,114.9,0.573,0.23399999999999999,0.193,0.15,0.423,0.34299999999999997,0.23399999999999999,0.166,0.6,0.23399999999999999,0.1,3.36,3.97,0.332,0.618,0.451,0.698,0.898,0.812,0.41600000000000004,0.647,0.085,0.207,0.292,0.6729999999999999,0.64,0.287,97,97,2.29,0.3,0.1,3.3,$2.7,2024
Eduard Bazardo,SEA,2,0,0,23,0,27.2,20,15,15,2,9,33,4.88,1.05,10.73,2.93,0.306,0.083,0.222,2.7,2.96,2.81,0.467,,,82.8,,,94.6,0.045,0.33299999999999996,87.4,10.5,108.7,0.5539999999999999,0.33799999999999997,0.10800000000000001,0.091,0.455,0.318,0.22699999999999998,0.106,0.606,0.28800000000000003,0.091,2.42,2.96,0.32799999999999996,0.653,0.45399999999999996,0.607,0.8290000000000001,0.73,0.385,0.648,0.122,0.188,0.311,0.534,0.65,0.281,68,72,3.67,0.3,-0.1,2.7,$2.3,2024
Brady Basso,OAK,1,1,0,7,4,22.1,23,10,10,3,5,19,4.03,1.25,7.66,2.01,0.204,0.054000000000000006,0.151,3.88,3.96,4.03,,0.12300000000000001,,,86.4,,92.3,0.07200000000000001,0.42,89.6,15.1,108.9,0.42,0.391,0.188,0.14800000000000002,0.406,0.319,0.275,0.145,0.522,0.33299999999999996,0.111,3.45,3.96,0.282,0.69,0.46299999999999997,0.636,0.8320000000000001,0.765,0.44299999999999995,0.527,0.109,0.174,0.28300000000000003,0.7559999999999999,1.21,0.303,98,97,3.8,0.3,0.3,3.2,$2.7,2024
Kyle Leahy,STL,1,1,1,33,0,48.2,40,23,22,4,10,33,4.07,1.03,6.1,1.85,0.17300000000000001,0.052000000000000005,0.12,3.56,4.41,4.12,0.401,0.092,,88.3,89.8,,95.6,0.061,0.435,89.9,14.8,112.0,0.41100000000000003,0.425,0.16399999999999998,0.081,0.374,0.395,0.231,0.109,0.49700000000000005,0.395,0.065,4.36,4.41,0.327,0.76,0.522,0.624,0.87,0.785,0.45,0.623,0.11199999999999999,0.134,0.24600000000000002,0.617,0.74,0.252,90,108,3.3,0.3,0.2,3.3,$2.7,2024
Jhony Brito,SDP,1,2,0,26,0,43.2,49,23,20,4,10,29,4.12,1.35,5.98,2.06,0.157,0.054000000000000006,0.10300000000000001,3.72,4.33,4.17,0.134,0.344,,85.1,89.9,,96.5,0.062,0.35600000000000004,87.3,9.0,111.4,0.483,0.359,0.159,0.135,0.308,0.418,0.27399999999999997,0.185,0.514,0.301,0.077,3.97,4.33,0.266,0.764,0.489,0.815,0.85,0.84,0.447,0.616,0.078,0.159,0.237,0.674,0.82,0.317,92,106,2.9,0.3,-0.1,2.8,$2.4,2024
Shawn Dubin,HOU,1,1,2,31,2,45.1,45,25,21,3,26,49,4.17,1.57,9.73,5.16,0.237,0.126,0.111,3.72,4.29,4.21,0.09300000000000001,0.151,,83.1,88.4,,95.1,0.077,0.423,89.5,12.1,112.6,0.465,0.33299999999999996,0.20199999999999999,0.07,0.392,0.4,0.20800000000000002,0.12300000000000001,0.531,0.34600000000000003,0.07,3.94,4.29,0.271,0.652,0.425,0.596,0.8690000000000001,0.765,0.40399999999999997,0.502,0.1,0.182,0.282,0.698,0.6,0.331,91,105,1.88,0.3,-0.1,3.0,$2.5,2024
Paul Sewald,ARI,1,2,16,42,0,39.2,35,19,19,6,10,43,4.31,1.13,9.76,2.27,0.261,0.061,0.2,3.95,4.31,3.48,0.397,0.003,,83.2,83.0,,91.4,0.092,0.42200000000000004,90.0,26.0,111.5,0.266,0.56,0.174,0.19699999999999998,0.349,0.321,0.33,0.21100000000000002,0.413,0.376,0.098,3.76,4.31,0.325,0.7340000000000001,0.528,0.66,0.847,0.789,0.496,0.624,0.111,0.172,0.28300000000000003,0.732,1.36,0.282,101,106,4.3,0.3,0.2,3.3,$2.8,2024
Caleb Ferguson,- - -,1,4,1,62,0,54.1,56,34,28,6,25,67,4.64,1.49,11.1,4.14,0.26899999999999996,0.1,0.16899999999999998,3.74,3.55,3.43,0.46799999999999997,,,85.6,,,93.9,0.065,0.373,88.2,9.9,114.1,0.467,0.29600000000000004,0.237,0.08900000000000001,0.33299999999999996,0.41200000000000003,0.255,0.183,0.536,0.281,0.133,4.1,3.55,0.325,0.6609999999999999,0.47,0.607,0.87,0.767,0.433,0.695,0.109,0.179,0.28800000000000003,0.6659999999999999,0.99,0.34,90,87,2.68,0.3,-0.8,2.6,$2.2,2024
Sam Hentges,CLE,0,0,0,25,0,23.2,18,8,8,3,5,27,3.04,0.97,10.27,1.9,0.297,0.055,0.242,3.17,2.8,2.65,0.214,,,88.0,,,95.0,0.051,0.35600000000000004,89.1,11.0,110.2,0.474,0.35100000000000003,0.175,0.1,0.431,0.36200000000000004,0.207,0.121,0.552,0.32799999999999996,0.15,2.57,2.8,0.321,0.6709999999999999,0.47600000000000003,0.524,0.846,0.725,0.442,0.626,0.131,0.20199999999999999,0.33299999999999996,0.7979999999999999,1.14,0.268,78,68,5.4,0.3,0.4,2.5,$2.1,2024
Chad Kuhl,CHW,0,2,1,31,1,53.1,56,33,30,5,25,54,5.06,1.52,9.11,4.22,0.225,0.10400000000000001,0.121,4.1,4.3,4.04,0.447,0.126,,85.0,87.5,,95.3,0.057999999999999996,0.381,88.4,10.1,110.1,0.444,0.331,0.225,0.1,0.40299999999999997,0.344,0.253,0.16899999999999998,0.565,0.266,0.1,4.21,4.3,0.257,0.688,0.42,0.564,0.883,0.762,0.38,0.588,0.1,0.158,0.258,0.675,0.84,0.34,97,105,2.16,0.3,-0.4,2.6,$2.2,2024
Colten Brewer,CHC,0,0,1,16,0,20.2,24,16,13,1,9,22,5.66,1.6,9.58,3.92,0.23199999999999998,0.095,0.13699999999999998,3.12,4.24,3.86,0.27399999999999997,,,86.2,,,,0.079,0.302,87.1,12.0,112.9,0.44299999999999995,0.39299999999999996,0.16399999999999998,0.125,0.413,0.302,0.28600000000000003,0.23800000000000002,0.524,0.23800000000000002,0.042,4.35,4.24,0.265,0.659,0.442,0.509,0.862,0.746,0.45,0.695,0.11199999999999999,0.17600000000000002,0.28800000000000003,0.552,0.44,0.371,78,104,2.44,0.3,-0.5,2.8,$2.3,2024
Tayler Scott,HOU,7,3,0,62,1,68.2,45,21,17,7,35,71,2.23,1.17,9.31,4.59,0.252,0.124,0.128,4.13,4.17,4.04,0.221,,,84.0,,,92.8,0.035,0.355,88.0,13.5,113.2,0.424,0.365,0.212,0.113,0.415,0.345,0.24,0.17,0.5670000000000001,0.263,0.113,3.46,4.17,0.313,0.667,0.441,0.629,0.821,0.7340000000000001,0.36200000000000004,0.5670000000000001,0.11699999999999999,0.16399999999999998,0.281,0.8490000000000001,0.92,0.23,101,102,2.03,0.2,1.5,1.7,$1.5,2024
Garrett Cleavinger,TBR,7,5,6,68,0,60.0,52,29,25,6,31,71,3.75,1.38,10.65,4.65,0.267,0.11699999999999999,0.15,4.0,4.29,3.77,0.375,,,84.3,,,96.5,0.096,0.33799999999999997,86.9,12.5,110.8,0.406,0.406,0.187,0.111,0.401,0.382,0.217,0.185,0.503,0.312,0.095,4.28,4.29,0.33,0.687,0.47700000000000004,0.5660000000000001,0.826,0.72,0.41200000000000003,0.586,0.133,0.159,0.292,0.748,0.9,0.305,100,105,2.29,0.2,0.1,1.7,$1.4,2024
Craig Kimbrel,BAL,7,5,23,57,0,52.1,40,35,31,7,31,73,5.33,1.36,12.55,5.33,0.315,0.134,0.18100000000000002,4.18,4.0,3.52,0.045,0.004,,85.5,87.8,,94.0,0.106,0.431,91.2,17.2,120.0,0.32,0.44299999999999995,0.23800000000000002,0.13,0.341,0.341,0.317,0.171,0.504,0.325,0.13,4.31,4.0,0.268,0.649,0.43,0.541,0.8270000000000001,0.725,0.426,0.5429999999999999,0.11800000000000001,0.17800000000000002,0.29600000000000004,0.619,1.2,0.284,103,98,2.35,0.2,-1.1,1.7,$1.4,2024
Pedro Avila,- - -,6,1,1,54,0,82.2,73,38,35,8,36,82,3.81,1.32,8.93,3.92,0.23199999999999998,0.102,0.13,3.89,4.02,3.9,0.106,0.21899999999999997,,81.4,83.4,,93.5,0.052000000000000005,0.41600000000000004,89.6,9.6,112.2,0.45,0.332,0.218,0.079,0.359,0.381,0.26,0.113,0.5670000000000001,0.32,0.105,4.6,4.02,0.31,0.698,0.46399999999999997,0.619,0.8909999999999999,0.7809999999999999,0.397,0.606,0.10099999999999999,0.159,0.26,0.737,0.87,0.291,96,98,2.28,0.2,0.4,2.1,$1.7,2024
Hans Crouse,LAA,4,3,0,25,0,25.1,14,10,8,2,17,34,2.84,1.22,12.08,6.04,0.318,0.159,0.159,3.76,4.7,4.0,0.387,0.11199999999999999,,83.8,87.4,,,0.09300000000000001,0.29600000000000004,85.4,25.4,110.0,0.245,0.623,0.132,0.121,0.426,0.29600000000000004,0.278,0.24100000000000002,0.48100000000000004,0.278,0.061,3.47,4.7,0.316,0.655,0.444,0.5,0.7959999999999999,0.665,0.37799999999999995,0.579,0.149,0.165,0.314,0.762,0.71,0.231,90,115,2.0,0.2,0.3,2.1,$1.8,2024
Brennan Bernardino,BOS,4,3,0,57,3,51.0,50,25,23,6,22,56,4.06,1.41,9.88,3.88,0.248,0.09699999999999999,0.15,4.15,3.98,3.69,0.353,,,79.0,,,,0.063,0.366,87.9,8.2,111.2,0.45299999999999996,0.331,0.21600000000000003,0.087,0.401,0.373,0.225,0.162,0.528,0.31,0.13,3.87,3.98,0.276,0.626,0.447,0.736,0.833,0.802,0.489,0.642,0.08800000000000001,0.209,0.298,0.7609999999999999,1.06,0.324,101,97,2.55,0.2,0.4,1.9,$1.6,2024
Josh Winckowski,BOS,4,2,2,40,6,76.0,81,44,35,10,26,60,4.14,1.41,7.11,3.08,0.179,0.077,0.10099999999999999,4.48,4.14,4.13,0.139,0.127,,85.4,91.5,,95.1,0.061,0.431,88.5,7.1,115.3,0.515,0.28600000000000003,0.19899999999999998,0.13,0.402,0.37,0.228,0.159,0.52,0.321,0.145,4.36,4.14,0.316,0.684,0.47700000000000004,0.67,0.892,0.809,0.436,0.61,0.091,0.168,0.259,0.691,1.18,0.301,109,101,2.31,0.2,0.0,2.2,$1.8,2024
Danny Young,NYM,4,1,0,42,0,37.2,29,22,19,3,18,48,4.54,1.25,11.47,4.3,0.29100000000000004,0.109,0.182,3.64,3.41,3.22,0.522,,,80.7,,,,0.065,0.391,88.9,2.9,113.1,0.5329999999999999,0.222,0.244,0.05,0.348,0.38,0.272,0.185,0.565,0.25,0.15,4.86,3.41,0.285,0.5479999999999999,0.38,0.535,0.855,0.7020000000000001,0.36200000000000004,0.564,0.113,0.218,0.331,0.643,0.72,0.292,90,84,2.67,0.2,-0.3,1.5,$1.3,2024
Manuel Rodriguez,TBR,3,4,2,40,0,37.2,29,13,9,3,11,34,2.15,1.06,8.12,2.63,0.215,0.07,0.146,3.67,4.04,3.67,0.466,,,89.3,,,96.7,0.027999999999999997,0.34299999999999997,88.7,11.0,112.0,0.47100000000000003,0.337,0.192,0.057,0.425,0.368,0.20800000000000002,0.132,0.585,0.28300000000000003,0.086,3.39,4.04,0.314,0.7020000000000001,0.479,0.55,0.862,0.745,0.426,0.627,0.122,0.159,0.281,0.784,0.72,0.248,92,99,3.09,0.2,0.7,2.1,$1.8,2024
Cody Poteet,NYY,3,0,0,5,4,24.1,18,7,6,2,8,16,2.22,1.07,5.92,2.96,0.16699999999999998,0.083,0.083,4.03,4.33,4.74,0.172,0.198,,81.2,87.0,,93.3,0.055999999999999994,0.423,91.6,14.2,112.8,0.423,0.31,0.268,0.045,0.43700000000000006,0.35200000000000004,0.21100000000000002,0.085,0.69,0.225,0.091,4.97,4.33,0.275,0.682,0.43200000000000005,0.785,0.9109999999999999,0.861,0.385,0.635,0.06,0.174,0.23399999999999999,0.826,0.74,0.232,97,106,2.0,0.2,0.7,2.1,$1.7,2024
Sam Long,KCR,3,3,1,43,0,42.2,34,17,15,5,17,44,3.16,1.2,9.28,3.59,0.25,0.09699999999999999,0.153,3.89,4.0,3.69,0.308,,,85.5,,,94.4,0.079,0.33299999999999996,87.5,10.2,110.9,0.429,0.41100000000000003,0.161,0.043,0.478,0.336,0.18600000000000003,0.23,0.39799999999999996,0.37200000000000005,0.109,3.92,4.0,0.32,0.6859999999999999,0.47,0.586,0.853,0.745,0.409,0.625,0.11900000000000001,0.161,0.28,0.778,1.05,0.266,95,98,2.59,0.2,0.6,1.7,$1.4,2024
Hunter Strickland,LAA,3,2,1,72,0,73.1,56,31,27,10,24,57,3.31,1.09,7.0,2.95,0.19399999999999998,0.08199999999999999,0.11199999999999999,4.45,4.88,4.34,0.42100000000000004,,,83.6,,,94.5,0.09,0.355,88.9,21.7,111.4,0.35700000000000004,0.51,0.133,0.159,0.431,0.34600000000000003,0.223,0.18,0.531,0.289,0.09300000000000001,3.44,4.88,0.316,0.6829999999999999,0.47100000000000003,0.684,0.8640000000000001,0.794,0.42,0.5579999999999999,0.096,0.166,0.262,0.75,1.23,0.229,107,120,2.38,0.2,0.8,2.1,$1.7,2024
Hayden Wesneski,CHC,3,6,0,28,7,67.2,56,37,29,12,21,67,3.86,1.14,8.91,2.79,0.237,0.07400000000000001,0.163,4.51,3.93,3.75,0.40700000000000003,0.027999999999999997,,82.4,87.1,,94.8,0.09300000000000001,0.368,87.6,10.7,113.3,0.44799999999999995,0.401,0.151,0.10400000000000001,0.39899999999999997,0.321,0.28,0.212,0.523,0.264,0.156,4.16,3.93,0.335,0.629,0.45399999999999996,0.5529999999999999,0.9229999999999999,0.76,0.40399999999999997,0.6779999999999999,0.109,0.18600000000000003,0.294,0.675,1.6,0.243,113,97,3.19,0.2,0.3,1.7,$1.4,2024
Keegan Thompson,CHC,2,1,2,24,0,30.1,19,12,9,3,18,36,2.67,1.22,10.68,5.34,0.28300000000000003,0.142,0.142,3.86,3.97,3.94,0.134,0.022000000000000002,,84.4,88.3,,93.8,0.12300000000000001,0.466,90.6,12.8,119.7,0.375,0.389,0.23600000000000002,0.036000000000000004,0.431,0.34700000000000003,0.222,0.111,0.625,0.264,0.107,4.45,3.97,0.301,0.6759999999999999,0.452,0.5770000000000001,0.863,0.7490000000000001,0.401,0.6459999999999999,0.113,0.154,0.268,0.762,0.89,0.229,97,98,2.0,0.2,0.5,1.5,$1.2,2024
Jorge Lopez,- - -,2,3,4,52,0,53.0,46,19,17,6,19,50,2.89,1.23,8.49,3.23,0.23,0.08800000000000001,0.14300000000000002,3.94,3.95,3.7,0.185,0.11800000000000001,,86.7,87.5,,95.8,0.08199999999999999,0.397,88.7,9.1,109.5,0.51,0.364,0.126,0.115,0.35600000000000004,0.349,0.295,0.185,0.5,0.315,0.115,3.57,3.95,0.272,0.618,0.429,0.605,0.871,0.779,0.45399999999999996,0.65,0.095,0.226,0.32,0.8190000000000001,1.02,0.286,98,97,2.63,0.2,0.8,1.9,$1.6,2024
Tayler Saucedo,SEA,2,0,3,53,0,38.2,35,15,15,3,18,38,3.49,1.37,8.84,4.19,0.22899999999999998,0.10800000000000001,0.12,3.76,4.0,3.92,0.248,0.235,,82.0,85.4,,91.7,0.046,0.278,85.2,7.3,111.4,0.509,0.29600000000000004,0.19399999999999998,0.156,0.48100000000000004,0.324,0.19399999999999998,0.17600000000000002,0.657,0.16699999999999998,0.094,3.11,4.0,0.365,0.611,0.455,0.628,0.85,0.737,0.366,0.59,0.12,0.171,0.29100000000000004,0.787,0.7,0.305,96,98,2.11,0.2,0.4,1.9,$1.6,2024
Angel Zerpa,KCR,2,0,0,60,0,53.2,59,24,23,6,19,49,3.86,1.45,8.22,3.19,0.205,0.079,0.126,3.97,3.7,3.56,0.26,0.10400000000000001,,86.2,88.7,,96.0,0.071,0.43799999999999994,90.3,2.7,112.3,0.584,0.253,0.163,0.071,0.272,0.391,0.337,0.166,0.556,0.278,0.14300000000000002,4.39,3.7,0.243,0.624,0.428,0.7390000000000001,0.9059999999999999,0.857,0.485,0.632,0.061,0.2,0.261,0.782,1.01,0.325,97,90,2.58,0.2,0.5,1.9,$1.6,2024
Alexis Diaz,CIN,2,5,28,60,0,56.1,42,31,25,6,31,55,3.99,1.3,8.79,4.95,0.22699999999999998,0.128,0.099,4.57,5.06,4.48,0.42100000000000004,,,87.6,,,94.1,0.067,0.38,88.5,22.6,110.7,0.327,0.47600000000000003,0.19699999999999998,0.18600000000000003,0.44,0.3,0.26,0.18,0.593,0.22699999999999998,0.086,3.68,5.06,0.278,0.7120000000000001,0.462,0.599,0.85,0.763,0.423,0.541,0.11,0.153,0.262,0.68,0.96,0.25,107,124,1.77,0.2,0.0,2.1,$1.7,2024
Jared Shuster,CHW,2,5,0,39,4,73.1,74,38,35,9,33,56,4.3,1.46,6.87,4.05,0.174,0.10300000000000001,0.07200000000000001,4.58,5.09,4.83,0.284,0.294,,86.0,84.2,,92.6,0.073,0.319,87.5,17.6,112.0,0.34299999999999997,0.44299999999999995,0.213,0.11800000000000001,0.401,0.315,0.284,0.147,0.591,0.263,0.08800000000000001,4.7,5.09,0.29100000000000004,0.732,0.47100000000000003,0.613,0.875,0.779,0.408,0.573,0.10400000000000001,0.133,0.23600000000000002,0.731,1.1,0.291,109,125,1.7,0.2,0.1,1.6,$1.4,2024
Dillon Tate,- - -,2,1,1,33,0,36.2,42,21,19,2,12,27,4.66,1.47,6.63,2.95,0.165,0.073,0.091,3.71,4.45,4.16,0.33399999999999996,0.125,,79.5,83.9,,93.9,0.05,0.306,87.5,8.2,112.9,0.496,0.289,0.215,0.14300000000000002,0.47100000000000003,0.331,0.198,0.182,0.6859999999999999,0.132,0.057,3.82,4.45,0.294,0.655,0.456,0.635,0.9129999999999999,0.8140000000000001,0.447,0.573,0.085,0.174,0.259,0.67,0.49,0.336,91,109,2.25,0.2,-0.2,2.2,$1.8,2024
Caleb Thielbar,MIN,2,4,3,59,0,47.1,50,33,28,6,24,53,5.32,1.56,10.08,4.56,0.245,0.111,0.134,4.1,4.21,3.95,0.318,,,81.7,,,93.2,0.10099999999999999,0.33799999999999997,88.3,16.2,110.4,0.38,0.401,0.21899999999999997,0.16399999999999998,0.45299999999999996,0.345,0.201,0.18,0.568,0.252,0.109,4.15,4.21,0.302,0.695,0.48,0.6779999999999999,0.8140000000000001,0.768,0.45399999999999996,0.611,0.11199999999999999,0.182,0.293,0.625,1.14,0.331,100,103,2.21,0.2,-0.9,1.9,$1.5,2024
Peter Lambert,COL,2,5,0,28,3,61.1,73,42,39,7,29,50,5.72,1.66,7.34,4.26,0.179,0.10400000000000001,0.075,4.54,4.68,4.68,0.302,0.25,,85.1,87.0,,94.7,0.06,0.36700000000000005,88.1,16.1,110.1,0.365,0.335,0.299,0.136,0.439,0.273,0.28800000000000003,0.146,0.545,0.308,0.106,4.45,4.68,0.27,0.7709999999999999,0.478,0.61,0.9009999999999999,0.805,0.41600000000000004,0.632,0.09300000000000001,0.151,0.244,0.6579999999999999,1.03,0.344,106,115,1.72,0.2,-0.2,2.0,$1.7,2024
Bryce Elder,ATL,2,5,0,10,10,49.2,64,37,36,8,17,46,6.52,1.63,8.34,3.08,0.204,0.075,0.128,4.56,3.95,4.12,0.315,0.132,,83.7,85.2,,91.7,0.087,0.45299999999999996,89.9,8.1,109.6,0.506,0.306,0.188,0.040999999999999995,0.466,0.342,0.193,0.161,0.447,0.391,0.163,5.02,3.95,0.309,0.6409999999999999,0.43799999999999994,0.579,0.897,0.759,0.387,0.5710000000000001,0.105,0.18100000000000002,0.28600000000000003,0.6409999999999999,1.45,0.366,114,97,2.71,0.2,-0.5,2.5,$2.0,2024
Slade Cecconi,ARI,2,7,0,20,13,77.0,92,57,57,16,17,64,6.66,1.42,7.48,1.99,0.18899999999999997,0.05,0.139,5.02,4.7,4.35,0.24,0.122,,85.1,81.9,,94.5,0.10300000000000001,0.364,89.0,17.8,111.5,0.336,0.484,0.18,0.11599999999999999,0.35600000000000004,0.344,0.3,0.162,0.506,0.332,0.132,4.5,4.7,0.289,0.7,0.488,0.708,0.863,0.816,0.485,0.6859999999999999,0.09,0.174,0.264,0.618,1.87,0.321,128,115,3.76,0.2,-0.7,1.3,$1.4,2024
Enoli Paredes,- - -,1,0,1,18,0,21.2,13,4,4,0,10,16,1.66,1.06,6.65,4.15,0.184,0.115,0.069,3.35,4.82,4.65,0.376,,,85.6,,,,0.085,0.322,86.7,15.1,108.4,0.45799999999999996,0.35600000000000004,0.18600000000000003,0.19,0.322,0.39,0.28800000000000003,0.136,0.508,0.35600000000000004,0.0,4.21,4.82,0.308,0.6609999999999999,0.445,0.617,0.8290000000000001,0.7390000000000001,0.389,0.586,0.11599999999999999,0.166,0.282,0.84,0.0,0.22,83,118,1.6,0.2,0.7,2.4,$2.0,2024
Taylor Rogers,SFG,1,4,0,64,0,60.0,53,22,16,7,22,64,2.4,1.25,9.6,3.3,0.257,0.08800000000000001,0.16899999999999998,3.75,3.72,3.47,0.47200000000000003,,,79.3,,,,0.062,0.32899999999999996,86.7,12.3,111.1,0.46299999999999997,0.369,0.16899999999999998,0.11900000000000001,0.385,0.39799999999999996,0.217,0.22399999999999998,0.509,0.267,0.11900000000000001,3.28,3.72,0.23600000000000002,0.6409999999999999,0.423,0.599,0.85,0.775,0.46299999999999997,0.639,0.095,0.221,0.316,0.818,1.05,0.299,96,92,2.91,0.2,0.7,1.6,$1.3,2024
Brent Suter,CIN,1,0,2,47,3,65.2,63,25,23,10,12,50,3.15,1.14,6.85,1.64,0.185,0.044000000000000004,0.141,4.31,4.19,3.88,0.162,0.198,,78.4,75.6,,,0.073,0.302,86.1,13.7,112.8,0.409,0.39899999999999997,0.192,0.062,0.361,0.341,0.298,0.185,0.556,0.259,0.12300000000000001,4.19,4.19,0.33399999999999996,0.7170000000000001,0.495,0.677,0.902,0.8140000000000001,0.419,0.63,0.092,0.156,0.248,0.828,1.37,0.272,101,103,4.17,0.2,1.0,1.7,$1.4,2024
Josh Staumont,MIN,1,0,0,25,0,24.1,17,12,10,0,14,18,3.7,1.27,6.66,5.18,0.17600000000000002,0.13699999999999998,0.039,3.54,5.03,5.06,0.617,,,86.7,,,94.1,0.028999999999999998,0.348,86.8,11.9,110.2,0.47100000000000003,0.353,0.17600000000000002,0.16699999999999998,0.319,0.435,0.24600000000000002,0.159,0.594,0.24600000000000002,0.0,4.35,5.03,0.297,0.637,0.436,0.527,0.917,0.76,0.40700000000000003,0.598,0.105,0.18100000000000002,0.28600000000000003,0.625,0.0,0.246,86,123,1.29,0.2,0.0,2.1,$1.8,2024
Ty Madden,DET,1,1,0,6,1,23.0,25,12,11,2,8,17,4.3,1.43,6.65,3.13,0.168,0.079,0.08900000000000001,3.99,4.83,4.52,0.154,,,84.0,,,94.4,0.08,0.373,90.1,15.6,108.7,0.446,0.405,0.149,0.233,0.413,0.293,0.293,0.107,0.5329999999999999,0.36,0.067,4.09,4.83,0.33299999999999996,0.737,0.509,0.579,0.907,0.785,0.434,0.614,0.109,0.127,0.23600000000000002,0.705,0.78,0.315,97,118,2.13,0.2,0.0,2.1,$1.8,2024
Justin Anderson,CHW,1,2,1,56,0,53.1,48,29,26,5,32,57,4.39,1.5,9.62,5.4,0.23600000000000002,0.132,0.10300000000000001,4.22,4.76,4.36,0.45299999999999996,,,85.6,,,96.1,0.087,0.353,87.3,15.4,111.3,0.37799999999999995,0.419,0.203,0.081,0.39299999999999996,0.4,0.207,0.16699999999999998,0.493,0.34,0.081,4.9,4.76,0.34299999999999997,0.6779999999999999,0.474,0.5579999999999999,0.853,0.723,0.392,0.599,0.131,0.145,0.276,0.711,0.84,0.297,100,116,1.78,0.2,-0.1,2.0,$1.7,2024
Marco Gonzales,PIT,1,1,0,7,7,33.2,43,17,17,5,11,23,4.54,1.6,6.15,2.94,0.152,0.073,0.079,4.71,4.8,4.96,,0.255,,,80.2,,89.7,0.111,0.436,90.9,15.1,112.1,0.40399999999999997,0.395,0.20199999999999999,0.08900000000000001,0.41,0.35,0.239,0.154,0.479,0.368,0.111,6.53,4.8,0.366,0.716,0.513,0.7240000000000001,0.927,0.843,0.419,0.735,0.081,0.168,0.249,0.787,1.34,0.339,116,118,2.09,0.2,0.5,2.1,$1.7,2024
Joey Wentz,- - -,1,2,1,46,0,67.1,66,37,35,8,33,73,4.68,1.47,9.76,4.41,0.24,0.109,0.132,4.19,4.24,3.95,,0.191,,,85.8,,93.8,0.07200000000000001,0.361,88.1,15.5,110.0,0.41100000000000003,0.37,0.21899999999999997,0.141,0.423,0.325,0.253,0.16,0.531,0.309,0.113,3.69,4.24,0.32,0.7070000000000001,0.47100000000000003,0.5710000000000001,0.8540000000000001,0.736,0.38799999999999996,0.595,0.124,0.151,0.275,0.7190000000000001,1.07,0.312,103,104,2.21,0.2,-0.1,1.5,$1.3,2024
Bryan Baker,BAL,1,1,0,19,0,23.1,20,14,13,3,7,23,5.01,1.16,8.87,2.7,0.247,0.075,0.172,3.77,3.78,3.48,0.282,0.138,,87.5,82.8,,96.2,0.095,0.47600000000000003,90.6,15.6,113.0,0.413,0.413,0.175,0.154,0.381,0.349,0.27,0.175,0.444,0.381,0.115,3.59,3.78,0.301,0.6940000000000001,0.47200000000000003,0.619,0.856,0.77,0.434,0.634,0.10800000000000001,0.159,0.267,0.57,1.16,0.283,92,92,3.29,0.2,-0.2,1.5,$1.2,2024
DL Hall,MIL,1,2,0,13,7,43.0,48,26,24,6,21,44,5.02,1.6,9.21,4.4,0.223,0.107,0.11699999999999999,4.68,4.48,4.36,0.14300000000000002,0.205,,84.8,84.8,,93.6,0.086,0.375,87.3,14.0,112.8,0.455,0.374,0.171,0.152,0.441,0.37,0.18899999999999997,0.17300000000000001,0.528,0.299,0.13,4.46,4.48,0.292,0.622,0.428,0.664,0.8809999999999999,0.794,0.413,0.599,0.08800000000000001,0.18600000000000003,0.275,0.728,1.26,0.344,115,110,2.1,0.2,-0.1,1.8,$1.5,2024
Anthony Molina,COL,1,1,0,35,1,59.2,72,46,45,5,22,41,6.79,1.58,6.18,3.32,0.155,0.083,0.07200000000000001,4.09,4.47,4.55,0.22699999999999998,0.22399999999999998,,88.6,85.3,,94.9,0.075,0.43700000000000006,90.3,11.4,111.8,0.419,0.293,0.28800000000000003,0.086,0.322,0.397,0.281,0.126,0.48200000000000004,0.392,0.086,5.78,4.47,0.27399999999999997,0.741,0.47700000000000004,0.667,0.9259999999999999,0.8420000000000001,0.435,0.64,0.075,0.154,0.23,0.562,0.75,0.345,96,110,1.86,0.2,-0.6,2.1,$1.8,2024
Eduardo Salazar,- - -,0,1,0,26,0,29.1,34,11,9,2,14,27,2.76,1.64,8.28,4.3,0.203,0.105,0.098,3.75,3.94,3.94,0.429,,,87.8,,,95.7,0.044000000000000004,0.429,88.4,5.8,112.0,0.56,0.231,0.209,0.14300000000000002,0.429,0.385,0.187,0.17600000000000002,0.516,0.308,0.095,4.89,3.94,0.315,0.6579999999999999,0.451,0.596,0.915,0.78,0.397,0.556,0.099,0.153,0.252,0.823,0.61,0.36,92,97,1.93,0.2,0.4,1.7,$1.4,2024
Carlos Hernandez,KCR,0,1,0,27,0,30.0,24,14,11,1,16,27,3.3,1.33,8.1,4.8,0.209,0.124,0.085,3.5,5.44,4.76,0.193,,,86.6,,,97.9,0.094,0.38799999999999996,88.6,24.2,111.8,0.318,0.5529999999999999,0.129,0.064,0.45899999999999996,0.376,0.165,0.153,0.518,0.32899999999999996,0.021,3.83,5.44,0.303,0.775,0.495,0.624,0.858,0.773,0.405,0.628,0.113,0.141,0.254,0.682,0.3,0.274,85,133,1.69,0.2,0.1,2.0,$1.7,2024
Carson Fulmer,LAA,0,5,0,37,8,86.2,81,45,40,11,40,81,4.15,1.4,8.41,4.15,0.214,0.106,0.10800000000000001,4.5,4.56,4.39,0.032,0.268,,83.3,87.8,,93.3,0.095,0.44299999999999995,90.6,13.1,113.6,0.406,0.39,0.203,0.031,0.429,0.35700000000000004,0.214,0.115,0.524,0.361,0.11199999999999999,4.74,4.56,0.324,0.664,0.45799999999999996,0.607,0.8959999999999999,0.772,0.39299999999999996,0.607,0.10400000000000001,0.16899999999999998,0.273,0.732,1.14,0.289,109,112,2.03,0.2,0.4,2.2,$1.7,2024
Matt Manning,DET,0,1,0,5,5,27.2,31,15,15,3,12,23,4.88,1.55,7.48,3.9,0.187,0.098,0.08900000000000001,4.21,5.21,5.04,0.379,,,84.4,,,94.1,0.091,0.35200000000000004,88.1,21.2,114.1,0.307,0.5,0.193,0.023,0.341,0.42,0.239,0.159,0.523,0.318,0.068,4.66,5.21,0.3,0.6970000000000001,0.491,0.632,0.8640000000000001,0.7909999999999999,0.48200000000000004,0.585,0.10300000000000001,0.16699999999999998,0.26899999999999996,0.722,0.98,0.329,103,128,1.92,0.2,0.2,2.4,$2.0,2024
Gabe Speier,SEA,0,2,0,29,0,23.2,19,15,15,2,14,33,5.7,1.39,12.55,5.32,0.317,0.135,0.183,3.5,3.88,3.48,0.306,0.012,,81.7,87.4,,93.3,0.073,0.364,88.2,19.0,110.6,0.396,0.434,0.17,0.13,0.436,0.345,0.218,0.218,0.491,0.29100000000000004,0.087,3.2,3.88,0.29600000000000004,0.687,0.46399999999999997,0.563,0.792,0.7090000000000001,0.431,0.625,0.135,0.151,0.28600000000000003,0.621,0.76,0.321,89,95,2.36,0.2,-0.5,1.8,$1.5,2024
Elvis Peguero,MIL,7,4,2,52,0,51.1,52,22,17,4,27,47,2.98,1.54,8.24,4.73,0.207,0.11900000000000001,0.08800000000000001,4.04,4.12,4.12,0.507,,,90.1,,,96.8,0.053,0.40399999999999997,90.1,3.2,112.6,0.573,0.247,0.18,0.027000000000000003,0.344,0.391,0.265,0.146,0.55,0.305,0.10800000000000001,4.13,4.12,0.36,0.647,0.473,0.5579999999999999,0.8909999999999999,0.737,0.39299999999999996,0.626,0.124,0.17,0.294,0.782,0.7,0.327,99,101,1.74,0.1,0.6,0.9,$0.8,2024
Griffin Canning,LAA,6,13,0,32,31,171.2,174,105,99,31,66,130,5.19,1.4,6.82,3.46,0.17600000000000002,0.08900000000000001,0.087,5.26,4.75,4.84,0.24100000000000002,0.266,,87.7,88.6,,93.7,0.086,0.419,90.5,14.3,114.7,0.40700000000000003,0.392,0.201,0.077,0.434,0.341,0.225,0.128,0.505,0.36700000000000005,0.14800000000000002,4.72,4.75,0.32899999999999996,0.713,0.483,0.621,0.877,0.772,0.401,0.583,0.11,0.145,0.255,0.696,1.63,0.283,127,116,1.97,0.1,0.2,0.6,$0.8,2024
Jose Ruiz,PHI,5,1,1,52,0,51.0,51,23,21,8,17,52,3.71,1.33,9.18,3.0,0.24,0.078,0.161,4.23,3.67,3.52,0.027999999999999997,0.031,,91.8,89.8,,96.4,0.08199999999999999,0.42200000000000004,90.7,11.9,111.0,0.452,0.342,0.205,0.06,0.415,0.34,0.245,0.109,0.531,0.361,0.16,4.22,3.67,0.364,0.7,0.508,0.563,0.884,0.752,0.428,0.645,0.126,0.146,0.272,0.7959999999999999,1.41,0.309,102,90,3.06,0.1,0.4,0.7,$0.6,2024
Hayden Birdsong,SFG,5,6,0,16,16,72.0,57,39,38,11,43,88,4.75,1.39,11.0,5.38,0.27899999999999997,0.13699999999999998,0.14300000000000002,4.67,4.21,4.28,0.184,0.184,,86.5,88.1,,95.9,0.08900000000000001,0.5,92.0,13.8,112.5,0.39799999999999996,0.415,0.188,0.027000000000000003,0.39399999999999996,0.36700000000000005,0.239,0.1,0.483,0.41700000000000004,0.151,4.65,4.21,0.29100000000000004,0.632,0.42100000000000004,0.544,0.866,0.728,0.382,0.552,0.115,0.165,0.28,0.7340000000000001,1.38,0.272,119,104,2.05,0.1,0.4,1.1,$0.9,2024
Camilo Doval,SFG,5,3,23,62,0,59.0,54,35,32,5,39,78,4.88,1.58,11.9,5.95,0.28800000000000003,0.14400000000000002,0.14400000000000002,3.71,3.63,3.73,0.51,,,88.8,,,99.5,0.086,0.428,89.5,-0.2,121.5,0.6,0.267,0.133,0.025,0.467,0.336,0.19699999999999998,0.17800000000000002,0.513,0.309,0.125,3.38,3.63,0.314,0.632,0.435,0.442,0.847,0.6659999999999999,0.38,0.5870000000000001,0.145,0.172,0.317,0.682,0.76,0.333,95,90,2.0,0.1,-0.7,1.0,$0.8,2024
James McArthur,KCR,5,7,18,57,0,56.2,68,36,31,8,14,49,4.92,1.45,7.78,2.22,0.198,0.057,0.142,4.17,3.62,3.46,0.21600000000000003,,,87.7,,,94.8,0.083,0.40299999999999997,90.2,7.1,111.1,0.5329999999999999,0.267,0.2,0.083,0.44799999999999995,0.381,0.171,0.138,0.53,0.331,0.16699999999999998,4.43,3.62,0.33299999999999996,0.659,0.474,0.532,0.8640000000000001,0.731,0.43200000000000005,0.66,0.127,0.187,0.314,0.664,1.27,0.347,102,88,3.5,0.1,-0.7,0.9,$0.7,2024
Chad Green,TOR,4,6,17,53,0,53.1,41,20,19,8,14,46,3.21,1.03,7.76,2.36,0.21899999999999997,0.067,0.152,4.29,4.44,3.82,,,,,,,95.5,0.08800000000000001,0.45899999999999996,91.3,17.2,115.2,0.37200000000000005,0.5,0.128,0.081,0.392,0.297,0.311,0.115,0.514,0.37200000000000005,0.10800000000000001,3.78,4.44,0.35100000000000003,0.758,0.524,0.7,0.848,0.7909999999999999,0.424,0.648,0.11,0.139,0.249,0.8079999999999999,1.35,0.236,103,109,3.29,0.1,1.0,0.8,$0.7,2024
Michael Kelly,OAK,3,2,0,28,0,31.1,27,11,9,2,10,22,2.59,1.18,6.32,2.87,0.172,0.078,0.094,3.84,4.94,4.46,0.672,,,84.3,,,95.4,0.032,0.204,85.2,18.3,107.5,0.389,0.444,0.16699999999999998,0.075,0.355,0.33299999999999996,0.312,0.19399999999999998,0.613,0.19399999999999998,0.05,3.58,4.94,0.33899999999999997,0.653,0.47,0.6559999999999999,0.9059999999999999,0.8009999999999999,0.41700000000000004,0.6559999999999999,0.094,0.18100000000000002,0.27399999999999997,0.78,0.57,0.275,97,121,2.2,0.1,0.5,1.3,$1.1,2024
Colin Holderman,PIT,3,6,0,55,0,51.1,42,23,18,6,25,56,3.16,1.31,9.82,4.38,0.251,0.11199999999999999,0.139,4.26,4.42,3.9,0.478,,,84.7,,,97.2,0.109,0.38,87.6,15.7,112.3,0.375,0.419,0.20600000000000002,0.158,0.409,0.299,0.292,0.19699999999999998,0.474,0.32799999999999996,0.105,4.16,4.42,0.302,0.6709999999999999,0.452,0.564,0.84,0.73,0.406,0.623,0.122,0.16,0.282,0.77,1.05,0.275,105,109,2.24,0.1,0.6,1.3,$1.1,2024
Luke Little,CHC,3,1,0,30,1,26.0,15,11,10,1,18,28,3.46,1.27,9.69,6.23,0.257,0.165,0.092,4.05,4.31,4.2,0.263,,,81.9,,,96.1,0.034,0.40700000000000003,87.4,-1.6,108.9,0.7240000000000001,0.22399999999999998,0.052000000000000005,0.077,0.39,0.39,0.22,0.18600000000000003,0.542,0.271,0.077,3.6,4.31,0.24,0.51,0.358,0.542,0.878,0.752,0.43799999999999994,0.633,0.08900000000000001,0.23199999999999998,0.321,0.73,0.35,0.241,101,106,1.56,0.1,0.3,0.7,$0.6,2024
Phil Maton,- - -,3,3,3,71,0,64.0,47,27,26,7,24,60,3.66,1.11,8.44,3.38,0.226,0.091,0.136,4.26,4.28,3.82,0.22399999999999998,,,80.9,,,,0.07,0.331,86.5,12.8,111.6,0.46799999999999997,0.35700000000000004,0.175,0.213,0.47700000000000004,0.331,0.192,0.192,0.494,0.314,0.115,4.31,4.28,0.32899999999999996,0.6729999999999999,0.46799999999999997,0.6679999999999999,0.813,0.752,0.405,0.562,0.11599999999999999,0.161,0.27699999999999997,0.755,0.98,0.242,107,105,2.5,0.1,0.5,0.9,$0.9,2024
Richard Lovelady,- - -,3,6,2,35,0,34.1,34,18,17,3,11,26,4.46,1.31,6.82,2.88,0.177,0.075,0.102,3.92,4.24,4.06,0.456,,,85.7,,,92.5,0.083,0.46299999999999997,89.5,7.7,111.8,0.509,0.311,0.179,0.03,0.38,0.37,0.25,0.17600000000000002,0.47200000000000003,0.35200000000000004,0.091,4.55,4.24,0.315,0.7040000000000001,0.485,0.66,0.858,0.785,0.436,0.544,0.10400000000000001,0.159,0.263,0.6779999999999999,0.79,0.295,98,104,2.36,0.1,-0.1,0.5,$0.4,2024
Robbie Ray,SFG,3,2,0,7,7,30.2,20,16,16,6,15,43,4.7,1.14,12.62,4.4,0.33299999999999996,0.11599999999999999,0.217,4.96,4.09,3.51,0.319,,,88.5,,,94.3,0.092,0.354,86.8,19.2,107.3,0.281,0.531,0.188,0.11800000000000001,0.391,0.266,0.344,0.281,0.5,0.21899999999999997,0.17600000000000002,3.7,4.09,0.33399999999999996,0.738,0.48700000000000004,0.45799999999999996,0.823,0.667,0.377,0.62,0.162,0.139,0.301,0.767,1.76,0.237,126,101,2.87,0.1,0.3,0.5,$0.4,2024
Quinn Priester,- - -,3,6,0,11,7,49.2,56,30,26,7,14,33,4.71,1.41,5.98,2.54,0.149,0.063,0.086,4.7,4.11,4.14,0.27899999999999997,0.125,,87.2,88.5,,93.1,0.040999999999999995,0.462,89.3,5.9,111.5,0.579,0.24,0.18100000000000002,0.049,0.456,0.38,0.16399999999999998,0.158,0.526,0.316,0.171,4.41,4.11,0.33299999999999996,0.725,0.499,0.665,0.872,0.7929999999999999,0.425,0.5660000000000001,0.10400000000000001,0.16,0.264,0.68,1.27,0.299,116,101,2.36,0.1,0.1,1.1,$1.1,2024
Carlos Carrasco,CLE,3,10,0,21,21,103.2,112,68,65,19,33,89,5.64,1.4,7.73,2.86,0.19899999999999998,0.07400000000000001,0.125,4.93,4.18,4.28,0.273,0.23,,83.6,86.8,,91.8,0.081,0.38799999999999996,89.3,10.8,114.4,0.465,0.35200000000000004,0.182,0.08,0.431,0.384,0.184,0.141,0.5379999999999999,0.322,0.17,4.7,4.18,0.332,0.7170000000000001,0.483,0.635,0.9009999999999999,0.79,0.392,0.624,0.102,0.161,0.263,0.665,1.65,0.309,122,102,2.7,0.1,-0.6,1.3,$1.1,2024
Jake Cousins,NYY,2,1,1,37,0,38.0,20,14,10,5,20,53,2.37,1.05,12.55,4.74,0.342,0.129,0.213,4.06,3.54,3.16,0.657,,,82.1,,,94.6,0.078,0.33799999999999997,86.2,14.2,109.3,0.42100000000000004,0.395,0.184,0.16699999999999998,0.377,0.41600000000000004,0.20800000000000002,0.23399999999999999,0.506,0.26,0.16699999999999998,3.49,3.54,0.36200000000000004,0.552,0.43,0.473,0.866,0.653,0.35700000000000004,0.639,0.149,0.19699999999999998,0.34600000000000003,0.816,1.18,0.208,97,86,2.65,0.1,0.5,1.1,$0.9,2024
Fraser Ellard,CHW,2,3,1,25,0,24.0,18,12,10,3,12,26,3.75,1.25,9.75,4.5,0.257,0.11900000000000001,0.139,4.25,3.95,3.85,0.23399999999999999,0.035,,85.8,90.4,,95.2,0.065,0.40299999999999997,90.1,10.9,113.7,0.452,0.33899999999999997,0.21,0.14300000000000002,0.355,0.355,0.29,0.177,0.484,0.33899999999999997,0.14300000000000002,3.89,3.95,0.244,0.64,0.414,0.6,0.84,0.76,0.431,0.495,0.099,0.17600000000000002,0.275,0.7090000000000001,1.13,0.254,101,96,2.17,0.1,0.1,1.0,$0.8,2024
Kyle Nicolas,PIT,2,2,0,51,0,54.2,51,30,24,4,31,55,3.95,1.5,9.05,5.1,0.226,0.128,0.099,4.03,4.49,4.32,0.22399999999999998,,,90.9,,,97.4,0.085,0.405,90.0,10.8,112.4,0.45399999999999996,0.336,0.21100000000000002,0.059000000000000004,0.353,0.353,0.294,0.105,0.5820000000000001,0.314,0.078,4.38,4.49,0.28300000000000003,0.73,0.455,0.564,0.8690000000000001,0.752,0.385,0.5720000000000001,0.113,0.142,0.255,0.6970000000000001,0.66,0.315,99,110,1.77,0.1,-0.1,1.0,$0.8,2024
Nate Pearson,- - -,2,2,2,60,1,66.1,67,34,33,12,21,74,4.48,1.33,10.04,2.85,0.26,0.07400000000000001,0.18600000000000003,4.37,3.71,3.34,0.40700000000000003,,,88.0,,,97.8,0.102,0.455,90.9,16.8,110.6,0.371,0.39799999999999996,0.231,0.149,0.42200000000000004,0.364,0.214,0.134,0.47100000000000003,0.396,0.162,4.41,3.71,0.303,0.6579999999999999,0.465,0.56,0.855,0.75,0.455,0.649,0.11599999999999999,0.182,0.298,0.768,1.63,0.314,107,91,3.52,0.1,0.1,1.3,$1.1,2024
Trevor Richards,- - -,2,2,1,55,2,65.1,44,36,33,7,35,62,4.55,1.21,8.54,4.82,0.22399999999999998,0.126,0.09699999999999999,4.36,4.96,4.51,0.001,0.535,,83.0,79.2,,92.4,0.067,0.376,88.3,18.9,110.5,0.35200000000000004,0.489,0.159,0.09300000000000001,0.384,0.33899999999999997,0.27699999999999997,0.175,0.49700000000000005,0.32799999999999996,0.081,3.61,4.96,0.29600000000000004,0.648,0.439,0.6629999999999999,0.875,0.79,0.406,0.5920000000000001,0.092,0.17300000000000001,0.266,0.632,0.96,0.216,105,121,1.77,0.1,-0.2,1.0,$1.0,2024
Kolby Allard,PHI,2,0,0,7,4,27.0,34,15,15,5,8,23,5.0,1.56,7.67,2.67,0.19699999999999998,0.068,0.128,4.76,4.31,4.18,,0.245,,,82.0,,90.1,0.081,0.40700000000000003,88.9,15.7,111.5,0.45299999999999996,0.40700000000000003,0.14,0.057,0.36,0.442,0.198,0.174,0.45299999999999996,0.37200000000000005,0.14300000000000002,4.33,4.31,0.294,0.698,0.484,0.6759999999999999,0.86,0.8009999999999999,0.47,0.718,0.096,0.172,0.268,0.7709999999999999,1.67,0.358,115,106,2.88,0.1,0.1,0.6,$0.5,2024
Scott Blewett,MIN,1,1,0,12,0,20.1,17,5,4,2,8,18,1.77,1.23,7.97,3.54,0.212,0.094,0.11800000000000001,4.0,4.14,4.05,0.37,,,85.2,,,93.6,0.086,0.466,91.9,14.3,112.9,0.414,0.32799999999999996,0.259,0.105,0.431,0.36200000000000004,0.207,0.10300000000000001,0.603,0.293,0.105,3.93,4.14,0.337,0.763,0.517,0.613,0.835,0.752,0.423,0.635,0.128,0.11900000000000001,0.247,0.905,0.89,0.268,98,101,2.25,0.1,0.5,0.5,$0.5,2024
Scott Alexander,OAK,1,3,0,45,0,38.2,31,14,11,3,15,31,2.56,1.19,7.22,3.49,0.19399999999999998,0.094,0.1,3.89,3.94,3.83,0.226,0.129,,82.8,84.6,,,0.125,0.446,89.2,-1.5,115.1,0.6,0.245,0.155,0.0,0.455,0.27699999999999997,0.268,0.134,0.563,0.304,0.111,3.99,3.94,0.35,0.696,0.491,0.6579999999999999,0.9440000000000001,0.823,0.408,0.544,0.086,0.151,0.23800000000000002,0.7759999999999999,0.7,0.257,98,96,2.07,0.1,0.7,0.8,$0.6,2024
Brent Honeywell,- - -,1,1,1,20,1,37.2,32,12,11,3,11,18,2.63,1.14,4.3,2.63,0.121,0.07400000000000001,0.047,4.28,4.97,5.0,0.237,,,85.8,,,94.7,0.051,0.39799999999999996,88.3,14.0,109.4,0.42200000000000004,0.371,0.207,0.023,0.34700000000000003,0.381,0.271,0.14400000000000002,0.525,0.331,0.07,4.88,4.97,0.278,0.6829999999999999,0.461,0.78,0.9179999999999999,0.872,0.45,0.611,0.059000000000000004,0.17300000000000001,0.23199999999999998,0.809,0.72,0.252,103,122,1.64,0.1,0.7,0.7,$0.7,2024
Ethan Roberts,CHC,1,1,0,21,0,26.2,31,11,11,3,10,26,3.71,1.54,8.78,3.38,0.22,0.085,0.136,3.92,4.61,4.08,0.593,,,81.4,,,,0.07400000000000001,0.43200000000000005,91.0,20.6,116.7,0.284,0.469,0.247,0.079,0.321,0.37,0.309,0.12300000000000001,0.506,0.37,0.079,4.32,4.61,0.28600000000000003,0.6970000000000001,0.45799999999999996,0.595,0.862,0.765,0.418,0.6609999999999999,0.10800000000000001,0.175,0.28300000000000003,0.82,1.01,0.359,98,113,2.6,0.1,0.2,1.0,$0.8,2024
Yilber Diaz,ARI,1,1,0,7,4,28.1,27,13,12,3,12,19,3.81,1.38,6.04,3.81,0.16,0.10099999999999999,0.059000000000000004,4.47,4.75,5.11,0.273,0.004,,83.7,86.0,,95.9,0.045,0.455,91.3,15.5,110.2,0.35600000000000004,0.35600000000000004,0.287,0.065,0.318,0.386,0.295,0.091,0.557,0.35200000000000004,0.09699999999999999,5.02,4.75,0.249,0.6629999999999999,0.433,0.615,0.92,0.823,0.44299999999999995,0.588,0.077,0.183,0.26,0.747,0.95,0.282,114,117,1.58,0.1,0.4,1.1,$0.9,2024
Chris Roycroft,STL,1,2,0,27,0,34.1,31,19,16,2,17,33,4.19,1.4,8.65,4.46,0.213,0.11,0.10300000000000001,3.84,4.22,4.03,0.21,,,83.8,,,95.1,0.02,0.337,86.9,1.0,109.7,0.535,0.263,0.20199999999999999,0.077,0.307,0.396,0.297,0.228,0.525,0.248,0.077,3.42,4.22,0.319,0.645,0.45299999999999996,0.634,0.9109999999999999,0.7959999999999999,0.41100000000000003,0.6579999999999999,0.092,0.188,0.28,0.6709999999999999,0.52,0.293,96,104,1.94,0.1,-0.1,1.2,$1.0,2024
Justin Wilson,CIN,1,5,2,60,0,46.2,55,30,29,10,13,51,5.59,1.46,9.84,2.51,0.244,0.062,0.182,4.73,3.99,3.41,0.239,,,88.3,,,95.6,0.11199999999999999,0.413,88.6,17.8,112.0,0.38299999999999995,0.447,0.17,0.20600000000000002,0.371,0.287,0.34299999999999997,0.182,0.462,0.35700000000000004,0.159,4.24,3.99,0.381,0.7509999999999999,0.5489999999999999,0.6940000000000001,0.8420000000000001,0.7859999999999999,0.45299999999999996,0.6409999999999999,0.11699999999999999,0.128,0.24600000000000002,0.7140000000000001,1.93,0.338,111,98,3.92,0.1,-0.4,1.2,$1.0,2024
Ray Kerr,ATL,1,2,0,10,2,22.1,29,14,14,4,7,27,5.64,1.61,10.88,2.82,0.262,0.068,0.19399999999999998,4.42,3.78,3.38,,,,,,,95.3,0.121,0.455,90.6,15.5,111.0,0.32799999999999996,0.391,0.281,0.08,0.424,0.33299999999999996,0.242,0.106,0.485,0.409,0.16,4.99,3.78,0.34299999999999997,0.675,0.48700000000000004,0.486,0.777,0.6609999999999999,0.435,0.583,0.16399999999999998,0.157,0.321,0.7490000000000001,1.61,0.403,111,93,3.86,0.1,-0.2,0.9,$0.9,2024
Jose Suarez,LAA,1,2,1,22,3,52.1,57,38,35,7,27,56,6.02,1.61,9.63,4.64,0.233,0.113,0.121,4.54,4.42,4.17,0.23199999999999998,0.24600000000000002,,82.0,83.0,,93.2,0.085,0.47700000000000004,89.0,13.4,111.6,0.405,0.366,0.22899999999999998,0.107,0.451,0.32,0.22899999999999998,0.196,0.46399999999999997,0.34,0.125,4.84,4.42,0.301,0.705,0.455,0.5710000000000001,0.86,0.742,0.381,0.575,0.11699999999999999,0.14,0.258,0.639,1.2,0.342,110,108,2.07,0.1,-0.7,0.6,$0.5,2024
Tommy Kahnle,NYY,0,2,1,50,0,42.2,30,16,10,5,19,46,2.11,1.15,9.7,4.01,0.257,0.106,0.151,4.01,3.55,3.46,0.057,0.727,,86.3,87.5,,94.0,0.063,0.321,86.2,3.7,110.4,0.586,0.27,0.14400000000000002,0.0,0.491,0.35700000000000004,0.152,0.125,0.616,0.259,0.16699999999999998,3.32,3.55,0.336,0.715,0.47600000000000003,0.509,0.773,0.655,0.369,0.536,0.16399999999999998,0.152,0.316,0.795,1.05,0.234,96,86,2.42,0.1,0.6,0.5,$0.5,2024
Kyle Muller,OAK,0,1,0,21,0,49.1,48,25,22,6,10,36,4.01,1.18,6.57,1.82,0.17800000000000002,0.05,0.129,3.96,4.03,3.93,0.247,0.079,,85.4,87.0,,92.9,0.077,0.43200000000000005,90.2,13.6,116.1,0.426,0.348,0.226,0.09300000000000001,0.413,0.368,0.21899999999999997,0.09699999999999999,0.606,0.297,0.111,4.04,4.03,0.29600000000000004,0.7390000000000001,0.516,0.583,0.872,0.789,0.49700000000000005,0.594,0.109,0.161,0.27,0.672,1.09,0.282,100,98,3.6,0.1,0.0,1.1,$0.9,2024
Tommy Nance,TOR,0,3,0,20,0,22.0,18,12,10,2,9,19,4.09,1.23,7.77,3.68,0.204,0.09699999999999999,0.10800000000000001,3.98,3.97,3.96,0.258,,,87.5,,,94.1,0.125,0.359,87.3,8.0,108.0,0.524,0.27,0.20600000000000002,0.11800000000000001,0.469,0.359,0.172,0.172,0.42200000000000004,0.406,0.11800000000000001,4.42,3.97,0.3,0.614,0.429,0.491,0.9259999999999999,0.746,0.41,0.581,0.109,0.23,0.33899999999999997,0.635,0.82,0.258,96,97,2.11,0.1,-0.1,0.7,$0.6,2024
John Brebbia,- - -,0,6,2,59,0,55.1,56,36,36,11,19,67,5.86,1.36,10.9,3.09,0.27699999999999997,0.079,0.198,4.52,3.82,3.29,0.518,,,83.2,,,94.0,0.105,0.373,88.8,19.7,111.4,0.29600000000000004,0.45399999999999996,0.25,0.11599999999999999,0.359,0.379,0.261,0.13699999999999998,0.49700000000000005,0.366,0.159,4.86,3.82,0.33899999999999997,0.715,0.49700000000000005,0.687,0.846,0.7829999999999999,0.42100000000000004,0.674,0.10800000000000001,0.161,0.268,0.6709999999999999,1.79,0.317,108,93,3.53,0.1,-0.9,1.2,$1.0,2024
Sixto Sanchez,MIA,0,3,0,14,7,35.2,43,29,24,3,14,17,6.06,1.6,4.29,3.53,0.105,0.086,0.019,4.74,5.3,5.42,0.34,0.306,,83.6,85.4,,94.1,0.063,0.43799999999999994,90.0,10.4,110.1,0.484,0.31,0.20600000000000002,0.051,0.414,0.281,0.305,0.109,0.586,0.305,0.077,5.1,5.3,0.273,0.6809999999999999,0.462,0.802,0.9129999999999999,0.878,0.46399999999999997,0.525,0.055999999999999994,0.175,0.23199999999999998,0.556,0.76,0.32,116,130,1.21,0.1,-0.6,1.1,$0.9,2024
Yohan Ramirez,- - -,0,5,1,38,0,45.0,49,35,31,4,17,45,6.2,1.47,9.0,3.4,0.21600000000000003,0.08199999999999999,0.135,4.26,4.58,3.84,0.292,,,81.7,,,94.9,0.067,0.34299999999999997,88.5,12.2,113.0,0.43799999999999994,0.33799999999999997,0.223,0.136,0.41,0.313,0.276,0.172,0.575,0.254,0.091,4.55,4.58,0.24100000000000002,0.638,0.415,0.606,0.87,0.784,0.439,0.51,0.09,0.19399999999999998,0.28300000000000003,0.594,0.8,0.346,103,112,2.65,0.1,-1.0,1.3,$1.1,2024
Jake Woodford,- - -,0,6,0,9,7,35.0,48,37,31,6,9,26,7.97,1.63,6.69,2.31,0.156,0.054000000000000006,0.102,4.94,4.78,4.7,0.282,0.05,,80.8,85.5,,92.0,0.078,0.395,88.9,14.5,112.3,0.35200000000000004,0.375,0.273,0.021,0.45,0.318,0.233,0.132,0.535,0.33299999999999996,0.125,5.64,4.78,0.264,0.672,0.43700000000000006,0.7659999999999999,0.932,0.8740000000000001,0.424,0.617,0.055,0.18,0.235,0.446,1.54,0.341,121,118,2.89,0.1,-1.3,0.5,$0.5,2024
Will Warren,NYY,0,3,0,6,5,22.2,33,27,26,5,10,29,10.32,1.9,11.51,3.97,0.264,0.091,0.17300000000000001,4.93,4.0,3.85,0.266,0.122,,83.2,86.4,,93.7,0.114,0.5,92.7,14.9,107.7,0.36200000000000004,0.42,0.217,0.034,0.406,0.42,0.174,0.11599999999999999,0.522,0.36200000000000004,0.172,4.53,4.0,0.297,0.628,0.42100000000000004,0.5529999999999999,0.917,0.7559999999999999,0.376,0.636,0.10300000000000001,0.19,0.293,0.45899999999999996,1.99,0.431,119,98,2.9,0.1,-1.1,0.8,$0.7,2024
Hector Neris,- - -,10,5,18,62,0,59.1,55,31,27,8,28,64,4.1,1.4,9.71,4.25,0.24600000000000002,0.10800000000000001,0.138,4.28,4.23,3.89,0.035,,,85.6,,,93.2,0.09,0.40399999999999997,88.6,14.8,109.4,0.4,0.419,0.18100000000000002,0.075,0.461,0.33299999999999996,0.20600000000000002,0.17600000000000002,0.5329999999999999,0.29100000000000004,0.11900000000000001,4.31,4.23,0.349,0.742,0.508,0.643,0.838,0.758,0.40399999999999997,0.612,0.12300000000000001,0.136,0.258,0.732,1.21,0.297,107,104,2.29,0.0,0.1,0.4,$0.3,2024
Jacob Barnes,WSN,8,3,0,63,0,66.0,67,36,32,10,20,55,4.36,1.32,7.5,2.73,0.19899999999999998,0.07200000000000001,0.126,4.38,4.17,4.02,0.034,,,83.6,,,95.5,0.064,0.41600000000000004,89.0,12.7,113.0,0.376,0.381,0.243,0.091,0.361,0.381,0.257,0.139,0.574,0.287,0.13,4.9,4.17,0.332,0.733,0.491,0.6459999999999999,0.868,0.778,0.39799999999999996,0.632,0.109,0.13699999999999998,0.24600000000000002,0.6990000000000001,1.36,0.297,107,103,2.75,0.0,-0.1,0.2,$0.1,2024
Ryne Stanek,- - -,7,3,7,63,0,55.1,48,32,30,8,25,67,4.88,1.32,10.9,4.07,0.278,0.10400000000000001,0.174,4.14,4.18,3.56,0.166,,,88.1,,,97.9,0.096,0.418,90.2,19.1,109.9,0.331,0.483,0.18600000000000003,0.057,0.384,0.342,0.27399999999999997,0.12300000000000001,0.534,0.342,0.114,3.43,4.18,0.34700000000000003,0.743,0.514,0.5920000000000001,0.758,0.693,0.42200000000000004,0.66,0.158,0.13,0.28800000000000003,0.679,1.3,0.29,105,102,2.68,0.0,-0.6,-0.3,($0.2),2024
Keider Montero,DET,6,6,0,19,16,98.1,100,54,52,19,31,77,4.76,1.33,7.05,2.84,0.187,0.075,0.11199999999999999,5.15,4.33,4.49,0.282,0.107,,83.7,86.0,,94.7,0.076,0.365,89.1,15.4,111.1,0.392,0.365,0.243,0.109,0.442,0.322,0.23600000000000002,0.133,0.522,0.34600000000000003,0.17300000000000001,5.53,4.33,0.293,0.691,0.479,0.621,0.893,0.805,0.467,0.665,0.094,0.175,0.26899999999999996,0.745,1.74,0.287,126,106,2.48,0.0,0.5,-0.2,$0.1,2024
A.J. Minter,ATL,5,4,1,39,0,34.1,24,10,10,6,11,35,2.62,1.02,9.17,2.88,0.261,0.08199999999999999,0.179,4.45,3.76,3.38,0.345,0.17800000000000002,,89.5,86.8,,94.8,0.069,0.33299999999999996,87.3,15.3,110.6,0.45899999999999996,0.424,0.11800000000000001,0.139,0.35600000000000004,0.368,0.276,0.184,0.506,0.31,0.16699999999999998,3.31,3.76,0.34,0.759,0.523,0.58,0.821,0.733,0.43700000000000006,0.754,0.14,0.151,0.29100000000000004,0.9420000000000001,1.57,0.222,111,93,3.18,0.0,0.9,-0.5,($0.4),2024
Ryan Yarbrough,- - -,5,2,1,44,0,98.2,70,36,35,11,32,65,3.19,1.03,5.93,2.92,0.163,0.08,0.083,4.64,4.84,4.53,0.275,0.153,,71.3,77.4,,86.8,0.062,0.294,86.0,14.3,112.9,0.408,0.38299999999999995,0.209,0.14800000000000002,0.401,0.349,0.249,0.17600000000000002,0.5710000000000001,0.253,0.102,4.19,4.84,0.304,0.675,0.469,0.7190000000000001,0.846,0.8,0.445,0.626,0.094,0.174,0.267,0.7909999999999999,1.0,0.212,111,119,2.03,0.0,1.5,0.1,$0.1,2024
Jose Urena,TEX,5,8,1,33,9,109.0,105,51,46,13,39,70,3.8,1.32,5.78,3.22,0.151,0.084,0.067,4.62,4.61,4.66,0.341,0.187,,87.0,88.7,,96.6,0.077,0.397,89.0,9.8,117.0,0.501,0.32,0.179,0.054000000000000006,0.41100000000000003,0.349,0.24,0.146,0.557,0.297,0.11699999999999999,4.4,4.61,0.292,0.738,0.47,0.6609999999999999,0.878,0.797,0.397,0.5529999999999999,0.095,0.14800000000000002,0.243,0.747,1.07,0.273,112,113,1.79,0.0,1.0,0.3,$0.3,2024
Carson Spiers,CIN,5,7,0,22,10,90.2,112,59,55,20,27,80,5.46,1.53,7.94,2.68,0.195,0.066,0.129,5.33,4.65,4.28,0.244,0.121,,81.5,86.8,,92.4,0.10400000000000001,0.389,88.9,17.5,113.5,0.35,0.446,0.204,0.13699999999999998,0.413,0.322,0.265,0.195,0.466,0.33899999999999997,0.153,4.84,4.65,0.316,0.6679999999999999,0.475,0.6509999999999999,0.893,0.805,0.452,0.627,0.09300000000000001,0.172,0.265,0.733,1.99,0.331,124,114,2.96,0.0,-0.3,0.0,$0.2,2024
Kyle Finnegan,WSN,3,8,38,65,0,63.2,61,31,26,9,24,60,3.68,1.34,8.48,3.39,0.221,0.08900000000000001,0.133,4.25,3.81,3.81,0.054000000000000006,,,85.5,,,97.4,0.07,0.48100000000000004,91.3,10.6,115.7,0.45899999999999996,0.319,0.222,0.017,0.358,0.348,0.294,0.14400000000000002,0.48700000000000004,0.369,0.153,4.28,3.81,0.31,0.738,0.527,0.669,0.845,0.794,0.507,0.653,0.10800000000000001,0.15,0.258,0.746,1.27,0.292,104,94,2.5,0.0,0.4,-0.2,($0.2),2024
Scott Barlow,CLE,3,3,2,63,0,55.0,44,27,26,6,31,68,4.25,1.36,11.13,5.07,0.282,0.129,0.154,4.02,3.78,3.7,0.451,,,81.0,,,91.6,0.057999999999999996,0.326,86.2,9.1,109.7,0.47100000000000003,0.312,0.217,0.07,0.5,0.304,0.196,0.196,0.551,0.254,0.14,4.17,3.78,0.289,0.6659999999999999,0.423,0.466,0.851,0.6809999999999999,0.354,0.585,0.135,0.16399999999999998,0.299,0.737,0.98,0.288,99,92,2.19,0.0,0.0,0.4,$0.3,2024
Kenta Maeda,DET,3,7,0,29,17,112.1,124,80,76,22,31,96,6.09,1.38,7.69,2.48,0.198,0.064,0.134,4.96,4.51,4.23,0.376,0.312,,81.6,84.0,,90.9,0.08199999999999999,0.36,88.4,17.0,111.9,0.364,0.44,0.196,0.135,0.466,0.344,0.19,0.185,0.545,0.27,0.142,4.4,4.51,0.33299999999999996,0.684,0.469,0.624,0.892,0.7759999999999999,0.38799999999999996,0.602,0.105,0.159,0.264,0.619,1.76,0.308,122,110,3.1,0.0,-1.4,0.2,$0.3,2024
Keaton Winn,SFG,3,8,0,12,12,55.1,56,44,44,9,20,48,7.16,1.37,7.81,3.25,0.20199999999999999,0.084,0.11800000000000001,4.85,4.07,4.26,0.14,,,87.9,,,96.2,0.084,0.48200000000000004,93.1,8.6,113.4,0.5,0.299,0.201,0.02,0.485,0.33899999999999997,0.17600000000000002,0.079,0.485,0.436,0.184,5.55,4.07,0.34299999999999997,0.742,0.525,0.585,0.875,0.772,0.455,0.655,0.12,0.14300000000000002,0.262,0.534,1.46,0.299,123,100,2.4,0.0,-0.9,0.0,$0.0,2024
Daniel Lynch IV,KCR,2,0,1,16,3,43.1,29,17,16,6,14,39,3.32,0.99,8.1,2.91,0.22399999999999998,0.08,0.14400000000000002,4.41,4.32,3.89,0.27399999999999997,0.212,,86.0,84.8,,93.0,0.094,0.479,90.2,11.5,111.6,0.462,0.419,0.12,0.02,0.42700000000000005,0.436,0.13699999999999998,0.12,0.564,0.316,0.122,3.85,4.32,0.292,0.6759999999999999,0.461,0.524,0.835,0.725,0.441,0.598,0.127,0.182,0.309,0.777,1.25,0.207,108,106,2.79,0.0,0.7,0.1,$0.2,2024
Austin Voth,SEA,2,5,0,68,0,61.0,46,31,25,9,18,61,3.69,1.05,9.0,2.66,0.24600000000000002,0.073,0.17300000000000001,4.12,3.93,3.51,0.23399999999999999,,,80.9,,,93.7,0.078,0.295,85.8,16.3,115.5,0.348,0.42700000000000005,0.226,0.1,0.506,0.259,0.235,0.19899999999999998,0.5479999999999999,0.253,0.129,3.14,3.93,0.355,0.696,0.484,0.516,0.863,0.705,0.37799999999999995,0.637,0.142,0.152,0.294,0.662,1.33,0.236,105,96,3.39,0.0,-0.2,-0.1,$0.0,2024
Xzavion Curry,- - -,2,2,0,16,5,42.2,38,23,22,8,7,28,4.64,1.05,5.91,1.48,0.163,0.040999999999999995,0.122,4.78,5.04,4.96,0.344,,,84.7,,,92.1,0.109,0.431,90.0,25.6,111.0,0.23399999999999999,0.555,0.212,0.092,0.321,0.41600000000000004,0.263,0.146,0.45299999999999996,0.401,0.105,5.07,5.04,0.301,0.752,0.509,0.75,0.878,0.8370000000000001,0.46,0.616,0.083,0.156,0.239,0.6509999999999999,1.69,0.233,118,124,4.0,0.0,0.1,0.4,$0.4,2024
Adam Oller,MIA,2,4,0,8,8,42.1,43,25,25,7,22,36,5.31,1.54,7.65,4.68,0.19,0.11599999999999999,0.07400000000000001,5.32,5.24,5.08,0.262,0.07200000000000001,,85.6,87.0,,94.0,0.085,0.38799999999999996,90.4,18.1,115.1,0.391,0.45299999999999996,0.156,0.10300000000000001,0.35700000000000004,0.37200000000000005,0.271,0.132,0.55,0.318,0.121,4.57,5.24,0.28800000000000003,0.638,0.43,0.68,0.885,0.8029999999999999,0.40399999999999997,0.598,0.084,0.16699999999999998,0.252,0.7340000000000001,1.49,0.295,130,128,1.64,0.0,0.2,0.1,$0.1,2024
Dakota Hudson,COL,2,12,0,18,18,89.0,99,66,61,11,50,49,6.17,1.67,4.96,5.06,0.121,0.124,-0.002,5.53,5.41,5.72,0.248,0.1,,84.2,83.4,,90.2,0.063,0.42,89.9,7.6,116.4,0.523,0.295,0.18100000000000002,0.057,0.423,0.363,0.213,0.147,0.48700000000000004,0.36700000000000005,0.125,5.99,5.41,0.253,0.649,0.418,0.6729999999999999,0.919,0.8320000000000001,0.41600000000000004,0.606,0.07,0.174,0.244,0.635,1.11,0.304,129,133,0.98,0.0,-0.1,0.3,$0.2,2024
Alek Manoah,TOR,1,2,0,5,5,24.1,17,16,10,5,8,26,3.7,1.03,9.62,2.96,0.252,0.078,0.175,5.18,4.19,3.84,0.305,0.145,,81.1,87.5,,93.2,0.10800000000000001,0.354,88.6,16.3,112.1,0.354,0.415,0.231,0.111,0.508,0.27699999999999997,0.215,0.12300000000000001,0.585,0.292,0.185,4.1,4.19,0.3,0.713,0.47200000000000003,0.565,0.838,0.737,0.41600000000000004,0.621,0.124,0.16,0.284,0.591,1.85,0.2,125,102,3.25,0.0,-0.1,0.4,$0.3,2024
Austin Adams,OAK,1,2,0,56,0,41.1,38,20,18,4,23,53,3.92,1.48,11.54,5.01,0.27699999999999997,0.12,0.157,4.47,4.64,3.71,0.738,,,87.7,,,93.6,0.049,0.314,85.1,16.6,108.1,0.366,0.386,0.248,0.231,0.382,0.304,0.314,0.265,0.5,0.235,0.10300000000000001,4.07,4.64,0.278,0.629,0.415,0.529,0.7979999999999999,0.6890000000000001,0.391,0.55,0.129,0.183,0.312,0.789,0.87,0.347,113,114,2.3,0.0,0.1,0.2,$0.1,2024
Josh Fleming,PIT,1,1,1,25,3,31.1,34,18,14,3,14,17,4.02,1.53,4.88,4.02,0.12300000000000001,0.10099999999999999,0.022000000000000002,4.76,4.87,4.96,,0.3,,,83.2,,88.4,0.038,0.33,86.6,6.5,107.0,0.5429999999999999,0.267,0.19,0.14300000000000002,0.396,0.406,0.198,0.179,0.528,0.292,0.107,4.29,4.87,0.359,0.6779999999999999,0.46399999999999997,0.813,0.875,0.843,0.331,0.565,0.073,0.14400000000000002,0.217,0.6920000000000001,0.86,0.301,117,119,1.21,0.0,0.0,-0.4,($0.3),2024
Joe Kelly,LAD,1,1,0,35,0,32.0,31,19,17,4,16,35,4.78,1.47,9.84,4.5,0.245,0.11199999999999999,0.133,4.57,4.22,3.87,0.19899999999999998,0.069,,90.3,88.5,,98.2,0.126,0.425,88.7,8.0,110.7,0.47100000000000003,0.318,0.212,0.111,0.337,0.36,0.302,0.174,0.5579999999999999,0.267,0.14800000000000002,5.1,4.22,0.264,0.691,0.457,0.613,0.878,0.794,0.451,0.5589999999999999,0.094,0.166,0.26,0.711,1.13,0.325,109,104,2.19,0.0,-0.2,-0.2,($0.2),2024
Steven Matz,STL,1,2,0,12,7,44.1,49,28,25,7,15,33,5.08,1.44,6.7,3.05,0.174,0.079,0.095,4.88,4.5,4.63,0.069,0.257,,88.2,83.4,,,0.079,0.307,87.6,12.3,115.8,0.401,0.358,0.24100000000000002,0.102,0.35700000000000004,0.371,0.271,0.207,0.579,0.214,0.14300000000000002,4.65,4.5,0.298,0.703,0.483,0.746,0.8759999999999999,0.8320000000000001,0.456,0.626,0.081,0.16399999999999998,0.245,0.6759999999999999,1.42,0.316,122,111,2.2,0.0,-0.2,0.5,$0.4,2024
Ryder Ryan,PIT,1,0,0,15,0,20.2,21,14,13,2,9,17,5.66,1.45,7.4,3.92,0.183,0.09699999999999999,0.086,4.52,5.38,4.59,0.43799999999999994,0.003,,83.8,89.0,,94.2,0.109,0.43799999999999994,89.7,16.1,111.8,0.371,0.46799999999999997,0.161,0.10300000000000001,0.49200000000000005,0.33299999999999996,0.175,0.159,0.429,0.413,0.069,5.54,5.38,0.355,0.727,0.524,0.652,0.902,0.809,0.45299999999999996,0.602,0.099,0.14,0.23800000000000002,0.629,0.87,0.306,112,132,1.89,0.0,-0.2,-0.1,($0.1),2024
Bradley Blalock,- - -,1,3,0,7,6,30.2,35,22,20,4,20,20,5.87,1.79,5.87,5.87,0.136,0.136,0.0,5.61,6.09,6.05,0.218,,,85.3,,,93.4,0.085,0.425,90.7,16.9,111.8,0.368,0.415,0.217,0.068,0.387,0.434,0.179,0.142,0.425,0.434,0.091,5.94,6.09,0.278,0.7190000000000001,0.466,0.693,0.888,0.821,0.426,0.612,0.083,0.146,0.22899999999999998,0.675,1.17,0.304,131,149,1.0,0.0,0.0,-0.2,($0.2),2024
Kyle Tyler,MIA,0,2,0,8,7,31.2,37,19,19,4,18,25,5.4,1.74,7.11,5.12,0.17600000000000002,0.127,0.049,5.03,4.72,5.11,0.11199999999999999,0.01,,82.2,86.0,,,0.08199999999999999,0.45899999999999996,88.7,10.2,110.1,0.5,0.28600000000000003,0.214,0.071,0.408,0.35700000000000004,0.235,0.153,0.52,0.327,0.14300000000000002,6.19,4.72,0.311,0.645,0.43799999999999994,0.589,0.894,0.76,0.379,0.556,0.105,0.151,0.256,0.7340000000000001,1.14,0.351,123,116,1.39,0.0,0.1,0.3,$0.3,2024
Logan Allen,ARI,0,1,1,12,0,28.0,32,17,17,3,10,21,5.46,1.5,6.75,3.21,0.16399999999999998,0.078,0.086,4.35,4.57,4.41,0.209,0.209,,81.7,79.6,,91.6,0.053,0.4,89.3,12.8,108.3,0.41100000000000003,0.316,0.27399999999999997,0.133,0.379,0.379,0.242,0.158,0.547,0.295,0.1,5.56,4.57,0.293,0.738,0.496,0.627,0.9109999999999999,0.82,0.455,0.633,0.08900000000000001,0.145,0.23399999999999999,0.6779999999999999,0.96,0.315,111,112,2.1,0.0,-0.2,-0.1,($0.1),2024
Noah Davis,COL,0,0,0,9,0,20.1,31,15,13,3,7,15,5.75,1.87,6.64,3.1,0.156,0.073,0.083,4.64,4.81,4.51,,0.077,,,85.4,,93.9,0.054000000000000006,0.33799999999999997,88.1,15.2,113.1,0.425,0.384,0.192,0.107,0.392,0.405,0.203,0.203,0.473,0.324,0.107,4.37,4.81,0.295,0.7659999999999999,0.499,0.721,0.917,0.852,0.433,0.688,0.07400000000000001,0.142,0.21600000000000003,0.68,1.33,0.394,108,118,2.14,0.0,-0.2,0.1,$0.1,2024
Emmanuel Ramirez,MIA,0,1,0,15,0,20.2,21,17,16,3,8,21,6.97,1.4,9.15,3.48,0.228,0.087,0.141,4.62,4.49,3.83,0.09699999999999999,,,77.7,,,94.1,0.067,0.45,91.0,17.5,109.6,0.4,0.4,0.2,0.125,0.483,0.33299999999999996,0.183,0.11699999999999999,0.433,0.45,0.125,4.8,4.49,0.297,0.6970000000000001,0.461,0.585,0.8490000000000001,0.7490000000000001,0.41,0.5760000000000001,0.11599999999999999,0.14800000000000002,0.264,0.54,1.31,0.316,113,110,2.63,0.0,-0.4,-0.4,($0.3),2024
JoJo Romero,STL,7,3,1,65,0,59.0,52,23,22,8,16,51,3.36,1.15,7.78,2.44,0.21,0.066,0.14400000000000002,4.27,3.84,3.62,0.341,0.171,,84.0,85.9,,95.4,0.105,0.39799999999999996,89.9,7.9,114.3,0.488,0.313,0.19899999999999998,0.057999999999999996,0.433,0.304,0.263,0.146,0.544,0.31,0.154,5.06,3.84,0.317,0.601,0.43200000000000005,0.59,0.897,0.763,0.405,0.667,0.102,0.191,0.293,0.809,1.22,0.27,107,95,3.19,-0.1,1.1,-0.9,($0.7),2024
Tyler Kinley,COL,6,1,12,67,0,64.0,61,44,44,11,33,72,6.19,1.47,10.13,4.64,0.253,0.11599999999999999,0.13699999999999998,4.79,4.23,3.93,0.629,0.035,,89.5,87.2,,96.1,0.09,0.331,87.5,15.5,113.1,0.379,0.401,0.22,0.099,0.489,0.354,0.157,0.18,0.494,0.326,0.155,4.46,4.23,0.34,0.728,0.494,0.502,0.81,0.682,0.397,0.579,0.157,0.127,0.284,0.645,1.55,0.299,112,104,2.18,-0.1,-0.5,-0.9,($0.7),2024
Dane Dunning,TEX,5,7,0,26,15,95.0,97,60,56,18,40,91,5.31,1.44,8.62,3.79,0.21600000000000003,0.095,0.121,5.17,4.41,4.31,0.23399999999999999,0.12300000000000001,,80.7,85.0,,89.4,0.109,0.45799999999999996,90.4,13.6,112.0,0.43799999999999994,0.381,0.18100000000000002,0.075,0.5,0.342,0.158,0.127,0.528,0.345,0.168,5.27,4.41,0.27399999999999997,0.696,0.45399999999999996,0.635,0.8640000000000001,0.785,0.425,0.53,0.098,0.174,0.272,0.705,1.71,0.297,126,108,2.28,-0.1,-0.4,-1.0,($0.8),2024
Luke Jackson,- - -,4,3,0,52,0,53.0,52,33,30,7,26,59,5.09,1.47,10.02,4.42,0.251,0.111,0.14,4.24,3.81,3.73,0.55,,,87.3,,,95.0,0.08800000000000001,0.39899999999999997,89.2,8.4,109.5,0.507,0.308,0.185,0.067,0.39899999999999997,0.419,0.182,0.122,0.561,0.318,0.156,4.03,3.81,0.325,0.695,0.46799999999999997,0.53,0.846,0.711,0.386,0.6890000000000001,0.135,0.161,0.295,0.67,1.19,0.319,108,94,2.27,-0.1,-0.5,-1.1,($0.9),2024
Tyler Phillips,PHI,4,1,0,8,7,36.2,45,28,28,9,7,28,6.87,1.42,6.87,1.72,0.175,0.044000000000000004,0.131,5.57,4.27,4.27,0.292,0.066,,82.6,85.7,,,0.138,0.40700000000000003,88.9,12.7,116.1,0.423,0.374,0.203,0.13,0.496,0.382,0.122,0.171,0.47200000000000003,0.358,0.196,5.96,4.27,0.369,0.74,0.524,0.685,0.877,0.799,0.419,0.638,0.106,0.13699999999999998,0.242,0.628,2.21,0.316,134,105,4.0,-0.1,-0.4,-0.7,($0.5),2024
Valente Bellozo,MIA,3,4,0,13,13,68.2,69,31,28,15,21,44,3.67,1.31,5.77,2.75,0.149,0.071,0.078,5.73,5.47,5.32,0.111,0.14400000000000002,,78.0,81.1,,89.3,0.11,0.42100000000000004,90.0,22.2,113.7,0.3,0.515,0.185,0.162,0.40399999999999997,0.316,0.281,0.184,0.447,0.368,0.128,5.09,5.47,0.254,0.7190000000000001,0.452,0.723,0.863,0.818,0.42700000000000005,0.5489999999999999,0.08199999999999999,0.165,0.247,0.8590000000000001,1.97,0.254,140,134,2.1,-0.1,1.2,-0.9,($0.7),2024
Seranthony Dominguez,- - -,3,4,11,63,0,58.2,52,32,29,12,21,68,4.45,1.24,10.43,3.22,0.267,0.08199999999999999,0.184,4.68,4.01,3.41,0.39799999999999996,0.015,,88.5,91.6,,97.9,0.122,0.32899999999999996,86.9,16.3,109.0,0.358,0.475,0.16699999999999998,0.14300000000000002,0.402,0.348,0.25,0.213,0.506,0.28,0.156,3.63,4.01,0.294,0.7070000000000001,0.473,0.5710000000000001,0.853,0.753,0.433,0.588,0.11699999999999999,0.147,0.263,0.7390000000000001,1.84,0.263,114,98,3.24,-0.1,0.0,-1.2,($0.9),2024
Drew Thorpe,CHW,3,3,0,9,9,44.1,35,29,27,8,21,25,5.48,1.26,5.08,4.26,0.132,0.111,0.021,5.87,5.81,5.85,0.171,0.355,,81.1,81.7,,91.1,0.07,0.371,87.4,16.1,111.8,0.36200000000000004,0.475,0.163,0.11900000000000001,0.408,0.359,0.23199999999999998,0.225,0.535,0.239,0.11900000000000001,4.7,5.81,0.268,0.763,0.456,0.6829999999999999,0.823,0.772,0.38,0.568,0.10400000000000001,0.14300000000000002,0.247,0.611,1.62,0.2,140,143,1.19,-0.1,-0.1,-0.9,($0.7),2024
Adam Cimber,LAA,3,0,0,28,0,24.1,20,19,19,1,14,19,7.03,1.4,7.03,5.18,0.17800000000000002,0.131,0.047,4.6,5.38,4.94,0.327,,,73.5,,,85.3,0.08800000000000001,0.353,88.3,10.0,111.4,0.44799999999999995,0.313,0.239,0.095,0.41200000000000003,0.41200000000000003,0.17600000000000002,0.132,0.515,0.353,0.048,5.52,5.38,0.231,0.6759999999999999,0.425,0.741,0.902,0.853,0.43799999999999994,0.57,0.063,0.183,0.245,0.544,0.37,0.284,111,132,1.36,-0.1,-0.7,-0.6,($0.5),2024
Jordan Wicks,CHC,2,4,0,11,10,46.0,55,31,28,9,20,42,5.48,1.63,8.22,3.91,0.198,0.094,0.10400000000000001,5.32,4.65,4.62,0.099,0.258,,84.6,82.3,,92.8,0.08800000000000001,0.39899999999999997,89.4,15.0,118.1,0.39,0.39,0.21899999999999997,0.035,0.426,0.35100000000000003,0.223,0.115,0.601,0.284,0.158,5.16,4.65,0.353,0.742,0.5,0.6579999999999999,0.8740000000000001,0.779,0.37799999999999995,0.627,0.11,0.124,0.235,0.7140000000000001,1.76,0.331,133,114,2.1,-0.1,-0.2,-1.2,($0.9),2024
Ron Marinaccio,NYY,1,0,0,16,0,23.1,18,11,10,4,10,25,3.86,1.2,9.64,3.86,0.253,0.10099999999999999,0.152,4.92,4.25,3.73,0.15,0.34,,80.3,82.2,,93.6,0.08199999999999999,0.39299999999999996,89.2,15.1,106.6,0.39,0.40700000000000003,0.203,0.16699999999999998,0.41,0.361,0.23,0.18,0.508,0.311,0.16699999999999998,4.26,4.25,0.309,0.6709999999999999,0.45399999999999996,0.644,0.8490000000000001,0.765,0.401,0.586,0.106,0.182,0.289,0.787,1.54,0.246,118,104,2.5,-0.1,0.0,-1.0,($0.8),2024
Alex Wood,OAK,1,3,0,9,9,39.1,51,27,23,6,19,33,5.26,1.78,7.55,4.35,0.177,0.102,0.075,5.3,5.13,5.01,0.313,0.225,,81.4,84.6,,,0.085,0.488,92.3,14.4,109.3,0.368,0.376,0.256,0.085,0.318,0.395,0.287,0.109,0.535,0.35700000000000004,0.128,6.66,5.13,0.23199999999999998,0.6579999999999999,0.419,0.7040000000000001,0.863,0.8140000000000001,0.44,0.586,0.078,0.19399999999999998,0.272,0.721,1.37,0.366,135,126,1.74,-0.1,-0.3,-0.6,($0.5),2024
Walker Buehler,LAD,1,6,0,16,16,75.1,89,52,45,16,28,64,5.38,1.55,7.65,3.35,0.18600000000000003,0.081,0.105,5.54,4.49,4.54,0.095,0.052000000000000005,,83.0,90.1,,95.0,0.069,0.377,88.3,10.8,111.0,0.455,0.35100000000000003,0.19399999999999998,0.059000000000000004,0.429,0.363,0.20800000000000002,0.14300000000000002,0.522,0.335,0.188,4.75,4.49,0.294,0.6559999999999999,0.451,0.667,0.9079999999999999,0.8190000000000001,0.435,0.605,0.08199999999999999,0.179,0.26,0.703,1.91,0.316,132,110,2.29,-0.1,-0.4,-1.0,($0.8),2024
Mason Englert,DET,1,0,0,12,1,21.2,23,15,13,4,5,16,5.4,1.29,6.65,2.08,0.172,0.054000000000000006,0.11800000000000001,4.92,4.68,4.25,0.293,0.293,,86.4,86.2,,92.9,0.141,0.479,89.9,18.0,108.9,0.366,0.43700000000000006,0.19699999999999998,0.09699999999999999,0.465,0.29600000000000004,0.239,0.113,0.5770000000000001,0.31,0.129,5.76,4.68,0.348,0.804,0.521,0.595,0.838,0.737,0.37799999999999995,0.613,0.13699999999999998,0.121,0.258,0.598,1.66,0.284,120,115,3.2,-0.1,-0.2,-0.7,($0.5),2024
Adrian Houser,NYM,1,5,1,23,7,69.1,74,48,45,8,32,45,5.84,1.53,5.84,4.15,0.146,0.10400000000000001,0.042,4.93,5.11,5.08,0.17300000000000001,0.127,,83.3,84.1,,93.8,0.08800000000000001,0.40399999999999997,91.0,9.3,114.6,0.485,0.33899999999999997,0.17600000000000002,0.065,0.41700000000000004,0.32899999999999996,0.254,0.136,0.557,0.307,0.10400000000000001,5.24,5.11,0.261,0.69,0.447,0.7070000000000001,0.8959999999999999,0.8340000000000001,0.433,0.599,0.07400000000000001,0.18100000000000002,0.256,0.628,1.04,0.3,122,125,1.41,-0.1,-0.8,-1.4,($1.1),2024
Spencer Howard,- - -,1,2,0,9,3,29.0,44,24,20,5,14,27,6.21,2.0,8.38,4.34,0.188,0.09699999999999999,0.09,4.99,5.05,4.62,0.251,0.16899999999999998,,85.3,80.2,,94.1,0.087,0.447,91.8,16.9,111.2,0.386,0.436,0.17800000000000002,0.091,0.379,0.301,0.32,0.136,0.466,0.39799999999999996,0.114,5.33,5.05,0.27399999999999997,0.777,0.514,0.675,0.8340000000000001,0.79,0.47700000000000004,0.688,0.10800000000000001,0.155,0.263,0.667,1.55,0.398,127,124,1.93,-0.1,-0.6,-1.0,($0.6),2024
Kody Funderburk,MIN,1,0,1,27,0,34.2,41,26,25,4,15,32,6.49,1.62,8.31,3.89,0.19899999999999998,0.09300000000000001,0.106,4.55,4.14,3.86,0.325,0.034,,82.6,88.9,,,0.073,0.349,87.8,6.0,112.4,0.546,0.231,0.222,0.12,0.349,0.376,0.275,0.174,0.47700000000000004,0.349,0.16,5.32,4.14,0.27899999999999997,0.608,0.419,0.596,0.858,0.758,0.42700000000000005,0.5529999999999999,0.10099999999999999,0.191,0.292,0.632,1.04,0.352,111,101,2.13,-0.1,-0.8,-1.0,($0.8),2024
Gerson Garabito,TEX,0,2,0,18,2,26.1,23,15,14,4,12,22,4.78,1.33,7.52,4.1,0.191,0.10400000000000001,0.087,5.29,5.1,4.63,0.049,0.11800000000000001,,89.0,86.7,,93.5,0.11699999999999999,0.35100000000000003,87.7,16.6,112.2,0.342,0.408,0.25,0.09699999999999999,0.48100000000000004,0.325,0.195,0.14300000000000002,0.5579999999999999,0.299,0.129,6.61,5.1,0.318,0.648,0.447,0.642,0.92,0.8,0.392,0.6,0.08900000000000001,0.171,0.26,0.7190000000000001,1.37,0.26,129,125,1.83,-0.1,-0.1,-1.4,($1.1),2024
Aaron Brooks,OAK,0,2,0,5,4,26.2,33,19,15,4,8,12,5.06,1.54,4.05,2.7,0.10099999999999999,0.067,0.034,5.23,5.15,5.3,0.325,0.134,,85.3,85.1,,92.4,0.102,0.48,91.5,11.1,113.4,0.474,0.34,0.18600000000000003,0.03,0.429,0.34700000000000003,0.22399999999999998,0.071,0.5710000000000001,0.35700000000000004,0.121,6.68,5.15,0.331,0.745,0.496,0.625,0.9329999999999999,0.81,0.4,0.647,0.094,0.146,0.24100000000000002,0.632,1.35,0.309,133,126,1.5,-0.1,-0.3,-1.2,($0.9),2024
Tim Mayza,- - -,0,2,0,50,0,42.2,54,34,30,5,15,28,6.33,1.62,5.91,3.16,0.14400000000000002,0.077,0.067,4.5,4.68,4.6,0.282,,,87.2,,,,0.09300000000000001,0.384,88.3,9.2,112.8,0.45299999999999996,0.324,0.223,0.042,0.344,0.397,0.258,0.146,0.596,0.258,0.10400000000000001,5.21,4.68,0.28,0.648,0.442,0.687,0.9179999999999999,0.836,0.439,0.6,0.07200000000000001,0.18600000000000003,0.258,0.5710000000000001,1.05,0.336,108,115,1.87,-0.1,-1.3,-1.3,($1.0),2024
J.P. France,HOU,0,3,0,5,5,25.1,31,21,21,5,12,22,7.46,1.7,7.82,4.26,0.182,0.099,0.083,5.53,5.6,5.18,0.03,0.22699999999999998,,78.5,82.4,,92.6,0.09300000000000001,0.326,87.9,19.4,114.6,0.29100000000000004,0.512,0.198,0.068,0.419,0.326,0.256,0.18600000000000003,0.523,0.29100000000000004,0.114,5.7,5.6,0.266,0.672,0.42100000000000004,0.688,0.8240000000000001,0.77,0.38,0.57,0.09699999999999999,0.157,0.253,0.622,1.78,0.321,136,137,1.83,-0.1,-0.5,-0.6,($0.5),2024
Shelby Miller,DET,6,8,2,51,0,55.2,41,31,28,9,13,49,4.53,0.97,7.92,2.1,0.218,0.057999999999999996,0.16,4.48,4.36,3.67,0.20600000000000002,,,88.3,,,93.6,0.076,0.41100000000000003,91.1,16.8,109.0,0.39899999999999997,0.462,0.139,0.068,0.405,0.32899999999999996,0.266,0.12,0.5379999999999999,0.342,0.12300000000000001,3.78,4.36,0.315,0.6970000000000001,0.491,0.628,0.857,0.777,0.45899999999999996,0.64,0.109,0.166,0.275,0.603,1.46,0.215,109,107,3.77,-0.2,-0.3,-1.5,($1.3),2024
Chris Stratton,KCR,4,3,4,57,0,58.1,53,38,36,5,33,44,5.55,1.47,6.79,5.09,0.171,0.128,0.043,4.62,5.17,5.02,0.20600000000000002,0.1,,86.1,85.1,,91.9,0.085,0.379,87.1,11.0,110.7,0.449,0.364,0.188,0.078,0.384,0.33299999999999996,0.282,0.192,0.52,0.28800000000000003,0.078,4.96,5.17,0.28,0.644,0.429,0.727,0.8740000000000001,0.8170000000000001,0.40700000000000003,0.599,0.078,0.17600000000000002,0.254,0.622,0.77,0.279,114,127,1.33,-0.2,-0.7,-1.9,($1.6),2024
JT Chargois,- - -,3,1,0,36,0,36.1,24,9,9,6,13,30,2.23,1.02,7.43,3.22,0.205,0.08900000000000001,0.11599999999999999,4.9,4.58,4.18,0.431,0.004,,85.6,85.0,,94.8,0.079,0.41600000000000004,89.7,16.3,113.9,0.366,0.436,0.198,0.114,0.386,0.35600000000000004,0.257,0.17800000000000002,0.475,0.34700000000000003,0.136,4.4,4.58,0.29100000000000004,0.7090000000000001,0.47100000000000003,0.58,0.888,0.779,0.429,0.6779999999999999,0.10400000000000001,0.166,0.27,0.98,1.49,0.189,123,112,2.31,-0.2,0.8,-2.0,($1.6),2024
Seth Martinez,HOU,3,2,1,44,0,52.2,49,24,21,7,18,36,3.59,1.27,6.15,3.08,0.162,0.081,0.081,4.78,4.95,4.58,0.319,0.146,,79.2,84.8,,91.0,0.067,0.402,88.4,16.4,109.0,0.40399999999999997,0.41,0.18600000000000003,0.152,0.42100000000000004,0.341,0.23800000000000002,0.201,0.47600000000000003,0.32299999999999995,0.106,4.07,4.95,0.285,0.706,0.455,0.6920000000000001,0.87,0.8029999999999999,0.402,0.604,0.08900000000000001,0.174,0.263,0.768,1.2,0.268,118,121,2.0,-0.2,0.3,-1.5,($1.2),2024
Nick Anderson,KCR,3,1,1,37,0,35.2,35,17,16,6,15,29,4.04,1.4,7.32,3.79,0.19,0.098,0.092,5.07,4.75,4.44,,0.059000000000000004,,,88.2,,94.7,0.07400000000000001,0.38,89.2,15.2,112.2,0.39799999999999996,0.40700000000000003,0.19399999999999998,0.068,0.361,0.315,0.324,0.102,0.574,0.324,0.136,5.13,4.75,0.24100000000000002,0.6679999999999999,0.445,0.653,0.831,0.78,0.478,0.66,0.098,0.2,0.298,0.7979999999999999,1.51,0.284,125,116,1.93,-0.2,0.1,-2.2,($1.8),2024
Steven Okert,MIN,3,2,1,44,1,35.1,37,22,20,6,16,33,5.09,1.5,8.41,4.08,0.20600000000000002,0.1,0.106,5.12,4.88,4.34,0.593,0.078,,81.1,88.9,,93.0,0.083,0.29600000000000004,85.5,19.7,111.4,0.327,0.442,0.231,0.174,0.34299999999999997,0.37,0.287,0.231,0.556,0.213,0.13,4.05,4.88,0.258,0.701,0.45299999999999996,0.674,0.8320000000000001,0.7809999999999999,0.44,0.55,0.099,0.19,0.28800000000000003,0.7140000000000001,1.53,0.304,126,120,2.06,-0.2,-0.4,-2.3,($1.9),2024
David Bednar,PIT,3,8,23,62,0,57.2,54,40,37,9,28,58,5.77,1.42,9.05,4.37,0.221,0.107,0.115,4.8,4.87,4.23,,,,,,,97.3,0.092,0.39299999999999996,90.2,17.9,111.3,0.371,0.47100000000000003,0.159,0.163,0.442,0.32,0.23800000000000002,0.174,0.517,0.308,0.113,4.31,4.87,0.35,0.703,0.507,0.6579999999999999,0.794,0.742,0.445,0.618,0.131,0.146,0.27699999999999997,0.622,1.4,0.274,118,119,2.07,-0.2,-1.1,-1.8,($1.5),2024
Jesse Chavez,ATL,2,2,0,46,0,63.1,60,27,22,10,19,55,3.13,1.25,7.82,2.7,0.20800000000000002,0.07200000000000001,0.136,4.43,3.88,3.81,0.016,0.133,,81.5,85.2,,,0.063,0.354,87.3,11.2,117.8,0.431,0.335,0.23399999999999999,0.032,0.33299999999999996,0.37,0.29600000000000004,0.19,0.519,0.29100000000000004,0.159,4.24,3.88,0.252,0.647,0.42,0.7759999999999999,0.888,0.8490000000000001,0.423,0.61,0.063,0.214,0.278,0.8029999999999999,1.42,0.279,111,96,2.89,-0.2,0.6,-1.9,($1.6),2024
Angel Chivilli,COL,2,3,1,30,0,31.2,31,17,16,7,10,28,4.55,1.29,7.96,2.84,0.21100000000000002,0.075,0.135,5.31,3.92,3.73,0.182,,,87.5,,,96.2,0.106,0.46799999999999997,89.1,9.3,111.0,0.5,0.33,0.17,0.09699999999999999,0.521,0.23399999999999999,0.245,0.138,0.479,0.38299999999999995,0.226,4.83,3.92,0.396,0.77,0.535,0.504,0.762,0.642,0.373,0.594,0.191,0.11900000000000001,0.309,0.7759999999999999,1.99,0.276,124,97,2.8,-0.2,0.2,-2.4,($2.0),2024
Kaleb Ort,HOU,1,1,0,22,0,24.2,16,7,7,7,4,26,2.55,0.81,9.49,1.46,0.28,0.043,0.237,5.23,3.63,2.97,0.17800000000000002,0.079,,84.3,90.4,,97.6,0.063,0.365,88.2,21.4,112.1,0.33899999999999997,0.5479999999999999,0.113,0.08800000000000001,0.381,0.381,0.23800000000000002,0.19,0.429,0.381,0.20600000000000002,2.96,3.63,0.353,0.679,0.49700000000000005,0.639,0.818,0.747,0.44299999999999995,0.624,0.126,0.161,0.287,1.0,2.55,0.161,129,88,6.5,-0.2,0.5,-2.1,($1.7),2024
Matt Bowman,- - -,1,0,0,25,1,30.2,26,15,15,5,13,24,4.4,1.27,7.04,3.82,0.182,0.098,0.083,5.19,4.79,4.5,0.258,,,82.8,,,93.8,0.11800000000000001,0.409,89.3,8.4,112.7,0.441,0.376,0.183,0.057,0.376,0.312,0.312,0.161,0.462,0.376,0.14300000000000002,4.79,4.79,0.264,0.682,0.433,0.6920000000000001,0.898,0.823,0.40399999999999997,0.614,0.076,0.175,0.252,0.765,1.47,0.239,129,117,1.85,-0.2,0.2,-2.6,($1.9),2024
Zebby Matthews,MIN,1,4,0,9,9,37.2,51,31,28,11,11,43,6.69,1.65,10.27,2.63,0.243,0.062,0.18100000000000002,5.72,4.05,3.78,0.258,0.079,,87.2,85.8,,94.9,0.14,0.42100000000000004,90.5,14.1,109.4,0.38,0.43799999999999994,0.182,0.094,0.455,0.289,0.256,0.165,0.455,0.38,0.20800000000000002,6.01,4.05,0.301,0.7509999999999999,0.495,0.618,0.853,0.772,0.431,0.5820000000000001,0.113,0.149,0.262,0.679,2.63,0.364,140,99,3.91,-0.2,-0.7,-1.8,($1.4),2024
Touki Toussaint,CHW,1,2,0,11,0,23.0,35,19,19,3,18,26,7.43,2.3,10.17,7.04,0.222,0.154,0.068,5.08,4.5,4.61,,,,,,,91.8,0.055999999999999994,0.389,88.8,7.7,112.7,0.514,0.23600000000000002,0.25,0.0,0.5,0.34700000000000003,0.153,0.083,0.583,0.33299999999999996,0.17600000000000002,5.62,4.5,0.298,0.627,0.41100000000000003,0.615,0.8490000000000001,0.738,0.344,0.496,0.10800000000000001,0.163,0.271,0.703,1.17,0.464,121,110,1.44,-0.2,-0.6,-1.5,($1.2),2024
Tanner Rainey,WSN,0,0,0,50,0,51.0,47,28,27,8,29,44,4.76,1.49,7.76,5.12,0.19,0.126,0.065,5.42,5.9,5.1,0.27699999999999997,0.013999999999999999,,86.6,85.7,,94.2,0.14300000000000002,0.429,91.0,25.8,109.4,0.281,0.556,0.163,0.188,0.377,0.377,0.247,0.149,0.526,0.325,0.094,5.47,5.9,0.312,0.745,0.491,0.616,0.855,0.7659999999999999,0.413,0.5539999999999999,0.115,0.131,0.24600000000000002,0.7559999999999999,1.41,0.267,132,144,1.52,-0.2,-0.1,-1.9,($1.6),2024
Kenny Rosenberg,LAA,0,1,0,7,1,24.0,28,17,16,5,8,17,6.0,1.5,6.38,3.0,0.163,0.077,0.087,5.46,4.89,4.62,0.136,0.32799999999999996,,83.7,81.1,,90.5,0.10099999999999999,0.38,90.3,17.1,113.8,0.37200000000000005,0.436,0.192,0.028999999999999998,0.44299999999999995,0.405,0.152,0.114,0.506,0.38,0.147,5.86,4.89,0.293,0.7020000000000001,0.467,0.691,0.833,0.782,0.424,0.644,0.102,0.159,0.261,0.655,1.88,0.311,132,120,2.13,-0.2,-0.3,-2.8,($1.6),2024
Yonny Chirinos,MIA,0,2,0,6,6,30.0,43,21,21,7,13,25,6.3,1.87,7.5,3.9,0.174,0.09,0.083,6.13,5.52,5.01,0.38799999999999996,,,85.3,,,92.9,0.078,0.35,87.6,20.0,111.0,0.363,0.47100000000000003,0.16699999999999998,0.16699999999999998,0.379,0.35,0.272,0.214,0.485,0.301,0.146,4.7,5.52,0.303,0.675,0.46799999999999997,0.6779999999999999,0.87,0.8009999999999999,0.44299999999999995,0.6809999999999999,0.09300000000000001,0.188,0.281,0.772,2.1,0.375,150,135,1.92,-0.2,-0.2,-1.8,($1.4),2024
Domingo German,PIT,0,1,0,7,2,20.2,25,19,18,4,13,18,7.84,1.84,7.84,5.66,0.18,0.13,0.05,6.12,5.8,5.25,,0.225,,,84.5,,90.8,0.075,0.358,88.9,23.7,111.7,0.33299999999999996,0.455,0.212,0.2,0.561,0.28800000000000003,0.152,0.182,0.545,0.273,0.133,5.53,5.8,0.311,0.745,0.48,0.6759999999999999,0.889,0.804,0.389,0.54,0.094,0.13699999999999998,0.231,0.61,1.74,0.333,150,142,1.38,-0.2,-0.5,-2.1,($1.6),2024
Tanner Gordon,COL,0,6,0,8,8,34.1,53,34,33,10,6,26,8.65,1.72,6.82,1.57,0.163,0.038,0.125,6.14,4.51,4.48,0.28300000000000003,0.191,,85.0,83.9,,92.2,0.079,0.365,90.2,15.9,114.8,0.377,0.402,0.221,0.02,0.44799999999999995,0.32,0.23199999999999998,0.12,0.552,0.32799999999999996,0.204,5.92,4.51,0.332,0.759,0.537,0.7709999999999999,0.8640000000000001,0.8340000000000001,0.479,0.688,0.08900000000000001,0.147,0.23600000000000002,0.574,2.62,0.371,143,111,4.33,-0.2,-0.7,-2.4,($1.9),2024
Jack Leiter,TEX,0,3,0,9,6,35.2,44,39,35,7,17,31,8.83,1.71,7.82,4.29,0.179,0.098,0.081,5.66,5.27,4.85,0.29100000000000004,0.057999999999999996,,86.9,89.5,,96.7,0.098,0.44299999999999995,91.2,16.4,111.4,0.381,0.43200000000000005,0.18600000000000003,0.059000000000000004,0.38,0.37200000000000005,0.248,0.149,0.529,0.322,0.13699999999999998,6.23,5.27,0.303,0.758,0.486,0.579,0.843,0.745,0.402,0.642,0.124,0.14300000000000002,0.268,0.461,1.77,0.322,138,129,1.82,-0.2,-1.5,-2.5,($2.0),2024
Zack Kelly,BOS,6,3,0,49,3,56.2,44,31,25,10,27,61,3.97,1.25,9.69,4.29,0.253,0.11199999999999999,0.141,4.84,3.94,3.84,0.272,0.209,,82.3,83.6,,96.6,0.099,0.311,87.2,12.1,114.4,0.473,0.34700000000000003,0.18,0.096,0.41700000000000004,0.371,0.212,0.159,0.5760000000000001,0.265,0.192,4.23,3.94,0.31,0.677,0.465,0.591,0.8390000000000001,0.743,0.42200000000000004,0.6759999999999999,0.11900000000000001,0.171,0.29,0.7120000000000001,1.59,0.241,118,96,2.26,-0.3,0.1,-2.7,($2.1),2024
Bryse Wilson,MIL,5,4,0,34,9,104.2,102,49,47,20,31,82,4.04,1.27,7.05,2.67,0.18600000000000003,0.07,0.115,5.09,4.61,4.34,,0.040999999999999995,,,87.9,,93.6,0.092,0.44299999999999995,89.7,16.7,111.8,0.37799999999999995,0.43,0.192,0.129,0.369,0.37799999999999995,0.252,0.157,0.46799999999999997,0.375,0.14400000000000002,5.31,4.61,0.295,0.706,0.48100000000000004,0.7020000000000001,0.8759999999999999,0.818,0.45299999999999996,0.6609999999999999,0.08800000000000001,0.171,0.259,0.807,1.72,0.269,125,113,2.65,-0.3,0.9,-2.6,($2.0),2024
Drew Smyly,CHC,4,8,0,50,0,58.2,57,29,25,10,25,56,3.84,1.4,8.59,3.84,0.218,0.09699999999999999,0.121,4.91,4.57,4.13,,,,,,,,0.064,0.382,89.2,19.5,114.1,0.353,0.429,0.218,0.16399999999999998,0.474,0.301,0.225,0.168,0.5429999999999999,0.289,0.13699999999999998,3.77,4.57,0.312,0.7070000000000001,0.479,0.579,0.875,0.764,0.423,0.623,0.113,0.154,0.267,0.789,1.53,0.288,122,112,2.24,-0.3,0.2,-2.5,($2.1),2024
Spencer Bivens,SFG,3,1,1,27,2,48.2,47,20,17,9,11,37,3.14,1.19,6.84,2.03,0.183,0.054000000000000006,0.129,4.79,3.97,3.79,0.23800000000000002,0.135,,81.0,88.6,,94.8,0.078,0.366,88.7,8.7,109.5,0.539,0.336,0.125,0.11800000000000001,0.405,0.327,0.268,0.157,0.523,0.32,0.17600000000000002,4.03,3.97,0.275,0.685,0.45799999999999996,0.752,0.877,0.835,0.447,0.624,0.076,0.18899999999999997,0.264,0.841,1.66,0.264,122,98,3.36,-0.3,0.6,-2.9,($2.3),2024
Max Meyer,MIA,3,5,0,11,11,57.0,62,38,36,14,19,46,5.68,1.42,7.26,3.0,0.185,0.077,0.109,5.9,4.43,4.44,0.40700000000000003,0.179,,88.2,86.8,,94.2,0.139,0.478,90.6,10.1,114.0,0.5,0.361,0.139,0.12300000000000001,0.494,0.317,0.18899999999999997,0.14400000000000002,0.506,0.35,0.215,4.74,4.43,0.297,0.7140000000000001,0.474,0.5760000000000001,0.898,0.782,0.426,0.601,0.10300000000000001,0.142,0.245,0.7140000000000001,2.21,0.289,144,109,2.42,-0.3,-0.1,-3.3,($2.5),2024
Jacob Latz,TEX,2,3,0,46,0,43.2,39,20,18,6,27,40,3.71,1.51,8.24,5.56,0.20800000000000002,0.141,0.068,5.04,5.2,4.85,0.22899999999999998,0.226,,83.5,86.0,,95.2,0.08900000000000001,0.40299999999999997,88.0,18.9,110.7,0.361,0.45899999999999996,0.18,0.14300000000000002,0.315,0.41100000000000003,0.27399999999999997,0.21,0.46,0.331,0.107,4.98,5.2,0.331,0.6970000000000001,0.474,0.616,0.8370000000000001,0.743,0.39,0.531,0.121,0.14,0.261,0.802,1.24,0.28,123,127,1.48,-0.3,0.3,-2.7,($2.2),2024
Jake Bird,COL,2,2,1,35,0,40.0,43,21,20,5,25,31,4.5,1.7,6.98,5.63,0.168,0.135,0.032,5.42,5.42,5.14,0.287,,,85.4,,,94.7,0.08800000000000001,0.41600000000000004,88.3,11.3,110.0,0.467,0.35200000000000004,0.18,0.09300000000000001,0.41600000000000004,0.304,0.28,0.152,0.512,0.336,0.11599999999999999,5.36,5.42,0.309,0.625,0.441,0.659,0.8759999999999999,0.787,0.41700000000000004,0.627,0.094,0.18600000000000003,0.27899999999999997,0.785,1.13,0.317,126,133,1.24,-0.3,0.3,-3.4,($2.8),2024
Julian Aguiar,CIN,2,1,0,7,7,31.2,30,22,22,8,12,19,6.25,1.33,5.4,3.41,0.136,0.086,0.05,6.86,5.87,5.45,0.174,0.18899999999999997,,80.5,84.1,,94.4,0.115,0.35600000000000004,88.9,18.0,113.4,0.373,0.47100000000000003,0.157,0.146,0.413,0.34600000000000003,0.24,0.183,0.5870000000000001,0.231,0.16699999999999998,4.91,5.87,0.29100000000000004,0.7440000000000001,0.494,0.741,0.8809999999999999,0.836,0.449,0.586,0.081,0.141,0.222,0.698,2.27,0.229,160,144,1.58,-0.3,-0.1,-3.3,($2.5),2024
Brendon Little,TOR,1,2,1,49,0,45.2,41,21,19,7,19,36,3.74,1.31,7.09,3.74,0.187,0.098,0.08800000000000001,4.9,3.57,3.39,0.003,,,87.0,,,,0.057999999999999996,0.38,87.9,-6.9,111.6,0.7090000000000001,0.149,0.142,0.1,0.474,0.38,0.146,0.23399999999999999,0.41600000000000004,0.35,0.35,4.12,3.57,0.301,0.687,0.457,0.512,0.865,0.726,0.40399999999999997,0.523,0.125,0.152,0.27699999999999997,0.7809999999999999,1.38,0.262,118,87,1.89,-0.3,0.2,-3.0,($2.5),2024
Colin Poche,TBR,1,2,2,43,0,37.1,30,16,16,7,13,33,3.86,1.15,7.96,3.13,0.21600000000000003,0.085,0.131,4.88,4.59,4.12,0.319,,,83.2,,,91.3,0.084,0.42100000000000004,91.1,20.3,111.1,0.33299999999999996,0.505,0.162,0.094,0.47700000000000004,0.327,0.196,0.121,0.551,0.327,0.132,3.83,4.59,0.27899999999999997,0.732,0.475,0.6509999999999999,0.89,0.81,0.433,0.556,0.09,0.145,0.23600000000000002,0.813,1.69,0.23,123,112,2.54,-0.3,0.3,-3.1,($2.5),2024
Lucas Sims,- - -,1,6,1,58,0,49.1,41,24,24,8,30,49,4.38,1.44,8.94,5.47,0.228,0.14,0.08800000000000001,5.23,5.33,4.75,0.45899999999999996,0.001,,84.2,87.0,,94.4,0.09699999999999999,0.313,85.4,24.1,110.6,0.28,0.545,0.174,0.139,0.381,0.366,0.254,0.306,0.425,0.26899999999999996,0.111,4.32,5.33,0.311,0.69,0.462,0.627,0.8640000000000001,0.768,0.39799999999999996,0.5529999999999999,0.107,0.153,0.26,0.7929999999999999,1.46,0.262,124,131,1.63,-0.3,0.4,-3.2,($2.6),2024
Brandon Bielak,- - -,1,0,0,16,0,29.2,39,17,17,5,13,14,5.16,1.75,4.25,3.94,0.1,0.09300000000000001,0.006999999999999999,5.93,5.98,5.57,0.151,0.278,,82.9,87.5,,92.2,0.099,0.387,89.2,15.4,110.8,0.387,0.396,0.21600000000000003,0.068,0.43200000000000005,0.387,0.18,0.099,0.595,0.306,0.114,6.6,5.98,0.27699999999999997,0.7290000000000001,0.457,0.765,0.9259999999999999,0.867,0.39799999999999996,0.5429999999999999,0.061,0.133,0.19399999999999998,0.787,1.52,0.321,148,147,1.08,-0.3,-0.1,-3.3,($2.6),2024
Justin Wrobleski,LAD,1,2,1,8,6,36.1,34,24,23,9,16,26,5.7,1.38,6.44,3.96,0.16899999999999998,0.10400000000000001,0.065,6.36,5.18,5.22,0.086,0.032,,84.8,84.1,,95.1,0.11699999999999999,0.369,90.0,21.8,108.8,0.309,0.445,0.245,0.122,0.21600000000000003,0.45899999999999996,0.324,0.162,0.45899999999999996,0.37799999999999995,0.184,6.45,5.18,0.28,0.672,0.461,0.674,0.8640000000000001,0.802,0.46299999999999997,0.584,0.091,0.16899999999999998,0.26,0.703,2.23,0.245,151,127,1.63,-0.3,-0.2,-3.5,($2.6),2024
Mason Black,SFG,1,5,0,9,8,36.1,46,26,26,7,15,31,6.44,1.68,7.68,3.72,0.183,0.08900000000000001,0.095,5.45,5.24,4.88,0.368,0.024,,83.4,87.2,,92.5,0.1,0.408,89.8,18.4,112.5,0.319,0.462,0.218,0.073,0.392,0.38299999999999995,0.225,0.16699999999999998,0.467,0.36700000000000005,0.127,6.11,5.24,0.313,0.696,0.478,0.737,0.93,0.858,0.431,0.562,0.068,0.18100000000000002,0.249,0.701,1.73,0.345,139,128,2.07,-0.3,-0.5,-2.8,($2.0),2024
Adam Mazur,SDP,1,3,0,8,8,33.2,40,28,28,6,21,22,7.49,1.81,5.88,5.61,0.139,0.133,0.006,6.23,6.2,6.05,0.337,0.10300000000000001,,86.8,90.0,,94.6,0.062,0.389,90.7,19.6,110.6,0.336,0.451,0.212,0.11800000000000001,0.39799999999999996,0.37200000000000005,0.23,0.133,0.522,0.345,0.11800000000000001,5.63,6.2,0.23800000000000002,0.716,0.43700000000000006,0.7040000000000001,0.902,0.8390000000000001,0.41600000000000004,0.614,0.07,0.162,0.23199999999999998,0.6409999999999999,1.6,0.318,154,152,1.05,-0.3,-0.7,-3.0,($2.3),2024
Jay Jackson,MIN,1,2,0,20,0,26.1,28,24,22,7,9,29,7.52,1.41,9.91,3.08,0.254,0.079,0.175,5.44,3.83,3.48,0.556,0.132,,84.9,86.1,,92.0,0.105,0.42100000000000004,88.3,16.0,111.8,0.355,0.42100000000000004,0.22399999999999998,0.063,0.447,0.382,0.171,0.171,0.539,0.289,0.21899999999999997,4.73,3.83,0.276,0.733,0.488,0.642,0.818,0.765,0.46399999999999997,0.632,0.115,0.152,0.267,0.478,2.39,0.304,134,93,3.22,-0.3,-0.8,-2.6,($2.1),2024
Yunior Marte,PHI,0,0,0,23,0,26.0,34,22,20,5,15,23,6.92,1.88,7.96,5.19,0.18100000000000002,0.11800000000000001,0.063,5.63,4.58,4.65,0.41700000000000004,0.06,,85.5,90.0,,97.2,0.079,0.42700000000000005,87.0,11.1,113.4,0.449,0.281,0.27,0.12,0.47200000000000003,0.348,0.18,0.191,0.528,0.281,0.2,6.4,4.58,0.303,0.6629999999999999,0.436,0.652,0.89,0.7859999999999999,0.369,0.5429999999999999,0.09300000000000001,0.159,0.252,0.643,1.73,0.345,135,113,1.53,-0.3,-0.6,-2.5,($2.0),2024
Alex Faedo,DET,5,3,0,37,6,57.1,49,24,23,9,28,55,3.61,1.34,8.63,4.4,0.22399999999999998,0.114,0.11,4.91,4.43,4.28,0.396,0.2,,83.2,89.2,,94.1,0.063,0.344,88.3,14.8,113.5,0.389,0.376,0.23600000000000002,0.068,0.406,0.319,0.275,0.138,0.556,0.306,0.153,4.42,4.43,0.34,0.718,0.47700000000000004,0.573,0.802,0.698,0.36200000000000004,0.6829999999999999,0.14400000000000002,0.147,0.29100000000000004,0.831,1.41,0.265,120,108,1.96,-0.4,0.6,-4.1,($3.3),2024
Emerson Hancock,SEA,4,4,0,12,12,60.2,62,37,32,12,19,39,4.75,1.34,5.79,2.82,0.147,0.071,0.075,5.69,5.24,5.11,0.165,0.209,,84.1,86.6,,93.7,0.099,0.46,88.5,16.5,111.8,0.34700000000000003,0.42100000000000004,0.233,0.106,0.41100000000000003,0.317,0.272,0.198,0.485,0.317,0.141,5.92,5.24,0.313,0.742,0.5,0.721,0.857,0.809,0.436,0.643,0.096,0.155,0.25,0.7120000000000001,1.78,0.263,146,128,2.05,-0.4,-0.2,-4.1,($3.1),2024
Genesis Cabrera,TOR,3,3,2,69,0,62.2,63,31,25,10,29,50,3.59,1.47,7.18,4.16,0.185,0.107,0.077,5.13,4.74,4.58,0.39299999999999996,0.077,,89.2,88.2,,96.0,0.07400000000000001,0.41100000000000003,89.8,14.1,111.1,0.428,0.374,0.198,0.157,0.466,0.312,0.222,0.175,0.49200000000000005,0.33299999999999996,0.14300000000000002,4.38,4.74,0.33,0.7140000000000001,0.484,0.65,0.8370000000000001,0.7609999999999999,0.401,0.546,0.115,0.14,0.255,0.7879999999999999,1.44,0.294,124,116,1.72,-0.4,0.1,-4.3,($3.5),2024
Jonathan Hernandez,- - -,3,1,0,29,1,43.1,41,28,26,6,28,39,5.4,1.59,8.1,5.82,0.203,0.146,0.057,5.17,4.84,4.85,0.493,0.11800000000000001,,87.7,90.0,,96.3,0.08900000000000001,0.395,89.2,6.9,114.5,0.496,0.341,0.163,0.024,0.556,0.315,0.129,0.161,0.5,0.33899999999999997,0.14300000000000002,4.8,4.84,0.344,0.6829999999999999,0.46799999999999997,0.578,0.8420000000000001,0.7190000000000001,0.365,0.536,0.131,0.14,0.271,0.682,1.25,0.297,126,119,1.39,-0.4,-0.4,-4.4,($3.2),2024
Mike Baumann,- - -,3,1,0,57,0,58.1,59,40,36,9,28,58,5.55,1.49,8.95,4.32,0.22,0.106,0.114,4.83,4.69,4.19,0.243,0.019,,92.1,89.1,,96.7,0.092,0.43700000000000006,91.1,14.5,111.2,0.39299999999999996,0.41600000000000004,0.191,0.055999999999999994,0.35600000000000004,0.35100000000000003,0.293,0.115,0.552,0.33299999999999996,0.125,4.56,4.69,0.303,0.721,0.48700000000000004,0.608,0.873,0.78,0.44,0.568,0.107,0.14800000000000002,0.255,0.6509999999999999,1.39,0.303,120,115,2.07,-0.4,-0.9,-4.1,($3.3),2024
Victor Gonzalez,NYY,2,1,2,27,0,23.1,13,12,10,3,13,11,3.86,1.11,4.24,5.01,0.113,0.134,-0.021,5.95,5.97,5.73,0.285,0.23600000000000002,,86.0,86.3,,,0.071,0.44299999999999995,89.3,8.9,112.1,0.551,0.377,0.07200000000000001,0.077,0.4,0.3,0.3,0.086,0.586,0.32899999999999996,0.115,5.15,5.97,0.284,0.691,0.42700000000000005,0.7040000000000001,0.915,0.8240000000000001,0.35200000000000004,0.588,0.075,0.158,0.233,0.685,1.16,0.149,144,147,0.85,-0.4,-0.1,-4.3,($3.5),2024
Bryan Sammons,DET,1,1,0,6,0,27.1,16,11,11,6,9,18,3.62,0.91,5.93,2.96,0.17300000000000001,0.087,0.087,5.8,5.49,5.24,0.193,0.083,,80.2,81.4,,91.5,0.092,0.316,87.4,27.0,108.9,0.2,0.613,0.187,0.13,0.408,0.32899999999999996,0.263,0.184,0.539,0.276,0.13,4.46,5.49,0.359,0.7070000000000001,0.505,0.6409999999999999,0.883,0.7829999999999999,0.42,0.7020000000000001,0.11,0.171,0.281,0.852,1.98,0.143,142,135,2.0,-0.4,0.3,-3.8,($2.9),2024
Mitch White,- - -,1,1,0,13,0,23.2,26,21,19,4,13,13,7.23,1.65,4.94,4.94,0.11800000000000001,0.11800000000000001,0.0,6.04,5.7,5.6,0.225,,,84.1,,,94.3,0.084,0.42200000000000004,89.3,12.3,116.7,0.40700000000000003,0.358,0.235,0.0,0.42200000000000004,0.22899999999999998,0.349,0.07200000000000001,0.5660000000000001,0.361,0.138,6.24,5.7,0.316,0.745,0.511,0.8170000000000001,0.8859999999999999,0.863,0.455,0.655,0.07,0.145,0.215,0.552,1.52,0.278,148,139,1.0,-0.4,-0.6,-3.6,($2.9),2024
Thyago Vieira,- - -,0,1,1,28,0,38.0,37,23,22,8,26,39,5.21,1.66,9.24,6.16,0.22,0.147,0.073,6.06,5.04,4.75,0.361,,,88.3,,,97.6,0.091,0.436,89.5,12.7,116.3,0.385,0.39399999999999996,0.22,0.09300000000000001,0.382,0.391,0.22699999999999998,0.145,0.536,0.318,0.18600000000000003,5.14,5.04,0.256,0.6509999999999999,0.431,0.61,0.84,0.764,0.444,0.593,0.10099999999999999,0.182,0.284,0.7809999999999999,1.89,0.284,148,122,1.5,-0.4,0.0,-4.0,($3.2),2024
Brad Keller,- - -,0,4,1,16,2,41.1,48,28,25,9,15,32,5.44,1.52,6.97,3.27,0.16699999999999998,0.078,0.08900000000000001,5.68,4.64,4.36,0.423,0.131,,85.7,88.6,,,0.105,0.392,88.6,8.8,113.5,0.5,0.345,0.155,0.061,0.42,0.336,0.245,0.147,0.524,0.32899999999999996,0.184,4.73,4.64,0.289,0.691,0.45899999999999996,0.653,0.889,0.804,0.423,0.589,0.09,0.163,0.253,0.706,1.96,0.291,137,114,2.13,-0.4,-0.4,-4.0,($3.1),2024
Darren McCaughan,- - -,0,0,2,12,5,42.0,53,32,29,9,15,28,6.21,1.62,6.0,3.21,0.14400000000000002,0.077,0.067,6.12,5.85,5.14,0.38,0.111,,82.0,81.1,,89.5,0.08199999999999999,0.39,89.1,19.5,112.5,0.34299999999999997,0.49,0.168,0.071,0.466,0.315,0.21899999999999997,0.151,0.541,0.308,0.129,5.61,5.85,0.263,0.67,0.451,0.792,0.905,0.87,0.462,0.6509999999999999,0.059000000000000004,0.188,0.24600000000000002,0.684,1.93,0.321,151,144,1.87,-0.4,-0.6,-4.7,($3.5),2024
Jordan Leasure,CHW,0,2,2,33,0,31.1,32,22,22,6,18,26,6.32,1.6,7.47,5.17,0.183,0.127,0.055999999999999994,5.82,5.45,4.99,0.28800000000000003,,,88.2,,,96.3,0.07200000000000001,0.35100000000000003,88.8,17.9,116.7,0.358,0.46299999999999997,0.179,0.136,0.402,0.289,0.309,0.20600000000000002,0.46399999999999997,0.33,0.136,4.8,5.45,0.28800000000000003,0.733,0.484,0.611,0.8340000000000001,0.76,0.441,0.556,0.11599999999999999,0.136,0.252,0.6809999999999999,1.72,0.286,139,134,1.44,-0.4,-0.6,-4.1,($3.4),2024
Will Smith,KCR,0,4,1,45,0,41.1,45,31,30,7,15,29,6.53,1.45,6.31,3.27,0.156,0.081,0.075,5.27,5.41,4.85,0.447,0.146,,80.6,85.9,,91.3,0.086,0.309,87.0,18.0,111.9,0.307,0.467,0.226,0.094,0.446,0.317,0.237,0.201,0.496,0.302,0.109,5.48,5.41,0.302,0.6759999999999999,0.467,0.632,0.86,0.777,0.44,0.602,0.10400000000000001,0.172,0.276,0.602,1.52,0.288,130,133,1.93,-0.4,-0.9,-3.7,($3.0),2024
Louie Varland,MIN,0,6,0,16,7,49.2,68,44,42,12,16,49,7.61,1.69,8.88,2.9,0.20600000000000002,0.067,0.139,5.54,4.14,4.04,,0.10400000000000001,,,89.4,,96.2,0.08900000000000001,0.45,90.6,11.1,114.0,0.419,0.341,0.24,0.035,0.361,0.34299999999999997,0.29600000000000004,0.11199999999999999,0.509,0.379,0.21100000000000002,5.4,4.14,0.278,0.763,0.507,0.561,0.871,0.7809999999999999,0.473,0.613,0.111,0.14300000000000002,0.254,0.618,2.17,0.357,136,101,3.06,-0.4,-1.7,-3.9,($2.9),2024
Wandy Peralta,SDP,3,2,0,46,0,38.1,33,19,17,6,13,22,3.99,1.2,5.17,3.05,0.136,0.08,0.055999999999999994,5.46,4.85,4.57,0.10099999999999999,0.414,,88.7,88.6,,95.6,0.08199999999999999,0.434,89.1,7.0,112.3,0.529,0.303,0.168,0.139,0.467,0.32,0.213,0.139,0.508,0.35200000000000004,0.16699999999999998,5.06,4.85,0.35200000000000004,0.6859999999999999,0.47600000000000003,0.711,0.924,0.825,0.374,0.574,0.083,0.127,0.209,0.7509999999999999,1.41,0.233,135,119,1.69,-0.5,0.1,-4.5,($3.7),2024
Erasmo Ramirez,TBR,3,0,1,13,0,20.2,12,12,10,5,10,15,4.35,1.06,6.53,4.35,0.17600000000000002,0.11800000000000001,0.059000000000000004,6.46,5.65,5.03,0.099,0.066,,80.4,83.5,,91.9,0.153,0.322,88.0,17.9,108.2,0.373,0.542,0.085,0.063,0.441,0.441,0.11900000000000001,0.136,0.5760000000000001,0.28800000000000003,0.156,4.48,5.65,0.27399999999999997,0.7090000000000001,0.467,0.63,0.853,0.78,0.444,0.647,0.10300000000000001,0.175,0.278,0.688,2.18,0.13,163,139,1.5,-0.5,-0.2,-5.3,($4.3),2024
Roansy Contreras,- - -,2,4,2,49,3,68.1,63,36,33,11,31,56,4.35,1.38,7.38,4.08,0.188,0.10400000000000001,0.084,5.16,4.9,4.55,0.326,0.105,,84.6,89.0,,94.9,0.09699999999999999,0.435,89.8,11.3,109.6,0.444,0.405,0.151,0.07200000000000001,0.42,0.348,0.23199999999999998,0.16399999999999998,0.483,0.353,0.133,4.94,4.9,0.294,0.6890000000000001,0.47200000000000003,0.659,0.883,0.807,0.452,0.584,0.091,0.168,0.259,0.7509999999999999,1.45,0.265,125,120,1.81,-0.5,0.1,-4.6,($3.7),2024
Giovanny Gallegos,STL,2,1,1,21,0,20.2,24,15,15,6,10,21,6.53,1.65,9.15,4.35,0.223,0.106,0.11699999999999999,6.36,4.05,4.01,0.491,0.067,,83.6,86.6,,92.5,0.095,0.413,86.9,9.7,107.0,0.47600000000000003,0.317,0.20600000000000002,0.05,0.524,0.23800000000000002,0.23800000000000002,0.175,0.508,0.317,0.3,4.62,4.05,0.305,0.723,0.466,0.547,0.875,0.743,0.387,0.67,0.12,0.15,0.26899999999999996,0.742,2.61,0.316,159,100,2.1,-0.5,-0.4,-4.6,($3.7),2024
Tommy Henry,ARI,2,3,0,9,7,38.1,49,31,30,9,18,30,7.04,1.75,7.04,4.23,0.165,0.099,0.066,6.38,5.22,5.01,0.07200000000000001,0.171,,82.9,83.6,,90.2,0.1,0.415,91.5,11.8,114.0,0.434,0.37200000000000005,0.19399999999999998,0.083,0.431,0.33799999999999997,0.231,0.131,0.49200000000000005,0.377,0.188,6.53,5.22,0.293,0.7,0.467,0.72,0.92,0.848,0.429,0.626,0.071,0.16699999999999998,0.23800000000000002,0.685,2.11,0.331,161,128,1.67,-0.5,-0.6,-5.2,($3.8),2024
Jordan Weems,WSN,1,1,0,41,0,41.2,49,35,31,7,24,35,6.7,1.75,7.56,5.18,0.179,0.122,0.055999999999999994,5.54,5.43,4.92,0.349,,,87.6,,,96.1,0.08900000000000001,0.43,89.7,15.0,112.3,0.406,0.429,0.165,0.053,0.319,0.415,0.267,0.193,0.43,0.37799999999999995,0.12300000000000001,5.26,5.43,0.311,0.7240000000000001,0.48700000000000004,0.725,0.894,0.8320000000000001,0.426,0.612,0.08199999999999999,0.14300000000000002,0.225,0.613,1.51,0.328,135,133,1.46,-0.5,-1.1,-4.8,($3.9),2024
George Soriano,MIA,1,1,1,22,0,29.1,27,23,22,7,13,29,6.75,1.36,8.9,3.99,0.221,0.099,0.122,6.03,4.84,4.21,0.395,0.175,,84.0,88.5,,94.3,0.129,0.45899999999999996,89.0,15.2,113.1,0.262,0.44,0.298,0.081,0.435,0.365,0.2,0.165,0.494,0.341,0.18899999999999997,6.7,4.84,0.287,0.664,0.451,0.5479999999999999,0.873,0.7559999999999999,0.435,0.649,0.11,0.179,0.28800000000000003,0.614,2.15,0.256,147,119,2.23,-0.5,-0.7,-5.4,($4.4),2024
Chase Anderson,- - -,0,2,3,29,1,58.1,55,41,35,12,21,42,5.4,1.3,6.48,3.24,0.165,0.08199999999999999,0.08199999999999999,5.69,5.53,4.83,0.154,0.304,,80.6,84.0,,93.8,0.085,0.33,86.5,20.0,112.8,0.316,0.519,0.166,0.124,0.38799999999999996,0.37200000000000005,0.239,0.19699999999999998,0.516,0.287,0.124,4.53,5.53,0.276,0.7290000000000001,0.46399999999999997,0.72,0.8109999999999999,0.779,0.414,0.5760000000000001,0.102,0.156,0.258,0.617,1.85,0.244,139,136,2.0,-0.5,-0.7,-5.8,($4.0),2024
Nick Nastrini,CHW,0,7,0,9,8,35.2,32,33,28,7,36,26,7.07,1.91,6.56,9.08,0.149,0.207,-0.057,7.37,7.36,7.18,0.361,0.098,,84.6,85.8,,93.9,0.126,0.315,87.7,23.4,113.0,0.315,0.541,0.14400000000000002,0.183,0.47700000000000004,0.306,0.21600000000000003,0.23399999999999999,0.46799999999999997,0.297,0.11699999999999999,6.44,7.36,0.258,0.645,0.39799999999999996,0.57,0.8540000000000001,0.736,0.361,0.511,0.105,0.14300000000000002,0.247,0.608,1.77,0.24,177,181,0.72,-0.5,-0.9,-5.6,($4.2),2024
Tyler Alexander,TBR,6,5,0,23,9,107.2,110,61,61,23,24,90,5.1,1.24,7.52,2.01,0.198,0.053,0.145,5.08,4.63,4.2,0.2,0.139,,78.0,81.5,,89.8,0.098,0.37200000000000005,88.4,21.0,114.2,0.312,0.503,0.185,0.096,0.37200000000000005,0.348,0.28,0.155,0.494,0.35100000000000003,0.139,4.67,4.63,0.34700000000000003,0.6859999999999999,0.496,0.762,0.8490000000000001,0.815,0.441,0.675,0.092,0.187,0.27899999999999997,0.73,1.92,0.278,128,113,3.75,-0.6,-0.4,-5.8,($4.5),2024
Ty Blach,COL,3,8,0,20,12,71.1,103,55,55,17,18,36,6.94,1.7,4.54,2.27,0.109,0.055,0.055,6.26,5.12,5.18,0.13699999999999998,0.245,,83.0,80.1,,,0.122,0.426,90.7,13.2,114.0,0.409,0.348,0.242,0.054000000000000006,0.374,0.37799999999999995,0.248,0.10400000000000001,0.541,0.35600000000000004,0.185,7.31,5.12,0.332,0.693,0.5,0.762,0.937,0.875,0.46299999999999997,0.703,0.063,0.166,0.22899999999999998,0.698,2.14,0.34,146,125,2.0,-0.6,-0.4,-6.4,($4.9),2024
Erik Swanson,TOR,2,2,0,45,0,39.1,36,22,22,11,14,37,5.03,1.27,8.47,3.2,0.22,0.083,0.13699999999999998,6.06,4.01,3.83,0.192,,,86.8,,,93.9,0.121,0.5,92.0,12.7,111.8,0.42200000000000004,0.353,0.22399999999999998,0.098,0.38799999999999996,0.379,0.233,0.11199999999999999,0.466,0.42200000000000004,0.268,5.18,4.01,0.32899999999999996,0.7659999999999999,0.503,0.659,0.862,0.782,0.39799999999999996,0.601,0.109,0.135,0.244,0.815,2.52,0.238,147,98,2.64,-0.6,-0.2,-6.2,($5.0),2024
Zach Pop,TOR,2,4,1,58,0,48.1,45,36,30,9,19,33,5.59,1.32,6.14,3.54,0.158,0.091,0.067,5.53,4.42,4.35,0.145,,,86.3,,,,0.071,0.445,88.9,4.9,113.1,0.546,0.276,0.17800000000000002,0.095,0.47100000000000003,0.32299999999999995,0.20600000000000002,0.174,0.465,0.361,0.214,4.52,4.42,0.337,0.738,0.491,0.688,0.8959999999999999,0.8079999999999999,0.385,0.565,0.094,0.14400000000000002,0.23800000000000002,0.562,1.68,0.247,134,108,1.74,-0.6,-1.2,-6.1,($5.0),2024
Bryce Jarvis,ARI,1,2,0,44,0,59.1,52,25,21,6,33,38,3.19,1.43,5.76,5.01,0.147,0.128,0.019,5.12,5.51,5.34,0.233,0.136,,86.5,85.1,,95.8,0.071,0.401,90.5,11.4,114.1,0.434,0.368,0.198,0.045,0.41200000000000003,0.319,0.26899999999999996,0.08800000000000001,0.544,0.368,0.09,5.41,5.51,0.285,0.721,0.48100000000000004,0.639,0.883,0.804,0.449,0.581,0.094,0.146,0.24,0.797,0.91,0.261,130,135,1.15,-0.6,0.6,-5.8,($4.8),2024
Nick Sandlin,CLE,8,0,1,68,1,57.2,46,29,24,12,27,68,3.75,1.27,10.61,4.21,0.276,0.11,0.16699999999999998,5.23,4.26,3.62,0.348,,,79.5,,,92.7,0.11,0.428,91.3,18.3,113.5,0.376,0.46799999999999997,0.156,0.106,0.455,0.359,0.18600000000000003,0.159,0.47600000000000003,0.366,0.182,4.49,4.26,0.325,0.711,0.467,0.507,0.812,0.677,0.366,0.6459999999999999,0.15,0.14,0.29100000000000004,0.804,1.87,0.256,130,104,2.52,-0.7,0.0,-6.8,($5.6),2024
Logan Allen,CLE,8,5,0,20,20,97.1,113,63,62,22,41,79,5.73,1.58,7.3,3.79,0.183,0.095,0.08800000000000001,5.87,4.75,4.81,0.18899999999999997,,,78.7,,,91.4,0.114,0.46399999999999997,91.0,13.3,114.0,0.434,0.385,0.18100000000000002,0.111,0.396,0.37,0.23399999999999999,0.136,0.536,0.32799999999999996,0.188,5.88,4.75,0.266,0.7170000000000001,0.449,0.625,0.9009999999999999,0.8029999999999999,0.405,0.634,0.08800000000000001,0.175,0.263,0.747,2.03,0.318,146,116,1.93,-0.7,-0.5,-7.4,($5.7),2024
Chris Devenski,TBR,2,1,0,19,0,26.2,28,25,20,9,14,24,6.75,1.58,8.1,4.73,0.19699999999999998,0.115,0.08199999999999999,7.33,5.72,5.0,0.109,0.48,,79.5,82.9,,93.2,0.11900000000000001,0.44,91.0,26.3,110.9,0.25,0.583,0.16699999999999998,0.163,0.381,0.321,0.298,0.20199999999999999,0.429,0.369,0.184,5.89,5.72,0.301,0.6859999999999999,0.45,0.561,0.88,0.75,0.38799999999999996,0.68,0.11199999999999999,0.174,0.287,0.578,3.04,0.253,186,140,1.71,-0.7,-1.0,-6.7,($5.3),2024
Dany Jimenez,OAK,1,3,1,25,0,25.2,21,18,14,6,19,25,4.91,1.56,8.77,6.66,0.214,0.162,0.051,6.6,5.97,5.25,,0.04,,,83.3,,92.8,0.18100000000000002,0.319,87.2,23.6,110.1,0.324,0.5770000000000001,0.099,0.122,0.5,0.264,0.23600000000000002,0.20800000000000002,0.542,0.25,0.146,5.28,5.97,0.256,0.628,0.414,0.5,0.867,0.737,0.425,0.547,0.109,0.193,0.302,0.706,2.1,0.227,168,147,1.32,-0.7,-0.6,-6.8,($5.5),2024
Scott McGough,ARI,1,3,0,26,2,32.2,34,30,27,6,21,25,7.44,1.68,6.89,5.79,0.16699999999999998,0.14,0.027000000000000003,6.04,5.6,5.35,0.139,,,87.2,,,93.2,0.107,0.379,90.9,12.1,110.3,0.408,0.408,0.184,0.071,0.301,0.43700000000000006,0.262,0.126,0.47600000000000003,0.39799999999999996,0.14300000000000002,5.45,5.6,0.278,0.77,0.485,0.634,0.8240000000000001,0.7609999999999999,0.42100000000000004,0.613,0.11599999999999999,0.133,0.249,0.546,1.65,0.289,153,137,1.19,-0.7,-1.2,-6.5,($5.3),2024
Yerry Rodriguez,- - -,1,0,0,16,0,21.2,26,22,21,7,13,17,8.72,1.8,7.06,5.4,0.162,0.124,0.038,7.87,5.98,5.24,0.308,0.11199999999999999,,84.1,86.5,,96.5,0.12300000000000001,0.493,90.8,16.1,109.4,0.34700000000000003,0.45799999999999996,0.19399999999999998,0.091,0.315,0.425,0.26,0.16399999999999998,0.37,0.466,0.212,8.81,5.98,0.265,0.767,0.48200000000000004,0.7120000000000001,0.8690000000000001,0.82,0.43200000000000005,0.61,0.087,0.14400000000000002,0.231,0.609,2.91,0.288,192,147,1.31,-0.7,-0.8,-7.2,($5.7),2024
Matt Moore,LAA,5,3,1,51,0,48.1,39,31,27,11,26,41,5.03,1.34,7.63,4.84,0.195,0.124,0.071,6.17,5.46,4.94,,0.317,,,82.8,,93.0,0.092,0.355,88.8,23.0,113.1,0.294,0.529,0.17600000000000002,0.16699999999999998,0.376,0.39,0.23399999999999999,0.184,0.511,0.305,0.153,4.25,5.46,0.305,0.735,0.484,0.6779999999999999,0.812,0.763,0.41600000000000004,0.586,0.115,0.136,0.251,0.698,2.05,0.215,150,134,1.58,-0.8,-0.6,-7.7,($6.2),2024
Justin Lawrence,COL,4,4,2,56,0,59.2,73,52,43,9,33,45,6.49,1.78,6.79,4.98,0.161,0.11800000000000001,0.043,5.63,4.94,4.73,0.41100000000000003,,,83.0,,,,0.077,0.41200000000000003,89.9,5.8,115.3,0.531,0.26,0.20800000000000002,0.02,0.41200000000000003,0.35600000000000004,0.23199999999999998,0.11900000000000001,0.5670000000000001,0.314,0.18,6.19,4.94,0.275,0.6609999999999999,0.434,0.657,0.878,0.795,0.41200000000000003,0.5379999999999999,0.08900000000000001,0.171,0.26,0.608,1.36,0.346,131,121,1.36,-0.8,-1.6,-8.1,($6.6),2024
Jake Diekman,NYM,2,3,4,43,0,32.0,23,24,20,7,24,40,5.63,1.47,11.25,6.75,0.276,0.166,0.11,6.14,4.43,4.36,0.289,0.09699999999999999,,82.8,87.2,,94.7,0.10400000000000001,0.39,87.0,10.8,108.7,0.447,0.316,0.237,0.083,0.299,0.40299999999999997,0.299,0.195,0.519,0.28600000000000003,0.292,5.09,4.43,0.284,0.605,0.419,0.621,0.836,0.752,0.42,0.552,0.10400000000000001,0.182,0.285,0.655,1.97,0.229,151,109,1.67,-0.8,-0.9,-7.9,($6.5),2024
Steven Wilson,CHW,1,6,0,40,0,34.2,29,29,22,8,26,34,5.71,1.59,8.83,6.75,0.209,0.16,0.049,6.71,6.11,5.37,0.515,0.08,,82.4,81.7,,93.6,0.12,0.31,86.6,26.2,110.5,0.237,0.5670000000000001,0.196,0.145,0.48,0.25,0.27,0.28,0.39,0.33,0.145,5.33,6.11,0.282,0.7240000000000001,0.462,0.6920000000000001,0.8420000000000001,0.7879999999999999,0.408,0.503,0.098,0.146,0.244,0.62,2.08,0.228,161,150,1.31,-0.8,-1.1,-7.4,($6.0),2024
Bobby Miller,LAD,2,4,0,13,13,56.0,69,53,53,17,30,52,8.52,1.77,8.36,4.82,0.20199999999999999,0.11599999999999999,0.085,6.97,4.7,4.84,0.096,0.19899999999999998,,88.6,86.5,,97.8,0.115,0.47700000000000004,91.5,10.4,115.6,0.44299999999999995,0.35600000000000004,0.201,0.048,0.391,0.379,0.23,0.126,0.483,0.391,0.27399999999999997,6.99,4.7,0.27,0.7290000000000001,0.45799999999999996,0.667,0.847,0.784,0.409,0.5429999999999999,0.099,0.145,0.244,0.622,2.73,0.331,165,115,1.73,-0.9,-1.5,-9.2,($6.9),2024
Rafael Montero,HOU,1,2,0,41,0,38.1,35,21,20,8,19,23,4.7,1.41,5.4,4.46,0.14,0.11599999999999999,0.024,6.4,5.38,5.26,0.075,0.231,,86.3,91.0,,95.6,0.10099999999999999,0.42,89.8,11.3,110.7,0.42,0.361,0.218,0.09300000000000001,0.40299999999999997,0.32799999999999996,0.26899999999999996,0.14300000000000002,0.521,0.336,0.18600000000000003,5.75,5.38,0.307,0.722,0.451,0.7659999999999999,0.883,0.831,0.34700000000000003,0.555,0.076,0.14300000000000002,0.22,0.7859999999999999,1.88,0.243,158,132,1.21,-0.9,-0.1,-8.9,($7.2),2024
Grant Anderson,TEX,0,1,1,23,0,26.2,33,24,24,11,10,29,8.1,1.61,9.79,3.38,0.242,0.083,0.158,7.59,4.33,3.67,0.41,0.075,,82.2,85.6,,92.4,0.1,0.413,89.0,18.5,114.2,0.4,0.46299999999999997,0.138,0.10800000000000001,0.375,0.35,0.275,0.163,0.525,0.313,0.297,5.15,4.33,0.249,0.68,0.447,0.631,0.828,0.769,0.46,0.6,0.10400000000000001,0.188,0.292,0.6990000000000001,3.71,0.319,186,106,2.9,-0.9,-1.1,-9.5,($7.6),2024
Triston McKenzie,CLE,3,5,0,16,16,75.2,69,46,43,19,49,74,5.11,1.56,8.8,5.83,0.218,0.14400000000000002,0.07400000000000001,6.46,5.41,5.21,0.21,,,85.4,,,91.2,0.13,0.41700000000000004,90.7,20.0,111.1,0.35,0.519,0.131,0.09,0.386,0.363,0.251,0.149,0.53,0.321,0.171,5.61,5.41,0.253,0.67,0.423,0.5770000000000001,0.899,0.784,0.406,0.529,0.091,0.168,0.259,0.79,2.26,0.254,161,133,1.51,-1.0,-0.1,-10.4,($7.8),2024
Enyel De Los Santos,- - -,1,2,2,64,0,64.0,65,38,37,17,25,66,5.2,1.41,9.28,3.52,0.237,0.09,0.147,5.96,4.57,3.86,0.42700000000000005,0.079,,86.5,87.6,,95.5,0.126,0.423,89.3,17.5,110.6,0.344,0.483,0.172,0.149,0.445,0.247,0.308,0.18100000000000002,0.467,0.35200000000000004,0.195,5.23,4.57,0.321,0.757,0.524,0.5539999999999999,0.8140000000000001,0.7290000000000001,0.467,0.669,0.141,0.14300000000000002,0.284,0.8009999999999999,2.39,0.291,146,112,2.64,-1.0,-0.4,-9.5,($7.7),2024
Taijuan Walker,PHI,3,7,0,19,15,83.2,107,68,66,24,37,58,7.1,1.72,6.24,3.98,0.152,0.09699999999999999,0.055,6.94,5.29,5.25,0.179,,,85.1,,,91.7,0.134,0.46299999999999997,91.4,15.4,115.3,0.37799999999999995,0.406,0.21600000000000003,0.14800000000000002,0.442,0.375,0.184,0.131,0.48100000000000004,0.389,0.209,7.06,5.29,0.28,0.649,0.43799999999999994,0.735,0.912,0.847,0.429,0.622,0.067,0.18,0.247,0.6970000000000001,2.58,0.32,167,130,1.57,-1.2,-1.3,-12.3,($9.3),2024
Roddery Munoz,MIA,2,7,0,18,17,82.2,89,66,60,26,42,70,6.53,1.58,7.62,4.57,0.185,0.111,0.07400000000000001,7.27,5.36,5.11,0.191,0.087,,85.7,89.3,,95.5,0.13699999999999998,0.45,90.8,15.9,113.3,0.34,0.45399999999999996,0.20600000000000002,0.067,0.397,0.37,0.233,0.134,0.469,0.397,0.218,6.82,5.36,0.292,0.7040000000000001,0.457,0.631,0.885,0.7879999999999999,0.4,0.588,0.09699999999999999,0.151,0.248,0.703,2.83,0.267,177,131,1.67,-1.6,-1.2,-18.0,($13.1),2024
