player_name,Team,PA,AB,H,1B,2B,3B,HR,R,RBI,AVG,OBP,SLG,OPS,wOBA,wRC+,ISO,BABIP,EV,LA,Barrel%,HardHit%,maxEV,GB%,FB%,LD%,IFFB%,Pull%,Cent%,Oppo%,Soft%,Med%,Hard%,HR/FB,xBA,xSLG,xwOBA,BB%,K%,BB/K,O-Swing%,Z-Swing%,Swing%,O-Contact%,Z-Contact%,Contact%,Zone%,F-Strike%,SwStr%,CStr%,Spd,wSB,UBR,wRC,BsR,WAR,Off,Def,RAR,year
Aaron Judge,NYY,696,570,177,87,28,0,62,133,131,0.311,0.425,0.686,1.111,0.458,206,0.375,0.34,95.8,14.9,0.262,0.611,118.4,0.373,0.435,0.193,0.046,0.475,0.318,0.20800000000000002,0.075,0.445,0.48,0.35600000000000004,0.305,0.706,0.463,0.159,0.251,0.63,0.268,0.6759999999999999,0.425,0.517,0.852,0.722,0.385,0.579,0.11800000000000001,0.16899999999999998,4.0,1.2,0.4,162,1.0,11.1,84.2,-0.6,105.6,2022
Nolan Arenado,STL,620,557,163,90,42,1,30,73,103,0.293,0.358,0.533,0.891,0.381,149,0.241,0.29,88.8,21.7,0.08199999999999999,0.389,111.4,0.297,0.499,0.204,0.168,0.479,0.325,0.196,0.2,0.48100000000000004,0.319,0.12300000000000001,0.266,0.445,0.339,0.084,0.11599999999999999,0.72,0.361,0.68,0.484,0.721,0.9079999999999999,0.823,0.386,0.613,0.086,0.155,2.6,-0.8,-0.4,106,0.1,7.2,35.5,11.8,68.7,2022
Manny Machado,SDP,644,578,172,102,37,1,32,100,102,0.298,0.366,0.531,0.898,0.382,152,0.234,0.337,91.5,16.0,0.098,0.49,112.4,0.37799999999999995,0.41600000000000004,0.20600000000000002,0.151,0.41200000000000003,0.33799999999999997,0.251,0.163,0.456,0.38,0.172,0.264,0.447,0.338,0.098,0.207,0.47,0.342,0.77,0.508,0.643,0.856,0.768,0.38799999999999996,0.629,0.11800000000000001,0.126,4.3,0.8,0.9,110,-0.4,7.1,38.5,7.3,67.9,2022
Jose Altuve,HOU,604,527,158,91,39,0,28,103,57,0.3,0.387,0.533,0.921,0.397,164,0.233,0.315,85.9,16.1,0.077,0.297,109.8,0.41,0.387,0.204,0.12,0.519,0.317,0.163,0.177,0.522,0.302,0.168,0.269,0.44,0.354,0.109,0.14400000000000002,0.76,0.314,0.65,0.43799999999999994,0.768,0.91,0.846,0.369,0.619,0.068,0.17300000000000001,5.0,2.5,-2.4,111,0.4,6.9,44.1,2.1,65.3,2022
Paul Goldschmidt,STL,651,561,178,102,41,0,35,106,115,0.317,0.404,0.578,0.981,0.419,175,0.26,0.368,90.7,15.7,0.115,0.47200000000000003,112.3,0.40299999999999997,0.408,0.18899999999999997,0.10400000000000001,0.377,0.363,0.259,0.151,0.512,0.337,0.20199999999999999,0.261,0.482,0.367,0.121,0.217,0.56,0.276,0.617,0.41700000000000004,0.677,0.818,0.763,0.41200000000000003,0.599,0.099,0.196,3.6,0.6,0.6,131,0.9,6.8,58.0,-15.3,65.1,2022
Freddie Freeman,LAD,708,612,199,129,47,2,21,117,100,0.325,0.407,0.511,0.918,0.393,157,0.186,0.359,91.3,13.6,0.099,0.478,112.3,0.387,0.33799999999999997,0.275,0.034,0.364,0.337,0.3,0.122,0.509,0.369,0.12,0.31,0.535,0.4,0.11900000000000001,0.14400000000000002,0.82,0.313,0.7609999999999999,0.493,0.75,0.88,0.831,0.401,0.595,0.083,0.122,4.8,0.6,2.0,128,1.7,6.8,48.9,-8.5,64.7,2022
J.T. Realmuto,PHI,562,504,139,86,26,5,22,75,84,0.276,0.342,0.478,0.82,0.354,129,0.202,0.318,90.3,13.1,0.113,0.47200000000000003,110.4,0.444,0.359,0.19699999999999998,0.086,0.392,0.336,0.272,0.154,0.503,0.344,0.157,0.275,0.463,0.351,0.073,0.212,0.34,0.35,0.6920000000000001,0.49,0.6659999999999999,0.8390000000000001,0.767,0.41,0.5770000000000001,0.114,0.155,6.9,3.2,3.1,84,3.5,6.7,22.2,21.8,63.4,2022
Dansby Swanson,ATL,696,640,177,119,32,1,25,99,96,0.277,0.329,0.447,0.776,0.337,117,0.17,0.348,90.2,15.7,0.10800000000000001,0.46299999999999997,109.6,0.387,0.4,0.212,0.065,0.39799999999999996,0.35100000000000003,0.251,0.134,0.526,0.34,0.135,0.257,0.461,0.337,0.07,0.261,0.27,0.314,0.746,0.495,0.5710000000000001,0.804,0.718,0.419,0.675,0.139,0.149,4.8,0.1,3.2,95,3.7,6.6,17.3,22.0,63.2,2022
Yordan Alvarez,HOU,561,470,144,76,29,2,37,95,97,0.306,0.406,0.613,1.019,0.427,185,0.306,0.32,95.2,12.2,0.21,0.598,117.4,0.391,0.39399999999999996,0.21600000000000003,0.021,0.39399999999999996,0.396,0.21,0.092,0.466,0.442,0.253,0.326,0.669,0.46,0.139,0.18899999999999997,0.74,0.275,0.6679999999999999,0.426,0.625,0.8959999999999999,0.7879999999999999,0.385,0.5379999999999999,0.09,0.165,3.0,-0.8,0.7,116,-2.0,6.4,51.9,-9.1,60.6,2022
Trea Turner,LAD,708,652,194,130,39,4,21,101,100,0.298,0.343,0.466,0.809,0.35,128,0.169,0.342,88.9,10.2,0.076,0.414,112.5,0.429,0.35700000000000004,0.214,0.064,0.45399999999999996,0.32799999999999996,0.218,0.163,0.522,0.315,0.11199999999999999,0.276,0.432,0.335,0.064,0.185,0.34,0.364,0.745,0.511,0.607,0.8590000000000001,0.7490000000000001,0.38799999999999996,0.634,0.128,0.142,6.4,3.5,1.7,103,6.6,6.4,29.6,6.8,60.8,2022
Francisco Lindor,NYM,706,630,170,114,25,5,26,98,107,0.27,0.339,0.449,0.788,0.342,124,0.179,0.301,89.3,13.8,0.083,0.413,110.7,0.431,0.39,0.179,0.138,0.433,0.327,0.24,0.19,0.498,0.312,0.133,0.254,0.427,0.331,0.084,0.188,0.44,0.33799999999999997,0.69,0.47700000000000004,0.667,0.8809999999999999,0.79,0.396,0.5820000000000001,0.1,0.154,5.6,0.1,1.9,99,1.2,6.4,21.3,14.9,60.5,2022
Andres Gimenez,CLE,557,491,146,100,26,3,17,66,69,0.297,0.371,0.466,0.837,0.364,141,0.169,0.353,87.8,11.7,0.062,0.37799999999999995,109.9,0.462,0.327,0.21100000000000002,0.124,0.409,0.358,0.233,0.18100000000000002,0.562,0.256,0.14,0.257,0.4,0.326,0.061,0.201,0.3,0.408,0.703,0.525,0.655,0.8390000000000001,0.753,0.39899999999999997,0.632,0.13,0.147,5.8,2.2,0.4,88,3.9,6.1,29.5,11.1,58.3,2022
Mike Trout,LAA,499,438,124,54,28,2,40,85,80,0.283,0.369,0.63,0.999,0.418,176,0.347,0.323,91.6,24.6,0.19699999999999998,0.51,114.4,0.247,0.5670000000000001,0.187,0.076,0.41700000000000004,0.313,0.27,0.13699999999999998,0.47700000000000004,0.387,0.235,0.265,0.583,0.395,0.10800000000000001,0.27899999999999997,0.39,0.263,0.679,0.434,0.607,0.7959999999999999,0.7290000000000001,0.41100000000000003,0.557,0.11800000000000001,0.17300000000000001,3.3,-0.2,-0.9,100,0.0,6.0,42.6,-1.0,57.4,2022
Mookie Betts,LAD,639,572,154,76,40,3,35,117,82,0.269,0.34,0.533,0.873,0.373,144,0.264,0.272,90.5,18.6,0.09699999999999999,0.449,109.0,0.337,0.47700000000000004,0.18600000000000003,0.062,0.45299999999999996,0.337,0.21,0.12300000000000001,0.494,0.38299999999999995,0.156,0.254,0.465,0.344,0.086,0.163,0.53,0.26,0.696,0.442,0.6759999999999999,0.9390000000000001,0.8490000000000001,0.41700000000000004,0.617,0.067,0.17300000000000001,6.0,1.0,2.7,105,2.1,6.0,35.0,0.1,57.0,2022
Jose Ramirez,CLE,685,601,168,90,44,5,29,90,126,0.28,0.355,0.514,0.869,0.363,140,0.235,0.279,87.7,20.7,0.066,0.369,114.2,0.324,0.506,0.17,0.139,0.466,0.326,0.20800000000000002,0.19899999999999998,0.509,0.292,0.109,0.255,0.408,0.32,0.10099999999999999,0.12,0.84,0.32299999999999995,0.679,0.461,0.78,0.9229999999999999,0.862,0.38799999999999996,0.517,0.064,0.157,5.3,0.6,2.8,107,3.6,6.0,34.4,0.8,56.9,2022
Xander Bogaerts,BOS,631,557,171,118,38,0,15,84,73,0.307,0.377,0.456,0.833,0.363,133,0.149,0.362,88.1,10.1,0.065,0.395,113.0,0.46399999999999997,0.318,0.217,0.113,0.39899999999999997,0.345,0.256,0.157,0.5379999999999999,0.305,0.106,0.259,0.383,0.323,0.09,0.187,0.48,0.319,0.66,0.457,0.6609999999999999,0.846,0.769,0.405,0.609,0.106,0.18600000000000003,3.5,0.0,4.4,99,3.2,6.0,26.8,10.3,57.1,2022
Austin Riley,ATL,693,615,168,89,39,2,38,90,93,0.273,0.349,0.528,0.878,0.377,144,0.255,0.315,92.5,12.9,0.157,0.508,115.9,0.379,0.386,0.235,0.092,0.415,0.344,0.242,0.124,0.48100000000000004,0.395,0.218,0.271,0.531,0.378,0.08199999999999999,0.242,0.34,0.345,0.773,0.516,0.575,0.8590000000000001,0.7440000000000001,0.39899999999999997,0.631,0.132,0.122,3.0,-0.3,-1.7,116,-0.8,5.9,34.3,-2.3,55.8,2022
Julio Rodriguez,SEA,560,511,145,89,25,3,28,84,75,0.284,0.345,0.509,0.853,0.366,148,0.225,0.345,92.0,10.1,0.131,0.507,117.2,0.46,0.35700000000000004,0.183,0.107,0.41700000000000004,0.35100000000000003,0.23199999999999998,0.134,0.52,0.34600000000000003,0.214,0.254,0.46,0.337,0.071,0.259,0.28,0.371,0.7140000000000001,0.502,0.586,0.8190000000000001,0.7120000000000001,0.382,0.645,0.14400000000000002,0.146,6.2,1.7,2.0,89,3.6,5.7,33.5,3.4,54.6,2022
Adley Rutschman,BAL,470,398,101,52,35,1,13,70,42,0.254,0.362,0.445,0.806,0.354,134,0.191,0.291,87.9,15.5,0.079,0.368,110.9,0.384,0.384,0.23199999999999998,0.083,0.43799999999999994,0.359,0.203,0.149,0.5429999999999999,0.308,0.107,0.248,0.411,0.342,0.138,0.183,0.76,0.254,0.6409999999999999,0.405,0.73,0.915,0.8440000000000001,0.391,0.534,0.063,0.196,4.2,0.3,3.9,70,1.3,5.6,19.4,19.1,53.4,2022
Jeff McNeil,NYM,589,533,174,125,39,1,9,73,62,0.326,0.382,0.454,0.836,0.365,140,0.128,0.353,86.9,12.8,0.027000000000000003,0.302,110.0,0.41100000000000003,0.35,0.23800000000000002,0.066,0.342,0.4,0.258,0.14300000000000002,0.61,0.247,0.054000000000000006,0.28,0.389,0.323,0.068,0.10400000000000001,0.66,0.33799999999999997,0.789,0.5329999999999999,0.795,0.8959999999999999,0.86,0.433,0.594,0.075,0.115,3.3,0.1,0.5,93,-0.2,5.5,27.5,4.7,52.4,2022
Brandon Nimmo,NYM,673,580,159,106,30,7,16,102,64,0.274,0.367,0.433,0.8,0.353,132,0.159,0.317,89.4,6.1,0.07,0.39799999999999996,111.9,0.505,0.317,0.177,0.068,0.321,0.385,0.294,0.185,0.515,0.3,0.109,0.256,0.403,0.338,0.105,0.172,0.61,0.261,0.66,0.43700000000000006,0.6970000000000001,0.8909999999999999,0.826,0.44,0.611,0.076,0.182,4.7,-1.0,0.7,100,3.0,5.5,27.9,1.1,52.2,2022
Alex Bregman,HOU,656,548,142,81,38,0,23,93,93,0.259,0.366,0.454,0.82,0.358,137,0.195,0.26,88.9,19.5,0.073,0.37799999999999995,109.2,0.33299999999999996,0.478,0.18899999999999997,0.122,0.48200000000000004,0.32799999999999996,0.18899999999999997,0.168,0.522,0.31,0.1,0.257,0.416,0.35,0.133,0.11699999999999999,1.13,0.218,0.695,0.40299999999999997,0.745,0.92,0.862,0.387,0.556,0.055999999999999994,0.16699999999999998,2.0,-1.3,-0.5,100,-3.4,5.4,23.8,6.9,51.4,2022
Tommy Edman,STL,630,577,153,105,31,4,13,95,57,0.265,0.324,0.4,0.725,0.318,106,0.135,0.308,88.6,8.7,0.062,0.37799999999999995,112.8,0.495,0.31,0.196,0.111,0.385,0.38,0.235,0.156,0.5489999999999999,0.295,0.09,0.258,0.38,0.308,0.073,0.17600000000000002,0.41,0.342,0.638,0.467,0.675,0.909,0.8109999999999999,0.424,0.614,0.08800000000000001,0.17800000000000002,7.2,4.6,3.8,76,7.2,5.4,11.5,17.9,51.0,2022
Sean Murphy,OAK,612,537,134,77,37,2,18,67,66,0.25,0.332,0.426,0.759,0.331,121,0.177,0.29,88.7,11.5,0.105,0.413,114.0,0.42100000000000004,0.376,0.203,0.102,0.41600000000000004,0.35600000000000004,0.22699999999999998,0.175,0.505,0.321,0.115,0.255,0.439,0.344,0.092,0.203,0.45,0.34,0.721,0.493,0.6709999999999999,0.853,0.778,0.402,0.621,0.11,0.14800000000000002,2.7,-0.4,0.3,80,-0.8,5.2,13.3,17.3,49.9,2022
Rafael Devers,BOS,614,555,164,94,42,1,27,84,88,0.295,0.358,0.521,0.879,0.373,140,0.225,0.329,93.1,11.2,0.115,0.509,113.7,0.42200000000000004,0.375,0.203,0.114,0.34,0.39399999999999996,0.266,0.14400000000000002,0.5,0.35600000000000004,0.163,0.282,0.497,0.361,0.081,0.18600000000000003,0.44,0.40299999999999997,0.773,0.545,0.662,0.804,0.74,0.384,0.614,0.142,0.109,3.1,-0.4,0.2,101,-0.7,5.0,27.0,1.4,47.9,2022
Kyle Tucker,HOU,609,544,140,81,28,1,30,71,107,0.257,0.33,0.478,0.808,0.348,130,0.221,0.261,90.0,19.0,0.10099999999999999,0.42100000000000004,111.3,0.341,0.47,0.18899999999999997,0.081,0.39899999999999997,0.375,0.226,0.142,0.503,0.355,0.142,0.262,0.482,0.353,0.09699999999999999,0.156,0.62,0.302,0.84,0.525,0.664,0.888,0.813,0.415,0.608,0.098,0.095,4.9,2.8,0.9,88,3.2,4.9,23.5,3.6,46.3,2022
Bo Bichette,TOR,697,652,189,121,43,1,24,91,93,0.29,0.333,0.469,0.802,0.347,129,0.179,0.347,91.9,8.5,0.096,0.503,112.4,0.48700000000000004,0.309,0.204,0.052000000000000005,0.293,0.369,0.33899999999999997,0.106,0.545,0.349,0.156,0.274,0.44,0.33,0.059000000000000004,0.222,0.26,0.386,0.805,0.56,0.6609999999999999,0.888,0.797,0.415,0.6609999999999999,0.114,0.11599999999999999,3.8,-1.3,0.6,101,0.0,4.8,23.0,0.9,46.0,2022
Michael Harris II,ATL,441,414,123,74,27,3,19,75,64,0.297,0.339,0.514,0.853,0.368,137,0.217,0.361,89.5,4.5,0.10099999999999999,0.451,112.8,0.562,0.271,0.16699999999999998,0.084,0.34700000000000003,0.406,0.247,0.182,0.47700000000000004,0.341,0.22899999999999998,0.268,0.46,0.335,0.048,0.243,0.2,0.41700000000000004,0.679,0.522,0.597,0.861,0.735,0.40299999999999997,0.5529999999999999,0.138,0.153,7.2,2.8,2.6,71,5.1,4.7,24.3,5.8,45.2,2022
Steven Kwan,CLE,638,563,168,130,25,7,6,89,52,0.298,0.373,0.4,0.772,0.341,125,0.101,0.323,85.1,11.8,0.013999999999999999,0.20800000000000002,107.1,0.424,0.35,0.226,0.09,0.308,0.354,0.33799999999999997,0.17300000000000001,0.639,0.18899999999999997,0.034,0.268,0.341,0.312,0.09699999999999999,0.094,1.03,0.233,0.5529999999999999,0.377,0.85,0.9540000000000001,0.919,0.45,0.589,0.031,0.245,6.2,1.0,2.8,89,6.0,4.7,23.9,0.4,44.5,2022
Carlos Correa,MIN,590,522,152,105,24,1,22,70,64,0.291,0.366,0.467,0.834,0.362,139,0.176,0.339,89.9,11.6,0.114,0.447,114.6,0.42700000000000005,0.375,0.198,0.086,0.41,0.385,0.205,0.168,0.47200000000000003,0.36,0.145,0.272,0.48,0.36,0.10300000000000001,0.205,0.5,0.308,0.643,0.444,0.679,0.8809999999999999,0.797,0.40299999999999997,0.581,0.09,0.184,1.7,-1.1,-2.9,92,-3.2,4.6,22.8,2.1,43.6,2022
Willy Adames,MIL,617,563,134,72,31,0,31,83,98,0.238,0.298,0.458,0.756,0.325,109,0.22,0.278,88.9,19.0,0.13,0.436,110.6,0.342,0.45899999999999996,0.2,0.10300000000000001,0.40399999999999997,0.34700000000000003,0.249,0.16699999999999998,0.48100000000000004,0.35200000000000004,0.168,0.238,0.451,0.323,0.079,0.26899999999999996,0.3,0.337,0.7240000000000001,0.496,0.595,0.836,0.7390000000000001,0.409,0.595,0.129,0.14400000000000002,3.6,-0.1,2.4,78,1.1,4.4,7.5,13.6,42.3,2022
Marcus Semien,TEX,724,657,163,101,31,5,26,101,83,0.248,0.304,0.429,0.733,0.317,107,0.181,0.263,87.3,19.9,0.068,0.349,110.1,0.33799999999999997,0.47200000000000003,0.19,0.085,0.46299999999999997,0.313,0.225,0.18100000000000002,0.523,0.29600000000000004,0.10099999999999999,0.243,0.394,0.306,0.073,0.166,0.44,0.29,0.747,0.47200000000000003,0.647,0.903,0.8079999999999999,0.39799999999999996,0.608,0.09,0.156,6.2,1.2,4.9,87,5.9,4.4,11.3,7.3,41.6,2022
Will Smith,LAD,578,508,132,79,26,3,24,68,87,0.26,0.343,0.465,0.807,0.349,127,0.205,0.276,89.9,18.4,0.10300000000000001,0.43,109.0,0.317,0.47100000000000003,0.212,0.055999999999999994,0.377,0.37,0.252,0.11800000000000001,0.555,0.327,0.122,0.255,0.47,0.349,0.09699999999999999,0.166,0.58,0.254,0.662,0.426,0.7490000000000001,0.875,0.8320000000000001,0.423,0.597,0.07200000000000001,0.187,2.9,-0.4,-4.1,84,-2.6,4.3,15.8,5.5,41.2,2022
Eugenio Suarez,SEA,629,543,128,71,24,2,31,76,87,0.236,0.332,0.459,0.791,0.344,132,0.223,0.302,89.8,19.9,0.14800000000000002,0.435,111.4,0.341,0.457,0.20199999999999999,0.062,0.46299999999999997,0.301,0.23600000000000002,0.134,0.509,0.358,0.193,0.22,0.454,0.339,0.11599999999999999,0.312,0.37,0.247,0.6579999999999999,0.418,0.49700000000000005,0.7979999999999999,0.6940000000000001,0.41600000000000004,0.609,0.128,0.185,2.2,-0.6,-1.9,89,-1.5,4.3,21.2,0.2,41.2,2022
Alejandro Kirk,TOR,541,470,134,101,19,0,14,59,63,0.285,0.372,0.415,0.786,0.347,129,0.13,0.299,90.5,8.1,0.067,0.45399999999999996,110.1,0.5,0.308,0.192,0.094,0.353,0.35100000000000003,0.29600000000000004,0.149,0.47600000000000003,0.375,0.109,0.278,0.431,0.351,0.11599999999999999,0.107,1.09,0.263,0.619,0.41,0.774,0.909,0.858,0.41200000000000003,0.595,0.057999999999999996,0.19899999999999998,1.1,-0.7,-5.9,78,-5.3,4.3,12.5,11.2,40.8,2022
Corey Seager,TEX,663,593,145,87,24,1,33,91,83,0.245,0.317,0.455,0.772,0.331,117,0.211,0.242,91.1,13.6,0.105,0.455,111.3,0.4,0.39,0.21,0.016,0.42200000000000004,0.34299999999999997,0.23399999999999999,0.105,0.523,0.37200000000000005,0.171,0.28,0.507,0.37,0.087,0.155,0.56,0.35100000000000003,0.8190000000000001,0.545,0.53,0.882,0.7490000000000001,0.415,0.644,0.13699999999999998,0.09,3.2,0.0,2.9,87,0.2,4.3,12.6,7.7,41.3,2022
Daulton Varsho,ARI,592,531,125,72,23,3,27,79,74,0.235,0.302,0.443,0.745,0.323,106,0.207,0.269,87.7,14.9,0.102,0.355,110.3,0.40399999999999997,0.44299999999999995,0.153,0.11900000000000001,0.545,0.295,0.16,0.191,0.47100000000000003,0.33799999999999997,0.161,0.213,0.389,0.298,0.078,0.245,0.32,0.348,0.687,0.499,0.6759999999999999,0.823,0.7659999999999999,0.446,0.628,0.11699999999999999,0.159,5.7,0.3,2.9,74,2.2,4.3,6.6,14.0,40.9,2022
Nico Hoerner,CHC,517,481,135,98,22,5,10,60,55,0.281,0.327,0.41,0.736,0.32,108,0.129,0.3,87.2,10.6,0.026000000000000002,0.331,109.7,0.461,0.332,0.207,0.085,0.364,0.33799999999999997,0.298,0.157,0.603,0.239,0.071,0.271,0.368,0.301,0.054000000000000006,0.11,0.49,0.36200000000000004,0.6709999999999999,0.491,0.77,0.9390000000000001,0.866,0.41600000000000004,0.648,0.066,0.18100000000000002,6.4,2.7,0.1,63,3.4,4.3,8.4,14.7,40.8,2022
Cal Raleigh,SEA,415,370,78,30,20,1,27,46,63,0.211,0.284,0.489,0.774,0.33,122,0.278,0.226,90.9,22.5,0.154,0.435,114.0,0.285,0.557,0.158,0.092,0.478,0.3,0.221,0.158,0.474,0.368,0.191,0.216,0.461,0.324,0.092,0.294,0.31,0.36,0.784,0.524,0.59,0.792,0.7070000000000001,0.389,0.631,0.153,0.111,2.5,-0.1,-1.3,54,0.8,4.2,11.0,15.6,39.7,2022
George Springer,TOR,583,513,137,86,22,4,25,89,76,0.267,0.342,0.472,0.814,0.352,133,0.205,0.285,88.7,13.8,0.083,0.419,113.6,0.445,0.376,0.179,0.115,0.483,0.285,0.23199999999999998,0.187,0.493,0.321,0.159,0.265,0.437,0.342,0.09300000000000001,0.172,0.54,0.301,0.789,0.508,0.584,0.818,0.738,0.424,0.617,0.133,0.115,6.0,1.4,2.1,86,4.6,4.0,26.0,-6.1,38.3,2022
Yandy Diaz,TBR,558,473,140,98,33,0,9,71,57,0.296,0.401,0.423,0.824,0.366,145,0.127,0.323,92.2,7.7,0.048,0.49,114.3,0.498,0.316,0.18600000000000003,0.107,0.304,0.377,0.319,0.14,0.505,0.355,0.069,0.288,0.424,0.365,0.14,0.10800000000000001,1.3,0.231,0.657,0.413,0.74,0.932,0.871,0.42700000000000005,0.52,0.053,0.18,2.2,-1.3,-3.8,89,-3.2,3.9,25.1,-5.8,37.0,2022
Christian Walker,ARI,667,583,141,78,25,2,36,84,94,0.242,0.327,0.477,0.804,0.346,122,0.235,0.248,90.0,17.0,0.115,0.44,112.6,0.38299999999999995,0.442,0.174,0.10800000000000001,0.429,0.33799999999999997,0.233,0.161,0.46,0.379,0.177,0.257,0.484,0.359,0.10300000000000001,0.196,0.53,0.272,0.701,0.447,0.5770000000000001,0.882,0.772,0.409,0.613,0.102,0.158,2.7,-1.0,0.6,96,-1.7,3.9,15.6,-0.9,37.6,2022
Travis d'Arnaud,ATL,426,396,106,62,25,1,18,61,60,0.268,0.319,0.472,0.791,0.343,121,0.205,0.306,88.5,11.8,0.085,0.389,112.3,0.451,0.363,0.18600000000000003,0.10800000000000001,0.44799999999999995,0.304,0.248,0.154,0.5329999999999999,0.314,0.162,0.247,0.412,0.313,0.045,0.21100000000000002,0.21,0.39399999999999996,0.71,0.528,0.6459999999999999,0.825,0.748,0.424,0.657,0.133,0.151,2.5,-0.4,-1.8,60,-2.0,3.9,8.2,14.7,37.6,2022
Matt Chapman,TOR,621,538,123,68,27,1,27,83,76,0.229,0.324,0.433,0.757,0.331,118,0.204,0.277,92.2,19.0,0.129,0.512,112.7,0.34,0.485,0.174,0.166,0.47700000000000004,0.34600000000000003,0.177,0.16399999999999998,0.434,0.402,0.149,0.234,0.44,0.341,0.11,0.27399999999999997,0.4,0.22899999999999998,0.679,0.418,0.619,0.797,0.74,0.418,0.57,0.10800000000000001,0.184,2.9,-1.0,2.2,81,1.1,3.9,13.3,3.9,36.8,2022
Pete Alonso,NYM,685,597,162,95,27,0,40,95,131,0.271,0.352,0.518,0.869,0.366,141,0.246,0.279,89.8,18.2,0.12300000000000001,0.44799999999999995,116.5,0.36200000000000004,0.439,0.19899999999999998,0.11,0.44799999999999995,0.312,0.24100000000000002,0.17600000000000002,0.485,0.33899999999999997,0.19,0.262,0.486,0.353,0.098,0.187,0.52,0.36,0.742,0.499,0.677,0.878,0.7859999999999999,0.36200000000000004,0.556,0.107,0.134,2.9,-0.1,-2.4,109,-2.7,3.8,29.8,-17.2,36.2,2022
Jose Abreu,CHW,679,601,183,128,40,0,15,85,75,0.304,0.378,0.446,0.824,0.361,137,0.141,0.35,92.2,8.0,0.095,0.517,113.0,0.479,0.317,0.204,0.057,0.38,0.36200000000000004,0.259,0.111,0.517,0.37200000000000005,0.096,0.296,0.486,0.373,0.091,0.162,0.56,0.336,0.665,0.473,0.664,0.884,0.7929999999999999,0.41600000000000004,0.5760000000000001,0.098,0.166,1.4,-0.8,1.0,105,-2.3,3.8,26.1,-11.4,36.2,2022
Jose Trevino,NYY,353,335,83,59,12,1,11,39,43,0.248,0.283,0.388,0.671,0.293,90,0.14,0.274,87.9,13.0,0.051,0.35,109.4,0.39899999999999997,0.414,0.187,0.133,0.38299999999999995,0.376,0.24100000000000002,0.212,0.518,0.27,0.09699999999999999,0.239,0.364,0.281,0.042,0.17600000000000002,0.24,0.419,0.614,0.49700000000000005,0.725,0.887,0.805,0.401,0.637,0.09699999999999999,0.205,3.3,-0.3,-1.2,36,-1.5,3.8,-5.6,30.9,36.4,2022
Juan Soto,- - -,664,524,127,73,25,2,27,93,62,0.242,0.401,0.452,0.853,0.376,146,0.21,0.249,91.0,9.1,0.124,0.473,113.2,0.47100000000000003,0.368,0.162,0.10800000000000001,0.381,0.381,0.23800000000000002,0.19399999999999998,0.512,0.294,0.172,0.266,0.501,0.401,0.203,0.145,1.41,0.19899999999999998,0.591,0.353,0.71,0.892,0.83,0.392,0.536,0.06,0.19899999999999998,3.5,-0.4,-1.6,111,-2.1,3.7,33.1,-21.0,34.9,2022
Taylor Ward,LAA,564,495,139,92,22,2,23,73,65,0.281,0.36,0.473,0.833,0.362,136,0.192,0.325,90.0,15.8,0.124,0.429,112.6,0.35,0.43200000000000005,0.218,0.079,0.40299999999999997,0.358,0.239,0.124,0.521,0.355,0.14,0.268,0.474,0.361,0.106,0.213,0.5,0.23600000000000002,0.6609999999999999,0.414,0.65,0.8740000000000001,0.8,0.42,0.5870000000000001,0.083,0.196,3.4,-0.8,0.3,88,-2.6,3.7,20.5,-3.0,35.4,2022
Ian Happ,CHC,641,573,155,94,42,2,17,72,72,0.271,0.342,0.44,0.781,0.339,122,0.169,0.336,89.7,10.9,0.065,0.402,113.9,0.46399999999999997,0.335,0.201,0.07,0.425,0.327,0.248,0.14300000000000002,0.5489999999999999,0.308,0.11900000000000001,0.24,0.38,0.307,0.09,0.23199999999999998,0.39,0.307,0.746,0.49,0.621,0.8370000000000001,0.758,0.415,0.574,0.11900000000000001,0.14,3.9,-0.4,0.8,88,0.9,3.7,17.1,-3.6,35.5,2022
Cedric Mullins,BAL,672,608,157,105,32,4,16,89,64,0.258,0.318,0.403,0.721,0.315,107,0.145,0.299,88.8,17.5,0.049,0.371,109.4,0.387,0.436,0.177,0.135,0.439,0.326,0.23600000000000002,0.193,0.539,0.268,0.077,0.232,0.349,0.288,0.07,0.188,0.37,0.342,0.7170000000000001,0.507,0.723,0.8640000000000001,0.81,0.43799999999999994,0.595,0.096,0.14800000000000002,6.6,2.2,-0.1,80,1.8,3.7,7.0,7.1,35.3,2022
Shohei Ohtani,LAA,666,586,160,90,30,6,34,90,95,0.273,0.356,0.519,0.875,0.37,142,0.246,0.32,92.9,12.1,0.168,0.498,119.1,0.42100000000000004,0.381,0.198,0.043,0.371,0.35,0.278,0.08900000000000001,0.528,0.38299999999999995,0.21,0.275,0.549,0.383,0.10800000000000001,0.242,0.45,0.32,0.745,0.493,0.625,0.818,0.743,0.405,0.598,0.126,0.136,4.7,-2.0,0.2,108,-1.7,3.6,29.7,-16.4,34.4,2022
Jake Cronenworth,SDP,684,587,140,89,30,4,17,88,88,0.239,0.332,0.39,0.722,0.318,109,0.152,0.275,87.6,18.1,0.055999999999999994,0.33799999999999997,108.6,0.354,0.47700000000000004,0.16899999999999998,0.064,0.336,0.366,0.297,0.179,0.565,0.256,0.077,0.221,0.356,0.303,0.102,0.192,0.53,0.254,0.615,0.41700000000000004,0.6970000000000001,0.9129999999999999,0.841,0.45,0.621,0.066,0.214,4.3,-0.1,3.3,83,1.7,3.6,8.5,2.6,34.7,2022
Ha-seong Kim,SDP,582,517,130,87,29,3,11,58,59,0.251,0.325,0.383,0.708,0.313,105,0.132,0.29,86.7,16.1,0.042,0.32299999999999995,109.4,0.395,0.39299999999999996,0.212,0.145,0.465,0.361,0.175,0.198,0.528,0.27399999999999997,0.067,0.25,0.368,0.309,0.08800000000000001,0.172,0.51,0.275,0.623,0.431,0.743,0.883,0.8340000000000001,0.44799999999999995,0.62,0.07200000000000001,0.205,4.8,1.0,0.2,68,1.6,3.6,4.9,9.8,34.7,2022
Willson Contreras,CHC,487,416,101,54,23,2,22,65,55,0.243,0.349,0.466,0.815,0.357,134,0.224,0.27,90.4,8.5,0.105,0.479,116.2,0.514,0.33,0.156,0.135,0.444,0.317,0.23800000000000002,0.159,0.425,0.41600000000000004,0.212,0.256,0.463,0.363,0.092,0.21100000000000002,0.44,0.354,0.738,0.505,0.57,0.8240000000000001,0.716,0.392,0.6609999999999999,0.14400000000000002,0.128,4.2,-0.5,-1.1,74,-1.2,3.5,18.0,-1.4,33.3,2022
Starling Marte,NYM,505,466,136,91,24,5,16,76,63,0.292,0.347,0.468,0.814,0.355,133,0.176,0.34,86.8,7.5,0.068,0.33899999999999997,113.3,0.49,0.289,0.221,0.057,0.425,0.336,0.23800000000000002,0.171,0.575,0.255,0.151,0.276,0.428,0.336,0.051,0.192,0.27,0.36,0.685,0.493,0.6559999999999999,0.8759999999999999,0.7809999999999999,0.41100000000000003,0.628,0.10800000000000001,0.16699999999999998,6.5,-0.5,2.0,76,0.3,3.5,19.8,-3.7,33.4,2022
Byron Buxton,MIN,382,340,76,32,13,3,28,61,51,0.224,0.306,0.526,0.833,0.356,135,0.303,0.244,92.9,21.4,0.16399999999999998,0.502,113.5,0.307,0.511,0.182,0.122,0.5820000000000001,0.249,0.16899999999999998,0.147,0.436,0.418,0.243,0.242,0.509,0.358,0.08900000000000001,0.304,0.29,0.311,0.6779999999999999,0.46799999999999997,0.496,0.8059999999999999,0.688,0.42700000000000005,0.56,0.146,0.159,6.5,0.9,1.4,58,3.2,3.4,18.1,2.3,32.5,2022
Elvis Andrus,- - -,577,535,133,84,32,0,17,66,58,0.249,0.303,0.404,0.707,0.31,104,0.155,0.272,87.9,11.9,0.045,0.348,109.9,0.465,0.36200000000000004,0.17300000000000001,0.132,0.406,0.354,0.239,0.17800000000000002,0.526,0.29600000000000004,0.107,0.245,0.36,0.293,0.068,0.159,0.42,0.32799999999999996,0.63,0.45399999999999996,0.696,0.887,0.8059999999999999,0.41700000000000004,0.612,0.08800000000000001,0.18600000000000003,4.5,1.5,5.1,66,4.1,3.4,6.7,7.7,32.6,2022
Vladimir Guerrero Jr.,TOR,706,638,175,108,35,0,32,90,97,0.274,0.339,0.48,0.818,0.351,132,0.205,0.289,92.8,4.2,0.11199999999999999,0.504,118.4,0.521,0.306,0.17300000000000001,0.11199999999999999,0.395,0.376,0.228,0.152,0.46399999999999997,0.384,0.19899999999999998,0.281,0.464,0.351,0.08199999999999999,0.16399999999999998,0.5,0.342,0.737,0.49700000000000005,0.649,0.8740000000000001,0.78,0.39299999999999996,0.589,0.109,0.14400000000000002,3.1,-0.3,-3.0,104,-1.0,3.3,24.6,-15.1,31.8,2022
Jeremy Pena,HOU,558,521,132,88,20,2,22,72,63,0.253,0.289,0.426,0.715,0.309,102,0.173,0.298,88.1,8.7,0.096,0.365,110.5,0.46399999999999997,0.32899999999999996,0.207,0.102,0.46399999999999997,0.309,0.22699999999999998,0.161,0.5539999999999999,0.28600000000000003,0.17300000000000001,0.252,0.402,0.304,0.039,0.242,0.16,0.41,0.7659999999999999,0.547,0.527,0.873,0.7140000000000001,0.385,0.6829999999999999,0.157,0.13,5.3,0.9,1.0,64,2.3,3.3,3.8,10.1,31.5,2022
Adolis Garcia,TEX,657,605,151,85,34,5,27,88,101,0.25,0.3,0.456,0.756,0.324,112,0.207,0.309,92.1,13.2,0.129,0.474,113.0,0.40700000000000003,0.39799999999999996,0.19399999999999998,0.129,0.423,0.36200000000000004,0.215,0.161,0.446,0.39299999999999996,0.159,0.244,0.447,0.322,0.061,0.27899999999999997,0.22,0.40299999999999997,0.755,0.535,0.5920000000000001,0.769,0.6859999999999999,0.376,0.629,0.168,0.128,6.6,2.1,3.0,83,4.6,3.2,13.3,-3.6,30.4,2022
Nathaniel Lowe,TEX,645,593,179,123,26,3,27,74,76,0.302,0.358,0.492,0.851,0.368,143,0.191,0.363,90.2,8.2,0.099,0.44799999999999995,113.0,0.48100000000000004,0.306,0.213,0.066,0.33,0.37,0.3,0.155,0.493,0.35200000000000004,0.19899999999999998,0.275,0.459,0.344,0.07400000000000001,0.228,0.33,0.349,0.75,0.522,0.659,0.867,0.7879999999999999,0.431,0.626,0.111,0.131,2.7,-1.1,-3.7,104,-3.2,3.1,27.8,-18.8,29.4,2022
Brandon Drury,- - -,568,518,136,75,31,2,28,87,87,0.263,0.32,0.492,0.813,0.35,123,0.23,0.293,89.1,13.8,0.10400000000000001,0.42200000000000004,112.4,0.409,0.39399999999999996,0.19699999999999998,0.09,0.47200000000000003,0.301,0.22699999999999998,0.172,0.47700000000000004,0.35100000000000003,0.179,0.242,0.42,0.316,0.067,0.222,0.3,0.324,0.648,0.45899999999999996,0.7040000000000001,0.889,0.812,0.41600000000000004,0.607,0.086,0.185,3.5,-1.3,-3.2,83,-2.8,3.1,12.4,-2.3,29.7,2022
Matt Olson,ATL,699,616,148,70,44,0,34,86,103,0.24,0.325,0.477,0.802,0.344,121,0.237,0.274,92.9,16.1,0.136,0.509,116.8,0.39,0.423,0.187,0.13699999999999998,0.40399999999999997,0.373,0.222,0.162,0.444,0.39299999999999996,0.179,0.248,0.467,0.347,0.107,0.243,0.44,0.32799999999999996,0.754,0.495,0.6679999999999999,0.792,0.742,0.392,0.624,0.128,0.129,1.2,-0.6,-0.8,99,-1.9,3.1,15.3,-9.5,29.8,2022
Ryan McMahon,COL,597,529,130,84,23,3,20,67,67,0.246,0.327,0.414,0.741,0.326,97,0.168,0.311,91.7,10.8,0.10400000000000001,0.465,113.7,0.446,0.327,0.22699999999999998,0.025,0.369,0.34,0.29100000000000004,0.099,0.505,0.396,0.165,0.247,0.423,0.33,0.10099999999999999,0.265,0.38,0.285,0.662,0.452,0.6,0.83,0.7490000000000001,0.442,0.648,0.113,0.171,4.2,-0.4,1.6,76,0.8,3.1,-1.5,10.1,29.1,2022
DJ LeMahieu,NYY,541,467,122,92,18,0,12,74,46,0.261,0.357,0.377,0.734,0.329,115,0.116,0.285,89.2,3.0,0.053,0.409,110.9,0.5329999999999999,0.28300000000000003,0.184,0.045,0.258,0.38299999999999995,0.358,0.158,0.614,0.228,0.107,0.274,0.403,0.344,0.124,0.131,0.94,0.276,0.547,0.39399999999999996,0.8029999999999999,0.92,0.8740000000000001,0.436,0.636,0.05,0.24,2.8,-1.1,-1.9,70,-2.4,3.1,6.8,5.2,29.1,2022
Amed Rosario,CLE,670,637,180,134,26,9,11,86,71,0.283,0.312,0.403,0.715,0.311,104,0.121,0.326,88.4,5.0,0.045,0.38299999999999995,110.8,0.525,0.27399999999999997,0.20199999999999999,0.11,0.34700000000000003,0.379,0.27399999999999997,0.162,0.574,0.264,0.076,0.276,0.396,0.31,0.037000000000000005,0.166,0.23,0.425,0.684,0.531,0.7340000000000001,0.884,0.813,0.41,0.649,0.099,0.17,6.7,1.3,2.7,77,5.4,3.1,8.1,-0.3,29.1,2022
Ke'Bryan Hayes,PIT,560,505,123,89,24,3,7,55,41,0.244,0.314,0.345,0.659,0.294,86,0.101,0.307,91.0,5.3,0.039,0.46799999999999997,113.0,0.494,0.28800000000000003,0.218,0.10800000000000001,0.27,0.408,0.322,0.16399999999999998,0.53,0.306,0.063,0.246,0.35,0.3,0.086,0.218,0.39,0.3,0.635,0.433,0.6579999999999999,0.9209999999999999,0.8109999999999999,0.396,0.586,0.08199999999999999,0.19399999999999998,5.3,1.4,0.4,57,2.8,3.1,-6.4,16.7,29.6,2022
Teoscar Hernandez,TOR,535,499,133,72,35,1,25,71,77,0.267,0.316,0.491,0.807,0.348,130,0.224,0.335,92.6,11.6,0.15,0.5329999999999999,114.1,0.441,0.34299999999999997,0.21600000000000003,0.059000000000000004,0.42100000000000004,0.326,0.254,0.10099999999999999,0.461,0.43799999999999994,0.21,0.265,0.501,0.351,0.064,0.284,0.22,0.336,0.716,0.489,0.512,0.7979999999999999,0.6809999999999999,0.402,0.596,0.156,0.159,3.8,-0.4,0.2,77,0.5,3.0,18.3,-6.4,28.9,2022
Bryan Reynolds,PIT,614,542,142,92,19,4,27,74,62,0.262,0.345,0.461,0.807,0.349,123,0.199,0.306,90.2,12.0,0.079,0.429,113.2,0.43200000000000005,0.34700000000000003,0.221,0.043,0.402,0.35200000000000004,0.24600000000000002,0.129,0.573,0.298,0.193,0.249,0.416,0.329,0.091,0.23,0.4,0.35600000000000004,0.745,0.504,0.565,0.88,0.742,0.38,0.622,0.13,0.131,4.5,-0.4,-0.8,89,-1.8,2.9,14.8,-8.3,27.6,2022
Thairo Estrada,SFG,541,488,127,89,22,2,14,71,62,0.26,0.322,0.4,0.722,0.317,106,0.139,0.29,86.2,8.2,0.044000000000000004,0.311,109.3,0.505,0.295,0.19899999999999998,0.12,0.449,0.33299999999999996,0.217,0.195,0.568,0.237,0.12,0.246,0.352,0.299,0.061,0.165,0.37,0.355,0.687,0.48700000000000004,0.6920000000000001,0.9079999999999999,0.813,0.39799999999999996,0.632,0.091,0.166,5.8,1.3,0.8,65,1.3,2.8,5.3,2.5,26.4,2022
Jorge Mateo,BAL,533,494,109,64,25,7,13,63,50,0.221,0.267,0.379,0.646,0.281,83,0.158,0.286,86.8,14.8,0.059000000000000004,0.325,111.3,0.38299999999999995,0.414,0.203,0.11199999999999999,0.366,0.355,0.278,0.182,0.557,0.261,0.091,0.222,0.344,0.272,0.051,0.276,0.18,0.39399999999999996,0.728,0.531,0.55,0.836,0.71,0.409,0.679,0.154,0.145,8.4,3.0,2.5,49,5.0,2.8,-5.3,14.7,26.3,2022
Danny Jansen,TOR,248,215,56,31,10,0,15,34,44,0.26,0.339,0.516,0.855,0.364,141,0.256,0.255,90.4,22.2,0.131,0.466,109.3,0.335,0.506,0.159,0.225,0.523,0.313,0.165,0.222,0.364,0.415,0.16899999999999998,0.261,0.511,0.366,0.10099999999999999,0.177,0.57,0.261,0.696,0.452,0.6809999999999999,0.853,0.797,0.43799999999999994,0.601,0.092,0.174,2.5,0.0,-0.1,39,0.4,2.7,11.7,5.8,25.3,2022
Luis Arraez,MIN,603,547,173,133,31,1,8,88,49,0.316,0.375,0.42,0.795,0.35,130,0.104,0.331,88.9,12.9,0.036000000000000004,0.302,107.3,0.41200000000000003,0.32899999999999996,0.258,0.036000000000000004,0.316,0.379,0.306,0.10300000000000001,0.619,0.278,0.048,0.288,0.408,0.333,0.083,0.071,1.16,0.28600000000000003,0.631,0.42700000000000005,0.9109999999999999,0.96,0.941,0.41100000000000003,0.512,0.025,0.187,3.0,-1.6,0.7,88,-2.6,2.7,17.8,-11.0,26.0,2022
Randy Arozarena,TBR,645,586,154,90,41,3,20,72,89,0.263,0.327,0.445,0.773,0.336,124,0.183,0.325,89.9,8.8,0.079,0.41,114.1,0.507,0.32899999999999996,0.16399999999999998,0.19,0.396,0.38,0.225,0.19699999999999998,0.488,0.315,0.141,0.23,0.377,0.297,0.071,0.242,0.29,0.33399999999999996,0.6559999999999999,0.46,0.638,0.8109999999999999,0.735,0.39,0.602,0.122,0.18100000000000002,5.6,1.0,-4.1,87,-1.5,2.7,15.6,-10.3,25.7,2022
Gavin Lux,LAD,471,421,116,83,20,7,6,66,42,0.276,0.346,0.399,0.745,0.328,113,0.124,0.341,88.0,6.8,0.061,0.39799999999999996,108.1,0.489,0.295,0.21600000000000003,0.07200000000000001,0.42200000000000004,0.365,0.213,0.17300000000000001,0.541,0.28600000000000003,0.062,0.243,0.367,0.31,0.1,0.20199999999999999,0.49,0.267,0.65,0.426,0.642,0.8690000000000001,0.7859999999999999,0.415,0.5820000000000001,0.091,0.188,6.2,0.1,1.5,61,0.9,2.7,8.3,1.2,25.7,2022
Jonah Heim,TEX,450,406,92,55,20,1,16,51,48,0.227,0.298,0.399,0.697,0.306,99,0.172,0.249,89.3,17.0,0.069,0.39899999999999997,112.4,0.391,0.434,0.175,0.14400000000000002,0.517,0.324,0.159,0.153,0.523,0.324,0.115,0.224,0.361,0.291,0.091,0.193,0.47,0.32899999999999996,0.755,0.506,0.6920000000000001,0.88,0.809,0.41600000000000004,0.642,0.09699999999999999,0.139,3.2,0.0,-1.8,50,-2.3,2.7,-3.0,14.9,26.1,2022
Bryce Harper,PHI,426,370,106,59,28,1,18,63,65,0.286,0.364,0.514,0.877,0.369,139,0.227,0.324,92.1,11.8,0.128,0.479,114.3,0.415,0.345,0.24,0.04,0.40299999999999997,0.348,0.248,0.1,0.5479999999999999,0.35200000000000004,0.182,0.288,0.527,0.38,0.10800000000000001,0.204,0.53,0.39799999999999996,0.825,0.556,0.613,0.833,0.7340000000000001,0.37,0.6409999999999999,0.14800000000000002,0.09,4.6,0.2,-0.7,69,1.2,2.6,20.6,-10.0,25.2,2022
Lars Nootbaar,STL,347,290,66,33,16,3,14,53,40,0.228,0.34,0.448,0.788,0.342,123,0.221,0.248,91.8,10.7,0.121,0.46,113.0,0.43799999999999994,0.38799999999999996,0.174,0.11800000000000001,0.424,0.366,0.21,0.161,0.48700000000000004,0.353,0.165,0.247,0.414,0.346,0.147,0.205,0.72,0.245,0.588,0.387,0.6729999999999999,0.838,0.777,0.415,0.617,0.086,0.20199999999999999,5.5,0.1,0.6,49,0.5,2.6,9.6,3.6,25.1,2022
Ty France,SEA,613,551,151,103,27,1,20,65,83,0.274,0.338,0.436,0.774,0.337,127,0.162,0.296,87.6,10.0,0.054000000000000006,0.36700000000000005,110.4,0.478,0.307,0.214,0.085,0.38299999999999995,0.342,0.275,0.18,0.517,0.303,0.141,0.262,0.397,0.321,0.057,0.153,0.37,0.358,0.785,0.524,0.674,0.929,0.8220000000000001,0.389,0.573,0.09300000000000001,0.128,1.5,-0.6,-0.7,83,-0.9,2.6,17.7,-12.0,25.1,2022
Brendan Donovan,STL,468,391,110,83,21,1,5,64,45,0.281,0.394,0.379,0.773,0.349,127,0.097,0.33,87.7,6.0,0.034,0.377,107.0,0.528,0.23600000000000002,0.23600000000000002,0.026000000000000002,0.355,0.34299999999999997,0.302,0.154,0.58,0.265,0.066,0.266,0.365,0.339,0.128,0.15,0.86,0.23199999999999998,0.575,0.37799999999999995,0.721,0.929,0.856,0.426,0.5660000000000001,0.054000000000000006,0.22399999999999998,2.9,-1.4,-0.2,68,-2.4,2.6,12.4,-3.8,24.6,2022
Gio Urshela,MIN,551,501,143,100,27,3,13,61,64,0.285,0.338,0.429,0.767,0.332,118,0.144,0.326,88.9,11.8,0.07,0.376,110.3,0.425,0.34700000000000003,0.228,0.07,0.359,0.376,0.265,0.133,0.534,0.33299999999999996,0.091,0.268,0.416,0.323,0.07400000000000001,0.174,0.43,0.397,0.72,0.531,0.731,0.8759999999999999,0.812,0.415,0.648,0.1,0.146,3.0,-0.4,-2.5,73,-3.1,2.6,8.1,-1.0,24.5,2022
Gleyber Torres,NYY,572,526,135,82,28,1,24,73,76,0.257,0.31,0.451,0.761,0.328,114,0.194,0.295,90.4,17.5,0.107,0.451,111.3,0.35600000000000004,0.45899999999999996,0.185,0.087,0.36700000000000005,0.33899999999999997,0.294,0.127,0.526,0.34700000000000003,0.131,0.244,0.441,0.319,0.068,0.226,0.3,0.315,0.7490000000000001,0.494,0.62,0.8240000000000001,0.748,0.413,0.642,0.124,0.14300000000000002,4.1,-0.5,0.0,74,-2.2,2.6,7.1,0.0,25.2,2022
Ramon Urias,BAL,445,403,100,66,17,1,16,50,51,0.248,0.305,0.414,0.72,0.313,105,0.166,0.287,89.4,11.0,0.096,0.465,110.0,0.47200000000000003,0.34600000000000003,0.18100000000000002,0.14,0.41700000000000004,0.337,0.247,0.17600000000000002,0.484,0.34,0.15,0.25,0.42,0.32,0.067,0.22,0.31,0.33799999999999997,0.7290000000000001,0.499,0.652,0.815,0.75,0.41100000000000003,0.667,0.125,0.158,2.7,-0.2,0.2,52,1.2,2.6,3.9,6.9,24.8,2022
Jazz Chisholm Jr.,MIA,241,213,54,26,10,4,14,39,45,0.254,0.325,0.535,0.86,0.365,134,0.282,0.294,90.2,15.1,0.166,0.46399999999999997,109.6,0.374,0.408,0.218,0.083,0.5,0.313,0.187,0.133,0.5,0.36700000000000005,0.233,0.242,0.473,0.345,0.087,0.27399999999999997,0.32,0.307,0.677,0.465,0.5870000000000001,0.778,0.706,0.42700000000000005,0.593,0.13699999999999998,0.16399999999999998,7.9,0.2,1.7,38,3.4,2.5,13.0,2.8,24.0,2022
Anthony Rizzo,NYY,548,465,104,50,21,1,32,77,75,0.224,0.338,0.48,0.817,0.352,131,0.256,0.216,89.4,19.3,0.109,0.41,113.3,0.332,0.493,0.175,0.106,0.48100000000000004,0.295,0.22399999999999998,0.175,0.5,0.325,0.17800000000000002,0.238,0.453,0.349,0.106,0.184,0.57,0.321,0.6559999999999999,0.45899999999999996,0.6509999999999999,0.8809999999999999,0.787,0.413,0.568,0.098,0.168,3.7,-1.3,-2.6,81,-2.2,2.5,17.2,-11.0,23.5,2022
Mark Canha,NYM,542,462,123,86,24,0,13,71,61,0.266,0.367,0.403,0.77,0.343,126,0.136,0.309,87.7,10.9,0.049,0.366,108.0,0.45299999999999996,0.34700000000000003,0.201,0.133,0.41700000000000004,0.295,0.287,0.209,0.507,0.285,0.102,0.245,0.362,0.323,0.08900000000000001,0.179,0.49,0.27699999999999997,0.633,0.428,0.732,0.8420000000000001,0.8009999999999999,0.424,0.635,0.085,0.21,3.1,-0.5,-2.8,76,-1.7,2.5,14.4,-9.1,24.0,2022
Josh Rojas,ARI,510,443,119,84,25,1,9,66,56,0.269,0.349,0.391,0.739,0.326,109,0.122,0.323,88.8,11.9,0.045,0.361,109.1,0.41600000000000004,0.35200000000000004,0.233,0.057999999999999996,0.327,0.355,0.318,0.135,0.5660000000000001,0.299,0.07400000000000001,0.239,0.361,0.305,0.10800000000000001,0.192,0.56,0.225,0.6509999999999999,0.408,0.682,0.852,0.799,0.43,0.586,0.08199999999999999,0.191,5.6,2.8,2.8,65,3.8,2.5,8.8,-2.2,24.1,2022
Trevor Story,BOS,396,357,85,47,22,0,16,53,66,0.238,0.303,0.434,0.737,0.316,100,0.196,0.309,88.9,17.8,0.113,0.406,113.4,0.35600000000000004,0.452,0.192,0.14800000000000002,0.423,0.326,0.251,0.184,0.485,0.331,0.14800000000000002,0.221,0.397,0.301,0.081,0.308,0.26,0.369,0.701,0.498,0.607,0.821,0.725,0.39,0.629,0.13699999999999998,0.152,5.4,2.3,0.7,47,3.0,2.5,3.0,8.6,24.2,2022
Jurickson Profar,SDP,658,575,140,87,36,2,15,82,58,0.243,0.331,0.391,0.723,0.32,110,0.148,0.272,87.5,12.9,0.04,0.34299999999999997,109.4,0.439,0.344,0.217,0.10400000000000001,0.439,0.314,0.247,0.201,0.504,0.295,0.092,0.251,0.359,0.315,0.111,0.157,0.71,0.27,0.655,0.433,0.726,0.887,0.8290000000000001,0.423,0.594,0.07400000000000001,0.182,4.0,-0.1,-1.0,81,-0.4,2.5,7.2,-5.7,24.1,2022
Matt Carpenter,NYY,154,128,39,15,9,0,15,28,37,0.305,0.412,0.727,1.138,0.472,216,0.422,0.304,89.8,22.4,0.13699999999999998,0.42100000000000004,107.7,0.228,0.5329999999999999,0.239,0.02,0.6,0.221,0.179,0.105,0.526,0.368,0.306,0.232,0.487,0.363,0.12300000000000001,0.22699999999999998,0.54,0.207,0.6459999999999999,0.41100000000000003,0.625,0.853,0.7909999999999999,0.465,0.5,0.086,0.188,1.4,-0.2,-1.1,37,-0.3,2.4,19.7,-2.1,22.5,2022
Joc Pederson,SFG,433,380,104,59,19,3,23,57,70,0.274,0.353,0.521,0.874,0.373,144,0.247,0.31,93.2,14.8,0.151,0.521,112.8,0.361,0.45,0.18899999999999997,0.032,0.377,0.37,0.254,0.134,0.465,0.401,0.183,0.263,0.499,0.364,0.09699999999999999,0.231,0.42,0.317,0.67,0.457,0.621,0.8909999999999999,0.778,0.397,0.5589999999999999,0.10099999999999999,0.16,4.0,-0.6,0.5,71,0.0,2.4,22.3,-14.7,22.5,2022
Hunter Renfroe,MIL,522,474,121,68,23,1,29,62,72,0.255,0.315,0.492,0.807,0.347,124,0.236,0.281,90.5,17.7,0.109,0.436,112.5,0.361,0.465,0.175,0.121,0.441,0.324,0.235,0.184,0.46399999999999997,0.35200000000000004,0.17600000000000002,0.24,0.438,0.323,0.075,0.23199999999999998,0.32,0.344,0.6759999999999999,0.47700000000000004,0.636,0.84,0.752,0.401,0.59,0.11800000000000001,0.163,2.2,-0.7,-0.6,75,-1.8,2.4,12.7,-7.7,23.0,2022
Rhys Hoskins,PHI,672,589,145,80,33,2,30,81,79,0.246,0.332,0.462,0.794,0.345,123,0.216,0.292,90.1,18.1,0.111,0.442,112.2,0.35600000000000004,0.41700000000000004,0.226,0.11900000000000001,0.455,0.318,0.226,0.142,0.535,0.32299999999999995,0.16899999999999998,0.239,0.445,0.338,0.107,0.251,0.43,0.258,0.639,0.418,0.581,0.8640000000000001,0.762,0.42,0.573,0.099,0.188,2.8,-0.7,-2.6,96,-2.6,2.4,15.1,-15.5,22.7,2022
Ronald Acuna Jr.,ATL,533,467,124,85,24,0,15,71,50,0.266,0.351,0.413,0.764,0.335,115,0.148,0.331,91.2,10.8,0.128,0.49700000000000005,116.6,0.47700000000000004,0.34,0.183,0.128,0.445,0.35200000000000004,0.203,0.18,0.474,0.34600000000000003,0.128,0.272,0.486,0.366,0.099,0.23600000000000002,0.42,0.285,0.762,0.479,0.669,0.83,0.773,0.406,0.604,0.109,0.139,4.9,0.8,4.3,72,3.7,2.4,13.2,-9.0,22.5,2022
Isaac Paredes,TBR,381,331,68,32,16,0,20,48,45,0.205,0.304,0.435,0.74,0.323,115,0.23,0.195,87.4,15.8,0.064,0.387,110.4,0.42100000000000004,0.455,0.124,0.149,0.519,0.278,0.203,0.162,0.556,0.282,0.165,0.21,0.348,0.297,0.115,0.17600000000000002,0.66,0.251,0.626,0.39799999999999996,0.768,0.902,0.851,0.39299999999999996,0.551,0.059000000000000004,0.20199999999999999,1.7,-0.7,0.7,48,-0.5,2.4,5.8,4.6,22.5,2022
Luis Urias,MIL,472,406,97,63,17,1,16,54,47,0.239,0.335,0.404,0.739,0.327,110,0.165,0.274,87.3,18.0,0.083,0.353,109.7,0.365,0.433,0.20199999999999999,0.096,0.46799999999999997,0.311,0.221,0.17600000000000002,0.503,0.321,0.11900000000000001,0.238,0.398,0.326,0.106,0.21,0.51,0.265,0.652,0.43200000000000005,0.752,0.8270000000000001,0.8,0.431,0.623,0.086,0.196,2.3,-1.1,1.3,60,-0.5,2.4,5.2,1.3,22.7,2022
Chas McCormick,HOU,407,359,88,60,12,2,14,47,44,0.245,0.332,0.407,0.738,0.326,115,0.162,0.308,88.1,12.8,0.102,0.39,109.9,0.431,0.35100000000000003,0.218,0.046,0.34299999999999997,0.358,0.299,0.102,0.598,0.299,0.161,0.232,0.414,0.325,0.113,0.26,0.43,0.325,0.723,0.48,0.583,0.8009999999999999,0.711,0.39,0.575,0.139,0.154,3.8,-0.8,-0.6,52,-1.7,2.4,4.9,4.6,22.5,2022
Santiago Espinal,TOR,491,449,120,88,25,0,7,51,51,0.267,0.322,0.37,0.692,0.305,100,0.102,0.3,86.1,14.1,0.034,0.317,107.5,0.429,0.34,0.23,0.12300000000000001,0.4,0.364,0.23600000000000002,0.19699999999999998,0.5529999999999999,0.249,0.054000000000000006,0.263,0.348,0.298,0.073,0.138,0.53,0.29600000000000004,0.682,0.45899999999999996,0.764,0.9129999999999999,0.857,0.423,0.601,0.065,0.179,2.7,-1.7,0.9,54,-1.1,2.4,-1.3,8.3,22.5,2022
Trayce Thompson,- - -,255,219,56,28,14,1,13,36,41,0.256,0.353,0.507,0.86,0.37,142,0.251,0.374,92.2,16.4,0.16399999999999998,0.469,111.9,0.313,0.391,0.297,0.06,0.555,0.289,0.156,0.094,0.484,0.42200000000000004,0.26,0.251,0.496,0.366,0.125,0.365,0.34,0.27699999999999997,0.672,0.43799999999999994,0.48700000000000004,0.775,0.667,0.40700000000000003,0.647,0.146,0.17300000000000001,4.9,0.1,1.8,41,1.2,2.3,13.7,-0.2,22.2,2022
Justin Turner,LAD,532,468,130,81,36,0,13,61,81,0.278,0.35,0.438,0.788,0.343,123,0.16,0.313,89.5,18.4,0.08,0.406,108.9,0.32,0.434,0.245,0.06,0.359,0.349,0.292,0.127,0.5529999999999999,0.32,0.077,0.267,0.427,0.339,0.094,0.16699999999999998,0.56,0.313,0.725,0.483,0.7340000000000001,0.867,0.816,0.413,0.5770000000000001,0.08900000000000001,0.146,2.8,0.0,-2.8,75,-4.1,2.3,10.3,-6.7,21.9,2022
Anthony Santander,BAL,647,574,138,81,24,0,33,78,89,0.24,0.318,0.455,0.773,0.336,121,0.214,0.248,90.1,21.4,0.11599999999999999,0.433,112.0,0.314,0.498,0.18899999999999997,0.18899999999999997,0.44,0.359,0.201,0.212,0.44,0.348,0.145,0.257,0.471,0.352,0.085,0.18899999999999997,0.45,0.35,0.6829999999999999,0.47700000000000004,0.71,0.8859999999999999,0.8059999999999999,0.382,0.595,0.092,0.16699999999999998,1.6,-1.4,1.4,87,-1.7,2.3,13.8,-12.1,22.1,2022
Kolten Wong,MIL,497,430,108,65,24,4,15,65,47,0.251,0.339,0.43,0.77,0.336,117,0.179,0.28,87.0,14.0,0.054000000000000006,0.355,109.7,0.418,0.368,0.213,0.151,0.45299999999999996,0.292,0.255,0.16899999999999998,0.5670000000000001,0.264,0.11900000000000001,0.235,0.353,0.305,0.09300000000000001,0.177,0.52,0.249,0.6579999999999999,0.426,0.659,0.882,0.8079999999999999,0.43200000000000005,0.555,0.08199999999999999,0.179,6.1,0.5,1.7,67,2.2,2.3,11.8,-6.6,22.2,2022
Wander Franco,TBR,344,314,87,58,20,3,6,46,33,0.277,0.328,0.417,0.746,0.323,115,0.14,0.29,87.3,8.2,0.046,0.358,112.4,0.442,0.312,0.24600000000000002,0.10099999999999999,0.386,0.34,0.27399999999999997,0.196,0.519,0.284,0.067,0.285,0.408,0.331,0.076,0.096,0.79,0.34700000000000003,0.747,0.513,0.789,0.9420000000000001,0.8809999999999999,0.415,0.599,0.061,0.135,6.4,1.3,1.6,43,2.4,2.3,8.3,2.3,21.5,2022
Bobby Witt Jr.,KCR,632,591,150,93,31,6,20,82,80,0.254,0.294,0.428,0.722,0.311,98,0.174,0.295,89.7,16.8,0.087,0.386,113.7,0.36200000000000004,0.46399999999999997,0.174,0.098,0.358,0.386,0.256,0.161,0.531,0.308,0.09300000000000001,0.253,0.427,0.314,0.047,0.214,0.22,0.373,0.731,0.518,0.6679999999999999,0.856,0.7759999999999999,0.40700000000000003,0.638,0.11599999999999999,0.158,7.2,2.7,3.7,73,7.2,2.3,5.7,-3.5,22.1,2022
Kyle Schwarber,PHI,669,577,126,56,21,3,46,100,94,0.218,0.323,0.504,0.827,0.355,129,0.286,0.24,93.2,19.2,0.201,0.544,114.8,0.332,0.511,0.157,0.12,0.43799999999999994,0.369,0.193,0.16399999999999998,0.451,0.385,0.24,0.237,0.535,0.375,0.129,0.299,0.43,0.25,0.621,0.40299999999999997,0.583,0.81,0.728,0.413,0.595,0.11,0.19399999999999998,5.2,1.0,-2.0,100,-1.3,2.2,21.4,-23.1,21.2,2022
Jake McCarthy,ARI,354,321,91,64,16,3,8,53,43,0.283,0.342,0.427,0.769,0.337,116,0.143,0.349,87.4,8.0,0.048,0.33299999999999996,108.3,0.49200000000000005,0.28600000000000003,0.223,0.08800000000000001,0.373,0.373,0.253,0.16899999999999998,0.5660000000000001,0.265,0.11800000000000001,0.249,0.358,0.298,0.065,0.215,0.3,0.345,0.74,0.519,0.5720000000000001,0.845,0.7440000000000001,0.442,0.655,0.133,0.128,7.6,3.0,3.6,48,6.7,2.2,13.3,-4.4,21.1,2022
Christian Yelich,MIL,671,575,145,102,25,4,14,99,57,0.252,0.355,0.383,0.738,0.328,111,0.13,0.327,91.5,3.6,0.08199999999999999,0.486,117.2,0.586,0.23,0.184,0.053,0.344,0.353,0.303,0.139,0.522,0.33899999999999997,0.147,0.258,0.402,0.338,0.131,0.24100000000000002,0.54,0.262,0.682,0.431,0.5760000000000001,0.885,0.773,0.40399999999999997,0.557,0.098,0.17,6.0,1.8,1.3,86,3.2,2.2,11.7,-13.7,21.1,2022
Tim Anderson,CHW,351,332,100,81,13,0,6,50,25,0.301,0.339,0.395,0.734,0.323,110,0.093,0.347,88.2,3.3,0.057999999999999996,0.41200000000000003,108.7,0.5489999999999999,0.209,0.242,0.017,0.35700000000000004,0.33899999999999997,0.303,0.126,0.588,0.285,0.10300000000000001,0.297,0.432,0.336,0.04,0.157,0.25,0.444,0.773,0.578,0.6940000000000001,0.8809999999999999,0.7959999999999999,0.408,0.65,0.11800000000000001,0.122,5.6,2.2,1.3,44,4.1,2.2,8.1,2.2,21.4,2022
J.P. Crawford,SEA,603,518,126,93,24,3,6,57,42,0.243,0.339,0.336,0.675,0.306,105,0.093,0.275,85.1,8.9,0.02,0.297,109.3,0.452,0.314,0.23399999999999999,0.152,0.342,0.384,0.27399999999999997,0.21600000000000003,0.562,0.222,0.043,0.255,0.337,0.315,0.113,0.133,0.85,0.243,0.63,0.41,0.7709999999999999,0.9259999999999999,0.8740000000000001,0.43200000000000005,0.552,0.052000000000000005,0.187,3.2,-0.9,0.8,67,0.8,2.2,4.1,-2.1,21.2,2022
Jon Berti,MIA,404,358,86,62,17,3,4,47,28,0.24,0.324,0.338,0.662,0.298,88,0.098,0.308,88.0,4.7,0.059000000000000004,0.37,109.1,0.53,0.304,0.16699999999999998,0.037000000000000005,0.322,0.4,0.278,0.193,0.544,0.263,0.049,0.236,0.358,0.306,0.10400000000000001,0.22,0.47,0.263,0.677,0.444,0.605,0.875,0.785,0.436,0.619,0.096,0.18100000000000002,7.7,5.8,2.2,42,8.7,2.2,3.2,3.5,20.6,2022
Josh Bell,- - -,647,552,147,98,29,3,17,78,71,0.266,0.362,0.422,0.784,0.344,124,0.156,0.296,88.9,8.3,0.07200000000000001,0.405,112.2,0.504,0.309,0.18600000000000003,0.099,0.384,0.36,0.257,0.171,0.5329999999999999,0.29600000000000004,0.121,0.268,0.419,0.346,0.125,0.158,0.79,0.29100000000000004,0.701,0.45299999999999996,0.7170000000000001,0.863,0.8059999999999999,0.39399999999999996,0.529,0.08800000000000001,0.149,2.4,-1.1,-2.0,91,-5.0,2.1,12.8,-14.9,20.1,2022
Austin Slater,SFG,325,277,73,49,15,2,7,49,34,0.264,0.366,0.408,0.774,0.344,124,0.144,0.361,89.0,6.6,0.105,0.395,109.4,0.524,0.259,0.21600000000000003,0.042,0.342,0.41600000000000004,0.242,0.121,0.568,0.311,0.146,0.259,0.429,0.351,0.12300000000000001,0.27399999999999997,0.45,0.28300000000000003,0.695,0.447,0.588,0.79,0.713,0.39799999999999996,0.665,0.128,0.18100000000000002,6.8,1.6,3.1,46,1.7,2.1,10.9,-2.0,20.1,2022
Luis Robert Jr.,CHW,401,380,108,78,18,0,12,54,56,0.284,0.319,0.426,0.746,0.324,111,0.142,0.329,89.3,10.0,0.08900000000000001,0.428,117.8,0.451,0.32899999999999996,0.22,0.1,0.37200000000000005,0.349,0.28,0.191,0.503,0.306,0.12,0.276,0.454,0.331,0.042,0.192,0.22,0.483,0.841,0.615,0.626,0.878,0.753,0.368,0.6709999999999999,0.152,0.091,4.6,0.6,3.4,50,1.7,2.1,6.7,1.0,20.4,2022
Tyrone Taylor,MIL,405,373,87,46,21,3,17,49,51,0.233,0.286,0.442,0.729,0.314,102,0.209,0.272,88.0,16.9,0.099,0.376,109.3,0.381,0.44,0.179,0.092,0.409,0.38,0.212,0.146,0.515,0.33899999999999997,0.142,0.236,0.412,0.307,0.054000000000000006,0.252,0.22,0.364,0.708,0.509,0.5920000000000001,0.8590000000000001,0.7490000000000001,0.423,0.63,0.127,0.16,4.6,-0.5,2.5,48,1.6,2.1,2.5,3.3,19.7,2022
Jean Segura,PHI,387,354,98,79,9,0,10,45,33,0.277,0.336,0.387,0.723,0.32,105,0.11,0.307,87.6,4.2,0.044000000000000004,0.384,111.0,0.5660000000000001,0.26899999999999996,0.165,0.138,0.313,0.387,0.3,0.23600000000000002,0.498,0.266,0.125,0.254,0.363,0.303,0.065,0.15,0.43,0.375,0.6609999999999999,0.486,0.754,0.9009999999999999,0.8320000000000001,0.39,0.623,0.08199999999999999,0.183,4.0,-0.2,1.7,47,0.4,2.1,2.8,3.9,20.0,2022
Jace Peterson,MIL,328,288,68,44,14,2,8,44,34,0.236,0.316,0.382,0.698,0.306,96,0.146,0.303,88.6,9.7,0.07200000000000001,0.361,108.8,0.451,0.319,0.23,0.046,0.418,0.361,0.221,0.13,0.5579999999999999,0.313,0.12300000000000001,0.231,0.362,0.3,0.10099999999999999,0.259,0.39,0.264,0.58,0.40399999999999997,0.552,0.882,0.7609999999999999,0.441,0.585,0.096,0.225,6.6,1.7,3.7,37,4.1,2.1,2.6,6.2,20.1,2022
Albert Pujols,STL,351,307,83,45,14,0,24,42,68,0.27,0.345,0.55,0.895,0.38,148,0.28,0.252,91.2,16.4,0.12,0.473,111.7,0.38,0.45299999999999996,0.16699999999999998,0.13699999999999998,0.535,0.29100000000000004,0.174,0.19399999999999998,0.40299999999999997,0.40299999999999997,0.205,0.262,0.499,0.365,0.08,0.157,0.51,0.369,0.6579999999999999,0.48200000000000004,0.69,0.9109999999999999,0.8079999999999999,0.39299999999999996,0.604,0.092,0.165,1.4,-0.9,-4.0,60,-4.2,2.0,15.6,-8.5,19.1,2022
William Contreras,ATL,376,334,93,58,14,1,20,51,45,0.278,0.354,0.506,0.86,0.37,139,0.228,0.344,90.4,6.1,0.134,0.466,115.2,0.53,0.319,0.151,0.095,0.418,0.36200000000000004,0.22,0.168,0.461,0.371,0.27,0.243,0.479,0.347,0.10400000000000001,0.27699999999999997,0.38,0.308,0.653,0.444,0.557,0.775,0.684,0.397,0.617,0.14,0.17800000000000002,3.4,0.0,-3.0,61,-4.8,2.0,12.4,-5.9,19.4,2022
Andrew Benintendi,- - -,521,461,140,109,23,3,5,54,51,0.304,0.373,0.399,0.772,0.342,121,0.095,0.352,89.2,12.6,0.051,0.387,109.8,0.434,0.345,0.221,0.038,0.305,0.41,0.285,0.09699999999999999,0.59,0.313,0.038,0.273,0.407,0.334,0.1,0.14800000000000002,0.68,0.27899999999999997,0.7490000000000001,0.48100000000000004,0.7340000000000001,0.855,0.815,0.431,0.5760000000000001,0.08900000000000001,0.131,4.1,-0.3,-0.1,73,-2.2,2.0,10.0,-7.4,19.1,2022
Seiya Suzuki,CHC,446,397,104,66,22,2,14,54,46,0.262,0.336,0.433,0.77,0.334,118,0.171,0.326,89.6,11.2,0.11,0.41,111.3,0.4,0.4,0.2,0.086,0.314,0.366,0.321,0.179,0.5,0.321,0.121,0.247,0.42,0.326,0.094,0.247,0.38,0.256,0.574,0.39,0.642,0.889,0.795,0.42,0.601,0.08,0.23199999999999998,4.5,-0.6,0.3,60,-0.4,2.0,9.1,-5.8,18.6,2022
Dylan Moore,SEA,255,205,46,27,11,2,6,41,24,0.224,0.368,0.385,0.753,0.338,127,0.161,0.32,87.2,20.6,0.128,0.361,110.5,0.32299999999999995,0.5,0.177,0.154,0.424,0.348,0.22699999999999998,0.182,0.5,0.318,0.092,0.202,0.36,0.322,0.133,0.294,0.45,0.20800000000000002,0.623,0.384,0.618,0.813,0.752,0.424,0.588,0.095,0.209,8.3,0.7,2.0,35,2.4,2.0,10.3,0.4,18.8,2022
Seby Zavala,CHW,205,178,48,32,14,0,2,22,21,0.27,0.347,0.382,0.729,0.323,111,0.112,0.404,88.8,22.7,0.092,0.37,105.8,0.284,0.474,0.24100000000000002,0.091,0.42,0.294,0.28600000000000003,0.16,0.521,0.319,0.036000000000000004,0.207,0.326,0.283,0.09300000000000001,0.312,0.3,0.358,0.7909999999999999,0.535,0.465,0.7879999999999999,0.66,0.409,0.6729999999999999,0.182,0.113,1.4,-0.2,-1.9,26,-1.9,2.0,0.6,12.0,19.1,2022
Max Muncy,LAD,565,464,91,47,22,1,21,69,69,0.196,0.329,0.384,0.713,0.318,106,0.188,0.227,90.3,20.9,0.134,0.456,111.2,0.315,0.495,0.19,0.07400000000000001,0.49200000000000005,0.313,0.195,0.11199999999999999,0.47700000000000004,0.41,0.13,0.208,0.417,0.339,0.159,0.25,0.64,0.212,0.617,0.384,0.593,0.823,0.75,0.425,0.604,0.096,0.204,3.0,-0.2,-0.2,68,-0.5,2.0,3.7,-3.7,19.4,2022
Javier Baez,DET,590,555,132,84,27,4,17,64,67,0.238,0.278,0.393,0.671,0.291,89,0.155,0.292,87.9,9.6,0.08,0.38,112.1,0.499,0.336,0.165,0.109,0.436,0.316,0.248,0.146,0.586,0.268,0.12300000000000001,0.226,0.374,0.281,0.044000000000000004,0.249,0.18,0.48700000000000004,0.691,0.5579999999999999,0.5529999999999999,0.815,0.6659999999999999,0.348,0.659,0.18600000000000003,0.135,5.2,0.5,1.7,59,2.1,2.0,-4.9,5.0,18.7,2022
Brandon Crawford,SFG,458,407,94,68,15,2,9,50,52,0.231,0.308,0.344,0.652,0.289,87,0.113,0.28,88.1,12.3,0.067,0.35100000000000003,109.0,0.466,0.35700000000000004,0.177,0.11699999999999999,0.38,0.38,0.24,0.182,0.5589999999999999,0.259,0.081,0.217,0.339,0.287,0.085,0.214,0.4,0.304,0.778,0.506,0.5329999999999999,0.789,0.701,0.425,0.607,0.151,0.11699999999999999,3.2,-0.7,2.7,45,-0.2,2.0,-7.3,11.0,19.5,2022
Josh Naylor,CLE,498,449,115,67,28,0,20,47,79,0.256,0.319,0.452,0.771,0.331,118,0.196,0.268,89.4,10.3,0.086,0.428,113.0,0.489,0.337,0.174,0.10300000000000001,0.452,0.342,0.20600000000000002,0.168,0.48100000000000004,0.35,0.159,0.257,0.43,0.327,0.076,0.161,0.48,0.375,0.7340000000000001,0.51,0.725,0.889,0.8140000000000001,0.374,0.594,0.095,0.129,2.9,0.4,-2.4,66,-1.4,1.9,8.7,-6.7,17.7,2022
Eduardo Escobar,NYM,542,495,119,69,26,4,20,58,69,0.24,0.295,0.43,0.726,0.311,104,0.19,0.281,88.3,20.6,0.094,0.376,111.5,0.298,0.473,0.228,0.07400000000000001,0.43,0.355,0.215,0.16899999999999998,0.5479999999999999,0.282,0.114,0.243,0.427,0.314,0.07400000000000001,0.23800000000000002,0.31,0.381,0.747,0.524,0.643,0.847,0.757,0.39,0.633,0.127,0.145,3.1,-1.2,1.6,63,0.1,1.9,2.4,-3.2,17.9,2022
Christian Vazquez,- - -,426,398,109,77,23,0,9,41,52,0.274,0.315,0.399,0.714,0.312,99,0.126,0.31,87.9,10.7,0.051,0.364,109.5,0.452,0.322,0.226,0.11199999999999999,0.34,0.38299999999999995,0.27699999999999997,0.157,0.584,0.259,0.084,0.258,0.372,0.298,0.052000000000000005,0.162,0.32,0.355,0.6809999999999999,0.49200000000000005,0.774,0.9059999999999999,0.851,0.419,0.6459999999999999,0.07400000000000001,0.175,1.8,-1.8,-6.8,50,-5.7,1.9,-6.1,10.7,18.1,2022
Dylan Carlson,STL,488,432,102,60,30,4,8,56,42,0.236,0.316,0.38,0.695,0.306,98,0.144,0.281,86.1,12.9,0.044000000000000004,0.272,109.2,0.423,0.37,0.207,0.064,0.368,0.371,0.26,0.17300000000000001,0.55,0.278,0.064,0.234,0.355,0.301,0.092,0.193,0.48,0.278,0.7140000000000001,0.46,0.648,0.84,0.772,0.418,0.564,0.105,0.163,4.9,-0.3,3.6,54,2.3,1.9,1.3,-0.2,17.8,2022
Brendan Rodgers,COL,581,527,140,94,30,3,13,72,63,0.266,0.325,0.408,0.733,0.321,94,0.142,0.304,90.0,4.6,0.07200000000000001,0.45899999999999996,112.2,0.522,0.267,0.21100000000000002,0.026000000000000002,0.309,0.37799999999999995,0.313,0.14800000000000002,0.501,0.35,0.113,0.265,0.404,0.326,0.079,0.174,0.46,0.314,0.74,0.494,0.647,0.88,0.795,0.423,0.611,0.10099999999999999,0.151,2.6,-0.6,2.3,72,-1.0,1.8,-5.4,2.8,17.4,2022
Ketel Marte,ARI,558,492,118,62,42,2,12,68,52,0.24,0.321,0.407,0.727,0.317,102,0.167,0.276,90.1,13.4,0.061,0.419,115.0,0.423,0.39,0.187,0.091,0.444,0.34600000000000003,0.21,0.149,0.505,0.34600000000000003,0.078,0.251,0.377,0.315,0.099,0.18100000000000002,0.54,0.307,0.685,0.46,0.7340000000000001,0.863,0.8109999999999999,0.405,0.593,0.087,0.16,4.2,0.1,-0.3,67,1.6,1.8,3.2,-5.2,17.2,2022
Austin Hays,BAL,582,535,134,81,35,2,16,66,60,0.25,0.306,0.413,0.719,0.314,106,0.163,0.289,87.7,11.3,0.052000000000000005,0.377,109.0,0.431,0.377,0.192,0.17,0.434,0.335,0.231,0.217,0.479,0.304,0.10099999999999999,0.24,0.372,0.298,0.057999999999999996,0.196,0.3,0.397,0.68,0.509,0.642,0.904,0.7809999999999999,0.396,0.653,0.11199999999999999,0.161,3.0,-1.7,2.3,68,-0.3,1.8,3.7,-5.1,17.0,2022
Luis Guillorme,NYM,335,297,81,66,12,1,2,33,17,0.273,0.351,0.34,0.691,0.311,104,0.067,0.317,86.2,4.4,0.024,0.249,110.2,0.5529999999999999,0.191,0.256,0.021,0.27699999999999997,0.431,0.292,0.126,0.6559999999999999,0.217,0.043,0.255,0.335,0.302,0.10099999999999999,0.13699999999999998,0.74,0.251,0.591,0.40399999999999997,0.831,0.9259999999999999,0.894,0.451,0.612,0.043,0.225,2.9,-0.2,-3.3,39,-2.0,1.8,-0.5,5.8,16.8,2022
Michael A. Taylor,KCR,456,414,105,83,10,3,9,49,43,0.254,0.313,0.357,0.67,0.297,88,0.104,0.321,86.3,12.1,0.068,0.32899999999999996,109.4,0.409,0.415,0.17600000000000002,0.11199999999999999,0.406,0.332,0.261,0.19,0.49700000000000005,0.313,0.07200000000000001,0.223,0.358,0.289,0.077,0.239,0.32,0.35200000000000004,0.7390000000000001,0.507,0.56,0.847,0.728,0.402,0.684,0.138,0.142,4.1,-0.5,0.4,48,0.6,1.8,-5.5,8.2,17.2,2022
Jose Siri,- - -,325,301,64,42,13,2,7,53,24,0.213,0.268,0.339,0.607,0.268,75,0.126,0.305,87.2,15.4,0.062,0.33,112.0,0.426,0.363,0.21100000000000002,0.13,0.402,0.35100000000000003,0.247,0.18,0.5820000000000001,0.237,0.10099999999999999,0.207,0.323,0.261,0.062,0.332,0.19,0.39799999999999996,0.698,0.515,0.536,0.769,0.66,0.392,0.6579999999999999,0.175,0.161,7.8,1.7,2.8,26,3.6,1.8,-5.5,12.4,17.1,2022
Joey Meneses,WSN,240,222,72,45,14,0,13,33,34,0.324,0.367,0.563,0.93,0.395,158,0.239,0.371,91.4,9.5,0.099,0.47100000000000003,110.9,0.44799999999999995,0.297,0.256,0.039,0.395,0.337,0.267,0.076,0.564,0.36,0.255,0.267,0.457,0.332,0.063,0.217,0.29,0.331,0.682,0.484,0.669,0.8640000000000001,0.789,0.436,0.6709999999999999,0.102,0.17800000000000002,2.4,0.0,-0.4,44,-1.3,1.7,14.9,-6.6,16.5,2022
Jorge Polanco,MIN,445,375,88,56,16,0,16,54,56,0.235,0.346,0.405,0.751,0.333,118,0.171,0.269,89.0,21.7,0.102,0.387,111.0,0.3,0.48200000000000004,0.218,0.08900000000000001,0.489,0.299,0.21100000000000002,0.14400000000000002,0.525,0.331,0.11900000000000001,0.248,0.451,0.358,0.14400000000000002,0.213,0.67,0.282,0.64,0.423,0.643,0.858,0.7709999999999999,0.39299999999999996,0.521,0.09699999999999999,0.18100000000000002,2.3,-1.1,0.4,59,-0.9,1.7,8.2,-5.8,16.4,2022
Nick Gordon,MIN,443,405,110,69,28,4,9,45,50,0.272,0.316,0.427,0.743,0.321,110,0.156,0.34,90.6,12.5,0.094,0.447,110.7,0.405,0.353,0.242,0.037000000000000005,0.41100000000000003,0.327,0.262,0.081,0.544,0.375,0.083,0.261,0.464,0.333,0.043,0.237,0.18,0.424,0.8079999999999999,0.5920000000000001,0.614,0.83,0.743,0.43700000000000006,0.6609999999999999,0.152,0.10400000000000001,4.9,-0.8,0.5,55,-0.1,1.7,4.9,-2.8,16.2,2022
Christopher Morel,CHC,425,379,89,50,19,4,16,55,47,0.235,0.308,0.433,0.741,0.322,110,0.198,0.32,89.6,9.1,0.134,0.397,112.9,0.5,0.325,0.175,0.128,0.457,0.37200000000000005,0.17,0.166,0.466,0.368,0.205,0.23,0.433,0.323,0.08900000000000001,0.322,0.28,0.332,0.728,0.495,0.5479999999999999,0.6890000000000001,0.634,0.413,0.687,0.18100000000000002,0.142,5.9,-1.2,2.4,53,1.8,1.7,6.9,-5.6,15.9,2022
David Peralta,- - -,490,439,110,65,30,3,12,39,59,0.251,0.316,0.415,0.731,0.315,104,0.164,0.307,90.3,15.1,0.085,0.444,113.0,0.363,0.41100000000000003,0.22699999999999998,0.14,0.39,0.39299999999999996,0.218,0.175,0.489,0.335,0.08800000000000001,0.249,0.399,0.313,0.084,0.233,0.36,0.358,0.7090000000000001,0.503,0.59,0.873,0.755,0.413,0.604,0.12300000000000001,0.149,2.5,-1.4,0.8,58,0.5,1.7,2.6,-2.5,16.4,2022
Ryan Mountcastle,BAL,609,555,139,88,28,1,22,62,85,0.25,0.305,0.423,0.729,0.316,107,0.173,0.303,91.3,15.9,0.15,0.46299999999999997,112.0,0.373,0.40700000000000003,0.221,0.054000000000000006,0.33799999999999997,0.368,0.294,0.127,0.52,0.353,0.133,0.277,0.509,0.362,0.071,0.253,0.28,0.41,0.815,0.563,0.624,0.8079999999999999,0.7240000000000001,0.377,0.634,0.155,0.10300000000000001,3.0,-0.2,1.7,73,0.3,1.7,5.4,-8.4,16.3,2022
Luis Rengifo,LAA,511,489,129,86,22,4,17,45,52,0.264,0.294,0.429,0.724,0.314,102,0.166,0.285,86.9,9.9,0.054000000000000006,0.336,109.3,0.47200000000000003,0.35,0.17800000000000002,0.11900000000000001,0.409,0.42100000000000004,0.17,0.18,0.579,0.24100000000000002,0.11900000000000001,0.254,0.392,0.296,0.033,0.155,0.22,0.39899999999999997,0.7859999999999999,0.557,0.6890000000000001,0.877,0.797,0.409,0.626,0.113,0.12,4.0,0.0,2.3,60,2.4,1.7,3.8,-4.1,15.9,2022
Christian Bethancourt,- - -,333,318,80,52,17,0,11,39,34,0.252,0.283,0.409,0.692,0.301,99,0.157,0.304,90.1,9.4,0.11699999999999999,0.44799999999999995,113.4,0.45299999999999996,0.35200000000000004,0.195,0.10800000000000001,0.423,0.364,0.213,0.163,0.51,0.326,0.133,0.255,0.449,0.318,0.036000000000000004,0.24,0.15,0.474,0.8240000000000001,0.621,0.5589999999999999,0.775,0.68,0.42,0.6759999999999999,0.19899999999999998,0.094,4.0,0.3,-1.0,36,-0.2,1.7,-0.5,6.4,16.4,2022
Chris Taylor,LAD,454,402,89,51,25,3,10,45,43,0.221,0.304,0.373,0.677,0.298,93,0.152,0.336,87.4,20.4,0.102,0.38,108.5,0.31,0.426,0.264,0.087,0.441,0.31,0.249,0.131,0.539,0.331,0.09699999999999999,0.195,0.34,0.277,0.09699999999999999,0.35200000000000004,0.28,0.273,0.7829999999999999,0.499,0.392,0.722,0.621,0.44299999999999995,0.619,0.18899999999999997,0.125,5.6,1.2,0.6,48,3.5,1.7,-0.4,0.5,15.7,2022
Trent Grisham,SDP,524,451,83,48,16,2,17,58,53,0.184,0.284,0.341,0.626,0.28,83,0.157,0.231,88.3,15.1,0.081,0.355,111.1,0.433,0.433,0.135,0.10400000000000001,0.46799999999999997,0.284,0.248,0.168,0.529,0.303,0.136,0.201,0.354,0.293,0.109,0.28600000000000003,0.38,0.23,0.581,0.379,0.634,0.8220000000000001,0.757,0.42700000000000005,0.586,0.092,0.21600000000000003,4.9,0.5,3.5,48,1.9,1.7,-8.7,7.2,16.5,2022
Eloy Jimenez,CHW,327,292,86,58,12,0,16,40,54,0.295,0.358,0.5,0.858,0.37,143,0.205,0.337,92.8,7.4,0.147,0.5489999999999999,113.4,0.504,0.33,0.165,0.040999999999999995,0.375,0.402,0.223,0.11599999999999999,0.446,0.43799999999999994,0.21600000000000003,0.266,0.512,0.365,0.086,0.22,0.39,0.355,0.731,0.498,0.622,0.787,0.7140000000000001,0.381,0.633,0.14300000000000002,0.135,1.0,-0.4,-0.2,53,-1.6,1.6,14.4,-9.1,15.7,2022
Josh Donaldson,NYY,546,478,106,63,28,0,15,59,62,0.222,0.308,0.374,0.682,0.302,96,0.153,0.283,90.7,12.0,0.098,0.43200000000000005,111.7,0.43200000000000005,0.387,0.182,0.085,0.467,0.363,0.17,0.146,0.521,0.33299999999999996,0.115,0.215,0.37,0.299,0.099,0.271,0.36,0.327,0.691,0.473,0.589,0.755,0.6859999999999999,0.401,0.637,0.14800000000000002,0.16,2.2,-0.9,-2.9,59,-3.9,1.6,-6.7,4.8,15.5,2022
Max Kepler,MIN,446,388,88,60,18,1,9,54,43,0.227,0.318,0.348,0.666,0.298,94,0.121,0.249,89.1,11.2,0.071,0.39899999999999997,113.8,0.457,0.344,0.19899999999999998,0.098,0.451,0.331,0.218,0.153,0.5489999999999999,0.298,0.08,0.266,0.412,0.338,0.11,0.14800000000000002,0.74,0.27399999999999997,0.7170000000000001,0.46,0.6629999999999999,0.909,0.8240000000000001,0.418,0.583,0.081,0.149,3.4,-0.7,0.7,47,-1.2,1.6,-4.3,5.7,15.5,2022
Kyle Higashioka,NYY,248,229,52,35,7,0,10,27,31,0.227,0.264,0.389,0.653,0.282,82,0.162,0.246,90.9,17.2,0.098,0.48100000000000004,109.1,0.348,0.431,0.221,0.128,0.45899999999999996,0.38799999999999996,0.153,0.131,0.519,0.35,0.128,0.255,0.446,0.318,0.048,0.21,0.23,0.325,0.735,0.502,0.575,0.847,0.747,0.433,0.617,0.127,0.14,1.9,-0.6,0.2,23,-1.0,1.6,-6.0,13.4,15.2,2022
Tyler Stephenson,CIN,183,166,53,38,9,0,6,24,35,0.319,0.372,0.482,0.854,0.37,134,0.163,0.409,87.1,11.1,0.066,0.34700000000000003,106.1,0.413,0.298,0.289,0.111,0.446,0.364,0.19,0.107,0.57,0.322,0.16699999999999998,0.26,0.394,0.318,0.066,0.257,0.26,0.29600000000000004,0.642,0.43700000000000006,0.594,0.875,0.763,0.408,0.645,0.10400000000000001,0.183,2.8,0.0,0.9,30,0.2,1.5,7.4,0.8,14.5,2022
Seth Brown,OAK,555,500,115,61,26,3,25,55,73,0.23,0.305,0.444,0.749,0.323,115,0.214,0.273,89.2,15.7,0.13,0.414,112.9,0.359,0.441,0.201,0.109,0.423,0.344,0.23399999999999999,0.18600000000000003,0.465,0.349,0.16,0.251,0.454,0.338,0.092,0.263,0.35,0.32899999999999996,0.7070000000000001,0.48100000000000004,0.541,0.858,0.7290000000000001,0.40399999999999997,0.607,0.131,0.151,4.7,0.9,0.1,69,0.8,1.5,10.2,-13.1,14.6,2022
Lourdes Gurriel Jr.,TOR,493,453,132,94,32,1,5,52,52,0.291,0.343,0.4,0.743,0.327,115,0.108,0.346,90.6,10.9,0.038,0.456,109.5,0.446,0.317,0.237,0.076,0.379,0.344,0.27699999999999997,0.129,0.54,0.331,0.042,0.273,0.4,0.321,0.063,0.168,0.37,0.33399999999999996,0.6990000000000001,0.486,0.69,0.8759999999999999,0.8009999999999999,0.41600000000000004,0.647,0.09699999999999999,0.168,2.7,-1.5,-2.2,63,-3.1,1.5,5.0,-6.0,14.6,2022
Kyle Farmer,CIN,583,526,134,94,25,1,14,58,78,0.255,0.315,0.386,0.701,0.309,92,0.131,0.286,85.5,12.7,0.044000000000000004,0.336,106.6,0.44799999999999995,0.316,0.23600000000000002,0.109,0.43700000000000006,0.317,0.24600000000000002,0.163,0.5329999999999999,0.303,0.102,0.259,0.381,0.312,0.057,0.17,0.33,0.38799999999999996,0.6629999999999999,0.502,0.701,0.917,0.8190000000000001,0.414,0.631,0.091,0.172,3.0,-1.0,-1.2,66,-2.7,1.5,-8.1,2.8,14.6,2022
Tyler O'Neill,STL,383,334,76,50,11,1,14,56,58,0.228,0.308,0.392,0.7,0.307,99,0.165,0.277,89.8,13.6,0.113,0.433,110.3,0.42,0.37799999999999995,0.20199999999999999,0.111,0.466,0.315,0.218,0.139,0.542,0.319,0.156,0.237,0.419,0.328,0.099,0.26899999999999996,0.37,0.29600000000000004,0.701,0.46299999999999997,0.561,0.8240000000000001,0.725,0.41200000000000003,0.595,0.127,0.161,5.9,0.8,1.5,43,2.0,1.5,1.5,0.0,14.7,2022
Mike Yastrzemski,SFG,558,485,104,54,31,2,17,73,57,0.214,0.305,0.392,0.697,0.307,99,0.177,0.261,89.9,19.9,0.111,0.425,109.7,0.344,0.462,0.19399999999999998,0.094,0.447,0.322,0.231,0.154,0.524,0.322,0.106,0.22,0.392,0.314,0.109,0.253,0.43,0.254,0.64,0.42200000000000004,0.616,0.885,0.794,0.436,0.602,0.087,0.187,4.7,0.1,1.0,62,0.8,1.5,0.2,-5.1,14.3,2022
Josh Harrison,CHW,425,386,99,71,19,2,7,50,27,0.256,0.317,0.37,0.687,0.305,97,0.114,0.297,87.4,14.7,0.038,0.32299999999999995,106.0,0.43799999999999994,0.38799999999999996,0.174,0.081,0.382,0.37,0.248,0.11900000000000001,0.627,0.254,0.057,0.233,0.335,0.284,0.049,0.16699999999999998,0.3,0.39399999999999996,0.7440000000000001,0.545,0.7170000000000001,0.878,0.812,0.43200000000000005,0.598,0.102,0.13699999999999998,4.0,-0.4,-0.4,47,-0.4,1.5,-1.6,2.5,14.3,2022
Keibert Ruiz,WSN,433,394,99,70,22,0,7,33,36,0.251,0.313,0.36,0.673,0.299,92,0.109,0.271,88.0,14.9,0.037000000000000005,0.32299999999999995,109.4,0.402,0.37,0.228,0.109,0.496,0.337,0.16699999999999998,0.135,0.588,0.27699999999999997,0.055,0.277,0.403,0.328,0.069,0.115,0.6,0.366,0.722,0.509,0.7829999999999999,0.924,0.863,0.402,0.61,0.07,0.142,3.0,0.4,-0.7,46,-0.1,1.5,-4.1,3.9,14.7,2022
Cody Bellinger,LAD,550,504,106,57,27,3,19,70,68,0.21,0.265,0.389,0.654,0.284,83,0.179,0.255,89.4,20.3,0.083,0.381,107.3,0.35600000000000004,0.47200000000000003,0.172,0.141,0.47200000000000003,0.33299999999999996,0.19399999999999998,0.14400000000000002,0.508,0.34700000000000003,0.11199999999999999,0.213,0.354,0.278,0.069,0.273,0.25,0.345,0.705,0.498,0.6859999999999999,0.809,0.76,0.42700000000000005,0.602,0.12,0.145,6.3,1.2,2.7,52,2.8,1.5,-8.0,2.9,13.8,2022
Victor Caratini,MIL,314,272,54,33,12,0,9,26,34,0.199,0.3,0.342,0.642,0.289,84,0.143,0.228,89.4,6.6,0.063,0.435,112.8,0.505,0.311,0.184,0.078,0.36700000000000005,0.35700000000000004,0.275,0.193,0.449,0.35700000000000004,0.141,0.233,0.35,0.309,0.099,0.213,0.46,0.26,0.634,0.423,0.623,0.9129999999999999,0.812,0.436,0.5670000000000001,0.079,0.195,0.9,-0.3,-1.7,31,-2.1,1.5,-7.8,10.9,13.9,2022
Isiah Kiner-Falefa,NYY,531,483,126,102,20,0,4,66,48,0.261,0.314,0.327,0.642,0.285,84,0.066,0.296,86.2,4.3,0.012,0.301,109.8,0.5489999999999999,0.243,0.209,0.07,0.353,0.358,0.289,0.184,0.616,0.2,0.04,0.262,0.333,0.29,0.066,0.136,0.49,0.331,0.596,0.447,0.818,0.956,0.898,0.436,0.623,0.045,0.213,5.2,2.2,-0.2,50,3.0,1.5,-6.5,4.0,14.3,2022
Myles Straw,CLE,596,535,118,93,22,3,0,72,32,0.221,0.291,0.273,0.564,0.257,65,0.052,0.261,87.0,9.7,0.006999999999999999,0.264,104.8,0.47200000000000003,0.337,0.191,0.066,0.26,0.379,0.361,0.152,0.601,0.247,0.0,0.236,0.301,0.275,0.091,0.146,0.62,0.23399999999999999,0.599,0.40399999999999997,0.784,0.9390000000000001,0.8909999999999999,0.46399999999999997,0.622,0.044000000000000004,0.22699999999999998,6.5,3.2,2.1,43,5.8,1.5,-17.4,12.5,14.0,2022
Vinnie Pasquantino,KCR,298,258,76,56,10,0,10,25,26,0.295,0.383,0.45,0.832,0.365,136,0.155,0.306,91.2,12.2,0.08800000000000001,0.469,112.7,0.409,0.4,0.191,0.055999999999999994,0.42,0.363,0.217,0.128,0.5,0.37200000000000005,0.111,0.289,0.475,0.374,0.11699999999999999,0.114,1.03,0.289,0.705,0.45899999999999996,0.747,0.92,0.855,0.408,0.611,0.066,0.162,1.5,-0.2,-2.0,47,-2.1,1.4,9.9,-5.8,13.6,2022
Corbin Carroll,ARI,115,104,27,12,9,2,4,13,14,0.26,0.33,0.5,0.83,0.358,130,0.24,0.333,85.8,9.1,0.055,0.32899999999999996,107.5,0.479,0.27399999999999997,0.247,0.2,0.41100000000000003,0.28800000000000003,0.301,0.192,0.5479999999999999,0.26,0.2,0.221,0.359,0.293,0.07,0.27,0.26,0.317,0.62,0.441,0.64,0.8190000000000001,0.743,0.408,0.609,0.114,0.19,6.0,-0.1,0.8,18,1.5,1.4,5.5,3.7,13.1,2022
Daniel Vogelbach,- - -,461,386,92,54,19,1,18,47,59,0.238,0.36,0.433,0.793,0.349,126,0.194,0.29,89.4,15.8,0.106,0.39899999999999997,110.9,0.377,0.41,0.212,0.045,0.40299999999999997,0.359,0.23800000000000002,0.139,0.531,0.33,0.161,0.236,0.428,0.35,0.158,0.247,0.64,0.22899999999999998,0.46299999999999997,0.322,0.701,0.9009999999999999,0.815,0.395,0.512,0.059000000000000004,0.26,1.5,-0.5,-2.1,67,-3.7,1.4,10.1,-13.1,12.9,2022
J.D. Martinez,BOS,596,533,146,86,43,1,16,76,62,0.274,0.341,0.448,0.79,0.343,119,0.174,0.345,89.1,14.1,0.124,0.41600000000000004,111.6,0.382,0.397,0.221,0.057999999999999996,0.33799999999999997,0.369,0.293,0.115,0.539,0.34600000000000003,0.10300000000000001,0.26,0.471,0.348,0.087,0.243,0.36,0.349,0.7809999999999999,0.519,0.58,0.812,0.718,0.39399999999999996,0.629,0.146,0.12,2.1,-0.6,-4.2,84,-2.9,1.4,9.9,-15.0,13.8,2022
Oscar Gonzalez,CLE,382,362,107,69,27,0,11,39,43,0.296,0.327,0.461,0.789,0.339,123,0.166,0.345,88.6,5.4,0.073,0.401,113.3,0.509,0.284,0.20800000000000002,0.085,0.439,0.37,0.19,0.166,0.498,0.336,0.134,0.279,0.422,0.32,0.039,0.196,0.2,0.483,0.765,0.593,0.652,0.86,0.757,0.391,0.6809999999999999,0.14400000000000002,0.12300000000000001,1.6,-0.9,-0.3,53,-0.4,1.4,9.7,-8.3,13.5,2022
C.J. Cron,COL,632,575,148,88,28,3,29,79,102,0.257,0.315,0.468,0.783,0.335,103,0.21,0.307,88.6,14.1,0.10800000000000001,0.42200000000000004,115.5,0.39399999999999996,0.401,0.204,0.096,0.349,0.389,0.262,0.171,0.517,0.313,0.174,0.243,0.435,0.32,0.068,0.259,0.26,0.358,0.644,0.47700000000000004,0.6509999999999999,0.8690000000000001,0.773,0.41600000000000004,0.614,0.10800000000000001,0.17600000000000002,2.4,-0.6,2.0,85,-0.5,1.4,1.7,-10.5,12.9,2022
Evan Longoria,SFG,298,266,65,38,13,0,14,31,42,0.244,0.315,0.451,0.767,0.33,115,0.207,0.297,91.1,18.1,0.124,0.46799999999999997,109.6,0.366,0.414,0.22,0.10400000000000001,0.478,0.29,0.231,0.151,0.527,0.32299999999999995,0.182,0.233,0.437,0.324,0.091,0.27899999999999997,0.33,0.295,0.648,0.444,0.611,0.7959999999999999,0.725,0.42100000000000004,0.5870000000000001,0.122,0.177,0.9,-0.3,-1.4,39,-2.0,1.4,3.1,0.1,13.4,2022
Jose Miranda,MIN,483,444,119,79,25,0,15,45,66,0.268,0.325,0.426,0.751,0.329,116,0.158,0.307,89.3,13.8,0.062,0.424,109.4,0.42100000000000004,0.376,0.203,0.135,0.46,0.314,0.226,0.153,0.5,0.34700000000000003,0.113,0.253,0.41,0.317,0.057999999999999996,0.188,0.31,0.37200000000000005,0.735,0.515,0.638,0.882,0.775,0.39299999999999996,0.644,0.11599999999999999,0.14400000000000002,1.5,-0.7,-0.5,63,-1.5,1.4,7.0,-9.0,13.3,2022
Oneil Cruz,PIT,361,331,77,43,13,4,17,45,54,0.233,0.294,0.45,0.744,0.32,104,0.218,0.317,91.9,8.3,0.155,0.461,122.4,0.49,0.345,0.165,0.127,0.43700000000000006,0.345,0.218,0.184,0.43200000000000005,0.38299999999999995,0.239,0.219,0.406,0.301,0.078,0.349,0.22,0.32299999999999995,0.5429999999999999,0.406,0.49700000000000005,0.826,0.662,0.377,0.5539999999999999,0.13699999999999998,0.217,6.4,0.1,0.4,44,3.4,1.4,4.9,-3.9,13.4,2022
Sam Haggerty,SEA,201,176,45,30,9,1,5,29,23,0.256,0.335,0.403,0.738,0.32,115,0.148,0.333,86.0,13.6,0.04,0.24600000000000002,109.0,0.45,0.317,0.233,0.132,0.405,0.341,0.254,0.183,0.5710000000000001,0.24600000000000002,0.132,0.23,0.33,0.285,0.09,0.264,0.34,0.29100000000000004,0.7240000000000001,0.47700000000000004,0.5660000000000001,0.82,0.731,0.429,0.667,0.128,0.165,7.4,2.0,0.1,25,2.9,1.4,6.3,0.9,13.5,2022
Alec Bohm,PHI,631,586,164,124,24,3,13,79,72,0.28,0.315,0.398,0.713,0.31,98,0.118,0.319,90.2,10.3,0.068,0.43,110.8,0.461,0.305,0.235,0.115,0.337,0.364,0.298,0.16,0.525,0.315,0.08800000000000001,0.29,0.436,0.333,0.049,0.174,0.28,0.354,0.738,0.512,0.727,0.871,0.812,0.41100000000000003,0.626,0.096,0.145,3.4,-1.4,2.2,72,-2.7,1.4,-3.8,-4.5,13.4,2022
Lane Thomas,WSN,548,498,120,75,26,2,17,62,52,0.241,0.301,0.404,0.705,0.308,98,0.163,0.291,86.4,12.5,0.065,0.345,110.1,0.45,0.377,0.17300000000000001,0.18600000000000003,0.434,0.345,0.221,0.23199999999999998,0.493,0.275,0.121,0.222,0.357,0.286,0.075,0.24100000000000002,0.31,0.295,0.633,0.441,0.687,0.89,0.813,0.43,0.595,0.083,0.205,4.1,-0.5,-0.7,62,-0.1,1.4,-1.4,-4.4,13.0,2022
Ildemaro Vargas,- - -,222,209,55,37,13,1,4,19,23,0.263,0.299,0.392,0.691,0.302,94,0.129,0.279,87.0,7.4,0.021,0.293,109.2,0.48100000000000004,0.317,0.20199999999999999,0.034,0.37200000000000005,0.40399999999999997,0.223,0.18600000000000003,0.601,0.213,0.069,0.227,0.305,0.255,0.036000000000000004,0.10400000000000001,0.35,0.318,0.655,0.466,0.8240000000000001,0.934,0.892,0.43799999999999994,0.599,0.05,0.193,3.9,0.0,1.2,24,1.0,1.4,-0.5,6.6,13.7,2022
Brandon Marsh,- - -,461,424,104,71,18,4,11,49,52,0.245,0.295,0.384,0.679,0.296,90,0.139,0.36,89.2,10.9,0.07400000000000001,0.382,109.0,0.426,0.32799999999999996,0.245,0.011000000000000001,0.349,0.386,0.265,0.10300000000000001,0.5660000000000001,0.331,0.126,0.226,0.372,0.287,0.061,0.34299999999999997,0.18,0.337,0.67,0.47600000000000003,0.603,0.8140000000000001,0.727,0.418,0.605,0.13,0.184,5.6,0.0,1.0,48,1.8,1.4,-3.6,1.7,13.1,2022
Reese McGuire,- - -,274,249,67,49,14,1,3,25,22,0.269,0.307,0.369,0.677,0.297,89,0.1,0.332,87.0,14.1,0.025,0.29600000000000004,109.6,0.387,0.387,0.225,0.135,0.35600000000000004,0.366,0.27699999999999997,0.17300000000000001,0.653,0.17300000000000001,0.040999999999999995,0.233,0.326,0.267,0.044000000000000004,0.204,0.21,0.4,0.662,0.509,0.6809999999999999,0.925,0.813,0.41600000000000004,0.6679999999999999,0.095,0.179,3.2,-0.1,-1.6,28,-1.5,1.4,-4.8,9.7,13.6,2022
Gary Sanchez,MIN,471,419,86,46,24,0,16,42,61,0.205,0.282,0.377,0.659,0.29,88,0.172,0.257,90.5,14.0,0.135,0.493,115.1,0.43799999999999994,0.41700000000000004,0.146,0.10800000000000001,0.5,0.28800000000000003,0.212,0.188,0.39899999999999997,0.413,0.133,0.22,0.439,0.321,0.085,0.289,0.29,0.326,0.607,0.44,0.56,0.843,0.7190000000000001,0.406,0.594,0.124,0.19899999999999998,2.3,0.0,-2.4,47,-1.2,1.4,-7.5,5.7,13.2,2022
Harrison Bader,- - -,313,292,73,55,10,3,5,38,30,0.25,0.294,0.356,0.65,0.286,84,0.106,0.3,83.4,16.7,0.034,0.263,109.6,0.401,0.435,0.16399999999999998,0.17800000000000002,0.397,0.418,0.185,0.24100000000000002,0.504,0.254,0.05,0.23,0.317,0.267,0.048,0.198,0.24,0.373,0.637,0.475,0.6679999999999999,0.904,0.7909999999999999,0.38799999999999996,0.588,0.099,0.175,7.4,1.9,2.0,30,4.6,1.4,-1.0,4.1,13.7,2022
Tony Kemp,OAK,558,497,117,84,24,2,7,61,46,0.235,0.307,0.334,0.641,0.287,90,0.099,0.259,84.4,15.0,0.016,0.149,103.2,0.41,0.38799999999999996,0.20199999999999999,0.14300000000000002,0.429,0.34600000000000003,0.225,0.16699999999999998,0.64,0.193,0.043,0.219,0.291,0.267,0.081,0.124,0.65,0.33,0.682,0.484,0.797,0.9359999999999999,0.883,0.43799999999999994,0.602,0.057,0.16899999999999998,5.1,1.2,2.0,54,2.9,1.4,-3.7,-1.0,13.0,2022
Tomas Nido,NYM,313,284,68,50,15,0,3,31,28,0.239,0.276,0.324,0.6,0.265,72,0.085,0.314,86.3,8.3,0.063,0.33299999999999996,107.4,0.5,0.29100000000000004,0.209,0.017,0.302,0.414,0.284,0.14,0.5770000000000001,0.284,0.05,0.238,0.374,0.284,0.045,0.243,0.18,0.44799999999999995,0.818,0.595,0.59,0.746,0.6759999999999999,0.397,0.696,0.193,0.094,1.7,-0.3,-5.3,25,-5.3,1.4,-15.5,17.7,13.0,2022
Harold Ramirez,TBR,435,403,121,91,24,0,6,46,58,0.3,0.343,0.404,0.747,0.327,118,0.104,0.35,88.5,4.8,0.048,0.41200000000000003,113.7,0.525,0.281,0.19399999999999998,0.11699999999999999,0.418,0.39399999999999996,0.188,0.185,0.525,0.29,0.064,0.275,0.382,0.31,0.044000000000000004,0.166,0.26,0.447,0.74,0.564,0.6409999999999999,0.872,0.762,0.4,0.657,0.134,0.135,2.2,-1.9,-1.5,56,-1.7,1.3,7.0,-8.6,12.2,2022
Oswaldo Cabrera,NYY,171,154,38,23,8,1,6,21,19,0.247,0.312,0.429,0.74,0.322,110,0.182,0.305,86.8,21.5,0.063,0.348,107.5,0.282,0.5,0.218,0.091,0.35700000000000004,0.366,0.27699999999999997,0.14300000000000002,0.563,0.295,0.109,0.22,0.361,0.287,0.08800000000000001,0.257,0.34,0.36700000000000005,0.753,0.522,0.573,0.866,0.743,0.402,0.626,0.134,0.133,4.7,-0.4,0.2,21,0.3,1.3,2.2,4.5,12.1,2022
Wilmer Flores,SFG,602,525,120,72,28,1,19,72,71,0.229,0.316,0.394,0.71,0.312,103,0.166,0.246,87.8,20.7,0.063,0.354,108.3,0.34299999999999997,0.466,0.191,0.12,0.486,0.292,0.222,0.161,0.542,0.297,0.095,0.233,0.37,0.31,0.098,0.171,0.57,0.307,0.6809999999999999,0.456,0.716,0.9009999999999999,0.826,0.39899999999999997,0.64,0.079,0.183,2.1,-0.6,-2.3,70,-3.9,1.3,-1.9,-6.4,12.4,2022
Jose Iglesias,COL,467,439,128,95,30,0,3,48,47,0.292,0.328,0.38,0.708,0.312,87,0.089,0.326,83.8,6.0,0.005,0.27699999999999997,109.9,0.522,0.257,0.221,0.071,0.415,0.363,0.223,0.233,0.547,0.22,0.03,0.266,0.323,0.281,0.036000000000000004,0.12,0.3,0.43200000000000005,0.6459999999999999,0.519,0.813,0.937,0.8759999999999999,0.40700000000000003,0.662,0.064,0.193,2.2,-1.3,-1.2,54,-0.5,1.3,-7.5,4.2,12.7,2022
Austin Barnes,LAD,212,179,38,24,6,0,8,31,26,0.212,0.324,0.38,0.704,0.315,104,0.168,0.222,87.4,13.6,0.048,0.35200000000000004,107.8,0.423,0.43,0.14800000000000002,0.115,0.386,0.317,0.297,0.2,0.552,0.248,0.131,0.21,0.329,0.298,0.127,0.175,0.73,0.198,0.677,0.418,0.6809999999999999,0.898,0.8420000000000001,0.45899999999999996,0.6459999999999999,0.066,0.18899999999999997,3.6,-0.2,-1.9,25,-2.1,1.3,-1.1,6.5,12.7,2022
Manuel Margot,TBR,363,336,92,68,18,2,4,36,47,0.274,0.325,0.375,0.7,0.308,104,0.101,0.332,89.5,10.2,0.037000000000000005,0.379,110.4,0.44799999999999995,0.322,0.23,0.179,0.301,0.431,0.268,0.171,0.569,0.26,0.048,0.264,0.357,0.299,0.066,0.187,0.35,0.369,0.75,0.521,0.648,0.8759999999999999,0.779,0.39899999999999997,0.601,0.115,0.134,4.4,-0.2,2.8,41,2.9,1.3,4.7,-3.4,12.7,2022
Nick Fortes,MIA,240,217,50,34,6,1,9,41,24,0.23,0.304,0.392,0.696,0.308,95,0.161,0.252,89.2,15.4,0.07,0.37799999999999995,108.4,0.401,0.424,0.174,0.13699999999999998,0.44799999999999995,0.314,0.23800000000000002,0.18,0.5,0.32,0.12300000000000001,0.246,0.394,0.317,0.075,0.188,0.4,0.297,0.659,0.447,0.635,0.892,0.792,0.414,0.563,0.09300000000000001,0.17300000000000001,5.8,-0.4,0.5,27,-0.4,1.3,-1.7,5.5,12.0,2022
Whit Merrifield,- - -,550,504,126,86,28,1,11,70,58,0.25,0.298,0.375,0.673,0.294,87,0.125,0.276,87.1,15.1,0.042,0.311,107.6,0.409,0.39399999999999996,0.19699999999999998,0.114,0.361,0.35100000000000003,0.28800000000000003,0.157,0.593,0.251,0.066,0.24,0.356,0.288,0.069,0.155,0.45,0.35,0.715,0.505,0.738,0.875,0.82,0.426,0.595,0.091,0.153,5.2,0.7,2.1,56,1.4,1.3,-6.4,0.9,11.9,2022
Cavan Biggio,TOR,303,257,52,27,18,1,6,43,24,0.202,0.318,0.35,0.668,0.302,97,0.148,0.275,87.9,19.6,0.069,0.32799999999999996,107.6,0.355,0.436,0.209,0.027000000000000003,0.46,0.322,0.218,0.121,0.609,0.27,0.08,0.193,0.319,0.288,0.125,0.281,0.45,0.207,0.647,0.4,0.557,0.843,0.76,0.439,0.604,0.096,0.203,4.9,0.1,0.8,33,0.7,1.3,-0.4,3.2,12.5,2022
Bryson Stott,PHI,466,427,100,69,19,2,10,58,49,0.234,0.295,0.358,0.653,0.289,84,0.124,0.274,88.1,13.1,0.044000000000000004,0.368,108.4,0.46399999999999997,0.36,0.17600000000000002,0.182,0.359,0.324,0.318,0.179,0.547,0.27399999999999997,0.083,0.237,0.34,0.284,0.077,0.191,0.4,0.313,0.619,0.44799999999999995,0.784,0.894,0.851,0.44,0.614,0.067,0.204,5.5,0.4,2.5,46,2.7,1.3,-5.8,2.2,12.4,2022
Edmundo Sosa,- - -,190,176,40,23,11,4,2,26,21,0.227,0.275,0.369,0.644,0.282,81,0.142,0.304,86.8,11.4,0.055,0.297,107.9,0.457,0.331,0.213,0.095,0.45299999999999996,0.305,0.242,0.14800000000000002,0.539,0.313,0.048,0.24,0.345,0.282,0.026000000000000002,0.263,0.1,0.48,0.691,0.568,0.546,0.846,0.698,0.41700000000000004,0.653,0.172,0.161,8.6,0.7,2.0,18,1.9,1.3,-2.3,7.8,12.0,2022
Adam Frazier,SEA,602,541,129,100,22,4,3,61,42,0.238,0.301,0.311,0.612,0.274,82,0.072,0.268,85.1,13.7,0.015,0.245,105.1,0.41200000000000003,0.348,0.24,0.085,0.366,0.36200000000000004,0.272,0.18,0.611,0.209,0.018000000000000002,0.262,0.339,0.297,0.076,0.121,0.63,0.327,0.7,0.486,0.782,0.9259999999999999,0.87,0.425,0.616,0.063,0.168,4.9,-0.8,1.7,52,1.3,1.3,-10.8,3.7,12.0,2022
Omar Narvaez,MIL,296,262,54,37,12,1,4,21,23,0.206,0.292,0.305,0.597,0.269,71,0.099,0.248,84.7,17.7,0.024,0.184,106.4,0.358,0.446,0.196,0.08800000000000001,0.401,0.32899999999999996,0.271,0.159,0.599,0.242,0.044000000000000004,0.207,0.293,0.268,0.098,0.193,0.51,0.321,0.7509999999999999,0.5,0.7190000000000001,0.846,0.799,0.41700000000000004,0.601,0.10099999999999999,0.127,1.6,-0.3,-0.6,24,-0.7,1.3,-10.7,13.0,12.5,2022
Jonathan Schoop,DET,510,481,97,62,23,1,11,48,38,0.202,0.239,0.322,0.561,0.245,57,0.121,0.234,87.0,9.7,0.048,0.386,111.6,0.46,0.349,0.19,0.136,0.39899999999999997,0.397,0.204,0.24100000000000002,0.505,0.254,0.083,0.228,0.338,0.268,0.037000000000000005,0.21,0.18,0.408,0.768,0.555,0.611,0.856,0.7490000000000001,0.408,0.643,0.139,0.134,4.4,0.6,0.2,32,-0.7,1.3,-25.3,21.2,12.0,2022
J.D. Davis,- - -,365,318,79,50,16,1,12,46,35,0.248,0.34,0.418,0.758,0.333,118,0.17,0.36,92.4,12.3,0.162,0.561,112.7,0.449,0.33799999999999997,0.212,0.10400000000000001,0.374,0.374,0.253,0.152,0.485,0.364,0.179,0.242,0.469,0.351,0.107,0.33399999999999996,0.32,0.293,0.7979999999999999,0.513,0.52,0.711,0.65,0.435,0.63,0.18,0.11800000000000001,2.9,-0.6,-0.5,49,-0.5,1.2,7.2,-8.5,11.2,2022
Garrett Cooper,MIA,469,414,108,64,33,2,9,37,50,0.261,0.337,0.415,0.752,0.33,110,0.155,0.34,89.6,8.8,0.107,0.43700000000000006,112.6,0.44299999999999995,0.293,0.263,0.034,0.39299999999999996,0.33,0.27699999999999997,0.14300000000000002,0.517,0.34,0.102,0.26,0.436,0.341,0.085,0.254,0.34,0.317,0.647,0.452,0.6409999999999999,0.879,0.78,0.41100000000000003,0.648,0.099,0.196,1.8,-0.5,-1.6,61,-1.5,1.2,4.1,-8.6,11.6,2022
Eric Haase,DET,351,323,82,50,17,1,14,41,44,0.254,0.305,0.443,0.748,0.322,111,0.189,0.316,87.7,17.0,0.087,0.424,109.9,0.39299999999999996,0.41,0.19699999999999998,0.128,0.45,0.297,0.253,0.183,0.524,0.293,0.149,0.239,0.399,0.302,0.068,0.276,0.25,0.392,0.7190000000000001,0.514,0.5710000000000001,0.797,0.6890000000000001,0.373,0.635,0.16,0.149,2.1,-0.3,-0.5,44,-0.6,1.2,3.9,-3.7,11.2,2022
Patrick Wisdom,CHC,534,469,97,44,28,0,25,67,66,0.207,0.298,0.426,0.725,0.316,106,0.22,0.274,90.7,21.0,0.142,0.46,112.6,0.341,0.488,0.171,0.157,0.512,0.294,0.19399999999999998,0.187,0.45,0.363,0.179,0.189,0.381,0.292,0.099,0.34299999999999997,0.29,0.3,0.7340000000000001,0.48,0.48100000000000004,0.77,0.664,0.414,0.648,0.161,0.147,3.7,-0.4,0.4,64,0.4,1.2,4.2,-11.0,11.6,2022
Wil Myers,SDP,286,261,68,46,15,0,7,29,41,0.261,0.315,0.398,0.713,0.311,103,0.138,0.357,88.6,13.1,0.073,0.376,109.4,0.40299999999999997,0.381,0.21600000000000003,0.11900000000000001,0.38799999999999996,0.315,0.298,0.16899999999999998,0.489,0.34299999999999997,0.10400000000000001,0.225,0.373,0.288,0.073,0.301,0.24,0.322,0.632,0.452,0.581,0.7879999999999999,0.7020000000000001,0.419,0.591,0.134,0.184,2.5,-0.3,1.7,33,0.7,1.2,1.9,-0.5,11.2,2022
Jack Suwinski,PIT,372,326,66,36,11,0,19,45,38,0.202,0.298,0.411,0.709,0.311,97,0.209,0.242,88.3,14.2,0.122,0.40399999999999997,112.4,0.423,0.423,0.155,0.111,0.469,0.31,0.221,0.192,0.441,0.366,0.21100000000000002,0.204,0.393,0.307,0.11,0.306,0.36,0.27399999999999997,0.632,0.431,0.512,0.8490000000000001,0.7290000000000001,0.439,0.618,0.11699999999999999,0.195,3.1,-0.3,0.3,43,-0.2,1.2,-1.3,-0.5,11.0,2022
Emmanuel Rivera,- - -,359,330,77,46,16,3,12,46,40,0.233,0.292,0.409,0.702,0.306,95,0.176,0.275,90.4,9.8,0.09300000000000001,0.38299999999999995,110.9,0.488,0.35100000000000003,0.161,0.069,0.423,0.319,0.258,0.121,0.516,0.363,0.138,0.238,0.41,0.31,0.064,0.231,0.28,0.317,0.762,0.501,0.5770000000000001,0.875,0.765,0.413,0.632,0.11800000000000001,0.154,4.0,-0.9,0.1,40,-1.0,1.2,-3.1,3.2,11.8,2022
Kevin Newman,PIT,309,288,79,57,18,2,2,31,24,0.274,0.316,0.372,0.687,0.303,92,0.097,0.322,85.8,13.1,0.016,0.272,108.2,0.42700000000000005,0.314,0.259,0.147,0.424,0.366,0.21,0.177,0.617,0.20600000000000002,0.027000000000000003,0.26,0.332,0.285,0.052000000000000005,0.155,0.33,0.359,0.649,0.479,0.7759999999999999,0.9309999999999999,0.863,0.41200000000000003,0.654,0.066,0.192,5.4,0.5,2.5,34,3.0,1.2,0.0,1.1,11.7,2022
Leody Taveras,TEX,341,314,82,61,14,2,5,39,34,0.261,0.309,0.366,0.675,0.297,93,0.105,0.344,89.3,12.0,0.043,0.361,112.9,0.423,0.36,0.21600000000000003,0.15,0.35200000000000004,0.374,0.27399999999999997,0.14300000000000002,0.557,0.3,0.063,0.226,0.318,0.267,0.062,0.258,0.24,0.33399999999999996,0.684,0.479,0.57,0.8420000000000001,0.731,0.414,0.654,0.129,0.162,5.6,-0.1,1.2,36,0.9,1.2,-2.0,2.8,11.6,2022
Michael Brantley,HOU,277,243,70,50,14,1,5,28,26,0.288,0.37,0.416,0.785,0.345,128,0.128,0.311,89.8,10.7,0.06,0.451,108.2,0.444,0.313,0.243,0.045,0.37200000000000005,0.419,0.209,0.13,0.5489999999999999,0.321,0.075,0.31,0.467,0.374,0.11199999999999999,0.10800000000000001,1.03,0.256,0.629,0.415,0.8109999999999999,0.9259999999999999,0.885,0.425,0.599,0.048,0.198,2.5,-0.5,-1.5,39,-1.6,1.1,7.0,-5.4,10.4,2022
Giancarlo Stanton,NYY,452,398,84,46,7,0,31,53,78,0.211,0.297,0.462,0.759,0.327,113,0.251,0.227,95.0,10.8,0.192,0.521,119.8,0.466,0.386,0.14800000000000002,0.098,0.35600000000000004,0.38299999999999995,0.261,0.14,0.47,0.39,0.304,0.24,0.474,0.35,0.111,0.303,0.36,0.307,0.626,0.431,0.547,0.747,0.66,0.391,0.58,0.147,0.183,0.9,-0.4,-2.3,58,-1.7,1.1,5.2,-8.8,10.7,2022
Alex Verdugo,BOS,644,593,166,115,39,1,11,75,74,0.28,0.328,0.405,0.732,0.319,102,0.125,0.309,89.1,8.4,0.06,0.382,111.0,0.456,0.32899999999999996,0.214,0.071,0.322,0.423,0.255,0.14400000000000002,0.55,0.306,0.065,0.278,0.428,0.329,0.065,0.134,0.49,0.29,0.649,0.452,0.727,0.9329999999999999,0.861,0.452,0.596,0.063,0.188,2.2,-1.6,0.4,78,-2.3,1.1,-0.6,-9.6,10.2,2022
Ozzie Albies,ATL,269,247,61,37,16,0,8,36,35,0.247,0.294,0.409,0.703,0.305,94,0.162,0.27,87.1,17.0,0.054000000000000006,0.265,106.6,0.377,0.441,0.18100000000000002,0.08900000000000001,0.48,0.34299999999999997,0.17600000000000002,0.17600000000000002,0.5,0.324,0.08900000000000001,0.236,0.383,0.294,0.059000000000000004,0.175,0.34,0.452,0.831,0.581,0.706,0.863,0.782,0.341,0.654,0.127,0.09300000000000001,3.3,-1.6,2.1,30,-0.9,1.1,-2.7,3.5,10.1,2022
Joey Wendle,MIA,371,347,90,62,24,1,3,27,32,0.259,0.297,0.36,0.658,0.289,82,0.101,0.293,87.5,3.0,0.017,0.36200000000000004,107.6,0.55,0.282,0.168,0.012,0.359,0.332,0.309,0.17300000000000001,0.565,0.262,0.036000000000000004,0.25,0.331,0.276,0.04,0.135,0.3,0.431,0.657,0.526,0.75,0.929,0.8440000000000001,0.42,0.682,0.08199999999999999,0.177,4.5,0.9,-0.7,36,0.9,1.1,-6.9,4.2,10.1,2022
Miguel Rojas,MIA,507,471,111,84,19,2,6,34,36,0.236,0.283,0.323,0.605,0.268,68,0.087,0.258,86.1,10.1,0.019,0.271,109.1,0.47,0.322,0.20800000000000002,0.098,0.345,0.341,0.314,0.188,0.604,0.20800000000000002,0.045,0.26,0.343,0.289,0.051,0.12,0.43,0.344,0.6679999999999999,0.47600000000000003,0.7090000000000001,0.9590000000000001,0.852,0.40700000000000003,0.627,0.07,0.18,3.9,0.1,-2.8,41,-1.7,1.1,-20.6,13.5,10.4,2022
Rob Refsnyder,BOS,177,153,47,30,11,0,6,25,21,0.307,0.384,0.497,0.881,0.381,146,0.19,0.394,89.9,13.1,0.109,0.445,109.9,0.373,0.345,0.282,0.026000000000000002,0.382,0.318,0.3,0.11800000000000001,0.509,0.373,0.158,0.286,0.472,0.374,0.085,0.26,0.33,0.273,0.627,0.425,0.7190000000000001,0.8220000000000001,0.785,0.429,0.627,0.092,0.205,2.6,-0.4,1.3,30,0.1,1.0,9.3,-4.9,10.0,2022
Rowdy Tellez,MIL,599,529,116,58,23,0,35,67,89,0.219,0.306,0.461,0.767,0.327,110,0.242,0.215,91.1,15.3,0.129,0.46,116.9,0.389,0.455,0.156,0.12300000000000001,0.414,0.397,0.19,0.175,0.42100000000000004,0.40399999999999997,0.187,0.252,0.479,0.349,0.10400000000000001,0.20199999999999999,0.51,0.31,0.605,0.433,0.679,0.857,0.7829999999999999,0.41600000000000004,0.568,0.094,0.195,1.8,-0.5,-4.3,77,-4.9,1.0,2.4,-13.0,10.0,2022
Ji-Man Choi,TBR,419,356,83,50,22,0,11,36,52,0.233,0.341,0.388,0.729,0.322,114,0.154,0.32,92.2,10.6,0.11900000000000001,0.475,111.1,0.451,0.319,0.23,0.067,0.415,0.34299999999999997,0.242,0.102,0.568,0.331,0.147,0.236,0.413,0.337,0.138,0.294,0.47,0.23,0.716,0.415,0.552,0.775,0.6990000000000001,0.382,0.57,0.125,0.165,0.7,-0.4,-3.2,52,-4.4,1.0,2.3,-5.8,9.8,2022
Trey Mancini,- - -,587,519,124,82,23,1,18,56,63,0.239,0.319,0.391,0.71,0.312,105,0.152,0.286,89.5,12.7,0.098,0.40399999999999997,111.8,0.39799999999999996,0.391,0.21100000000000002,0.092,0.45,0.321,0.22899999999999998,0.136,0.532,0.332,0.11800000000000001,0.245,0.41,0.327,0.09,0.23,0.39,0.33399999999999996,0.6940000000000001,0.48100000000000004,0.598,0.851,0.747,0.408,0.629,0.122,0.16,1.5,-0.6,-1.9,68,-2.3,1.0,0.9,-10.1,9.3,2022
Riley Greene,DET,418,376,95,68,18,4,5,46,42,0.253,0.321,0.362,0.682,0.303,98,0.109,0.354,89.5,2.8,0.09300000000000001,0.452,112.1,0.56,0.239,0.201,0.016,0.34700000000000003,0.375,0.278,0.166,0.51,0.324,0.081,0.246,0.388,0.316,0.086,0.287,0.3,0.312,0.654,0.45299999999999996,0.653,0.871,0.7829999999999999,0.413,0.612,0.098,0.182,4.2,-1.8,1.8,45,-0.7,1.0,-1.9,-1.5,9.9,2022
Kevin Kiermaier,TBR,221,206,47,32,8,0,7,28,22,0.228,0.281,0.369,0.649,0.286,89,0.141,0.29,87.9,5.3,0.069,0.386,109.8,0.524,0.276,0.2,0.05,0.331,0.33799999999999997,0.331,0.172,0.5589999999999999,0.26899999999999996,0.175,0.25,0.388,0.305,0.063,0.276,0.23,0.32799999999999996,0.7509999999999999,0.514,0.47100000000000003,0.843,0.71,0.439,0.647,0.149,0.129,4.9,0.6,1.9,21,2.9,1.0,0.1,2.1,9.2,2022
Sean Bouchard,COL,97,74,22,13,6,0,3,9,11,0.297,0.454,0.5,0.954,0.417,159,0.203,0.404,89.8,15.3,0.02,0.4,107.9,0.4,0.34,0.26,0.0,0.5,0.26,0.24,0.14,0.4,0.46,0.17600000000000002,0.244,0.349,0.36,0.21600000000000003,0.258,0.84,0.23800000000000002,0.59,0.37799999999999995,0.633,0.816,0.747,0.397,0.619,0.096,0.20600000000000002,0.5,-0.1,-0.1,19,0.0,0.9,6.7,-1.2,8.9,2022
David Villar,SFG,181,156,36,20,6,1,9,21,24,0.231,0.331,0.455,0.787,0.344,124,0.224,0.3,86.8,17.7,0.091,0.364,106.1,0.374,0.444,0.182,0.023,0.384,0.424,0.192,0.141,0.495,0.364,0.205,0.187,0.325,0.283,0.099,0.32,0.31,0.263,0.688,0.442,0.43200000000000005,0.75,0.6409999999999999,0.42200000000000004,0.685,0.159,0.171,3.1,-0.6,0.4,26,-1.0,0.9,4.1,-1.7,8.6,2022
Mitch Haniger,SEA,247,224,55,36,8,0,11,31,34,0.246,0.308,0.429,0.736,0.319,114,0.183,0.293,91.9,18.2,0.11800000000000001,0.47200000000000003,111.0,0.373,0.429,0.19899999999999998,0.145,0.46,0.32299999999999995,0.217,0.168,0.47200000000000003,0.36,0.159,0.242,0.447,0.326,0.081,0.263,0.31,0.302,0.672,0.45399999999999996,0.5710000000000001,0.825,0.726,0.41100000000000003,0.5870000000000001,0.124,0.179,1.5,-0.2,0.0,30,-0.5,0.9,3.5,-2.4,8.9,2022
Yonathan Daza,COL,408,372,112,87,21,2,2,56,34,0.301,0.349,0.384,0.733,0.323,95,0.083,0.347,84.8,4.6,0.019,0.25,106.0,0.5529999999999999,0.20800000000000002,0.239,0.045,0.363,0.363,0.275,0.16899999999999998,0.584,0.247,0.03,0.282,0.351,0.308,0.064,0.142,0.45,0.39399999999999996,0.655,0.502,0.738,0.897,0.8240000000000001,0.413,0.618,0.08900000000000001,0.17300000000000001,3.4,-1.7,2.4,51,0.1,0.9,-2.3,-3.5,8.3,2022
Rodolfo Castro,PIT,278,253,59,36,8,4,11,25,27,0.233,0.299,0.427,0.725,0.315,100,0.194,0.284,87.3,11.7,0.067,0.35,111.6,0.48,0.33299999999999996,0.18600000000000003,0.153,0.45,0.3,0.25,0.183,0.5720000000000001,0.244,0.18600000000000003,0.21,0.354,0.28,0.079,0.266,0.3,0.306,0.7,0.474,0.5,0.7979999999999999,0.688,0.426,0.5760000000000001,0.14800000000000002,0.16,5.3,-0.4,0.6,33,0.5,0.9,0.6,-1.8,8.4,2022
Anthony Rendon,LAA,193,166,38,23,10,0,5,15,24,0.229,0.326,0.38,0.706,0.314,103,0.151,0.258,89.6,18.8,0.083,0.376,107.3,0.353,0.42100000000000004,0.226,0.08900000000000001,0.436,0.38299999999999995,0.18,0.128,0.541,0.331,0.08900000000000001,0.241,0.392,0.331,0.11900000000000001,0.18100000000000002,0.66,0.23399999999999999,0.703,0.423,0.6890000000000001,0.902,0.8320000000000001,0.40299999999999997,0.622,0.071,0.16899999999999998,2.7,0.2,0.6,23,0.5,0.9,1.1,1.4,8.6,2022
Carlos Santana,- - -,506,431,87,50,18,0,19,52,60,0.202,0.316,0.376,0.692,0.308,102,0.174,0.209,90.7,15.4,0.09300000000000001,0.449,111.3,0.392,0.439,0.16899999999999998,0.152,0.484,0.33299999999999996,0.183,0.18,0.47,0.35100000000000003,0.126,0.253,0.438,0.352,0.14,0.174,0.81,0.257,0.6659999999999999,0.426,0.7040000000000001,0.8590000000000001,0.805,0.413,0.575,0.083,0.177,1.0,-0.5,0.8,57,-0.7,0.9,0.4,-8.1,8.3,2022
Aaron Hicks,NYY,453,384,83,64,9,2,8,54,40,0.216,0.33,0.313,0.642,0.292,89,0.096,0.279,87.9,14.8,0.057999999999999996,0.331,109.6,0.444,0.39299999999999996,0.16399999999999998,0.14800000000000002,0.475,0.27,0.255,0.201,0.511,0.28800000000000003,0.07400000000000001,0.218,0.336,0.303,0.13699999999999998,0.24100000000000002,0.57,0.237,0.645,0.408,0.608,0.838,0.76,0.418,0.556,0.098,0.192,5.0,0.3,2.0,45,0.6,0.9,-5.0,-1.0,8.4,2022
Zach McKinstry,- - -,185,166,33,19,6,3,5,21,14,0.199,0.273,0.361,0.635,0.28,81,0.163,0.257,86.4,12.8,0.043,0.302,104.2,0.37200000000000005,0.381,0.248,0.09300000000000001,0.405,0.293,0.302,0.147,0.603,0.25,0.11599999999999999,0.229,0.342,0.288,0.086,0.281,0.31,0.327,0.654,0.46399999999999997,0.66,0.9079999999999999,0.807,0.42,0.611,0.09,0.18600000000000003,8.1,1.3,1.8,17,2.9,0.9,-1.1,3.0,8.3,2022
Yan Gomes,CHC,293,277,65,45,12,0,8,23,31,0.235,0.26,0.365,0.625,0.271,75,0.13,0.252,85.3,9.4,0.034,0.289,107.5,0.45299999999999996,0.32899999999999996,0.218,0.11699999999999999,0.43799999999999994,0.349,0.213,0.196,0.5529999999999999,0.251,0.10400000000000001,0.251,0.379,0.287,0.027000000000000003,0.16,0.17,0.419,0.721,0.542,0.716,0.905,0.818,0.40700000000000003,0.631,0.098,0.158,2.7,0.2,-0.3,25,-0.2,0.9,-8.6,6.8,8.2,2022
Nicky Lopez,KCR,480,436,99,83,12,4,0,51,20,0.227,0.281,0.273,0.554,0.251,55,0.046,0.265,84.9,4.9,0.016,0.22899999999999998,106.7,0.542,0.247,0.21100000000000002,0.132,0.294,0.38299999999999995,0.32299999999999995,0.185,0.596,0.21899999999999997,0.0,0.243,0.312,0.273,0.06,0.131,0.46,0.335,0.6779999999999999,0.484,0.7809999999999999,0.888,0.846,0.435,0.619,0.07400000000000001,0.16899999999999998,6.3,0.9,3.9,32,4.6,0.9,-19.6,12.9,8.5,2022
Garrett Mitchell,MIL,68,61,19,14,3,0,2,9,9,0.311,0.373,0.459,0.832,0.365,136,0.148,0.548,92.9,9.5,0.11800000000000001,0.41200000000000003,109.9,0.39399999999999996,0.39399999999999996,0.212,0.0,0.20600000000000002,0.41200000000000003,0.382,0.08800000000000001,0.47100000000000003,0.441,0.154,0.187,0.339,0.266,0.08800000000000001,0.41200000000000003,0.21,0.257,0.7090000000000001,0.48,0.513,0.838,0.75,0.493,0.603,0.12,0.18,6.0,1.5,0.2,11,1.8,0.8,4.6,0.6,7.6,2022
Jake Fraley,CIN,247,216,56,35,9,0,12,33,28,0.259,0.344,0.468,0.812,0.352,121,0.208,0.289,85.1,13.8,0.073,0.27399999999999997,110.0,0.433,0.366,0.201,0.017,0.457,0.28,0.262,0.183,0.5489999999999999,0.268,0.2,0.248,0.417,0.332,0.105,0.21899999999999997,0.48,0.278,0.705,0.456,0.594,0.855,0.762,0.41600000000000004,0.583,0.109,0.151,3.6,0.1,0.9,36,-1.1,0.8,5.0,-5.9,7.6,2022
Vaughn Grissom,ATL,156,141,41,30,6,0,5,24,18,0.291,0.353,0.44,0.792,0.345,122,0.149,0.35,84.6,9.0,0.07400000000000001,0.34299999999999997,107.1,0.444,0.306,0.25,0.061,0.491,0.26899999999999996,0.24100000000000002,0.185,0.556,0.259,0.152,0.259,0.412,0.326,0.071,0.218,0.32,0.376,0.743,0.517,0.618,0.899,0.773,0.384,0.6920000000000001,0.11699999999999999,0.156,4.7,0.0,0.9,22,1.3,0.8,5.3,-3.5,7.2,2022
Gunnar Henderson,BAL,132,116,30,18,7,1,4,12,18,0.259,0.348,0.44,0.788,0.343,127,0.181,0.333,92.4,2.0,0.098,0.537,111.1,0.598,0.244,0.159,0.05,0.39,0.28,0.32899999999999996,0.159,0.5,0.341,0.2,0.25,0.432,0.338,0.121,0.258,0.47,0.23199999999999998,0.6729999999999999,0.41200000000000003,0.608,0.818,0.748,0.408,0.568,0.10400000000000001,0.187,3.3,-0.3,-0.4,19,-0.3,0.8,3.7,-0.1,7.7,2022
Danny Mendick,CHW,106,97,28,20,4,1,3,22,15,0.289,0.343,0.443,0.786,0.344,125,0.155,0.352,86.8,10.2,0.04,0.2,107.1,0.425,0.32899999999999996,0.247,0.042,0.373,0.34700000000000003,0.28,0.17300000000000001,0.5870000000000001,0.24,0.125,0.229,0.327,0.273,0.066,0.217,0.3,0.23600000000000002,0.6459999999999999,0.419,0.691,0.779,0.7509999999999999,0.44799999999999995,0.6509999999999999,0.10400000000000001,0.21100000000000002,6.4,0.1,0.7,15,0.4,0.8,3.3,0.5,7.2,2022
Salvador Perez,KCR,473,445,113,66,23,1,23,48,76,0.254,0.292,0.465,0.757,0.324,107,0.211,0.285,91.4,17.8,0.11199999999999999,0.49,112.5,0.36,0.46,0.18,0.064,0.45399999999999996,0.327,0.218,0.11800000000000001,0.54,0.342,0.147,0.242,0.47,0.323,0.038,0.23,0.17,0.457,0.785,0.574,0.608,0.809,0.706,0.35600000000000004,0.605,0.16899999999999998,0.09699999999999999,1.5,-0.4,-2.8,59,-2.3,0.8,1.4,-9.1,7.3,2022
Gabriel Moreno,TOR,73,69,22,20,1,0,1,10,7,0.319,0.356,0.377,0.733,0.326,114,0.058,0.35,89.2,6.0,0.033,0.32799999999999996,109.2,0.574,0.24600000000000002,0.18,0.067,0.23,0.361,0.41,0.131,0.6890000000000001,0.18,0.067,0.274,0.362,0.299,0.055,0.11,0.5,0.348,0.615,0.479,0.6809999999999999,0.888,0.8109999999999999,0.491,0.7120000000000001,0.091,0.21899999999999997,1.8,-0.1,0.1,9,-0.2,0.8,1.0,4.2,7.5,2022
Nate Eaton,KCR,122,106,28,20,4,3,1,16,12,0.264,0.331,0.387,0.717,0.313,100,0.123,0.346,85.8,13.7,0.05,0.275,107.0,0.354,0.456,0.19,0.055999999999999994,0.3,0.425,0.275,0.2,0.575,0.225,0.027999999999999997,0.233,0.352,0.297,0.08199999999999999,0.24600000000000002,0.33,0.305,0.754,0.48,0.674,0.8440000000000001,0.778,0.39,0.5820000000000001,0.106,0.14,9.0,1.7,1.4,14,3.1,0.8,3.0,0.6,7.5,2022
Aledmys Diaz,HOU,327,305,74,49,13,0,12,35,38,0.243,0.287,0.403,0.691,0.301,97,0.161,0.256,86.6,12.4,0.063,0.366,112.0,0.40299999999999997,0.37200000000000005,0.225,0.16,0.488,0.32299999999999995,0.18899999999999997,0.193,0.52,0.287,0.128,0.261,0.396,0.308,0.055,0.162,0.34,0.365,0.755,0.524,0.693,0.86,0.7909999999999999,0.409,0.624,0.11,0.126,2.1,-0.5,-2.6,35,-2.4,0.8,-3.7,1.1,7.8,2022
Jesse Winker,SEA,547,456,100,71,15,0,14,51,53,0.219,0.344,0.344,0.688,0.313,110,0.125,0.251,87.7,16.9,0.076,0.34299999999999997,110.0,0.389,0.406,0.20600000000000002,0.174,0.385,0.35700000000000004,0.258,0.205,0.508,0.287,0.09699999999999999,0.249,0.403,0.345,0.154,0.188,0.82,0.223,0.72,0.43200000000000005,0.648,0.883,0.813,0.42200000000000004,0.5429999999999999,0.081,0.149,0.9,-0.7,-4.5,64,-3.5,0.8,2.5,-12.6,7.2,2022
Adam Duvall,ATL,315,287,61,32,16,1,12,39,36,0.213,0.276,0.401,0.677,0.295,88,0.188,0.278,88.3,23.4,0.128,0.41,110.1,0.293,0.521,0.18600000000000003,0.122,0.495,0.319,0.18600000000000003,0.17,0.495,0.335,0.122,0.209,0.395,0.293,0.067,0.321,0.21,0.392,0.6759999999999999,0.505,0.627,0.805,0.722,0.39899999999999997,0.603,0.14,0.159,3.2,-1.0,2.5,32,-0.3,0.8,-4.8,2.0,8.1,2022
Willi Castro,DET,392,365,88,60,18,2,8,47,31,0.241,0.284,0.367,0.651,0.285,85,0.126,0.288,84.8,13.9,0.035,0.314,111.7,0.419,0.35600000000000004,0.225,0.109,0.35200000000000004,0.369,0.27899999999999997,0.223,0.557,0.22,0.079,0.257,0.335,0.286,0.038,0.209,0.18,0.42700000000000005,0.777,0.5770000000000001,0.57,0.856,0.735,0.429,0.6679999999999999,0.153,0.11699999999999999,5.5,-0.1,1.1,37,1.9,0.8,-4.6,0.0,7.8,2022
Ryan Jeffers,MIN,236,212,44,26,10,1,7,25,27,0.208,0.285,0.363,0.648,0.287,86,0.156,0.259,88.2,18.2,0.132,0.424,113.2,0.35100000000000003,0.45899999999999996,0.18899999999999997,0.132,0.43,0.311,0.258,0.179,0.51,0.311,0.10300000000000001,0.218,0.424,0.315,0.09699999999999999,0.263,0.37,0.29,0.688,0.461,0.688,0.857,0.7959999999999999,0.429,0.669,0.094,0.179,2.4,-0.2,-0.2,23,0.0,0.8,-3.6,3.5,7.3,2022
Yoan Moncada,CHW,433,397,84,53,18,1,12,41,51,0.212,0.273,0.353,0.626,0.275,76,0.141,0.265,88.7,15.7,0.098,0.375,111.5,0.392,0.435,0.17300000000000001,0.073,0.365,0.382,0.253,0.126,0.565,0.309,0.098,0.22,0.375,0.289,0.07400000000000001,0.263,0.28,0.313,0.684,0.47100000000000003,0.5660000000000001,0.852,0.743,0.424,0.603,0.121,0.16899999999999998,3.1,0.0,0.3,37,0.1,0.8,-11.6,5.7,7.8,2022
David Fletcher,LAA,228,216,55,43,9,1,2,20,17,0.255,0.288,0.333,0.621,0.275,75,0.079,0.268,82.1,15.0,0.0,0.07400000000000001,99.0,0.354,0.4,0.24600000000000002,0.154,0.342,0.327,0.332,0.218,0.653,0.129,0.026000000000000002,0.285,0.344,0.295,0.031,0.07,0.44,0.355,0.617,0.48200000000000004,0.789,0.945,0.8859999999999999,0.486,0.614,0.055,0.223,3.4,0.0,-0.9,20,-0.7,0.8,-7.1,7.2,7.2,2022
Alek Thomas,ARI,411,381,88,62,17,1,8,45,39,0.231,0.275,0.344,0.619,0.272,71,0.113,0.263,87.4,2.6,0.038,0.34600000000000003,111.3,0.58,0.25,0.17,0.09,0.359,0.353,0.28800000000000003,0.17600000000000002,0.564,0.26,0.10300000000000001,0.238,0.335,0.277,0.054000000000000006,0.18,0.3,0.366,0.643,0.49,0.652,0.843,0.765,0.449,0.647,0.115,0.18100000000000002,3.7,-0.8,2.8,35,2.0,0.8,-11.6,4.9,7.5,2022
Martin Maldonado,HOU,379,344,64,37,12,0,15,40,45,0.186,0.248,0.352,0.6,0.264,71,0.166,0.228,88.4,14.6,0.081,0.402,109.2,0.424,0.406,0.17,0.075,0.444,0.312,0.244,0.15,0.56,0.29100000000000004,0.161,0.181,0.325,0.253,0.057999999999999996,0.306,0.19,0.354,0.6940000000000001,0.499,0.489,0.85,0.703,0.428,0.662,0.14800000000000002,0.159,1.7,-0.3,-3.9,30,-3.1,0.8,-15.6,10.8,7.2,2022
Livan Soto,LAA,59,55,22,15,5,1,1,9,9,0.4,0.414,0.582,0.996,0.424,181,0.182,0.5,83.8,19.8,0.0,0.159,101.2,0.28600000000000003,0.381,0.33299999999999996,0.125,0.5,0.295,0.205,0.205,0.568,0.22699999999999998,0.063,0.279,0.332,0.281,0.034,0.22,0.15,0.297,0.7140000000000001,0.493,0.6859999999999999,0.92,0.845,0.47100000000000003,0.5760000000000001,0.076,0.152,5.7,-0.3,0.7,12,0.4,0.7,5.8,-1.1,6.5,2022
Garrett Stubbs,PHI,121,106,28,18,4,1,5,19,16,0.264,0.35,0.462,0.812,0.355,129,0.198,0.324,85.2,15.2,0.052000000000000005,0.273,104.9,0.42,0.391,0.188,0.111,0.545,0.312,0.14300000000000002,0.20800000000000002,0.5579999999999999,0.23399999999999999,0.185,0.207,0.299,0.275,0.11599999999999999,0.248,0.47,0.304,0.49,0.38,0.648,0.9109999999999999,0.7859999999999999,0.408,0.512,0.081,0.226,6.2,0.3,0.9,18,0.6,0.7,4.7,-2.4,6.5,2022
Keston Hiura,MIL,266,234,53,30,8,1,14,34,32,0.226,0.316,0.449,0.765,0.334,115,0.222,0.355,91.7,16.0,0.153,0.452,111.0,0.371,0.379,0.25,0.043,0.419,0.33899999999999997,0.242,0.113,0.5,0.387,0.298,0.205,0.425,0.317,0.086,0.41700000000000004,0.21,0.341,0.711,0.488,0.5,0.7120000000000001,0.623,0.396,0.6579999999999999,0.184,0.159,5.1,0.0,-0.2,36,-1.0,0.7,3.7,-6.5,6.3,2022
TJ Friedl,CIN,258,225,54,31,10,5,8,33,25,0.24,0.314,0.436,0.75,0.323,102,0.196,0.251,87.2,19.8,0.047,0.298,107.2,0.322,0.5,0.17800000000000002,0.122,0.47600000000000003,0.28800000000000003,0.23600000000000002,0.147,0.56,0.293,0.08900000000000001,0.215,0.335,0.283,0.078,0.155,0.5,0.26899999999999996,0.633,0.42700000000000005,0.662,0.894,0.812,0.435,0.578,0.08,0.191,7.2,0.4,0.5,32,0.6,0.7,1.1,-3.4,6.6,2022
Orlando Arcia,ATL,234,209,51,33,9,0,9,25,30,0.244,0.316,0.416,0.733,0.321,105,0.172,0.278,90.7,11.7,0.075,0.425,107.9,0.45899999999999996,0.377,0.16399999999999998,0.033,0.425,0.363,0.213,0.11900000000000001,0.525,0.35600000000000004,0.15,0.253,0.421,0.329,0.09,0.218,0.41,0.312,0.638,0.447,0.542,0.885,0.745,0.414,0.615,0.114,0.179,1.1,-0.2,0.8,29,-0.5,0.7,1.0,-2.7,6.3,2022
Trevor Larnach,MIN,180,160,37,19,13,0,5,22,18,0.231,0.306,0.406,0.712,0.309,101,0.175,0.32,90.1,13.1,0.114,0.43799999999999994,112.4,0.419,0.39,0.19,0.024,0.429,0.305,0.267,0.133,0.495,0.371,0.122,0.224,0.439,0.32,0.1,0.317,0.32,0.263,0.634,0.414,0.389,0.77,0.627,0.40700000000000003,0.6,0.155,0.196,1.6,-0.1,0.2,20,0.4,0.7,0.7,0.4,6.8,2022
Rafael Ortega,CHC,371,316,76,54,14,1,7,35,35,0.241,0.331,0.358,0.688,0.305,98,0.117,0.285,87.3,17.1,0.048,0.335,108.4,0.336,0.449,0.215,0.09,0.42,0.336,0.244,0.16399999999999998,0.584,0.252,0.063,0.242,0.347,0.308,0.11900000000000001,0.19899999999999998,0.59,0.289,0.69,0.44799999999999995,0.6970000000000001,0.892,0.816,0.397,0.59,0.08199999999999999,0.162,4.2,-0.8,-2.2,41,-3.1,0.7,-3.9,-2.1,6.8,2022
Tommy Pham,- - -,622,554,131,90,23,1,17,89,63,0.236,0.312,0.374,0.686,0.304,90,0.137,0.304,92.2,7.7,0.079,0.485,112.6,0.48,0.337,0.184,0.076,0.375,0.375,0.25,0.135,0.48200000000000004,0.38299999999999995,0.129,0.238,0.383,0.311,0.09,0.268,0.34,0.255,0.628,0.42,0.557,0.873,0.7659999999999999,0.441,0.625,0.098,0.20800000000000002,4.5,-0.2,3.7,68,-0.4,0.7,-7.9,-6.5,6.4,2022
Owen Miller,CLE,472,424,103,70,26,1,6,53,51,0.243,0.301,0.351,0.652,0.287,86,0.108,0.29,85.8,10.1,0.035,0.312,109.1,0.43200000000000005,0.33799999999999997,0.22899999999999998,0.07,0.371,0.38799999999999996,0.24100000000000002,0.212,0.5379999999999999,0.25,0.052000000000000005,0.246,0.341,0.291,0.068,0.19699999999999998,0.34,0.374,0.637,0.479,0.767,0.9,0.838,0.4,0.636,0.078,0.188,3.6,0.0,1.3,45,1.5,0.7,-5.7,-3.0,6.2,2022
Luke Maile,CLE,206,181,40,27,10,0,3,19,17,0.221,0.301,0.326,0.627,0.281,82,0.105,0.291,84.5,17.0,0.054000000000000006,0.254,106.5,0.377,0.43799999999999994,0.185,0.07,0.415,0.36200000000000004,0.223,0.223,0.523,0.254,0.053,0.194,0.301,0.263,0.092,0.262,0.35,0.29,0.674,0.449,0.547,0.87,0.748,0.415,0.607,0.113,0.188,1.3,-0.2,-0.6,19,-0.9,0.7,-5.0,5.1,6.6,2022
Tyler Heineman,- - -,174,157,34,26,8,0,0,16,9,0.217,0.276,0.268,0.544,0.248,55,0.051,0.243,82.7,19.9,0.0,0.132,102.5,0.353,0.414,0.233,0.23600000000000002,0.396,0.34700000000000003,0.257,0.20800000000000002,0.618,0.174,0.0,0.248,0.293,0.273,0.046,0.098,0.47,0.419,0.703,0.5429999999999999,0.768,0.914,0.85,0.43700000000000006,0.649,0.081,0.14800000000000002,3.5,0.0,-1.3,11,-1.1,0.7,-10.2,10.7,6.4,2022
Conner Capel,- - -,59,52,16,12,0,1,3,7,11,0.308,0.356,0.519,0.875,0.371,147,0.212,0.317,87.6,7.9,0.068,0.318,108.5,0.43200000000000005,0.341,0.22699999999999998,0.0,0.341,0.43200000000000005,0.22699999999999998,0.182,0.568,0.25,0.2,0.282,0.434,0.336,0.085,0.16899999999999998,0.5,0.287,0.6509999999999999,0.446,0.6409999999999999,0.87,0.787,0.43799999999999994,0.644,0.095,0.198,4.9,-0.3,0.2,10,-0.1,0.6,3.0,0.4,5.3,2022
Kris Bryant,COL,181,160,49,32,12,0,5,28,14,0.306,0.376,0.475,0.851,0.37,127,0.169,0.338,84.9,13.5,0.067,0.29600000000000004,107.9,0.4,0.385,0.215,0.057999999999999996,0.43,0.37799999999999995,0.193,0.2,0.45899999999999996,0.341,0.096,0.279,0.426,0.344,0.094,0.149,0.63,0.28800000000000003,0.746,0.474,0.597,0.905,0.794,0.40700000000000003,0.602,0.098,0.141,1.9,-0.2,0.2,29,-0.1,0.6,5.5,-5.7,6.0,2022
Oswald Peraza,NYY,57,49,15,11,3,0,1,8,2,0.306,0.404,0.429,0.832,0.371,145,0.122,0.359,81.6,5.4,0.05,0.3,104.6,0.575,0.275,0.15,0.364,0.425,0.375,0.2,0.275,0.425,0.3,0.091,0.276,0.374,0.343,0.105,0.158,0.67,0.264,0.767,0.494,0.652,0.9109999999999999,0.835,0.456,0.684,0.081,0.156,5.1,0.3,-0.4,9,0.4,0.6,3.2,0.4,5.5,2022
Mark Mathias,- - -,91,81,20,11,3,0,6,13,20,0.247,0.319,0.506,0.825,0.353,132,0.259,0.304,90.2,11.8,0.115,0.462,109.1,0.462,0.365,0.17300000000000001,0.053,0.48100000000000004,0.26899999999999996,0.25,0.057999999999999996,0.5579999999999999,0.385,0.316,0.214,0.384,0.298,0.099,0.33,0.3,0.267,0.586,0.391,0.5760000000000001,0.7829999999999999,0.696,0.389,0.5710000000000001,0.11900000000000001,0.215,4.9,0.5,0.1,14,0.2,0.6,3.5,-1.0,5.4,2022
Mike Brosseau,MIL,160,141,36,25,5,0,6,15,23,0.255,0.344,0.418,0.762,0.338,118,0.163,0.345,89.1,14.6,0.086,0.419,104.1,0.409,0.43,0.161,0.05,0.409,0.33299999999999996,0.258,0.14,0.484,0.376,0.15,0.213,0.359,0.3,0.08800000000000001,0.3,0.29,0.317,0.6809999999999999,0.469,0.6509999999999999,0.7759999999999999,0.727,0.42,0.519,0.128,0.17300000000000001,3.1,0.2,-0.1,22,0.5,0.6,3.8,-3.6,5.7,2022
Charles Leblanc,MIA,169,156,41,27,10,0,4,18,11,0.263,0.32,0.404,0.723,0.318,102,0.141,0.374,87.3,16.9,0.087,0.32,109.0,0.363,0.402,0.235,0.171,0.466,0.204,0.33,0.184,0.47600000000000003,0.34,0.098,0.218,0.368,0.285,0.071,0.314,0.23,0.303,0.618,0.436,0.557,0.902,0.764,0.423,0.698,0.10300000000000001,0.18600000000000003,3.6,-0.2,0.9,20,0.4,0.6,0.8,-0.6,6.0,2022
Eric Hosmer,- - -,419,380,102,75,19,0,8,38,44,0.268,0.334,0.382,0.716,0.313,104,0.113,0.304,88.4,3.1,0.057,0.397,112.9,0.568,0.252,0.18,0.08800000000000001,0.391,0.34700000000000003,0.262,0.22699999999999998,0.498,0.27399999999999997,0.1,0.258,0.379,0.311,0.08800000000000001,0.153,0.58,0.371,0.6759999999999999,0.489,0.7170000000000001,0.934,0.833,0.386,0.578,0.08199999999999999,0.156,0.9,-0.4,-3.0,49,-2.6,0.6,-0.6,-7.9,5.8,2022
Roberto Perez,PIT,69,60,14,10,2,0,2,8,8,0.233,0.333,0.367,0.7,0.315,100,0.133,0.364,89.3,5.4,0.114,0.514,109.8,0.457,0.34299999999999997,0.2,0.0,0.5710000000000001,0.314,0.114,0.171,0.457,0.371,0.16699999999999998,0.212,0.376,0.308,0.13,0.36200000000000004,0.36,0.29100000000000004,0.55,0.39899999999999997,0.48100000000000004,0.7609999999999999,0.642,0.419,0.522,0.14300000000000002,0.205,1.3,-0.1,-0.4,8,-0.1,0.6,-0.1,3.4,5.6,2022
Andrew McCutchen,MIL,580,515,122,80,25,0,17,66,69,0.237,0.316,0.384,0.7,0.309,98,0.148,0.278,89.1,13.1,0.086,0.4,110.6,0.418,0.375,0.20800000000000002,0.115,0.43799999999999994,0.375,0.187,0.139,0.547,0.314,0.115,0.252,0.406,0.325,0.098,0.214,0.46,0.249,0.716,0.449,0.598,0.858,0.7759999999999999,0.429,0.5720000000000001,0.10099999999999999,0.16399999999999998,3.0,-1.4,-2.6,66,-2.6,0.6,-3.8,-10.5,5.6,2022
Corey Dickerson,STL,297,281,75,51,17,1,6,28,36,0.267,0.3,0.399,0.698,0.303,96,0.132,0.301,87.8,10.6,0.038,0.32799999999999996,112.1,0.46,0.32799999999999996,0.213,0.13,0.37,0.34,0.289,0.196,0.562,0.243,0.078,0.264,0.371,0.293,0.04,0.162,0.25,0.451,0.7759999999999999,0.584,0.72,0.8540000000000001,0.7929999999999999,0.408,0.5760000000000001,0.121,0.114,2.0,-0.3,-0.5,32,0.9,0.6,-0.6,-3.5,6.1,2022
Brandon Lowe,TBR,266,235,52,32,10,2,8,31,25,0.221,0.308,0.383,0.691,0.306,103,0.162,0.263,89.4,16.6,0.10300000000000001,0.389,112.2,0.379,0.414,0.207,0.09699999999999999,0.434,0.314,0.251,0.166,0.5489999999999999,0.28600000000000003,0.111,0.233,0.397,0.317,0.102,0.22899999999999998,0.44,0.34299999999999997,0.79,0.531,0.49200000000000005,0.784,0.675,0.42100000000000004,0.617,0.172,0.10300000000000001,4.2,-0.1,1.0,30,0.0,0.6,0.8,-3.6,5.7,2022
A.J. Pollock,CHW,527,489,120,79,26,1,14,61,56,0.245,0.292,0.389,0.681,0.297,92,0.143,0.278,88.8,11.7,0.094,0.42,110.8,0.452,0.358,0.19,0.177,0.43799999999999994,0.32899999999999996,0.233,0.17,0.496,0.33399999999999996,0.099,0.258,0.419,0.317,0.061,0.18600000000000003,0.33,0.379,0.7609999999999999,0.536,0.636,0.882,0.78,0.41200000000000003,0.632,0.11800000000000001,0.128,3.5,-0.3,-0.9,55,-2.4,0.6,-7.1,-4.1,5.6,2022
Austin Wynns,SFG,177,162,42,32,7,0,3,14,21,0.259,0.313,0.358,0.671,0.298,93,0.099,0.32,84.1,10.4,0.04,0.27,106.4,0.46399999999999997,0.32,0.21600000000000003,0.075,0.429,0.278,0.294,0.23,0.54,0.23,0.075,0.223,0.318,0.267,0.055999999999999994,0.215,0.26,0.327,0.569,0.434,0.6409999999999999,0.893,0.787,0.442,0.65,0.092,0.245,0.9,-0.2,-0.9,19,-0.9,0.6,-2.4,2.0,5.7,2022
Ramon Laureano,OAK,383,346,73,42,18,0,13,49,34,0.211,0.287,0.376,0.663,0.294,94,0.165,0.262,88.7,14.9,0.11599999999999999,0.384,110.2,0.43,0.39299999999999996,0.17800000000000002,0.105,0.43799999999999994,0.302,0.26,0.149,0.517,0.335,0.13699999999999998,0.219,0.402,0.307,0.065,0.272,0.24,0.324,0.652,0.46299999999999997,0.534,0.84,0.716,0.423,0.624,0.131,0.18600000000000003,4.8,-0.5,2.7,39,0.6,0.6,-1.9,-4.7,5.5,2022
Ryan McKenna,BAL,172,156,37,25,10,0,2,23,11,0.237,0.294,0.34,0.634,0.279,81,0.103,0.35,86.7,15.4,0.096,0.298,109.1,0.39,0.37,0.24,0.10800000000000001,0.413,0.28800000000000003,0.298,0.135,0.5670000000000001,0.298,0.054000000000000006,0.21,0.331,0.267,0.064,0.32,0.2,0.315,0.757,0.523,0.5,0.7829999999999999,0.6920000000000001,0.469,0.698,0.161,0.157,4.1,-0.2,2.7,15,1.0,0.6,-2.5,2.8,5.7,2022
Jose Azocar,SDP,216,202,52,40,9,3,0,24,10,0.257,0.298,0.332,0.629,0.278,81,0.074,0.327,88.3,9.4,0.025,0.306,108.2,0.494,0.292,0.214,0.0,0.23800000000000002,0.406,0.35600000000000004,0.113,0.6559999999999999,0.231,0.0,0.241,0.317,0.272,0.055999999999999994,0.204,0.27,0.41200000000000003,0.7559999999999999,0.546,0.6890000000000001,0.863,0.7829999999999999,0.389,0.653,0.11800000000000001,0.121,5.9,-1.6,0.3,19,-0.6,0.6,-5.4,4.0,6.1,2022
Carson Kelly,ARI,354,317,67,42,18,0,7,40,35,0.211,0.282,0.334,0.617,0.275,73,0.123,0.247,87.7,14.7,0.052000000000000005,0.368,109.4,0.406,0.39799999999999996,0.19699999999999998,0.111,0.384,0.396,0.22,0.204,0.5,0.29600000000000004,0.071,0.225,0.345,0.288,0.08199999999999999,0.201,0.41,0.287,0.645,0.436,0.6890000000000001,0.893,0.815,0.41700000000000004,0.5820000000000001,0.081,0.2,3.4,0.1,0.2,31,-1.0,0.6,-12.0,5.4,5.5,2022
Brian Serven,COL,205,187,38,27,4,1,6,19,16,0.203,0.261,0.332,0.593,0.263,54,0.128,0.232,84.5,12.5,0.027000000000000003,0.295,105.8,0.44799999999999995,0.35,0.203,0.16,0.452,0.32899999999999996,0.21899999999999997,0.24,0.521,0.24,0.12,0.212,0.291,0.254,0.063,0.215,0.3,0.40700000000000003,0.732,0.545,0.645,0.815,0.742,0.426,0.644,0.141,0.136,2.3,-0.2,0.0,16,-0.9,0.6,-11.9,10.4,5.6,2022
Jonathan Davis,MIL,91,76,17,16,1,0,0,9,4,0.224,0.344,0.237,0.581,0.278,77,0.013,0.34,84.6,2.7,0.0,0.21600000000000003,109.1,0.6,0.2,0.2,0.1,0.451,0.392,0.157,0.196,0.608,0.196,0.0,0.218,0.262,0.284,0.154,0.28600000000000003,0.54,0.272,0.575,0.41200000000000003,0.655,0.87,0.794,0.46299999999999997,0.6809999999999999,0.085,0.226,5.1,0.9,0.5,8,1.0,0.6,-1.4,3.7,5.4,2022
Eli White,TEX,117,105,21,16,2,0,3,16,10,0.2,0.274,0.305,0.578,0.26,66,0.105,0.29,86.4,21.5,0.046,0.292,105.2,0.304,0.48200000000000004,0.214,0.111,0.4,0.24600000000000002,0.354,0.138,0.615,0.24600000000000002,0.111,0.183,0.293,0.255,0.094,0.35,0.27,0.265,0.713,0.462,0.439,0.691,0.61,0.439,0.59,0.18,0.17300000000000001,7.0,1.9,1.4,9,1.8,0.6,-2.6,4.7,5.8,2022
Nick Maton,PHI,85,72,18,10,2,1,5,13,17,0.25,0.341,0.514,0.855,0.364,135,0.264,0.325,86.6,18.5,0.067,0.311,107.3,0.318,0.43200000000000005,0.25,0.158,0.444,0.33299999999999996,0.222,0.222,0.467,0.311,0.263,0.217,0.357,0.306,0.11800000000000001,0.341,0.34,0.35200000000000004,0.7190000000000001,0.488,0.469,0.8140000000000001,0.657,0.37,0.624,0.16699999999999998,0.153,4.2,-0.1,0.3,13,0.1,0.5,3.6,-1.3,5.2,2022
Stone Garrett,ARI,84,76,21,9,8,0,4,13,10,0.276,0.309,0.539,0.848,0.36,131,0.263,0.37,92.9,22.7,0.094,0.491,108.8,0.34,0.52,0.14,0.077,0.32,0.42,0.26,0.1,0.58,0.32,0.154,0.198,0.369,0.268,0.036000000000000004,0.321,0.11,0.435,0.738,0.5579999999999999,0.531,0.785,0.667,0.40399999999999997,0.607,0.18600000000000003,0.115,5.7,0.1,-0.1,13,0.1,0.5,3.2,-1.6,4.5,2022
Jason Vosler,SFG,111,98,26,15,6,1,4,14,12,0.265,0.342,0.469,0.812,0.349,128,0.204,0.333,84.7,15.2,0.043,0.257,109.4,0.36200000000000004,0.33299999999999996,0.304,0.174,0.5,0.32899999999999996,0.171,0.257,0.486,0.257,0.174,0.244,0.376,0.312,0.09,0.261,0.34,0.35200000000000004,0.652,0.465,0.609,0.903,0.764,0.377,0.604,0.11,0.16699999999999998,4.4,-0.3,0.2,16,0.0,0.5,3.6,-2.2,5.1,2022
Darick Hall,PHI,142,136,34,16,8,1,9,19,16,0.25,0.282,0.522,0.804,0.343,121,0.272,0.301,91.4,18.6,0.174,0.446,113.0,0.337,0.457,0.207,0.11900000000000001,0.402,0.359,0.239,0.152,0.489,0.359,0.214,0.232,0.462,0.312,0.035,0.31,0.11,0.363,0.742,0.523,0.48200000000000004,0.847,0.701,0.42200000000000004,0.648,0.157,0.149,3.1,-0.1,-0.1,20,0.1,0.5,3.5,-3.8,4.6,2022
Stuart Fairchild,- - -,110,97,24,14,4,1,5,14,6,0.247,0.336,0.464,0.8,0.35,122,0.216,0.328,88.9,13.2,0.095,0.413,107.6,0.426,0.39299999999999996,0.18,0.083,0.47600000000000003,0.302,0.222,0.175,0.47600000000000003,0.349,0.20800000000000002,0.221,0.396,0.317,0.073,0.309,0.24,0.22899999999999998,0.7709999999999999,0.475,0.321,0.804,0.677,0.45399999999999996,0.655,0.154,0.135,4.5,-0.9,-0.4,16,-1.4,0.5,1.3,0.0,5.1,2022
Kerry Carpenter,DET,113,103,26,15,4,1,6,16,10,0.252,0.31,0.485,0.795,0.342,125,0.233,0.303,87.2,14.5,0.111,0.361,107.3,0.40299999999999997,0.444,0.153,0.063,0.444,0.319,0.23600000000000002,0.125,0.542,0.33299999999999996,0.188,0.211,0.397,0.294,0.053,0.28300000000000003,0.19,0.374,0.73,0.527,0.5539999999999999,0.867,0.74,0.429,0.584,0.13699999999999998,0.13,3.7,-0.1,-0.5,16,-0.1,0.5,3.1,-2.1,4.6,2022
Alex Call,- - -,131,114,27,18,3,1,5,18,13,0.237,0.336,0.412,0.748,0.332,115,0.175,0.278,86.3,18.4,0.012,0.31,108.8,0.361,0.42200000000000004,0.217,0.057,0.512,0.33299999999999996,0.155,0.155,0.5710000000000001,0.27399999999999997,0.14300000000000002,0.209,0.29,0.279,0.115,0.22899999999999998,0.5,0.27899999999999997,0.652,0.44,0.6559999999999999,0.826,0.765,0.433,0.664,0.10400000000000001,0.2,5.0,-0.7,1.4,17,-0.1,0.5,2.1,-1.8,4.8,2022
David Bote,CHC,127,116,30,18,8,0,4,15,12,0.259,0.315,0.431,0.746,0.325,112,0.172,0.382,92.4,7.9,0.069,0.556,109.6,0.486,0.292,0.222,0.19,0.41700000000000004,0.33299999999999996,0.25,0.19399999999999998,0.486,0.319,0.19,0.229,0.351,0.287,0.047,0.354,0.13,0.3,0.647,0.445,0.45299999999999996,0.821,0.677,0.419,0.63,0.14400000000000002,0.22699999999999998,3.5,0.1,-0.3,16,0.1,0.5,1.9,-1.3,4.9,2022
Bryan De La Cruz,MIA,355,329,83,50,20,0,13,38,43,0.252,0.294,0.432,0.725,0.313,99,0.179,0.304,90.8,9.8,0.11900000000000001,0.47100000000000003,111.2,0.41600000000000004,0.309,0.276,0.04,0.40299999999999997,0.366,0.23,0.08199999999999999,0.527,0.391,0.17300000000000001,0.287,0.498,0.355,0.054000000000000006,0.254,0.21,0.344,0.733,0.491,0.606,0.8440000000000001,0.74,0.37799999999999995,0.614,0.128,0.158,3.5,0.5,-0.7,42,0.8,0.5,0.3,-7.9,4.6,2022
Donovan Solano,CIN,304,278,79,59,16,0,4,22,24,0.284,0.339,0.385,0.724,0.319,99,0.101,0.349,88.3,10.6,0.059000000000000004,0.406,107.3,0.447,0.27899999999999997,0.27399999999999997,0.08199999999999999,0.365,0.374,0.26,0.132,0.539,0.32899999999999996,0.066,0.269,0.394,0.317,0.063,0.201,0.31,0.36200000000000004,0.667,0.495,0.679,0.907,0.813,0.435,0.635,0.09300000000000001,0.192,0.7,-0.3,-1.9,37,-2.2,0.5,-2.6,-2.8,5.1,2022
Randal Grichuk,COL,538,506,131,88,21,3,19,60,73,0.259,0.299,0.425,0.724,0.315,89,0.166,0.309,90.0,8.7,0.068,0.436,111.6,0.509,0.36200000000000004,0.129,0.08,0.373,0.36200000000000004,0.265,0.152,0.483,0.365,0.138,0.229,0.37,0.281,0.045,0.23600000000000002,0.19,0.369,0.715,0.506,0.621,0.889,0.7709999999999999,0.396,0.593,0.11599999999999999,0.157,4.4,0.3,-1.3,64,0.0,0.5,-6.7,-7.5,4.3,2022
Tyler Naquin,- - -,334,310,71,37,19,4,11,47,46,0.229,0.282,0.423,0.705,0.303,92,0.194,0.291,90.3,14.4,0.096,0.408,112.7,0.39,0.39899999999999997,0.21100000000000002,0.11800000000000001,0.376,0.36700000000000005,0.257,0.156,0.5,0.344,0.129,0.247,0.433,0.317,0.057,0.278,0.2,0.42,0.8109999999999999,0.5770000000000001,0.6459999999999999,0.784,0.7240000000000001,0.40299999999999997,0.629,0.159,0.105,6.5,-0.2,1.3,37,1.6,0.5,-1.4,-5.6,4.5,2022
Luis Gonzalez,SFG,350,311,79,56,17,2,4,31,36,0.254,0.323,0.36,0.683,0.302,95,0.106,0.316,86.9,10.9,0.025,0.32,109.7,0.456,0.373,0.171,0.071,0.295,0.353,0.353,0.149,0.602,0.249,0.047,0.214,0.299,0.265,0.086,0.214,0.4,0.28300000000000003,0.68,0.461,0.615,0.87,0.7829999999999999,0.446,0.5660000000000001,0.1,0.162,5.2,0.8,-0.7,38,1.3,0.5,-0.5,-6.8,4.7,2022
Jesus Sanchez,MIA,343,313,67,37,14,3,13,38,36,0.214,0.28,0.403,0.682,0.298,88,0.188,0.258,89.5,11.0,0.099,0.405,114.7,0.466,0.36700000000000005,0.16699999999999998,0.12300000000000001,0.428,0.302,0.27,0.158,0.55,0.293,0.16,0.222,0.379,0.295,0.076,0.268,0.28,0.36200000000000004,0.667,0.478,0.593,0.853,0.731,0.38,0.598,0.129,0.155,4.2,-0.1,-1.1,36,-0.1,0.5,-4.8,-2.2,4.8,2022
Raimel Tapia,TOR,433,411,109,79,20,3,7,47,52,0.265,0.292,0.38,0.672,0.293,91,0.114,0.315,87.6,4.0,0.051,0.37799999999999995,111.7,0.547,0.257,0.196,0.094,0.33799999999999997,0.368,0.293,0.198,0.524,0.278,0.08199999999999999,0.256,0.366,0.286,0.037000000000000005,0.187,0.2,0.446,0.705,0.5489999999999999,0.722,0.882,0.804,0.39799999999999996,0.584,0.10800000000000001,0.147,5.3,0.4,2.8,44,2.0,0.5,-2.5,-6.4,4.8,2022
Odubel Herrera,PHI,197,185,44,29,9,1,5,23,21,0.238,0.279,0.378,0.658,0.287,83,0.141,0.281,86.9,4.0,0.049,0.375,111.2,0.5770000000000001,0.29600000000000004,0.127,0.14300000000000002,0.424,0.278,0.299,0.25,0.507,0.243,0.11900000000000001,0.225,0.348,0.272,0.055999999999999994,0.213,0.26,0.42,0.679,0.524,0.643,0.915,0.785,0.402,0.594,0.113,0.152,6.2,1.0,-0.3,19,0.8,0.5,-3.1,1.5,5.1,2022
Curt Casali,- - -,176,148,30,21,4,0,5,20,17,0.203,0.318,0.331,0.649,0.295,93,0.128,0.263,87.1,25.4,0.06,0.39,106.6,0.28,0.49,0.23,0.122,0.48,0.27,0.25,0.22,0.55,0.23,0.102,0.189,0.325,0.289,0.136,0.284,0.48,0.271,0.733,0.473,0.6,0.82,0.7490000000000001,0.436,0.619,0.11900000000000001,0.129,1.4,-0.2,0.0,18,-0.4,0.5,-1.9,0.3,4.4,2022
Albert Almora Jr.,CIN,235,215,48,32,10,1,5,26,29,0.223,0.282,0.349,0.631,0.279,72,0.126,0.261,84.0,6.8,0.018000000000000002,0.251,108.6,0.503,0.272,0.225,0.13,0.462,0.345,0.193,0.222,0.544,0.23399999999999999,0.109,0.234,0.309,0.269,0.07200000000000001,0.196,0.37,0.38799999999999996,0.6920000000000001,0.514,0.672,0.872,0.784,0.415,0.574,0.111,0.158,4.4,-0.4,-1.4,21,0.1,0.5,-7.6,4.7,5.1,2022
Cesar Hernandez,WSN,617,560,139,106,28,4,1,64,34,0.248,0.311,0.318,0.629,0.283,81,0.07,0.309,84.8,9.3,0.024,0.297,110.8,0.465,0.307,0.22899999999999998,0.11900000000000001,0.35,0.341,0.308,0.20800000000000002,0.532,0.259,0.006999999999999999,0.248,0.329,0.29,0.073,0.185,0.39,0.293,0.7070000000000001,0.466,0.6729999999999999,0.8859999999999999,0.8079999999999999,0.418,0.647,0.09,0.157,5.0,-0.2,-0.7,57,-0.8,0.5,-14.5,-2.3,4.4,2022
Kyle Isbel,KCR,278,256,54,35,10,4,5,32,28,0.211,0.264,0.34,0.603,0.265,66,0.129,0.275,89.7,10.6,0.049,0.446,111.2,0.431,0.376,0.193,0.17600000000000002,0.478,0.31,0.212,0.179,0.495,0.326,0.07400000000000001,0.22,0.323,0.266,0.057999999999999996,0.27,0.21,0.318,0.647,0.457,0.67,0.898,0.8059999999999999,0.423,0.59,0.08800000000000001,0.19,7.3,-0.8,0.4,22,-0.1,0.5,-10.9,6.7,4.6,2022
Nick Allen,OAK,326,299,62,45,13,0,4,31,19,0.207,0.256,0.291,0.547,0.245,59,0.084,0.25,83.9,7.6,0.012,0.223,104.6,0.515,0.316,0.16899999999999998,0.16399999999999998,0.318,0.318,0.364,0.19399999999999998,0.607,0.198,0.055,0.21,0.266,0.238,0.057999999999999996,0.196,0.3,0.369,0.7290000000000001,0.519,0.639,0.88,0.78,0.41600000000000004,0.669,0.114,0.141,3.2,-0.5,0.8,20,0.7,0.5,-14.3,9.0,5.0,2022
Drew Waters,KCR,109,96,23,11,6,1,5,14,18,0.24,0.324,0.479,0.803,0.347,123,0.24,0.353,84.1,10.4,0.12300000000000001,0.281,110.6,0.48200000000000004,0.33899999999999997,0.179,0.0,0.446,0.304,0.25,0.125,0.5539999999999999,0.321,0.263,0.195,0.376,0.293,0.11,0.36700000000000005,0.3,0.28300000000000003,0.737,0.467,0.534,0.8140000000000001,0.713,0.40399999999999997,0.55,0.134,0.159,3.6,-0.1,-0.4,16,0.3,0.4,3.2,-2.7,3.9,2022
Triston Casas,BOS,95,76,15,9,1,0,5,11,12,0.197,0.358,0.408,0.766,0.344,120,0.211,0.208,86.0,2.2,0.075,0.415,110.5,0.5660000000000001,0.358,0.075,0.053,0.377,0.377,0.245,0.18899999999999997,0.491,0.321,0.263,0.193,0.356,0.325,0.2,0.242,0.83,0.21,0.628,0.376,0.5770000000000001,0.835,0.748,0.39799999999999996,0.5579999999999999,0.095,0.18,2.8,0.1,-0.4,13,-0.1,0.4,2.0,-1.0,3.9,2022
Jake Burger,CHW,183,168,42,24,9,1,8,20,26,0.25,0.302,0.458,0.761,0.327,113,0.208,0.324,90.7,12.3,0.149,0.43,114.4,0.425,0.425,0.15,0.083,0.43,0.325,0.24600000000000002,0.149,0.526,0.325,0.16699999999999998,0.225,0.46,0.318,0.055,0.306,0.18,0.423,0.73,0.54,0.49700000000000005,0.836,0.6709999999999999,0.38,0.672,0.177,0.141,2.5,-0.1,0.1,23,0.0,0.4,2.6,-5.0,3.4,2022
Alan Trejo,COL,125,118,32,22,6,0,4,15,17,0.271,0.312,0.424,0.736,0.321,94,0.153,0.337,86.2,13.6,0.046,0.31,104.9,0.391,0.368,0.24100000000000002,0.031,0.44799999999999995,0.31,0.24100000000000002,0.138,0.644,0.218,0.125,0.242,0.375,0.291,0.04,0.248,0.16,0.396,0.6940000000000001,0.522,0.637,0.848,0.7559999999999999,0.423,0.672,0.128,0.168,2.6,-0.7,0.9,15,-0.6,0.4,-1.5,1.3,4.1,2022
Luke Voit,- - -,568,500,113,69,22,0,22,55,69,0.226,0.308,0.402,0.71,0.311,103,0.176,0.298,89.8,18.4,0.147,0.44299999999999995,111.3,0.33899999999999997,0.40399999999999997,0.257,0.045,0.489,0.315,0.196,0.15,0.474,0.376,0.16699999999999998,0.222,0.434,0.322,0.09699999999999999,0.315,0.31,0.344,0.807,0.52,0.461,0.765,0.64,0.38,0.653,0.187,0.10300000000000001,1.5,-0.7,-6.0,66,-4.9,0.4,-3.2,-12.3,4.0,2022
Jorge Soler,MIA,306,270,56,30,13,0,13,32,34,0.207,0.295,0.4,0.695,0.305,93,0.193,0.256,91.2,13.7,0.121,0.434,117.6,0.42,0.40299999999999997,0.177,0.11,0.503,0.337,0.16,0.16,0.442,0.39799999999999996,0.17800000000000002,0.226,0.421,0.322,0.10099999999999999,0.294,0.34,0.294,0.7090000000000001,0.46,0.556,0.809,0.7120000000000001,0.39899999999999997,0.5720000000000001,0.132,0.14800000000000002,1.6,-1.1,0.6,34,-1.2,0.4,-3.7,-3.1,3.7,2022
Taylor Trammell,SEA,117,102,20,7,9,0,4,15,10,0.196,0.284,0.402,0.686,0.3,101,0.206,0.242,88.3,20.4,0.099,0.282,112.3,0.36200000000000004,0.449,0.188,0.19399999999999998,0.38,0.38,0.239,0.16899999999999998,0.507,0.324,0.129,0.206,0.357,0.292,0.111,0.282,0.39,0.28,0.728,0.47200000000000003,0.406,0.799,0.665,0.428,0.607,0.158,0.151,4.1,-0.1,-0.5,12,0.3,0.4,0.4,0.0,4.1,2022
Jorge Alfaro,SDP,274,256,63,42,14,0,7,25,40,0.246,0.285,0.383,0.667,0.291,90,0.137,0.364,89.4,7.9,0.11199999999999999,0.385,115.2,0.466,0.292,0.242,0.043,0.354,0.373,0.273,0.155,0.534,0.311,0.149,0.238,0.397,0.295,0.04,0.358,0.11,0.49200000000000005,0.8270000000000001,0.627,0.522,0.767,0.652,0.40299999999999997,0.6970000000000001,0.217,0.09699999999999999,2.4,0.0,-0.3,27,-0.7,0.4,-3.9,-1.9,3.6,2022
Jake Marisnick,PIT,82,77,18,10,6,0,2,9,6,0.234,0.272,0.39,0.661,0.283,78,0.156,0.314,88.4,19.8,0.07400000000000001,0.426,110.2,0.33299999999999996,0.45799999999999996,0.20800000000000002,0.136,0.33299999999999996,0.48100000000000004,0.185,0.222,0.519,0.259,0.091,0.226,0.361,0.27,0.049,0.293,0.17,0.445,0.736,0.552,0.556,0.833,0.6920000000000001,0.368,0.7440000000000001,0.17,0.135,4.3,-0.1,-0.2,8,0.1,0.4,-2.0,3.0,3.8,2022
Joey Bart,SFG,291,261,56,39,6,0,11,34,25,0.215,0.296,0.364,0.66,0.294,90,0.149,0.326,87.3,16.4,0.10099999999999999,0.43,114.3,0.429,0.361,0.21100000000000002,0.17,0.55,0.221,0.228,0.235,0.43,0.336,0.20800000000000002,0.21,0.37,0.296,0.08900000000000001,0.385,0.23,0.335,0.647,0.469,0.475,0.754,0.64,0.42700000000000005,0.667,0.16899999999999998,0.18100000000000002,2.9,-0.3,-1.4,30,-1.7,0.4,-4.9,-1.6,3.5,2022
Matt Reynolds,- - -,272,244,60,46,10,1,3,31,23,0.246,0.32,0.332,0.652,0.293,81,0.086,0.348,90.2,5.6,0.03,0.419,106.7,0.509,0.26899999999999996,0.222,0.022000000000000002,0.26899999999999996,0.431,0.299,0.09,0.617,0.293,0.067,0.216,0.306,0.273,0.096,0.287,0.33,0.264,0.636,0.415,0.515,0.867,0.7340000000000001,0.406,0.607,0.11,0.21899999999999997,5.3,0.7,-0.3,28,0.2,0.4,-5.8,0.2,3.7,2022
Jake Cave,MIN,177,164,35,20,7,3,5,17,20,0.213,0.26,0.384,0.644,0.278,80,0.171,0.268,90.7,14.4,0.10300000000000001,0.42700000000000005,108.9,0.359,0.444,0.19699999999999998,0.0,0.282,0.47,0.248,0.094,0.521,0.385,0.096,0.213,0.395,0.285,0.062,0.27699999999999997,0.22,0.34600000000000003,0.736,0.504,0.493,0.778,0.662,0.406,0.5589999999999999,0.17,0.132,6.2,0.3,-0.2,16,1.5,0.4,-2.5,0.3,3.4,2022
Jordan Luplow,ARI,234,205,36,20,5,0,11,26,28,0.176,0.274,0.361,0.634,0.281,78,0.185,0.185,87.2,17.7,0.075,0.32899999999999996,108.8,0.41100000000000003,0.445,0.14400000000000002,0.154,0.527,0.267,0.205,0.192,0.466,0.342,0.16899999999999998,0.198,0.351,0.288,0.107,0.256,0.42,0.28300000000000003,0.745,0.475,0.5539999999999999,0.8240000000000001,0.73,0.41700000000000004,0.53,0.128,0.14400000000000002,4.1,0.4,-0.1,21,0.2,0.4,-5.8,2.0,4.2,2022
Victor Robles,WSN,407,366,82,64,10,2,6,42,33,0.224,0.273,0.311,0.584,0.26,65,0.087,0.292,84.6,15.8,0.032,0.23800000000000002,109.7,0.402,0.39,0.207,0.125,0.43,0.31,0.26,0.209,0.578,0.213,0.063,0.203,0.28,0.244,0.042,0.256,0.16,0.353,0.7290000000000001,0.522,0.575,0.836,0.738,0.449,0.6809999999999999,0.136,0.139,6.1,1.0,1.0,30,2.3,0.4,-14.1,4.0,3.9,2022
Jake Meyers,HOU,160,150,34,25,6,2,1,13,15,0.227,0.269,0.313,0.582,0.258,66,0.087,0.344,87.3,7.1,0.052000000000000005,0.371,107.8,0.537,0.253,0.21100000000000002,0.042,0.46399999999999997,0.33,0.20600000000000002,0.14400000000000002,0.598,0.258,0.042,0.205,0.292,0.251,0.044000000000000004,0.33799999999999997,0.13,0.332,0.67,0.474,0.557,0.8270000000000001,0.718,0.42,0.631,0.134,0.183,5.5,-0.1,0.2,12,0.1,0.4,-6.0,4.4,3.5,2022
Meibrys Viloria,TEX,75,63,10,7,1,0,2,10,5,0.159,0.28,0.27,0.55,0.256,63,0.111,0.242,88.4,5.5,0.086,0.371,105.2,0.514,0.429,0.057,0.0,0.371,0.429,0.2,0.171,0.429,0.4,0.133,0.142,0.247,0.243,0.147,0.387,0.38,0.196,0.595,0.37200000000000005,0.474,0.747,0.667,0.441,0.547,0.124,0.225,2.1,-0.1,1.5,5,0.4,0.4,-2.7,4.4,4.1,2022
Christian Arroyo,BOS,300,280,80,57,16,1,6,32,36,0.286,0.322,0.414,0.736,0.319,102,0.129,0.326,88.9,9.1,0.064,0.42100000000000004,112.2,0.455,0.292,0.253,0.08800000000000001,0.353,0.4,0.247,0.17,0.515,0.315,0.08800000000000001,0.292,0.43,0.33,0.043,0.163,0.27,0.43,0.782,0.574,0.6890000000000001,0.922,0.8190000000000001,0.41,0.653,0.10400000000000001,0.111,4.5,0.3,-3.0,36,-1.4,0.3,-0.8,-5.8,2.9,2022
Nick Ahmed,ARI,54,52,12,7,2,0,3,7,7,0.231,0.259,0.442,0.702,0.302,92,0.212,0.265,86.9,4.4,0.054000000000000006,0.324,104.9,0.583,0.306,0.111,0.0,0.486,0.297,0.21600000000000003,0.135,0.568,0.297,0.273,0.191,0.292,0.227,0.037000000000000005,0.278,0.13,0.33299999999999996,0.691,0.498,0.5,0.91,0.762,0.46,0.63,0.11800000000000001,0.175,2.8,-0.4,0.6,6,-0.3,0.3,-0.8,2.2,3.3,2022
Connor Joe,COL,467,404,96,65,20,4,7,56,28,0.238,0.338,0.359,0.697,0.314,89,0.121,0.296,85.3,10.6,0.045,0.33799999999999997,110.1,0.46399999999999997,0.32799999999999996,0.20800000000000002,0.099,0.364,0.38,0.256,0.25,0.49,0.26,0.069,0.241,0.34,0.311,0.11800000000000001,0.20800000000000002,0.57,0.259,0.596,0.40399999999999997,0.654,0.899,0.81,0.43,0.645,0.077,0.21600000000000003,5.3,-0.1,-0.2,55,1.1,0.3,-5.1,-7.9,3.0,2022
P.J. Higgins,CHC,229,201,46,28,11,1,6,23,30,0.229,0.31,0.383,0.693,0.306,99,0.154,0.29,86.0,8.7,0.034,0.252,104.3,0.426,0.33299999999999996,0.24100000000000002,0.043,0.381,0.32,0.299,0.184,0.633,0.184,0.128,0.207,0.289,0.266,0.096,0.253,0.38,0.282,0.649,0.428,0.5870000000000001,0.8690000000000001,0.758,0.39899999999999997,0.62,0.10400000000000001,0.192,2.2,-0.2,-1.6,26,-0.1,0.3,-0.2,-4.3,3.3,2022
Sam Huff,TEX,132,121,29,21,4,0,4,9,10,0.24,0.303,0.372,0.675,0.296,92,0.132,0.333,88.9,9.6,0.10099999999999999,0.36700000000000005,112.9,0.43,0.32899999999999996,0.24100000000000002,0.038,0.48100000000000004,0.32899999999999996,0.19,0.139,0.532,0.32899999999999996,0.154,0.226,0.385,0.294,0.083,0.318,0.26,0.366,0.778,0.5329999999999999,0.385,0.7909999999999999,0.625,0.405,0.659,0.2,0.12,2.1,0.1,0.0,14,0.3,0.3,-0.9,-0.3,2.9,2022
Francisco Mejia,TBR,299,289,70,42,22,0,6,32,31,0.242,0.264,0.381,0.645,0.279,84,0.138,0.292,86.8,15.7,0.027000000000000003,0.28,108.5,0.369,0.387,0.244,0.092,0.45299999999999996,0.33799999999999997,0.209,0.16899999999999998,0.6,0.231,0.069,0.242,0.329,0.262,0.023,0.217,0.11,0.529,0.737,0.611,0.6920000000000001,0.8640000000000001,0.774,0.39299999999999996,0.669,0.138,0.136,1.8,-0.2,-2.2,27,-0.7,0.3,-6.1,-0.8,2.6,2022
Rougned Odor,BAL,472,426,88,53,19,3,13,49,53,0.207,0.275,0.357,0.632,0.278,81,0.15,0.244,87.8,21.5,0.065,0.33299999999999996,109.7,0.315,0.49,0.19399999999999998,0.162,0.445,0.358,0.196,0.171,0.53,0.299,0.084,0.207,0.339,0.277,0.068,0.231,0.29,0.349,0.727,0.501,0.614,0.848,0.7509999999999999,0.401,0.61,0.125,0.14,5.1,0.4,0.7,42,0.8,0.3,-9.4,-2.9,2.7,2022
Enrique Hernandez,BOS,402,361,80,50,24,0,6,48,45,0.222,0.291,0.338,0.629,0.28,74,0.116,0.257,87.8,17.2,0.057999999999999996,0.35,112.3,0.395,0.425,0.18,0.2,0.46299999999999997,0.32299999999999995,0.214,0.218,0.49,0.293,0.048,0.238,0.357,0.297,0.085,0.177,0.48,0.308,0.735,0.47600000000000003,0.595,0.8740000000000001,0.764,0.39299999999999996,0.547,0.11199999999999999,0.14300000000000002,2.4,-1.2,1.5,36,1.1,0.3,-10.4,0.3,2.6,2022
Gilberto Celestino,MIN,347,311,74,59,12,1,2,30,24,0.238,0.313,0.302,0.615,0.28,81,0.064,0.31,87.3,-1.9,0.025,0.34299999999999997,107.6,0.603,0.188,0.209,0.136,0.314,0.318,0.369,0.195,0.602,0.203,0.045,0.219,0.294,0.27,0.092,0.222,0.42,0.255,0.679,0.445,0.6509999999999999,0.852,0.789,0.44799999999999995,0.602,0.094,0.179,3.8,0.0,-3.3,31,-2.0,0.3,-9.4,1.2,2.7,2022
Yu Chang,- - -,190,168,35,25,6,0,4,19,15,0.208,0.289,0.315,0.605,0.273,77,0.107,0.29,88.8,14.3,0.09,0.369,111.3,0.423,0.405,0.171,0.0,0.43200000000000005,0.369,0.198,0.126,0.586,0.28800000000000003,0.08900000000000001,0.213,0.357,0.29,0.084,0.311,0.27,0.32299999999999995,0.687,0.474,0.583,0.862,0.7509999999999999,0.415,0.589,0.11800000000000001,0.172,1.9,-0.6,-0.1,16,-0.1,0.3,-5.3,2.0,2.8,2022
Nick Madrigal,CHC,228,209,52,45,7,0,0,19,7,0.249,0.305,0.282,0.588,0.267,73,0.033,0.286,85.9,-0.2,0.0,0.239,106.5,0.608,0.182,0.21,0.061,0.337,0.37,0.293,0.179,0.6409999999999999,0.179,0.0,0.259,0.315,0.285,0.061,0.11800000000000001,0.52,0.319,0.61,0.44299999999999995,0.843,0.956,0.909,0.42700000000000005,0.6579999999999999,0.04,0.225,3.2,-0.1,0.6,18,0.4,0.3,-6.9,2.0,3.0,2022
Marwin Gonzalez,NYY,207,184,34,21,7,0,6,20,18,0.185,0.255,0.321,0.576,0.257,64,0.136,0.222,88.0,19.4,0.059000000000000004,0.37,107.0,0.364,0.402,0.235,0.226,0.511,0.237,0.252,0.2,0.496,0.304,0.113,0.217,0.345,0.282,0.068,0.261,0.26,0.381,0.6609999999999999,0.495,0.643,0.892,0.779,0.409,0.599,0.109,0.17,4.2,0.4,-0.8,15,0.3,0.3,-8.1,4.7,3.2,2022
Tucker Barnhart,DET,308,281,62,51,10,0,1,16,16,0.221,0.287,0.267,0.554,0.253,63,0.046,0.296,84.5,10.0,0.019,0.26,105.2,0.534,0.304,0.162,0.145,0.365,0.34600000000000003,0.28800000000000003,0.19699999999999998,0.615,0.188,0.016,0.201,0.264,0.244,0.081,0.24,0.34,0.301,0.6779999999999999,0.461,0.657,0.8959999999999999,0.8059999999999999,0.423,0.659,0.08900000000000001,0.17300000000000001,0.6,-0.3,-0.9,21,-1.2,0.3,-14.2,6.9,2.5,2022
Geraldo Perdomo,ARI,500,431,84,67,10,2,5,58,40,0.195,0.285,0.262,0.547,0.253,59,0.067,0.243,85.0,12.2,0.02,0.251,104.7,0.467,0.319,0.215,0.168,0.409,0.35100000000000003,0.24,0.184,0.591,0.225,0.05,0.213,0.282,0.269,0.1,0.20600000000000002,0.49,0.24,0.599,0.401,0.71,0.883,0.826,0.449,0.614,0.07,0.21,5.5,0.5,2.9,35,2.2,0.3,-21.9,7.1,2.5,2022
Edward Olivares,KCR,174,161,46,34,8,0,4,24,15,0.286,0.333,0.41,0.743,0.326,109,0.124,0.344,89.2,6.6,0.063,0.389,111.3,0.46,0.294,0.24600000000000002,0.081,0.5,0.33299999999999996,0.16699999999999998,0.159,0.516,0.325,0.10800000000000001,0.288,0.433,0.339,0.057,0.207,0.28,0.369,0.711,0.512,0.655,0.853,0.77,0.41700000000000004,0.667,0.11800000000000001,0.154,3.0,-1.0,1.0,22,-0.5,0.2,1.1,-4.3,2.4,2022
Charlie Blackmon,COL,577,530,140,96,22,6,16,60,78,0.264,0.314,0.419,0.733,0.317,91,0.155,0.304,86.2,12.4,0.044000000000000004,0.306,109.5,0.434,0.33899999999999997,0.22699999999999998,0.105,0.40700000000000003,0.369,0.22399999999999998,0.152,0.561,0.287,0.11199999999999999,0.256,0.376,0.301,0.055,0.18899999999999997,0.29,0.359,0.718,0.514,0.72,0.875,0.813,0.43200000000000005,0.593,0.096,0.149,4.5,-0.1,0.6,69,0.8,0.2,-5.4,-12.8,1.6,2022
Kyle Stowers,BAL,98,91,23,15,4,1,3,11,11,0.253,0.306,0.418,0.724,0.316,108,0.165,0.339,91.1,16.0,0.113,0.5,110.1,0.371,0.371,0.258,0.043,0.387,0.387,0.226,0.113,0.5479999999999999,0.33899999999999997,0.13,0.266,0.447,0.335,0.051,0.29600000000000004,0.17,0.39799999999999996,0.764,0.5539999999999999,0.452,0.833,0.6759999999999999,0.42700000000000005,0.7040000000000001,0.179,0.12,3.5,-0.1,-0.5,12,0.0,0.2,0.8,-2.2,1.8,2022
Yadiel Hernandez,WSN,327,305,82,57,16,0,9,30,41,0.269,0.312,0.41,0.722,0.315,103,0.141,0.326,88.8,3.5,0.086,0.42100000000000004,108.0,0.511,0.275,0.215,0.016,0.33,0.41200000000000003,0.258,0.15,0.502,0.348,0.141,0.247,0.411,0.313,0.057999999999999996,0.226,0.26,0.349,0.7440000000000001,0.513,0.626,0.792,0.726,0.41700000000000004,0.612,0.14,0.14,2.2,-0.3,-4.0,39,-3.7,0.2,-2.6,-6.7,2.0,2022
Gavin Sheets,CHW,410,377,91,57,19,0,15,34,53,0.241,0.295,0.411,0.706,0.308,99,0.17,0.272,88.6,14.8,0.065,0.361,109.7,0.40299999999999997,0.447,0.15,0.122,0.384,0.36700000000000005,0.248,0.19699999999999998,0.514,0.289,0.115,0.224,0.359,0.283,0.066,0.21,0.31,0.371,0.635,0.47700000000000004,0.721,0.8759999999999999,0.804,0.40299999999999997,0.62,0.094,0.17600000000000002,0.7,-0.4,-1.5,46,-1.2,0.2,-1.5,-9.5,2.0,2022
Jonathan India,CIN,431,386,96,68,16,2,10,48,41,0.249,0.327,0.378,0.705,0.314,95,0.13,0.305,85.1,14.5,0.048,0.28800000000000003,111.3,0.41200000000000003,0.361,0.22699999999999998,0.133,0.45899999999999996,0.332,0.209,0.226,0.517,0.257,0.095,0.239,0.355,0.302,0.07200000000000001,0.218,0.33,0.27899999999999997,0.578,0.41200000000000003,0.627,0.888,0.79,0.445,0.61,0.087,0.22899999999999998,3.5,-1.5,0.2,51,-2.3,0.2,-4.6,-7.9,2.2,2022
Luis Garcia Jr.,WSN,377,360,99,67,23,2,7,29,45,0.275,0.295,0.408,0.704,0.303,95,0.133,0.337,87.3,5.5,0.075,0.36700000000000005,113.4,0.513,0.265,0.222,0.054000000000000006,0.37,0.38799999999999996,0.242,0.132,0.562,0.306,0.095,0.26,0.409,0.305,0.028999999999999998,0.223,0.13,0.43700000000000006,0.68,0.5329999999999999,0.6629999999999999,0.831,0.748,0.395,0.7,0.135,0.177,2.9,-1.3,-1.4,41,-1.5,0.2,-3.8,-7.2,1.9,2022
Mitch Garver,TEX,215,188,39,22,7,0,10,23,24,0.207,0.298,0.404,0.702,0.308,100,0.197,0.228,88.9,18.4,0.08800000000000001,0.387,111.4,0.34299999999999997,0.489,0.168,0.11900000000000001,0.584,0.21899999999999997,0.19699999999999998,0.19,0.474,0.336,0.149,0.222,0.405,0.319,0.107,0.247,0.43,0.271,0.624,0.42200000000000004,0.685,0.8290000000000001,0.7759999999999999,0.428,0.591,0.094,0.19899999999999998,2.0,-0.4,0.9,24,-0.6,0.2,-0.6,-4.4,1.9,2022
Elehuris Montero,COL,185,176,41,19,15,1,6,21,20,0.233,0.27,0.432,0.702,0.303,81,0.199,0.318,89.8,13.3,0.086,0.397,109.5,0.371,0.414,0.21600000000000003,0.063,0.42200000000000004,0.414,0.16399999999999998,0.147,0.517,0.336,0.125,0.213,0.338,0.26,0.043,0.324,0.13,0.395,0.7120000000000001,0.522,0.491,0.813,0.6679999999999999,0.402,0.7190000000000001,0.174,0.166,2.9,-0.1,0.3,20,0.2,0.2,-3.9,-0.4,2.1,2022
Michael Massey,KCR,194,173,42,28,9,1,4,16,17,0.243,0.307,0.376,0.683,0.302,91,0.133,0.304,89.3,16.4,0.13,0.382,108.8,0.355,0.444,0.20199999999999999,0.073,0.523,0.27699999999999997,0.2,0.138,0.515,0.34600000000000003,0.073,0.243,0.45,0.332,0.046,0.237,0.2,0.386,0.728,0.534,0.65,0.789,0.732,0.434,0.639,0.14300000000000002,0.131,5.0,0.4,0.1,21,0.2,0.2,-1.7,-2.2,2.2,2022
Nolan Jones,CLE,94,86,21,14,5,0,2,10,13,0.244,0.309,0.372,0.681,0.297,94,0.128,0.358,89.3,15.9,0.145,0.491,111.8,0.35200000000000004,0.35200000000000004,0.29600000000000004,0.053,0.418,0.382,0.2,0.16399999999999998,0.473,0.364,0.105,0.254,0.436,0.325,0.085,0.33,0.26,0.268,0.624,0.434,0.7020000000000001,0.716,0.711,0.466,0.606,0.125,0.201,1.4,-0.1,-0.6,10,-0.8,0.2,-1.4,0.1,1.7,2022
Nomar Mazara,SDP,171,159,42,32,8,0,2,16,18,0.264,0.316,0.352,0.668,0.297,94,0.088,0.342,86.1,17.6,0.042,0.32799999999999996,110.4,0.361,0.387,0.252,0.109,0.345,0.361,0.294,0.193,0.58,0.22699999999999998,0.043,0.25,0.357,0.294,0.057999999999999996,0.23399999999999999,0.25,0.325,0.664,0.465,0.662,0.8270000000000001,0.759,0.413,0.585,0.11199999999999999,0.172,1.3,-0.2,0.2,18,-1.2,0.2,-2.4,-1.3,2.2,2022
Nelson Velazquez,CHC,206,185,38,22,7,3,6,20,26,0.205,0.286,0.373,0.659,0.291,89,0.168,0.281,89.2,12.3,0.133,0.425,111.2,0.425,0.408,0.16699999999999998,0.040999999999999995,0.433,0.375,0.192,0.20800000000000002,0.45799999999999996,0.33299999999999996,0.122,0.21,0.401,0.306,0.092,0.316,0.29,0.293,0.733,0.47,0.507,0.732,0.648,0.402,0.65,0.165,0.135,6.3,0.0,0.5,21,1.4,0.2,-1.2,-4.1,1.8,2022
Brian Anderson,MIA,383,338,75,50,16,1,8,43,28,0.222,0.311,0.346,0.657,0.293,85,0.124,0.291,88.7,7.7,0.09699999999999999,0.42,112.0,0.504,0.311,0.185,0.040999999999999995,0.39899999999999997,0.361,0.239,0.155,0.5379999999999999,0.307,0.10800000000000001,0.229,0.379,0.309,0.09699999999999999,0.264,0.37,0.32299999999999995,0.768,0.505,0.597,0.7979999999999999,0.721,0.409,0.603,0.141,0.134,3.3,-0.2,-0.2,39,-0.1,0.2,-6.8,-4.5,1.9,2022
Dermis Garcia,OAK,125,116,24,13,6,0,5,13,20,0.207,0.264,0.388,0.652,0.285,88,0.181,0.339,86.5,12.2,0.131,0.426,110.6,0.45899999999999996,0.361,0.18,0.182,0.59,0.24600000000000002,0.16399999999999998,0.23,0.426,0.344,0.22699999999999998,0.167,0.324,0.244,0.064,0.44,0.15,0.332,0.79,0.512,0.33299999999999996,0.735,0.5770000000000001,0.39299999999999996,0.616,0.217,0.12,1.4,-0.1,-0.3,12,-0.3,0.2,-2.0,-0.1,1.9,2022
Austin Nola,SDP,397,347,87,68,15,0,4,40,40,0.251,0.321,0.329,0.649,0.29,89,0.078,0.284,89.4,12.0,0.024,0.397,109.1,0.426,0.368,0.20600000000000002,0.092,0.444,0.32299999999999995,0.23199999999999998,0.172,0.512,0.316,0.037000000000000005,0.256,0.351,0.305,0.086,0.151,0.57,0.253,0.642,0.429,0.757,0.9209999999999999,0.868,0.45299999999999996,0.584,0.057,0.195,2.5,-0.4,-0.7,39,-1.6,0.2,-6.7,-5.2,1.7,2022
Matt Vierling,PHI,357,325,80,60,12,2,6,41,32,0.246,0.297,0.351,0.648,0.285,82,0.105,0.29,91.2,12.1,0.05,0.47100000000000003,112.1,0.41200000000000003,0.36200000000000004,0.22699999999999998,0.096,0.303,0.414,0.284,0.149,0.51,0.341,0.064,0.275,0.404,0.324,0.064,0.196,0.33,0.316,0.603,0.442,0.706,0.895,0.82,0.441,0.647,0.08,0.22,5.1,-0.5,0.9,34,-0.4,0.2,-8.0,-2.0,2.3,2022
Ezequiel Duran,TEX,220,208,49,33,10,1,5,25,25,0.236,0.277,0.365,0.643,0.282,82,0.13,0.295,85.9,9.5,0.045,0.318,110.2,0.506,0.331,0.162,0.33299999999999996,0.42200000000000004,0.28600000000000003,0.292,0.299,0.461,0.24,0.098,0.216,0.317,0.256,0.055,0.245,0.22,0.42100000000000004,0.727,0.5479999999999999,0.631,0.823,0.736,0.413,0.705,0.14400000000000002,0.133,5.2,0.2,-1.0,20,-0.6,0.2,-5.2,0.1,1.9,2022
Luis Barrera,OAK,85,77,18,12,5,0,1,3,7,0.234,0.294,0.338,0.632,0.28,85,0.104,0.283,87.1,5.1,0.033,0.32799999999999996,107.3,0.542,0.28800000000000003,0.16899999999999998,0.059000000000000004,0.44299999999999995,0.24600000000000002,0.311,0.098,0.623,0.27899999999999997,0.059000000000000004,0.208,0.304,0.257,0.071,0.2,0.35,0.27899999999999997,0.695,0.478,0.7609999999999999,0.857,0.828,0.478,0.5760000000000001,0.08199999999999999,0.158,3.7,0.5,-0.9,8,1.0,0.2,-0.5,0.2,2.4,2022
Johan Camargo,PHI,166,152,36,30,3,0,3,8,15,0.237,0.297,0.316,0.613,0.276,75,0.079,0.295,86.4,11.6,0.026000000000000002,0.276,106.7,0.41200000000000003,0.33299999999999996,0.254,0.053,0.466,0.276,0.259,0.18100000000000002,0.647,0.172,0.079,0.225,0.309,0.267,0.078,0.223,0.35,0.361,0.695,0.48700000000000004,0.6890000000000001,0.857,0.78,0.379,0.62,0.107,0.155,0.2,-0.2,0.1,14,-0.9,0.2,-5.7,2.1,2.1,2022
Bubba Thompson,TEX,181,170,45,39,5,0,1,18,9,0.265,0.302,0.312,0.613,0.274,76,0.047,0.389,84.8,5.3,0.017,0.21600000000000003,107.8,0.55,0.33,0.12,0.152,0.42200000000000004,0.336,0.24100000000000002,0.19,0.586,0.22399999999999998,0.03,0.171,0.235,0.203,0.039,0.309,0.13,0.40299999999999997,0.77,0.556,0.5660000000000001,0.769,0.6829999999999999,0.41700000000000004,0.652,0.17600000000000002,0.11,6.0,2.2,1.1,16,3.2,0.2,-1.6,-2.1,2.1,2022
Aristides Aquino,CIN,276,259,51,28,13,0,10,24,30,0.197,0.246,0.363,0.609,0.267,63,0.166,0.277,85.6,17.4,0.08199999999999999,0.342,113.6,0.38,0.43700000000000006,0.184,0.174,0.506,0.278,0.215,0.304,0.43700000000000006,0.259,0.145,0.181,0.318,0.244,0.062,0.366,0.17,0.43200000000000005,0.773,0.5660000000000001,0.49,0.7809999999999999,0.6459999999999999,0.39399999999999996,0.634,0.2,0.105,2.1,-1.0,1.3,22,-0.2,0.2,-12.1,4.4,1.7,2022
Roman Quinn,- - -,87,79,17,12,3,2,0,15,7,0.215,0.287,0.304,0.591,0.266,72,0.089,0.395,91.3,23.4,0.047,0.419,107.4,0.243,0.45899999999999996,0.297,0.059000000000000004,0.5579999999999999,0.233,0.209,0.09300000000000001,0.581,0.326,0.0,0.188,0.268,0.244,0.08,0.414,0.19,0.295,0.6559999999999999,0.455,0.439,0.792,0.665,0.444,0.586,0.153,0.16399999999999998,7.9,-0.5,0.2,7,0.5,0.2,-2.3,1.4,1.9,2022
Mauricio Dubon,- - -,265,243,52,38,9,0,5,31,24,0.214,0.252,0.313,0.565,0.248,59,0.099,0.221,84.7,16.7,0.023,0.299,107.6,0.387,0.447,0.166,0.124,0.33899999999999997,0.434,0.226,0.17600000000000002,0.575,0.249,0.052000000000000005,0.239,0.33,0.271,0.049,0.113,0.43,0.402,0.747,0.5489999999999999,0.805,0.899,0.86,0.42700000000000005,0.6679999999999999,0.077,0.139,3.3,-1.0,0.8,17,0.1,0.2,-12.2,5.5,1.8,2022
Jason Delay,PIT,167,155,33,26,6,0,1,17,11,0.213,0.265,0.271,0.536,0.243,50,0.058,0.308,84.9,15.7,0.019,0.28300000000000003,107.3,0.419,0.381,0.2,0.125,0.425,0.368,0.20800000000000002,0.18899999999999997,0.528,0.28300000000000003,0.025,0.2,0.251,0.23,0.054000000000000006,0.299,0.18,0.359,0.77,0.542,0.546,0.826,0.723,0.446,0.6409999999999999,0.15,0.14800000000000002,2.7,-0.9,-0.4,10,-1.3,0.2,-10.9,6.7,1.5,2022
Yadier Molina,STL,270,262,56,43,8,0,5,19,24,0.214,0.233,0.302,0.535,0.235,49,0.088,0.234,84.7,16.9,0.031,0.26,107.8,0.381,0.408,0.21100000000000002,0.121,0.39,0.37200000000000005,0.23800000000000002,0.22899999999999998,0.552,0.22,0.055,0.23,0.328,0.254,0.019,0.14800000000000002,0.13,0.462,0.7490000000000001,0.584,0.76,0.8440000000000001,0.8059999999999999,0.425,0.7,0.114,0.127,2.9,0.2,-3.5,15,-2.7,0.2,-18.6,11.7,2.4,2022
Ryan Kreidler,DET,84,73,13,11,1,0,1,8,6,0.178,0.244,0.233,0.477,0.218,38,0.055,0.231,88.2,14.8,0.073,0.327,102.4,0.377,0.45299999999999996,0.17,0.042,0.436,0.382,0.182,0.073,0.691,0.23600000000000002,0.042,0.211,0.34,0.273,0.071,0.262,0.27,0.29100000000000004,0.728,0.486,0.509,0.835,0.727,0.446,0.655,0.133,0.15,2.7,-0.5,0.6,4,0.3,0.2,-5.6,4.6,1.7,2022
Edwin Rios,LAD,92,86,21,13,1,0,7,12,17,0.244,0.293,0.5,0.793,0.338,120,0.256,0.326,88.5,10.9,0.14,0.4,107.9,0.38,0.34,0.28,0.0,0.5,0.26,0.24,0.12,0.56,0.32,0.41200000000000003,0.225,0.457,0.312,0.054000000000000006,0.391,0.14,0.363,0.675,0.504,0.522,0.745,0.657,0.452,0.685,0.17300000000000001,0.184,1.9,-0.5,0.1,13,-0.7,0.1,1.4,-3.5,1.1,2022
Nolan Gorman,STL,313,283,64,37,13,0,14,44,35,0.226,0.3,0.42,0.721,0.316,105,0.194,0.301,89.2,20.0,0.14400000000000002,0.433,110.6,0.267,0.483,0.25,0.069,0.41100000000000003,0.361,0.228,0.161,0.489,0.35,0.161,0.237,0.474,0.34,0.08900000000000001,0.32899999999999996,0.27,0.342,0.767,0.508,0.535,0.789,0.685,0.39,0.6579999999999999,0.16,0.128,3.0,-0.1,-0.8,37,-2.0,0.1,-0.3,-9.5,0.9,2022
Kyle Garlick,MIN,162,150,35,23,3,0,9,23,18,0.233,0.284,0.433,0.717,0.311,103,0.2,0.277,90.2,15.1,0.09699999999999999,0.47600000000000003,110.2,0.39799999999999996,0.379,0.223,0.154,0.495,0.282,0.223,0.107,0.573,0.32,0.231,0.227,0.423,0.305,0.049,0.29600000000000004,0.17,0.368,0.653,0.48700000000000004,0.519,0.799,0.6759999999999999,0.41700000000000004,0.63,0.158,0.16899999999999998,2.1,-0.1,0.8,19,0.3,0.1,0.9,-4.7,1.3,2022
Matt Wallner,MIN,65,57,13,8,3,0,2,4,10,0.228,0.323,0.386,0.709,0.311,103,0.158,0.367,87.5,12.9,0.094,0.531,113.8,0.531,0.281,0.188,0.222,0.469,0.313,0.21899999999999997,0.21899999999999997,0.563,0.21899999999999997,0.222,0.175,0.265,0.245,0.092,0.385,0.24,0.284,0.705,0.44,0.565,0.657,0.619,0.37,0.5379999999999999,0.16699999999999998,0.14800000000000002,2.8,0.1,0.0,7,0.1,0.1,0.3,-1.6,0.8,2022
Ben Gamel,PIT,423,371,86,55,20,2,9,42,46,0.232,0.324,0.369,0.693,0.308,95,0.137,0.291,88.8,11.3,0.062,0.376,109.2,0.433,0.348,0.21899999999999997,0.053,0.39799999999999996,0.369,0.23399999999999999,0.15,0.496,0.354,0.096,0.244,0.372,0.316,0.113,0.23199999999999998,0.49,0.276,0.6559999999999999,0.428,0.5870000000000001,0.898,0.778,0.401,0.574,0.095,0.171,4.1,0.2,0.7,48,0.0,0.1,-2.4,-11.5,0.6,2022
Colin Moran,CIN,128,109,23,15,3,0,5,11,23,0.211,0.305,0.376,0.681,0.3,86,0.165,0.234,90.4,10.3,0.085,0.39,110.4,0.5,0.305,0.195,0.0,0.469,0.309,0.222,0.086,0.556,0.358,0.2,0.233,0.383,0.318,0.125,0.23399999999999999,0.53,0.361,0.725,0.498,0.622,0.848,0.746,0.377,0.609,0.126,0.126,0.6,-0.1,-0.1,14,-0.2,0.1,-2.3,-1.0,1.1,2022
Terrin Vavra,BAL,103,89,23,19,2,1,1,14,12,0.258,0.34,0.337,0.677,0.303,99,0.079,0.31,87.5,10.7,0.013999999999999999,0.23600000000000002,104.5,0.4,0.314,0.28600000000000003,0.045,0.306,0.389,0.306,0.16699999999999998,0.597,0.23600000000000002,0.045,0.268,0.357,0.321,0.11699999999999999,0.184,0.63,0.292,0.768,0.496,0.6559999999999999,0.857,0.789,0.428,0.612,0.10400000000000001,0.151,4.2,-0.5,-1.0,11,-1.6,0.1,-1.7,-1.0,0.5,2022
LaMonte Wade Jr.,SFG,251,217,45,29,7,1,8,29,26,0.207,0.305,0.359,0.665,0.298,93,0.152,0.233,87.7,21.1,0.095,0.34299999999999997,109.3,0.317,0.49700000000000005,0.18600000000000003,0.145,0.408,0.379,0.213,0.225,0.5379999999999999,0.237,0.096,0.218,0.404,0.319,0.10400000000000001,0.203,0.51,0.273,0.687,0.442,0.708,0.9059999999999999,0.833,0.406,0.5660000000000001,0.07400000000000001,0.17800000000000002,3.8,0.0,-0.6,26,-0.5,0.1,-2.6,-5.0,1.0,2022
Josh Jung,TEX,102,98,20,10,4,1,5,9,14,0.204,0.235,0.418,0.654,0.28,81,0.214,0.278,85.5,14.3,0.102,0.322,108.3,0.40700000000000003,0.33899999999999997,0.254,0.05,0.49200000000000005,0.322,0.18600000000000003,0.203,0.424,0.373,0.25,0.225,0.403,0.287,0.039,0.382,0.1,0.349,0.66,0.47,0.5710000000000001,0.8420000000000001,0.7190000000000001,0.38799999999999996,0.667,0.132,0.195,6.0,0.3,-1.7,9,-0.1,0.1,-2.3,0.4,1.3,2022
Josh Lowe,TBR,198,181,40,24,12,2,2,24,13,0.221,0.284,0.343,0.627,0.276,81,0.122,0.336,88.3,11.4,0.052000000000000005,0.371,107.4,0.35700000000000004,0.391,0.252,0.022000000000000002,0.293,0.414,0.293,0.16399999999999998,0.569,0.267,0.044000000000000004,0.212,0.339,0.272,0.076,0.33299999999999996,0.23,0.29100000000000004,0.679,0.46299999999999997,0.623,0.746,0.703,0.44299999999999995,0.621,0.13699999999999998,0.16899999999999998,6.7,0.4,0.8,17,1.8,0.1,-2.3,-2.6,1.3,2022
Buddy Kennedy,ARI,94,83,18,13,2,2,1,10,12,0.217,0.287,0.325,0.613,0.271,71,0.108,0.279,88.6,13.0,0.016,0.32299999999999995,104.9,0.435,0.371,0.19399999999999998,0.087,0.27399999999999997,0.387,0.33899999999999997,0.145,0.645,0.21,0.043,0.196,0.28,0.255,0.085,0.245,0.35,0.23,0.642,0.41,0.66,0.863,0.799,0.43799999999999994,0.532,0.083,0.201,4.3,-0.1,0.1,8,0.5,0.1,-2.6,0.7,1.3,2022
Luke Williams,- - -,136,127,30,23,5,1,1,21,6,0.236,0.287,0.315,0.602,0.265,66,0.079,0.354,83.3,16.7,0.036000000000000004,0.22899999999999998,105.7,0.4,0.38799999999999996,0.213,0.129,0.45799999999999996,0.301,0.24100000000000002,0.217,0.59,0.193,0.032,0.198,0.272,0.233,0.066,0.324,0.2,0.32899999999999996,0.7240000000000001,0.491,0.5329999999999999,0.8440000000000001,0.721,0.409,0.61,0.13699999999999998,0.159,8.0,0.5,0.2,11,0.1,0.1,-5.2,1.7,1.2,2022
Skye Bolt,OAK,116,106,21,15,2,0,4,10,13,0.198,0.259,0.33,0.589,0.261,71,0.132,0.233,89.2,9.4,0.052000000000000005,0.35100000000000003,107.8,0.48700000000000004,0.382,0.132,0.069,0.442,0.35100000000000003,0.20800000000000002,0.14300000000000002,0.519,0.33799999999999997,0.138,0.198,0.325,0.261,0.06,0.259,0.23,0.305,0.7020000000000001,0.46799999999999997,0.621,0.799,0.73,0.41,0.612,0.126,0.16399999999999998,5.0,0.9,0.0,9,0.9,0.1,-2.8,0.2,1.0,2022
Rene Pinto,TBR,83,80,17,12,3,0,2,5,10,0.213,0.241,0.325,0.566,0.249,62,0.113,0.349,89.1,12.6,0.044000000000000004,0.42200000000000004,111.3,0.489,0.35600000000000004,0.156,0.063,0.289,0.511,0.2,0.133,0.644,0.222,0.125,0.187,0.278,0.219,0.024,0.42200000000000004,0.06,0.40399999999999997,0.7609999999999999,0.56,0.5,0.759,0.654,0.43700000000000006,0.6990000000000001,0.19399999999999998,0.129,0.6,-0.1,0.0,5,0.0,0.1,-3.5,1.5,0.6,2022
Derek Hill,DET,92,83,19,16,2,0,1,8,3,0.229,0.27,0.289,0.559,0.249,60,0.06,0.327,85.2,6.7,0.034,0.305,110.3,0.49,0.294,0.21600000000000003,0.067,0.35600000000000004,0.305,0.33899999999999997,0.22,0.593,0.18600000000000003,0.067,0.193,0.242,0.23,0.054000000000000006,0.304,0.18,0.37,0.652,0.48200000000000004,0.527,0.86,0.706,0.39799999999999996,0.609,0.142,0.154,4.9,0.5,-0.2,6,0.8,0.1,-3.4,1.7,1.2,2022
Andrew Velazquez,LAA,349,322,63,46,8,0,9,37,28,0.196,0.236,0.304,0.54,0.239,49,0.109,0.274,88.0,8.2,0.066,0.34,109.1,0.467,0.33799999999999997,0.195,0.045,0.335,0.41,0.255,0.156,0.5710000000000001,0.27399999999999997,0.136,0.202,0.312,0.246,0.043,0.341,0.13,0.342,0.758,0.523,0.514,0.7709999999999999,0.6759999999999999,0.436,0.67,0.17,0.133,6.1,2.7,0.8,20,3.5,0.1,-16.4,6.6,1.2,2022
James McCann,NYM,191,174,34,25,6,0,3,19,18,0.195,0.257,0.282,0.538,0.243,57,0.086,0.244,90.2,16.3,0.069,0.408,108.4,0.364,0.40299999999999997,0.233,0.038,0.33799999999999997,0.423,0.23800000000000002,0.12300000000000001,0.562,0.315,0.057999999999999996,0.237,0.411,0.309,0.057999999999999996,0.24100000000000002,0.24,0.37799999999999995,0.7120000000000001,0.516,0.57,0.862,0.736,0.414,0.607,0.136,0.161,4.6,0.4,0.4,12,0.2,0.1,-9.4,4.1,1.2,2022
Brett Phillips,- - -,225,201,29,18,6,0,5,22,15,0.144,0.217,0.249,0.466,0.213,37,0.104,0.233,88.5,22.8,0.045,0.295,107.8,0.321,0.44299999999999995,0.23600000000000002,0.17,0.473,0.321,0.205,0.14300000000000002,0.616,0.24100000000000002,0.106,0.156,0.244,0.22,0.071,0.418,0.17,0.247,0.6559999999999999,0.435,0.519,0.6990000000000001,0.644,0.45899999999999996,0.622,0.155,0.18100000000000002,5.9,1.2,1.5,8,1.4,0.1,-14.6,8.0,0.6,2022
Juan Yepez,STL,274,253,64,39,13,0,12,27,30,0.253,0.296,0.447,0.742,0.319,107,0.194,0.283,86.5,17.2,0.092,0.337,114.4,0.37799999999999995,0.469,0.153,0.13,0.485,0.306,0.209,0.22399999999999998,0.48,0.29600000000000004,0.13,0.216,0.394,0.286,0.057999999999999996,0.223,0.26,0.402,0.747,0.545,0.609,0.885,0.7659999999999999,0.415,0.653,0.128,0.128,0.9,-0.2,-1.4,33,-2.1,0.0,0.2,-9.4,0.1,2022
Jake Lamb,- - -,111,97,21,11,6,1,3,13,6,0.216,0.315,0.392,0.707,0.314,105,0.175,0.321,91.5,14.9,0.11900000000000001,0.441,107.4,0.373,0.424,0.203,0.04,0.40700000000000003,0.35600000000000004,0.237,0.085,0.644,0.271,0.12,0.215,0.39,0.314,0.099,0.342,0.29,0.281,0.645,0.43,0.493,0.825,0.6970000000000001,0.41100000000000003,0.6759999999999999,0.13,0.19399999999999998,4.3,-0.5,-1.3,13,-0.5,0.0,0.2,-3.7,0.3,2022
Shea Langeliers,OAK,153,142,31,14,10,1,6,14,22,0.218,0.261,0.43,0.691,0.296,95,0.211,0.294,87.3,16.9,0.099,0.385,112.2,0.385,0.396,0.22,0.222,0.56,0.308,0.132,0.198,0.495,0.308,0.16699999999999998,0.197,0.341,0.259,0.059000000000000004,0.34600000000000003,0.17,0.397,0.7559999999999999,0.544,0.43799999999999994,0.7440000000000001,0.612,0.408,0.575,0.21100000000000002,0.127,2.5,-0.1,-0.1,16,-0.3,0.0,-1.1,-3.5,0.2,2022
Brandon Belt,SFG,298,254,54,36,9,1,8,25,23,0.213,0.326,0.35,0.676,0.303,97,0.138,0.277,88.4,23.4,0.126,0.385,108.3,0.27399999999999997,0.5,0.226,0.06,0.374,0.33899999999999997,0.287,0.161,0.552,0.287,0.095,0.215,0.412,0.326,0.124,0.272,0.46,0.249,0.779,0.46399999999999997,0.542,0.7929999999999999,0.713,0.405,0.5870000000000001,0.133,0.132,2.9,-0.1,0.4,33,-0.7,0.0,-1.9,-7.9,0.5,2022
Victor Reyes,DET,336,315,80,55,19,3,3,27,34,0.254,0.289,0.362,0.651,0.284,84,0.108,0.322,87.9,11.0,0.05,0.368,110.9,0.444,0.314,0.243,0.08,0.413,0.306,0.281,0.157,0.579,0.264,0.04,0.261,0.368,0.292,0.039,0.22899999999999998,0.17,0.45399999999999996,0.705,0.5539999999999999,0.703,0.792,0.748,0.39899999999999997,0.5920000000000001,0.14,0.138,3.7,-0.7,0.7,32,-0.2,0.0,-6.1,-4.6,0.0,2022
Alejo Lopez,CIN,156,145,38,31,5,1,1,15,10,0.262,0.314,0.331,0.645,0.286,76,0.069,0.301,83.8,9.4,0.008,0.20199999999999999,105.1,0.46,0.266,0.27399999999999997,0.091,0.379,0.34700000000000003,0.27399999999999997,0.16899999999999998,0.653,0.177,0.03,0.249,0.329,0.28,0.057999999999999996,0.135,0.43,0.33799999999999997,0.743,0.506,0.779,0.898,0.851,0.415,0.603,0.075,0.152,4.9,0.0,-0.7,15,-0.3,0.0,-4.6,-0.8,-0.1,2022
Joey Gallo,- - -,410,350,56,27,8,2,19,48,47,0.16,0.28,0.357,0.638,0.286,84,0.197,0.219,89.6,23.8,0.17600000000000002,0.505,113.0,0.28,0.527,0.19399999999999998,0.133,0.5479999999999999,0.27699999999999997,0.17600000000000002,0.20199999999999999,0.46799999999999997,0.33,0.19399999999999998,0.167,0.371,0.294,0.13699999999999998,0.39799999999999996,0.34,0.315,0.7,0.47100000000000003,0.43700000000000006,0.733,0.615,0.406,0.62,0.18100000000000002,0.139,4.7,0.2,-2.0,39,-0.9,0.0,-8.1,-5.0,0.3,2022
Jeimer Candelario,DET,467,429,93,59,19,2,13,49,50,0.217,0.272,0.361,0.633,0.277,80,0.145,0.257,87.2,13.5,0.083,0.34600000000000003,111.3,0.41700000000000004,0.395,0.188,0.102,0.395,0.35200000000000004,0.253,0.191,0.531,0.278,0.102,0.228,0.379,0.292,0.06,0.233,0.26,0.368,0.762,0.523,0.649,0.862,0.7709999999999999,0.39299999999999996,0.597,0.12,0.128,2.8,-0.8,-1.5,41,-1.3,0.0,-12.1,-2.5,0.2,2022
Jake Hager,ARI,59,50,12,10,2,0,0,4,3,0.24,0.345,0.28,0.625,0.291,84,0.04,0.364,80.8,13.9,0.059000000000000004,0.17600000000000002,102.7,0.452,0.419,0.129,0.231,0.41200000000000003,0.41200000000000003,0.17600000000000002,0.294,0.47100000000000003,0.235,0.0,0.165,0.24,0.247,0.136,0.28800000000000003,0.47,0.345,0.696,0.469,0.621,0.797,0.713,0.354,0.5760000000000001,0.135,0.135,0.8,-0.1,0.2,6,0.0,0.0,-1.1,-0.7,0.3,2022
Robbie Grossman,- - -,477,411,86,59,19,1,7,40,45,0.209,0.31,0.311,0.622,0.283,82,0.102,0.283,86.7,21.1,0.035,0.304,105.8,0.312,0.446,0.242,0.063,0.49,0.311,0.19899999999999998,0.14300000000000002,0.5770000000000001,0.28,0.055,0.205,0.305,0.281,0.11699999999999999,0.27,0.43,0.24,0.636,0.409,0.599,0.865,0.7759999999999999,0.426,0.623,0.092,0.20800000000000002,3.4,-0.1,-1.7,45,0.0,0.0,-9.5,-5.8,0.2,2022
Matt Duffy,LAA,247,228,57,47,8,0,2,14,16,0.25,0.308,0.311,0.619,0.279,78,0.061,0.313,87.1,9.9,0.027999999999999997,0.258,105.8,0.466,0.326,0.20800000000000002,0.017,0.287,0.36,0.354,0.107,0.657,0.23600000000000002,0.034,0.234,0.333,0.28,0.069,0.20199999999999999,0.34,0.307,0.66,0.457,0.624,0.927,0.81,0.425,0.579,0.087,0.179,0.6,-0.3,-0.9,22,-0.8,0.0,-6.9,-1.3,-0.4,2022
Sergio Alcantara,- - -,224,205,45,30,8,1,6,26,29,0.22,0.261,0.356,0.617,0.269,70,0.137,0.267,86.6,13.5,0.019,0.325,104.1,0.43,0.371,0.19899999999999998,0.036000000000000004,0.409,0.292,0.299,0.136,0.597,0.266,0.107,0.209,0.291,0.244,0.054000000000000006,0.254,0.21,0.28300000000000003,0.618,0.425,0.643,0.87,0.7829999999999999,0.423,0.58,0.092,0.218,3.8,-0.8,1.4,18,-0.2,0.0,-7.9,0.1,-0.1,2022
Romy Gonzalez,CHW,109,105,25,18,4,1,2,15,11,0.238,0.257,0.352,0.609,0.264,69,0.114,0.354,91.2,3.4,0.09,0.493,110.5,0.561,0.318,0.121,0.0,0.34299999999999997,0.32799999999999996,0.32799999999999996,0.149,0.44799999999999995,0.40299999999999997,0.095,0.228,0.359,0.265,0.018000000000000002,0.358,0.05,0.409,0.691,0.537,0.5,0.764,0.654,0.45299999999999996,0.624,0.18600000000000003,0.163,5.0,-0.5,-0.2,9,-0.5,0.0,-4.3,1.1,0.3,2022
Andrew Knizner,STL,293,260,56,42,10,0,4,28,25,0.215,0.301,0.3,0.601,0.275,77,0.085,0.268,86.0,15.6,0.035,0.332,110.2,0.449,0.379,0.172,0.22699999999999998,0.40700000000000003,0.332,0.261,0.226,0.508,0.266,0.053,0.219,0.306,0.28,0.08900000000000001,0.212,0.42,0.359,0.67,0.486,0.655,0.904,0.795,0.40700000000000003,0.659,0.1,0.17600000000000002,1.7,-0.7,-0.1,25,0.1,0.0,-7.9,-2.6,-0.4,2022
Tyler Freeman,CLE,86,77,19,16,3,0,0,9,3,0.247,0.314,0.286,0.6,0.274,77,0.039,0.284,85.9,10.3,0.015,0.26899999999999996,108.0,0.522,0.299,0.179,0.2,0.239,0.373,0.38799999999999996,0.19399999999999998,0.627,0.179,0.0,0.229,0.286,0.27,0.047,0.128,0.36,0.37799999999999995,0.705,0.504,0.772,0.925,0.855,0.387,0.616,0.073,0.155,4.2,0.1,-0.3,7,0.5,0.0,-1.7,-1.0,0.0,2022
Connor Wong,BOS,56,48,9,5,3,0,1,8,7,0.188,0.273,0.313,0.585,0.263,62,0.125,0.25,89.8,5.1,0.11800000000000001,0.324,110.3,0.636,0.303,0.061,0.2,0.353,0.382,0.265,0.20600000000000002,0.588,0.20600000000000002,0.1,0.18,0.362,0.277,0.08900000000000001,0.28600000000000003,0.31,0.369,0.637,0.48,0.542,0.862,0.7170000000000001,0.41200000000000003,0.75,0.136,0.172,2.6,0.0,0.4,4,0.1,0.0,-2.3,0.8,0.2,2022
Luke Raley,TBR,72,61,12,9,2,0,1,7,4,0.197,0.306,0.279,0.584,0.271,78,0.082,0.297,90.1,16.9,0.132,0.395,110.9,0.405,0.486,0.10800000000000001,0.055999999999999994,0.368,0.342,0.289,0.132,0.579,0.289,0.055999999999999994,0.177,0.296,0.286,0.09699999999999999,0.33299999999999996,0.29,0.304,0.758,0.504,0.33299999999999996,0.745,0.606,0.44,0.569,0.19899999999999998,0.121,1.6,-0.1,0.4,6,-0.3,0.0,-2.0,-0.3,-0.1,2022
Greg Allen,PIT,134,118,22,16,4,0,2,17,8,0.186,0.26,0.271,0.531,0.242,50,0.085,0.267,87.6,8.5,0.025,0.325,105.7,0.527,0.33799999999999997,0.135,0.08,0.525,0.23800000000000002,0.23800000000000002,0.113,0.588,0.3,0.08,0.176,0.246,0.229,0.075,0.313,0.24,0.26899999999999996,0.703,0.44799999999999995,0.524,0.818,0.7140000000000001,0.41200000000000003,0.612,0.128,0.17300000000000001,6.5,0.7,1.8,8,1.6,0.0,-6.2,1.4,-0.2,2022
Paul DeJong,STL,237,210,33,18,9,0,6,19,25,0.157,0.245,0.286,0.53,0.241,53,0.129,0.213,87.6,21.6,0.098,0.376,110.3,0.331,0.504,0.165,0.11900000000000001,0.489,0.203,0.308,0.21100000000000002,0.489,0.301,0.09,0.182,0.327,0.267,0.08900000000000001,0.33299999999999996,0.27,0.314,0.7340000000000001,0.48700000000000004,0.478,0.78,0.6659999999999999,0.41200000000000003,0.6409999999999999,0.163,0.147,3.0,-0.4,-0.9,14,-1.4,0.0,-14.2,6.3,0.2,2022
Kevin Smith,OAK,151,139,25,13,9,1,2,9,13,0.18,0.216,0.302,0.518,0.226,46,0.122,0.237,87.0,16.4,0.078,0.33299999999999996,110.1,0.408,0.45899999999999996,0.133,0.156,0.34299999999999997,0.373,0.284,0.147,0.608,0.245,0.044000000000000004,0.186,0.319,0.236,0.046,0.278,0.17,0.395,0.6920000000000001,0.521,0.563,0.8370000000000001,0.718,0.426,0.636,0.147,0.156,6.1,0.7,-0.5,7,1.0,0.0,-8.1,3.6,0.3,2022
Patrick Mazeika,NYM,72,68,13,8,4,0,1,4,6,0.191,0.214,0.294,0.508,0.222,43,0.103,0.207,84.5,15.4,0.033,0.18,102.2,0.379,0.397,0.22399999999999998,0.13,0.607,0.262,0.131,0.213,0.6559999999999999,0.131,0.043,0.188,0.284,0.218,0.027999999999999997,0.125,0.22,0.382,0.667,0.496,0.785,0.9079999999999999,0.851,0.401,0.639,0.07400000000000001,0.17600000000000002,0.9,0.0,-0.4,3,-0.2,0.0,-5.0,2.8,0.3,2022
Austin Hedges,CLE,338,294,48,37,4,0,7,26,30,0.163,0.241,0.248,0.489,0.225,43,0.085,0.193,84.2,16.7,0.031,0.223,107.1,0.382,0.43799999999999994,0.18,0.2,0.45399999999999996,0.332,0.214,0.188,0.594,0.218,0.07400000000000001,0.18,0.261,0.238,0.07400000000000001,0.231,0.32,0.318,0.68,0.46799999999999997,0.595,0.8440000000000001,0.745,0.415,0.657,0.11900000000000001,0.162,2.9,0.1,-1.9,16,-0.5,0.0,-22.2,11.2,-0.3,2022
Mark Contreras,MIN,61,58,7,3,1,0,3,9,6,0.121,0.148,0.293,0.441,0.189,17,0.172,0.114,94.9,13.9,0.316,0.579,109.5,0.447,0.42100000000000004,0.132,0.188,0.447,0.316,0.237,0.184,0.42100000000000004,0.395,0.188,0.204,0.424,0.304,0.016,0.344,0.05,0.435,0.8290000000000001,0.623,0.58,0.77,0.701,0.47700000000000004,0.672,0.18600000000000003,0.095,6.1,0.2,0.5,1,0.4,0.0,-5.3,3.8,0.4,2022
Adalberto Mondesi,KCR,54,50,7,7,0,0,0,3,3,0.14,0.204,0.14,0.344,0.166,-5,0.0,0.233,88.0,7.8,0.033,0.267,105.7,0.52,0.36,0.12,0.111,0.467,0.267,0.267,0.1,0.6,0.3,0.0,0.166,0.231,0.211,0.07400000000000001,0.37,0.2,0.32799999999999996,0.72,0.498,0.325,0.731,0.579,0.433,0.593,0.209,0.126,6.0,1.0,0.1,0,1.0,0.0,-5.4,3.9,0.2,2022
Pavin Smith,ARI,277,245,54,36,9,0,9,24,33,0.22,0.3,0.367,0.667,0.294,87,0.147,0.262,87.9,15.2,0.099,0.359,109.2,0.431,0.431,0.138,0.128,0.381,0.365,0.254,0.221,0.519,0.26,0.115,0.213,0.375,0.301,0.10099999999999999,0.242,0.42,0.261,0.5870000000000001,0.39299999999999996,0.674,0.894,0.807,0.406,0.596,0.076,0.22399999999999998,1.9,-0.1,0.0,28,-0.1,-0.1,-4.4,-5.7,-0.6,2022
Yairo Munoz,PHI,60,57,12,7,2,0,3,7,7,0.211,0.25,0.404,0.654,0.283,80,0.193,0.205,85.0,1.3,0.043,0.36200000000000004,106.9,0.6809999999999999,0.213,0.106,0.0,0.532,0.213,0.255,0.213,0.5529999999999999,0.23399999999999999,0.3,0.226,0.328,0.263,0.05,0.16699999999999998,0.3,0.419,0.833,0.5870000000000001,0.5770000000000001,0.8859999999999999,0.754,0.40399999999999997,0.7170000000000001,0.14400000000000002,0.106,4.4,0.2,0.0,6,0.2,-0.1,-1.2,-1.6,-0.7,2022
Michael Toglia,COL,120,111,24,12,8,2,2,10,12,0.216,0.275,0.378,0.653,0.285,69,0.162,0.338,87.4,17.1,0.075,0.40299999999999997,110.6,0.373,0.38799999999999996,0.239,0.115,0.46299999999999997,0.32799999999999996,0.209,0.239,0.373,0.38799999999999996,0.077,0.218,0.305,0.261,0.075,0.36700000000000005,0.2,0.32,0.675,0.47700000000000004,0.494,0.8109999999999999,0.693,0.444,0.6920000000000001,0.146,0.18600000000000003,4.9,-0.3,0.6,11,-0.4,-0.1,-4.7,-0.7,-1.2,2022
Jarren Duran,BOS,223,204,45,25,14,3,3,23,17,0.221,0.283,0.363,0.645,0.284,77,0.142,0.302,89.3,7.6,0.077,0.38,110.4,0.507,0.33799999999999997,0.154,0.087,0.35200000000000004,0.373,0.275,0.106,0.62,0.275,0.065,0.219,0.353,0.282,0.063,0.28300000000000003,0.22,0.341,0.7090000000000001,0.49700000000000005,0.5660000000000001,0.879,0.7559999999999999,0.425,0.605,0.121,0.156,7.3,0.8,-0.8,21,2.2,-0.1,-3.5,-4.8,-1.2,2022
Nick Solak,TEX,95,82,17,13,1,0,3,14,4,0.207,0.309,0.329,0.638,0.291,88,0.122,0.233,86.7,5.7,0.078,0.344,111.1,0.581,0.306,0.113,0.105,0.45299999999999996,0.32799999999999996,0.21899999999999997,0.188,0.531,0.281,0.158,0.242,0.409,0.335,0.07400000000000001,0.2,0.37,0.26,0.615,0.42,0.6859999999999999,0.818,0.773,0.451,0.579,0.095,0.21,5.1,-0.3,0.8,9,0.2,-0.1,-1.0,-3.3,-1.3,2022
Spencer Steer,CIN,108,95,20,13,5,0,2,12,8,0.211,0.306,0.326,0.632,0.287,77,0.116,0.269,84.8,13.6,0.057999999999999996,0.319,104.4,0.435,0.377,0.188,0.154,0.435,0.348,0.217,0.23199999999999998,0.551,0.217,0.077,0.209,0.308,0.281,0.102,0.24100000000000002,0.42,0.275,0.601,0.418,0.6970000000000001,0.85,0.7929999999999999,0.439,0.593,0.086,0.222,2.3,-0.5,0.3,10,-0.3,-0.1,-3.3,-1.3,-0.8,2022
Daz Cameron,DET,70,64,14,9,3,1,1,6,8,0.219,0.286,0.344,0.629,0.28,81,0.125,0.302,90.4,17.1,0.091,0.43200000000000005,110.4,0.318,0.47700000000000004,0.205,0.19,0.386,0.341,0.273,0.159,0.523,0.318,0.048,0.223,0.401,0.303,0.071,0.28600000000000003,0.25,0.309,0.7020000000000001,0.47700000000000004,0.489,0.85,0.7170000000000001,0.429,0.586,0.135,0.165,7.1,0.3,0.7,6,0.8,-0.1,-0.7,-2.4,-0.8,2022
Alfonso Rivas,CHC,287,251,59,49,5,2,3,27,25,0.235,0.322,0.307,0.628,0.285,85,0.072,0.344,86.9,4.9,0.042,0.353,108.0,0.491,0.245,0.264,0.05,0.34700000000000003,0.341,0.311,0.174,0.581,0.24600000000000002,0.075,0.222,0.312,0.284,0.10099999999999999,0.303,0.33,0.261,0.627,0.418,0.561,0.868,0.758,0.429,0.606,0.10099999999999999,0.207,5.3,0.5,0.6,27,1.4,-0.1,-3.7,-7.3,-1.1,2022
Jordan Groshans,MIA,65,61,16,15,0,0,1,9,2,0.262,0.308,0.311,0.619,0.278,75,0.049,0.319,87.1,5.0,0.021,0.375,107.0,0.45799999999999996,0.313,0.22899999999999998,0.0,0.33299999999999996,0.375,0.292,0.146,0.583,0.271,0.067,0.234,0.305,0.263,0.062,0.2,0.31,0.305,0.642,0.445,0.723,0.914,0.838,0.414,0.662,0.07200000000000001,0.205,2.1,-0.1,0.0,6,-0.2,-0.1,-2.1,-0.7,-0.6,2022
Luis Campusano,SDP,50,48,12,10,1,0,1,4,5,0.25,0.26,0.333,0.593,0.257,67,0.083,0.297,87.7,16.4,0.053,0.368,107.8,0.447,0.42100000000000004,0.132,0.188,0.237,0.447,0.316,0.21100000000000002,0.447,0.342,0.063,0.23,0.355,0.258,0.02,0.22,0.09,0.54,0.77,0.627,0.574,0.851,0.703,0.379,0.74,0.18600000000000003,0.13,1.1,0.0,-0.1,4,0.0,-0.1,-1.9,-0.3,-0.5,2022
Adam Engel,CHW,260,245,55,39,13,1,2,32,17,0.224,0.269,0.31,0.579,0.256,63,0.086,0.317,87.9,15.0,0.018000000000000002,0.331,111.2,0.39299999999999996,0.39299999999999996,0.214,0.136,0.414,0.314,0.272,0.166,0.568,0.266,0.03,0.219,0.287,0.246,0.042,0.292,0.14,0.324,0.674,0.469,0.489,0.8190000000000001,0.6859999999999999,0.414,0.6809999999999999,0.147,0.171,6.8,0.6,0.7,19,1.0,-0.1,-9.8,0.4,-1.2,2022
Max Stassi,LAA,375,333,60,38,12,1,9,32,30,0.18,0.267,0.303,0.571,0.258,63,0.123,0.239,88.6,9.5,0.094,0.395,107.5,0.523,0.37799999999999995,0.099,0.131,0.37200000000000005,0.39,0.23800000000000002,0.193,0.507,0.3,0.107,0.18,0.325,0.266,0.10099999999999999,0.299,0.34,0.253,0.698,0.441,0.47600000000000003,0.797,0.69,0.42200000000000004,0.613,0.136,0.16399999999999998,1.9,-0.3,-0.6,28,-0.7,-0.1,-16.2,3.4,-0.9,2022
Josh Smith,TEX,253,213,42,35,5,0,2,23,16,0.197,0.307,0.249,0.556,0.262,68,0.052,0.244,87.0,19.2,0.024,0.28600000000000003,105.4,0.337,0.423,0.239,0.174,0.363,0.387,0.25,0.179,0.589,0.23199999999999998,0.028999999999999998,0.224,0.313,0.296,0.111,0.198,0.56,0.235,0.628,0.405,0.65,0.866,0.795,0.431,0.589,0.083,0.192,3.1,-0.7,0.5,19,0.3,-0.1,-9.0,0.4,-0.5,2022
Jonah Bride,OAK,187,162,33,28,4,0,1,17,6,0.204,0.301,0.247,0.548,0.257,68,0.043,0.246,86.9,11.5,0.015,0.311,109.0,0.45,0.344,0.20600000000000002,0.08900000000000001,0.455,0.326,0.22,0.121,0.591,0.28800000000000003,0.022000000000000002,0.217,0.3,0.282,0.102,0.171,0.59,0.265,0.488,0.359,0.762,0.902,0.843,0.42200000000000004,0.556,0.055999999999999994,0.257,2.9,0.0,-1.1,14,-0.1,-0.1,-6.8,0.3,-0.6,2022
Jerar Encarnacion,MIA,81,77,14,8,3,0,3,7,14,0.182,0.21,0.338,0.548,0.236,46,0.156,0.256,90.5,8.0,0.065,0.413,109.3,0.478,0.304,0.217,0.0,0.413,0.261,0.326,0.087,0.609,0.304,0.214,0.184,0.296,0.231,0.037000000000000005,0.395,0.09,0.36,0.8029999999999999,0.546,0.39399999999999996,0.711,0.589,0.419,0.593,0.22399999999999998,0.121,4.8,0.4,0.2,5,0.7,-0.1,-4.4,0.6,-1.0,2022
Michael Stefanic,LAA,69,61,12,10,2,0,0,5,0,0.197,0.279,0.23,0.509,0.239,50,0.033,0.245,84.8,5.0,0.02,0.22,104.2,0.531,0.28600000000000003,0.184,0.071,0.3,0.42,0.28,0.2,0.66,0.14,0.0,0.217,0.279,0.266,0.07200000000000001,0.174,0.42,0.243,0.609,0.41,0.636,0.914,0.825,0.45799999999999996,0.652,0.07200000000000001,0.21899999999999997,1.4,-0.1,0.1,4,-0.1,-0.1,-4.0,0.9,-0.9,2022
Cal Stevenson,OAK,71,60,10,7,3,0,0,5,1,0.167,0.261,0.217,0.478,0.224,45,0.05,0.263,87.6,10.7,0.05,0.325,102.8,0.447,0.289,0.263,0.182,0.35,0.425,0.225,0.175,0.475,0.35,0.0,0.208,0.309,0.277,0.113,0.324,0.35,0.21,0.606,0.381,0.5710000000000001,0.831,0.75,0.43200000000000005,0.634,0.095,0.235,2.8,-0.3,0.2,3,0.1,-0.1,-4.3,0.6,-1.4,2022
Travis Jankowski,- - -,64,55,9,9,0,0,0,11,2,0.164,0.281,0.164,0.445,0.222,42,0.0,0.2,80.5,-3.2,0.0,0.222,102.3,0.7140000000000001,0.19,0.095,0.5,0.311,0.444,0.244,0.289,0.578,0.133,0.0,0.198,0.23,0.259,0.125,0.156,0.8,0.214,0.5870000000000001,0.364,0.7879999999999999,0.9670000000000001,0.904,0.40299999999999997,0.547,0.035,0.20199999999999999,6.4,0.5,-0.3,3,1.1,-0.1,-3.2,-0.2,-1.2,2022
Nick Castellanos,PHI,558,524,138,98,27,0,13,56,62,0.263,0.305,0.389,0.694,0.304,95,0.126,0.326,87.5,14.6,0.066,0.35100000000000003,110.1,0.419,0.381,0.19899999999999998,0.106,0.374,0.313,0.313,0.16899999999999998,0.5529999999999999,0.278,0.086,0.25,0.395,0.302,0.052000000000000005,0.233,0.22,0.436,0.779,0.57,0.5479999999999999,0.835,0.7020000000000001,0.392,0.6859999999999999,0.17,0.11,3.4,0.5,-1.8,61,-1.5,-0.2,-4.9,-16.1,-1.9,2022
Austin Meadows,DET,147,128,32,24,6,2,0,9,11,0.25,0.347,0.328,0.675,0.307,101,0.078,0.288,87.8,17.2,0.063,0.396,108.2,0.369,0.441,0.18899999999999997,0.102,0.35100000000000003,0.396,0.252,0.198,0.505,0.297,0.0,0.308,0.46,0.38,0.109,0.11599999999999999,0.94,0.247,0.645,0.41,0.7909999999999999,0.9420000000000001,0.888,0.41,0.612,0.046,0.192,3.1,-0.6,-0.6,17,-1.3,-0.2,-1.1,-5.1,-1.6,2022
Yermin Mercedes,SFG,83,73,17,11,5,0,1,9,8,0.233,0.325,0.342,0.668,0.301,95,0.11,0.291,87.5,25.4,0.071,0.28600000000000003,111.7,0.25,0.5,0.25,0.107,0.28600000000000003,0.41100000000000003,0.304,0.23199999999999998,0.536,0.23199999999999998,0.036000000000000004,0.253,0.392,0.329,0.10800000000000001,0.205,0.53,0.387,0.669,0.496,0.7140000000000001,0.846,0.7829999999999999,0.385,0.614,0.10800000000000001,0.153,1.5,-0.1,-0.1,9,-0.1,-0.2,-0.6,-4.2,-1.9,2022
Nick Pratto,KCR,182,158,29,12,9,1,7,18,20,0.184,0.271,0.386,0.657,0.287,81,0.203,0.25,86.0,19.7,0.125,0.365,109.0,0.33,0.532,0.138,0.08,0.44799999999999995,0.292,0.26,0.198,0.5,0.302,0.14,0.173,0.322,0.267,0.10400000000000001,0.363,0.29,0.309,0.659,0.455,0.514,0.782,0.6759999999999999,0.41700000000000004,0.588,0.147,0.18,2.7,-0.1,-1.0,17,-0.4,-0.2,-4.4,-3.0,-1.6,2022
Bobby Dalbec,BOS,353,317,68,45,9,2,12,40,39,0.215,0.283,0.369,0.652,0.287,80,0.155,0.293,90.3,15.2,0.11800000000000001,0.45799999999999996,113.9,0.389,0.409,0.20199999999999999,0.096,0.36,0.39399999999999996,0.24600000000000002,0.14800000000000002,0.5670000000000001,0.28600000000000003,0.145,0.216,0.379,0.296,0.08199999999999999,0.33399999999999996,0.25,0.316,0.7,0.465,0.495,0.7879999999999999,0.6659999999999999,0.38799999999999996,0.618,0.155,0.17300000000000001,5.0,0.3,0.5,34,0.5,-0.2,-7.6,-5.2,-1.7,2022
Gabriel Arias,CLE,57,47,9,6,1,1,1,9,5,0.191,0.321,0.319,0.641,0.294,92,0.128,0.267,88.8,-0.6,0.063,0.344,109.9,0.667,0.133,0.2,0.25,0.406,0.344,0.25,0.063,0.75,0.188,0.25,0.197,0.296,0.29,0.14,0.281,0.5,0.268,0.645,0.42,0.486,0.7829999999999999,0.67,0.40299999999999997,0.737,0.139,0.182,7.8,0.1,0.0,6,0.3,-0.2,-0.2,-3.2,-1.7,2022
Matt Thaiss,LAA,81,69,15,12,1,0,2,9,8,0.217,0.321,0.319,0.64,0.286,83,0.101,0.295,88.5,7.6,0.065,0.37,107.2,0.565,0.304,0.13,0.14300000000000002,0.37,0.348,0.28300000000000003,0.261,0.522,0.217,0.14300000000000002,0.212,0.325,0.289,0.136,0.29600000000000004,0.46,0.25,0.757,0.469,0.5,0.8109999999999999,0.7170000000000001,0.43200000000000005,0.568,0.133,0.142,3.6,0.1,0.1,8,-0.1,-0.2,-1.6,-2.6,-1.7,2022
Jo Adell,LAA,285,268,60,38,12,2,8,22,27,0.224,0.264,0.373,0.637,0.278,77,0.149,0.338,87.4,16.7,0.098,0.374,112.2,0.38799999999999996,0.406,0.20600000000000002,0.154,0.47200000000000003,0.311,0.217,0.18,0.5710000000000001,0.248,0.12300000000000001,0.197,0.311,0.247,0.039,0.375,0.1,0.376,0.7170000000000001,0.519,0.5720000000000001,0.737,0.667,0.418,0.632,0.17300000000000001,0.153,4.7,-0.2,0.9,25,0.4,-0.2,-6.9,-4.2,-2.1,2022
Diego Castillo,PIT,283,262,54,30,13,0,11,28,29,0.206,0.251,0.382,0.633,0.272,71,0.176,0.239,89.1,14.5,0.099,0.387,109.6,0.39799999999999996,0.40299999999999997,0.19899999999999998,0.052000000000000005,0.429,0.35600000000000004,0.215,0.131,0.49700000000000005,0.37200000000000005,0.14300000000000002,0.224,0.389,0.292,0.049,0.265,0.19,0.335,0.565,0.435,0.633,0.8370000000000001,0.748,0.434,0.597,0.11,0.22899999999999998,2.3,-0.4,0.5,24,-0.3,-0.2,-9.8,-2.1,-2.2,2022
Jonathan Aranda,TBR,87,78,15,9,4,0,2,10,6,0.192,0.276,0.321,0.596,0.264,73,0.128,0.245,91.1,5.8,0.073,0.455,108.0,0.545,0.327,0.127,0.055999999999999994,0.455,0.382,0.16399999999999998,0.145,0.473,0.382,0.111,0.205,0.348,0.279,0.092,0.264,0.35,0.28,0.653,0.441,0.7170000000000001,0.883,0.823,0.43200000000000005,0.69,0.078,0.21899999999999997,1.9,-0.1,0.5,7,0.4,-0.2,-2.2,-2.4,-1.9,2022
Garrett Hampson,COL,226,199,42,30,7,3,2,29,15,0.211,0.287,0.307,0.594,0.267,56,0.095,0.294,86.5,10.2,0.043,0.27699999999999997,107.0,0.485,0.354,0.162,0.087,0.29100000000000004,0.447,0.262,0.142,0.624,0.23399999999999999,0.043,0.202,0.29,0.261,0.09300000000000001,0.27899999999999997,0.33,0.29100000000000004,0.61,0.43,0.568,0.877,0.759,0.435,0.624,0.10400000000000001,0.19899999999999998,8.5,1.4,-0.4,18,2.8,-0.2,-8.6,-1.1,-1.9,2022
Jacob Stallings,MIA,384,346,77,61,12,0,4,25,34,0.223,0.292,0.292,0.584,0.265,66,0.069,0.28,86.7,12.9,0.034,0.32299999999999995,109.5,0.42,0.386,0.193,0.069,0.353,0.32299999999999995,0.32299999999999995,0.158,0.617,0.226,0.039,0.221,0.312,0.274,0.076,0.21600000000000003,0.35,0.303,0.634,0.43700000000000006,0.624,0.905,0.789,0.405,0.622,0.092,0.20199999999999999,1.0,-0.8,-2.6,30,-3.4,-0.2,-18.6,3.3,-2.1,2022
J.J. Matijevic,HOU,71,67,14,10,2,0,2,7,5,0.209,0.254,0.328,0.582,0.258,66,0.119,0.3,88.8,8.8,0.024,0.429,109.4,0.5710000000000001,0.262,0.16699999999999998,0.091,0.35700000000000004,0.33299999999999996,0.31,0.071,0.595,0.33299999999999996,0.182,0.213,0.325,0.259,0.027999999999999997,0.35200000000000004,0.08,0.39899999999999997,0.6940000000000001,0.518,0.415,0.883,0.669,0.405,0.563,0.172,0.161,4.3,0.1,0.1,5,0.1,-0.2,-2.6,-1.4,-1.8,2022
Jackie Bradley Jr.,- - -,370,344,70,42,23,1,4,30,38,0.203,0.255,0.311,0.566,0.252,56,0.108,0.251,87.6,7.4,0.048,0.37200000000000005,107.6,0.506,0.325,0.17,0.11599999999999999,0.428,0.34600000000000003,0.22699999999999998,0.17800000000000002,0.546,0.275,0.047,0.223,0.33,0.268,0.065,0.20800000000000002,0.31,0.322,0.708,0.493,0.627,0.7859999999999999,0.728,0.44299999999999995,0.605,0.134,0.161,2.7,-1.1,-0.1,25,-0.9,-0.2,-19.2,5.9,-1.6,2022
Tucupita Marcano,PIT,177,160,33,23,6,2,2,18,13,0.206,0.256,0.306,0.562,0.249,55,0.1,0.27,84.7,11.1,0.016,0.172,103.8,0.447,0.377,0.175,0.163,0.446,0.306,0.248,0.207,0.579,0.215,0.047,0.172,0.239,0.21,0.055999999999999994,0.249,0.23,0.28600000000000003,0.649,0.451,0.619,0.904,0.805,0.45399999999999996,0.644,0.08800000000000001,0.192,5.7,-0.1,0.7,12,0.3,-0.2,-9.0,1.3,-1.6,2022
Dominic Smith,NYM,152,134,26,15,10,1,0,11,17,0.194,0.276,0.284,0.56,0.254,65,0.09,0.263,89.6,10.9,0.071,0.465,107.2,0.475,0.364,0.162,0.027999999999999997,0.34299999999999997,0.444,0.212,0.10099999999999999,0.6459999999999999,0.253,0.0,0.219,0.36,0.293,0.079,0.243,0.32,0.28800000000000003,0.6920000000000001,0.45399999999999996,0.5710000000000001,0.884,0.767,0.41100000000000003,0.605,0.106,0.172,2.6,-0.1,1.0,11,0.6,-0.2,-5.6,-1.9,-2.3,2022
Andy Ibanez,TEX,128,119,26,21,4,0,1,13,9,0.218,0.273,0.277,0.551,0.249,59,0.059,0.258,88.3,14.9,0.061,0.39799999999999996,104.3,0.429,0.449,0.122,0.114,0.265,0.469,0.265,0.22399999999999998,0.52,0.255,0.023,0.214,0.344,0.272,0.07,0.16399999999999998,0.43,0.272,0.735,0.46799999999999997,0.63,0.903,0.8109999999999999,0.42200000000000004,0.664,0.08800000000000001,0.17,4.8,0.5,0.2,8,0.5,-0.2,-5.5,-0.8,-2.2,2022
Alec Burleson,STL,53,48,9,7,1,0,1,4,3,0.188,0.264,0.271,0.535,0.245,56,0.083,0.211,91.7,4.0,0.10300000000000001,0.48700000000000004,109.2,0.5,0.289,0.21100000000000002,0.091,0.436,0.231,0.33299999999999996,0.077,0.615,0.308,0.091,0.251,0.419,0.325,0.094,0.17,0.56,0.31,0.8109999999999999,0.505,0.6940000000000001,0.833,0.7809999999999999,0.389,0.434,0.111,0.1,3.8,0.2,-0.2,3,0.1,-0.2,-2.6,-1.6,-2.4,2022
Jarred Kelenic,SEA,181,163,23,10,5,1,7,20,17,0.141,0.221,0.313,0.534,0.238,57,0.172,0.167,86.0,17.9,0.136,0.35,114.0,0.369,0.524,0.107,0.222,0.311,0.466,0.223,0.32,0.369,0.311,0.13,0.174,0.354,0.271,0.08800000000000001,0.337,0.26,0.311,0.7070000000000001,0.484,0.593,0.753,0.695,0.435,0.58,0.147,0.16,6.5,0.1,-0.4,10,0.4,-0.2,-8.4,1.2,-1.5,2022
Michael Perez,- - -,132,121,18,12,0,0,6,10,14,0.149,0.214,0.298,0.511,0.228,42,0.149,0.145,88.8,18.3,0.078,0.36700000000000005,105.3,0.348,0.494,0.157,0.114,0.467,0.3,0.233,0.222,0.511,0.267,0.136,0.205,0.359,0.276,0.076,0.242,0.31,0.322,0.603,0.441,0.615,0.8490000000000001,0.7509999999999999,0.425,0.583,0.11,0.205,2.5,0.1,-0.4,7,0.4,-0.2,-8.6,1.8,-2.3,2022
Sandy Leon,- - -,86,71,12,9,3,0,0,6,4,0.169,0.298,0.211,0.509,0.246,57,0.042,0.273,84.3,21.5,0.0,0.261,104.0,0.273,0.364,0.364,0.125,0.522,0.239,0.239,0.261,0.609,0.13,0.0,0.187,0.238,0.263,0.151,0.314,0.48,0.231,0.5720000000000001,0.377,0.6859999999999999,0.8320000000000001,0.7809999999999999,0.429,0.616,0.083,0.225,1.0,-0.1,-2.1,5,-1.5,-0.2,-5.6,0.6,-2.2,2022
Aramis Garcia,CIN,115,108,23,20,2,0,1,6,4,0.213,0.248,0.259,0.507,0.228,37,0.046,0.301,87.5,19.6,0.026000000000000002,0.368,108.9,0.33799999999999997,0.37799999999999995,0.284,0.25,0.355,0.395,0.25,0.19699999999999998,0.539,0.263,0.036000000000000004,0.212,0.314,0.247,0.026000000000000002,0.29600000000000004,0.09,0.319,0.7659999999999999,0.519,0.506,0.805,0.7040000000000001,0.44799999999999995,0.687,0.154,0.145,1.4,-0.5,-1.1,6,-1.4,-0.2,-9.9,4.0,-1.9,2022
Andrelton Simmons,CHC,85,75,13,12,1,0,0,8,7,0.173,0.244,0.187,0.431,0.204,29,0.013,0.21,81.4,1.1,0.0,0.10800000000000001,100.6,0.645,0.27399999999999997,0.081,0.235,0.415,0.415,0.16899999999999998,0.27699999999999997,0.585,0.138,0.0,0.158,0.189,0.199,0.08199999999999999,0.153,0.54,0.354,0.675,0.483,0.762,0.8640000000000001,0.8190000000000001,0.40299999999999997,0.624,0.087,0.185,5.9,0.7,-0.1,3,0.9,-0.2,-6.1,1.4,-1.8,2022
Michael Hermosillo,CHC,73,61,7,5,2,0,0,7,4,0.115,0.25,0.148,0.398,0.203,29,0.033,0.206,86.6,17.4,0.086,0.314,108.2,0.382,0.353,0.265,0.083,0.34299999999999997,0.457,0.2,0.114,0.657,0.22899999999999998,0.0,0.169,0.247,0.259,0.096,0.37,0.26,0.391,0.737,0.507,0.325,0.8490000000000001,0.58,0.33399999999999996,0.6579999999999999,0.213,0.125,5.2,0.1,0.3,2,0.6,-0.2,-5.4,0.6,-2.2,2022
Franchy Cordero,BOS,275,242,53,27,17,1,8,36,29,0.219,0.3,0.397,0.697,0.304,92,0.178,0.313,89.7,12.7,0.12300000000000001,0.455,117.9,0.387,0.387,0.22699999999999998,0.034,0.41600000000000004,0.325,0.26,0.156,0.461,0.38299999999999995,0.138,0.228,0.402,0.313,0.102,0.335,0.3,0.332,0.716,0.486,0.493,0.7759999999999999,0.66,0.401,0.607,0.165,0.146,5.1,0.2,1.1,30,1.5,-0.3,-1.1,-10.9,-3.2,2022
Marcell Ozuna,ATL,507,470,106,64,19,0,23,56,56,0.226,0.274,0.413,0.687,0.298,90,0.187,0.252,89.4,16.5,0.131,0.43799999999999994,113.9,0.37799999999999995,0.435,0.188,0.11800000000000001,0.446,0.344,0.21,0.165,0.5,0.335,0.15,0.253,0.475,0.334,0.061,0.24100000000000002,0.25,0.361,0.6990000000000001,0.494,0.5820000000000001,0.8490000000000001,0.731,0.39299999999999996,0.615,0.133,0.156,2.4,-0.4,-1.3,53,-2.0,-0.3,-8.0,-12.5,-3.1,2022
Harold Castro,DET,443,420,114,84,21,2,7,37,47,0.271,0.3,0.381,0.681,0.297,93,0.11,0.318,87.0,11.4,0.061,0.332,107.3,0.444,0.298,0.257,0.02,0.364,0.312,0.324,0.13,0.633,0.237,0.069,0.275,0.423,0.316,0.038,0.17800000000000002,0.22,0.42200000000000004,0.6970000000000001,0.536,0.727,0.8959999999999999,0.818,0.415,0.621,0.098,0.147,2.2,-0.8,-1.0,46,-1.3,-0.3,-4.7,-12.1,-2.8,2022
Peyton Burdick,MIA,102,92,19,11,4,0,4,8,11,0.207,0.284,0.38,0.665,0.294,86,0.174,0.283,90.0,18.0,0.105,0.386,109.8,0.321,0.46399999999999997,0.214,0.154,0.386,0.316,0.298,0.193,0.474,0.33299999999999996,0.154,0.205,0.387,0.296,0.078,0.34299999999999997,0.23,0.33899999999999997,0.805,0.524,0.47600000000000003,0.828,0.69,0.397,0.647,0.162,0.115,2.7,0.1,-0.4,10,-0.1,-0.3,-1.8,-4.7,-2.9,2022
Dee Strange-Gordon,WSN,59,59,18,16,1,1,0,6,2,0.305,0.305,0.356,0.661,0.288,85,0.051,0.353,84.4,1.3,0.0,0.17600000000000002,100.4,0.5710000000000001,0.204,0.22399999999999998,0.0,0.451,0.353,0.196,0.255,0.608,0.13699999999999998,0.0,0.22,0.268,0.213,0.0,0.136,0.0,0.447,0.72,0.5770000000000001,0.7829999999999999,0.8959999999999999,0.85,0.474,0.644,0.087,0.168,6.6,-0.3,0.1,6,0.2,-0.3,-0.8,-4.1,-2.9,2022
Hanser Alberto,LAD,159,156,38,25,9,2,2,13,15,0.244,0.258,0.365,0.623,0.27,73,0.122,0.279,82.8,10.8,0.015,0.183,104.1,0.488,0.354,0.157,0.067,0.466,0.298,0.237,0.168,0.595,0.237,0.044000000000000004,0.216,0.304,0.234,0.019,0.157,0.12,0.469,0.805,0.605,0.644,0.8340000000000001,0.746,0.40299999999999997,0.642,0.154,0.113,3.6,-0.5,0.4,13,-0.3,-0.3,-5.3,-3.4,-3.2,2022
Jordan Diaz,OAK,51,49,13,10,3,0,0,3,1,0.265,0.294,0.327,0.621,0.275,80,0.061,0.31,86.9,-4.8,0.0,0.31,104.0,0.667,0.23800000000000002,0.095,0.0,0.405,0.405,0.19,0.14300000000000002,0.7140000000000001,0.14300000000000002,0.0,0.208,0.273,0.229,0.039,0.13699999999999998,0.29,0.395,0.877,0.636,0.625,0.9009999999999999,0.816,0.5,0.706,0.11699999999999999,0.086,0.8,0.0,0.2,4,0.0,-0.3,-1.1,-3.2,-2.7,2022
Mike Ford,- - -,149,131,27,19,5,0,3,9,10,0.206,0.302,0.313,0.615,0.28,81,0.107,0.273,88.7,18.1,0.033,0.33,110.4,0.33,0.44,0.231,0.1,0.527,0.35200000000000004,0.121,0.17600000000000002,0.505,0.319,0.075,0.21,0.302,0.278,0.114,0.268,0.43,0.235,0.547,0.35200000000000004,0.685,0.89,0.804,0.37200000000000005,0.5770000000000001,0.069,0.23800000000000002,0.4,-0.2,-0.6,14,-1.2,-0.3,-4.4,-3.1,-2.7,2022
CJ Abrams,- - -,302,284,70,54,12,2,2,33,21,0.246,0.28,0.324,0.604,0.267,72,0.077,0.291,86.5,6.7,0.021,0.307,109.6,0.509,0.315,0.177,0.12300000000000001,0.35700000000000004,0.382,0.261,0.22699999999999998,0.525,0.248,0.027000000000000003,0.241,0.316,0.266,0.017,0.166,0.1,0.43799999999999994,0.725,0.5660000000000001,0.6859999999999999,0.8740000000000001,0.7929999999999999,0.445,0.659,0.11699999999999999,0.14,5.8,-0.5,2.1,24,0.6,-0.3,-9.3,-4.1,-3.0,2022
Vimael Machin,OAK,253,223,49,36,12,0,1,26,13,0.22,0.3,0.287,0.587,0.268,76,0.067,0.27,89.3,10.2,0.039,0.391,108.5,0.43,0.335,0.235,0.05,0.307,0.38,0.313,0.10099999999999999,0.631,0.268,0.017,0.243,0.343,0.301,0.099,0.18600000000000003,0.53,0.306,0.662,0.446,0.731,0.9079999999999999,0.8340000000000001,0.39299999999999996,0.569,0.07400000000000001,0.179,2.4,-0.5,-0.2,20,-1.7,-0.3,-8.7,-2.1,-2.8,2022
JJ Bleday,MIA,238,204,34,17,10,2,5,21,16,0.167,0.277,0.309,0.586,0.266,66,0.142,0.216,86.3,25.0,0.086,0.33799999999999997,107.9,0.237,0.525,0.237,0.151,0.496,0.317,0.187,0.223,0.511,0.266,0.068,0.188,0.313,0.278,0.126,0.282,0.45,0.278,0.738,0.466,0.627,0.816,0.7490000000000001,0.408,0.609,0.11699999999999999,0.141,5.3,0.2,0.5,19,0.4,-0.3,-8.9,-2.2,-2.9,2022
Miguel Andujar,- - -,140,132,31,24,5,1,1,13,17,0.235,0.257,0.311,0.568,0.247,56,0.076,0.28,84.4,9.1,0.037000000000000005,0.315,110.4,0.41700000000000004,0.361,0.222,0.179,0.37,0.41700000000000004,0.213,0.25,0.528,0.222,0.026000000000000002,0.249,0.347,0.278,0.036000000000000004,0.193,0.19,0.426,0.6629999999999999,0.519,0.662,0.894,0.777,0.389,0.629,0.115,0.172,5.8,0.3,1.0,9,0.9,-0.3,-6.1,-1.0,-2.5,2022
Akil Baddoo,DET,225,201,41,34,3,2,2,30,9,0.204,0.289,0.269,0.558,0.256,65,0.065,0.289,85.0,14.3,0.036000000000000004,0.27,108.5,0.42200000000000004,0.4,0.17800000000000002,0.185,0.336,0.32799999999999996,0.336,0.248,0.526,0.226,0.037000000000000005,0.192,0.27,0.253,0.107,0.284,0.38,0.311,0.6890000000000001,0.465,0.58,0.852,0.7440000000000001,0.40700000000000003,0.547,0.11900000000000001,0.15,6.6,-0.8,2.7,16,1.6,-0.3,-7.2,-2.5,-2.6,2022
Jason Heyward,CHC,151,137,28,21,5,1,1,15,10,0.204,0.278,0.277,0.556,0.253,63,0.073,0.26,87.6,13.1,0.048,0.381,111.1,0.457,0.381,0.162,0.175,0.5329999999999999,0.324,0.14300000000000002,0.21899999999999997,0.486,0.295,0.025,0.219,0.325,0.279,0.073,0.212,0.34,0.332,0.6809999999999999,0.48100000000000004,0.632,0.8270000000000001,0.75,0.42700000000000005,0.603,0.12,0.161,4.7,0.1,0.3,11,0.0,-0.3,-6.5,-1.3,-2.5,2022
Zack Collins,- - -,108,97,15,7,4,0,4,9,11,0.155,0.231,0.32,0.551,0.245,56,0.165,0.208,91.0,20.1,0.08800000000000001,0.40399999999999997,107.9,0.263,0.474,0.263,0.07400000000000001,0.544,0.228,0.228,0.158,0.544,0.298,0.14800000000000002,0.181,0.317,0.257,0.083,0.38,0.22,0.223,0.667,0.413,0.32799999999999996,0.779,0.64,0.428,0.593,0.149,0.17800000000000002,1.1,-0.1,-0.7,7,-0.8,-0.3,-6.3,-0.5,-3.3,2022
Alcides Escobar,WSN,131,124,27,21,4,2,0,12,8,0.218,0.26,0.282,0.542,0.242,53,0.065,0.293,81.8,15.7,0.011000000000000001,0.174,108.1,0.35200000000000004,0.35200000000000004,0.297,0.094,0.28300000000000003,0.435,0.28300000000000003,0.261,0.63,0.109,0.0,0.21,0.264,0.233,0.038,0.244,0.16,0.439,0.66,0.529,0.735,0.87,0.804,0.41,0.6409999999999999,0.10400000000000001,0.161,5.3,-0.3,0.8,8,0.3,-0.3,-6.8,-0.7,-3.0,2022
Kyle Lewis,SEA,62,56,8,5,0,0,3,6,5,0.143,0.226,0.304,0.529,0.239,58,0.161,0.147,89.9,16.8,0.10800000000000001,0.324,110.0,0.45899999999999996,0.37799999999999995,0.162,0.28600000000000003,0.37799999999999995,0.486,0.135,0.162,0.568,0.27,0.214,0.206,0.4,0.3,0.081,0.306,0.26,0.32,0.784,0.475,0.5,0.71,0.616,0.335,0.581,0.183,0.133,1.4,0.0,-0.6,4,-0.2,-0.3,-3.2,-1.3,-2.6,2022
Willie Calhoun,- - -,62,52,7,3,3,0,1,7,3,0.135,0.274,0.25,0.524,0.249,59,0.115,0.14,89.4,14.2,0.023,0.386,110.4,0.364,0.5,0.136,0.22699999999999998,0.455,0.386,0.159,0.22699999999999998,0.43200000000000005,0.341,0.045,0.215,0.327,0.309,0.145,0.129,1.13,0.193,0.602,0.365,0.769,0.915,0.871,0.42100000000000004,0.5,0.047,0.20600000000000002,2.0,-0.1,0.0,4,-0.2,-0.3,-3.1,-1.9,-3.0,2022
Kody Clemens,DET,127,117,17,8,4,0,5,13,17,0.145,0.197,0.308,0.505,0.22,39,0.162,0.148,89.4,17.4,0.057999999999999996,0.37200000000000005,108.9,0.384,0.47700000000000004,0.14,0.049,0.581,0.233,0.18600000000000003,0.151,0.6509999999999999,0.198,0.122,0.196,0.328,0.252,0.063,0.26,0.24,0.375,0.7140000000000001,0.53,0.573,0.862,0.752,0.46,0.7090000000000001,0.132,0.159,4.1,0.1,0.6,6,0.6,-0.3,-8.1,1.3,-2.8,2022
Mike Zunino,TBR,123,115,17,9,3,0,5,7,16,0.148,0.195,0.304,0.499,0.219,41,0.157,0.185,91.8,20.8,0.086,0.414,115.0,0.28600000000000003,0.5429999999999999,0.171,0.079,0.429,0.3,0.271,0.129,0.514,0.35700000000000004,0.132,0.182,0.329,0.252,0.049,0.374,0.13,0.37799999999999995,0.698,0.51,0.402,0.7909999999999999,0.622,0.413,0.659,0.193,0.145,0.2,-0.1,0.0,5,0.0,-0.3,-8.1,1.5,-2.7,2022
Juan Lagares,LAA,62,60,11,8,2,1,0,4,0,0.183,0.21,0.25,0.46,0.203,24,0.067,0.244,88.4,14.4,0.022000000000000002,0.4,107.3,0.37799999999999995,0.467,0.156,0.048,0.42200000000000004,0.37799999999999995,0.2,0.133,0.5329999999999999,0.33299999999999996,0.0,0.216,0.305,0.242,0.032,0.242,0.13,0.43799999999999994,0.629,0.515,0.619,0.8690000000000001,0.742,0.402,0.71,0.133,0.17800000000000002,3.7,0.0,-0.2,2,0.2,-0.3,-5.1,-0.1,-3.2,2022
Jose Herrera,ARI,124,111,21,19,2,0,0,9,5,0.189,0.25,0.207,0.457,0.213,31,0.018,0.273,84.7,3.0,0.0,0.111,104.0,0.64,0.2,0.16,0.267,0.457,0.321,0.222,0.16,0.667,0.17300000000000001,0.0,0.152,0.18,0.186,0.073,0.27399999999999997,0.26,0.27,0.608,0.42100000000000004,0.662,0.8370000000000001,0.775,0.446,0.637,0.095,0.21899999999999997,1.4,-0.1,0.3,5,-0.3,-0.3,-10.3,3.4,-2.6,2022
Bradley Zimmer,- - -,117,105,13,6,5,0,2,18,5,0.124,0.207,0.229,0.435,0.203,27,0.105,0.19,87.0,10.5,0.115,0.344,108.3,0.491,0.418,0.091,0.13,0.344,0.39299999999999996,0.262,0.19699999999999998,0.541,0.262,0.087,0.138,0.268,0.225,0.043,0.385,0.11,0.33799999999999997,0.698,0.506,0.506,0.762,0.6709999999999999,0.467,0.632,0.166,0.159,5.7,-0.3,1.1,3,0.4,-0.3,-9.2,2.8,-2.7,2022
Anthony Bemboom,BAL,59,52,6,3,2,0,1,4,1,0.115,0.207,0.212,0.418,0.196,23,0.096,0.147,90.1,6.9,0.055999999999999994,0.361,106.3,0.529,0.382,0.08800000000000001,0.077,0.444,0.361,0.19399999999999998,0.139,0.611,0.25,0.077,0.182,0.266,0.246,0.102,0.28800000000000003,0.35,0.24,0.6609999999999999,0.439,0.645,0.8290000000000001,0.7759999999999999,0.47100000000000003,0.508,0.098,0.18,1.2,0.0,-0.1,1,-0.2,-0.3,-5.3,1.0,-2.5,2022
Chuckie Robinson,CIN,60,59,8,4,2,0,2,3,5,0.136,0.136,0.271,0.407,0.173,-1,0.136,0.15,86.2,0.5,0.09300000000000001,0.302,108.3,0.667,0.214,0.11900000000000001,0.0,0.256,0.37200000000000005,0.37200000000000005,0.18600000000000003,0.488,0.326,0.222,0.222,0.37,0.255,0.0,0.28300000000000003,0.0,0.483,0.75,0.598,0.679,0.833,0.762,0.431,0.6829999999999999,0.141,0.127,0.6,0.0,0.1,0,0.1,-0.3,-7.0,1.7,-3.2,2022
Charlie Culberson,TEX,124,115,29,21,6,0,2,19,12,0.252,0.283,0.357,0.64,0.281,81,0.104,0.329,85.3,5.8,0.011000000000000001,0.273,103.8,0.56,0.27399999999999997,0.16699999999999998,0.13,0.455,0.33,0.21600000000000003,0.17,0.625,0.205,0.087,0.226,0.303,0.251,0.04,0.25,0.16,0.452,0.759,0.583,0.518,0.8590000000000001,0.7070000000000001,0.426,0.677,0.171,0.11199999999999999,4.1,-0.9,0.3,11,0.1,-0.4,-2.5,-5.1,-3.7,2022
Frank Schwindel,CHC,292,271,62,43,11,0,8,23,36,0.229,0.277,0.358,0.635,0.278,80,0.129,0.261,88.1,10.2,0.047,0.353,109.3,0.47,0.349,0.18100000000000002,0.147,0.46,0.312,0.228,0.18100000000000002,0.512,0.307,0.107,0.23,0.351,0.278,0.065,0.19899999999999998,0.33,0.401,0.758,0.5479999999999999,0.68,0.8390000000000001,0.77,0.41,0.6509999999999999,0.126,0.133,0.8,-0.3,-0.5,26,-0.7,-0.4,-7.6,-6.3,-3.8,2022
Oscar Mercado,- - -,128,121,25,14,6,1,4,17,16,0.207,0.242,0.372,0.614,0.266,72,0.165,0.236,86.3,22.2,0.065,0.29,106.3,0.32299999999999995,0.516,0.161,0.188,0.452,0.301,0.247,0.28,0.473,0.247,0.083,0.203,0.35,0.258,0.039,0.22699999999999998,0.17,0.376,0.8270000000000001,0.565,0.573,0.8590000000000001,0.748,0.418,0.633,0.142,0.106,6.0,-0.5,1.0,10,0.3,-0.4,-3.9,-3.7,-3.5,2022
Ryan O'Hearn,KCR,145,134,32,24,6,1,1,14,16,0.239,0.29,0.321,0.611,0.272,70,0.082,0.313,92.1,13.4,0.07,0.48,110.5,0.424,0.273,0.303,0.07400000000000001,0.42,0.32,0.26,0.11,0.53,0.36,0.037000000000000005,0.272,0.425,0.327,0.055,0.24100000000000002,0.23,0.337,0.6940000000000001,0.495,0.583,0.8809999999999999,0.768,0.442,0.593,0.115,0.155,2.9,-0.1,-0.2,12,0.1,-0.4,-4.8,-3.6,-3.7,2022
Richie Palacios,CLE,123,112,26,20,6,0,0,7,10,0.232,0.293,0.286,0.578,0.258,66,0.054,0.28,85.0,13.5,0.011000000000000001,0.215,104.7,0.457,0.337,0.207,0.161,0.355,0.366,0.28,0.204,0.613,0.183,0.0,0.244,0.31,0.277,0.073,0.163,0.45,0.313,0.6940000000000001,0.478,0.747,0.89,0.8370000000000001,0.433,0.561,0.078,0.152,3.4,0.3,0.1,9,0.4,-0.4,-4.3,-3.0,-3.4,2022
Kevin Plawecki,- - -,186,168,37,28,8,0,1,15,13,0.22,0.286,0.286,0.572,0.259,60,0.065,0.265,89.3,11.4,0.0,0.377,109.2,0.474,0.336,0.19,0.13,0.384,0.406,0.21,0.159,0.551,0.29,0.022000000000000002,0.228,0.299,0.268,0.075,0.172,0.44,0.324,0.647,0.46399999999999997,0.672,0.898,0.809,0.434,0.618,0.08900000000000001,0.183,1.3,-0.2,-0.9,14,-1.0,-0.4,-9.3,-0.7,-4.1,2022
Didi Gregorius,PHI,232,214,45,31,9,4,1,17,19,0.21,0.263,0.304,0.567,0.251,59,0.093,0.246,84.5,15.8,0.027999999999999997,0.228,106.5,0.39899999999999997,0.41,0.191,0.17800000000000002,0.344,0.42200000000000004,0.233,0.244,0.556,0.2,0.013999999999999999,0.237,0.327,0.275,0.055999999999999994,0.155,0.36,0.44799999999999995,0.8240000000000001,0.602,0.633,0.914,0.7909999999999999,0.41100000000000003,0.638,0.126,0.08800000000000001,5.1,0.0,0.9,16,0.3,-0.4,-10.9,-1.2,-4.1,2022
Guillermo Heredia,ATL,82,76,12,5,3,1,3,12,8,0.158,0.22,0.342,0.562,0.246,54,0.184,0.22,86.0,14.7,0.114,0.318,107.3,0.364,0.5,0.136,0.091,0.455,0.386,0.159,0.205,0.43200000000000005,0.364,0.136,0.16,0.289,0.228,0.073,0.39,0.19,0.37200000000000005,0.779,0.536,0.532,0.789,0.6829999999999999,0.40299999999999997,0.72,0.17,0.11199999999999999,5.1,0.0,0.7,5,0.4,-0.4,-3.9,-2.3,-3.4,2022
Josh VanMeter,PIT,192,171,32,22,5,2,3,15,14,0.187,0.266,0.292,0.558,0.251,56,0.105,0.232,88.1,14.3,0.047,0.336,104.9,0.37799999999999995,0.433,0.18899999999999997,0.055,0.344,0.42200000000000004,0.23399999999999999,0.11699999999999999,0.602,0.281,0.055,0.224,0.341,0.288,0.099,0.23399999999999999,0.42,0.18899999999999997,0.552,0.363,0.608,0.887,0.812,0.48,0.589,0.068,0.255,6.0,0.6,0.3,13,0.7,-0.4,-9.0,-1.9,-4.2,2022
Jack Mayfield,LAA,74,70,13,10,1,1,1,8,6,0.186,0.23,0.271,0.501,0.224,39,0.086,0.231,84.5,13.5,0.019,0.245,103.6,0.45299999999999996,0.415,0.132,0.091,0.491,0.245,0.264,0.18899999999999997,0.604,0.20800000000000002,0.045,0.187,0.257,0.221,0.040999999999999995,0.23,0.18,0.35200000000000004,0.628,0.475,0.64,0.887,0.785,0.44299999999999995,0.635,0.102,0.188,7.2,0.1,-0.7,3,0.4,-0.4,-4.7,-1.8,-4.2,2022
Justin Upton,SEA,57,48,6,4,1,0,1,2,3,0.125,0.263,0.208,0.471,0.231,52,0.083,0.208,88.5,26.5,0.04,0.32,105.3,0.28,0.56,0.16,0.214,0.56,0.28,0.16,0.2,0.6,0.2,0.071,0.157,0.218,0.249,0.105,0.40399999999999997,0.26,0.295,0.67,0.45399999999999996,0.41,0.785,0.644,0.424,0.579,0.162,0.175,0.1,-0.1,-1.8,3,-1.1,-0.4,-4.1,-1.3,-3.6,2022
Miguel Vargas,LAD,50,47,8,6,1,0,1,4,8,0.17,0.2,0.255,0.455,0.2,26,0.085,0.206,89.7,25.8,0.086,0.4,106.1,0.34299999999999997,0.514,0.14300000000000002,0.111,0.371,0.4,0.22899999999999998,0.171,0.4,0.429,0.055999999999999994,0.203,0.336,0.255,0.04,0.26,0.15,0.314,0.722,0.51,0.727,0.7859999999999999,0.767,0.48,0.7,0.11900000000000001,0.203,4.7,0.2,0.2,1,0.3,-0.4,-4.0,-1.8,-4.1,2022
Will Benson,CLE,61,55,10,9,1,0,0,8,3,0.182,0.25,0.2,0.45,0.212,34,0.018,0.278,84.2,10.4,0.0,0.27,107.6,0.47200000000000003,0.33299999999999996,0.19399999999999998,0.16699999999999998,0.486,0.297,0.21600000000000003,0.27,0.568,0.162,0.0,0.181,0.228,0.224,0.049,0.311,0.16,0.276,0.594,0.424,0.47100000000000003,0.841,0.711,0.46299999999999997,0.6559999999999999,0.122,0.22699999999999998,2.6,-0.1,0.3,2,0.1,-0.4,-4.4,-1.7,-4.2,2022
Magneuris Sierra,LAA,96,91,15,11,1,3,0,7,5,0.165,0.2,0.242,0.442,0.195,19,0.077,0.227,82.2,7.2,0.0,0.16399999999999998,107.7,0.508,0.28800000000000003,0.203,0.11800000000000001,0.433,0.313,0.254,0.179,0.687,0.134,0.0,0.197,0.234,0.212,0.042,0.26,0.16,0.41700000000000004,0.6559999999999999,0.523,0.638,0.851,0.757,0.445,0.688,0.127,0.159,8.6,0.7,-1.2,2,1.1,-0.4,-7.7,0.5,-4.1,2022
Tres Barrera,WSN,53,50,9,8,1,0,0,2,4,0.18,0.212,0.2,0.412,0.187,15,0.02,0.265,81.8,21.4,0.0,0.14300000000000002,102.9,0.353,0.5,0.147,0.17600000000000002,0.34299999999999997,0.371,0.28600000000000003,0.28600000000000003,0.5710000000000001,0.14300000000000002,0.0,0.167,0.214,0.187,0.038,0.302,0.13,0.41200000000000003,0.713,0.536,0.638,0.912,0.7879999999999999,0.41200000000000003,0.66,0.113,0.18,0.7,0.0,-0.2,1,-0.3,-0.4,-5.5,-0.3,-4.1,2022
Nelson Cruz,WSN,507,448,105,79,16,0,10,50,64,0.234,0.313,0.337,0.651,0.292,87,0.103,0.295,90.9,7.2,0.09300000000000001,0.457,113.8,0.524,0.28300000000000003,0.193,0.096,0.35200000000000004,0.361,0.28600000000000003,0.16,0.518,0.322,0.106,0.241,0.399,0.32,0.09699999999999999,0.235,0.41,0.35200000000000004,0.748,0.507,0.5710000000000001,0.8009999999999999,0.7040000000000001,0.391,0.613,0.15,0.127,3.0,0.3,-1.6,51,-0.9,-0.5,-8.5,-13.3,-4.4,2022
Alex Kirilloff,MIN,156,144,36,26,7,0,3,14,21,0.25,0.29,0.361,0.651,0.286,85,0.111,0.308,89.3,6.0,0.063,0.45,108.8,0.555,0.3,0.145,0.03,0.364,0.355,0.282,0.136,0.555,0.309,0.091,0.228,0.365,0.278,0.032,0.231,0.14,0.35,0.716,0.503,0.728,0.88,0.8190000000000001,0.419,0.526,0.091,0.158,1.3,-0.1,-1.5,15,-1.5,-0.5,-4.0,-5.6,-4.7,2022
Hoy Park,PIT,60,51,11,7,2,0,2,7,6,0.216,0.276,0.373,0.648,0.282,77,0.157,0.25,85.1,10.3,0.1,0.25,103.9,0.514,0.37799999999999995,0.10800000000000001,0.0,0.35,0.3,0.35,0.15,0.65,0.2,0.14300000000000002,0.208,0.344,0.269,0.067,0.25,0.27,0.268,0.556,0.38799999999999996,0.757,0.836,0.804,0.418,0.617,0.076,0.23600000000000002,4.7,0.2,0.3,6,0.4,-0.5,-1.2,-5.3,-4.4,2022
Chad Pinder,OAK,379,361,85,55,18,0,12,38,42,0.235,0.263,0.385,0.648,0.281,85,0.15,0.313,87.5,9.7,0.065,0.405,109.8,0.494,0.306,0.2,0.08,0.415,0.34600000000000003,0.24,0.187,0.5329999999999999,0.28,0.16,0.235,0.38,0.28,0.037000000000000005,0.311,0.12,0.354,0.772,0.529,0.5539999999999999,0.772,0.687,0.418,0.609,0.166,0.135,2.9,0.1,0.9,35,0.1,-0.5,-6.4,-10.4,-4.8,2022
Mike Moustakas,CIN,285,252,54,35,12,0,7,30,25,0.214,0.295,0.345,0.64,0.286,76,0.131,0.272,87.6,19.4,0.061,0.33899999999999997,111.7,0.35,0.5,0.15,0.2,0.444,0.35,0.20600000000000002,0.25,0.439,0.311,0.078,0.195,0.307,0.27,0.084,0.263,0.32,0.409,0.7559999999999999,0.5429999999999999,0.5920000000000001,0.8390000000000001,0.7240000000000001,0.385,0.568,0.15,0.106,3.3,0.1,-0.3,27,-0.8,-0.5,-8.8,-5.4,-4.4,2022
Travis Demeritte,ATL,96,89,19,14,2,0,3,9,6,0.213,0.26,0.337,0.597,0.263,66,0.124,0.291,88.8,9.8,0.069,0.379,109.5,0.5,0.32799999999999996,0.172,0.105,0.44799999999999995,0.31,0.24100000000000002,0.138,0.569,0.293,0.158,0.211,0.333,0.263,0.063,0.33299999999999996,0.19,0.27399999999999997,0.624,0.433,0.579,0.713,0.667,0.45399999999999996,0.604,0.14400000000000002,0.207,1.2,-0.1,-1.1,7,-0.9,-0.5,-4.7,-3.4,-4.8,2022
Maikel Franco,WSN,388,371,85,61,15,0,9,31,39,0.229,0.255,0.342,0.597,0.261,66,0.113,0.262,87.0,11.4,0.047,0.344,112.1,0.445,0.358,0.19699999999999998,0.168,0.46799999999999997,0.318,0.214,0.231,0.485,0.284,0.084,0.243,0.351,0.272,0.031,0.193,0.16,0.425,0.691,0.536,0.624,0.846,0.743,0.41700000000000004,0.649,0.138,0.161,2.0,-0.1,-0.5,29,-1.9,-0.5,-17.2,-0.4,-4.3,2022
Stephen Piscotty,OAK,139,126,24,15,4,0,5,12,14,0.19,0.252,0.341,0.593,0.258,69,0.151,0.253,90.4,10.4,0.063,0.46299999999999997,107.9,0.46299999999999997,0.313,0.225,0.04,0.4,0.4,0.2,0.1,0.625,0.275,0.2,0.216,0.353,0.275,0.065,0.345,0.19,0.41200000000000003,0.8,0.552,0.397,0.8059999999999999,0.611,0.361,0.633,0.215,0.126,3.7,0.3,-0.6,10,-0.4,-0.5,-5.2,-4.3,-5.2,2022
Luis Torrens,SEA,166,151,34,29,2,0,3,13,15,0.225,0.283,0.298,0.581,0.261,73,0.073,0.31,90.3,8.9,0.049,0.466,107.8,0.466,0.272,0.262,0.036000000000000004,0.34,0.408,0.252,0.165,0.5529999999999999,0.282,0.107,0.236,0.333,0.284,0.07200000000000001,0.301,0.24,0.29600000000000004,0.6829999999999999,0.47100000000000003,0.5,0.885,0.752,0.452,0.627,0.11699999999999999,0.183,1.0,-0.2,-0.9,13,-0.9,-0.5,-5.9,-3.8,-4.4,2022
Yasmani Grandal,CHW,376,327,66,54,7,0,5,15,27,0.202,0.301,0.269,0.57,0.263,68,0.067,0.249,90.0,12.0,0.048,0.4,110.2,0.428,0.36,0.212,0.122,0.376,0.316,0.308,0.188,0.564,0.248,0.055999999999999994,0.217,0.319,0.29,0.12,0.21,0.57,0.244,0.594,0.397,0.685,0.865,0.8029999999999999,0.43700000000000006,0.5529999999999999,0.078,0.20800000000000002,1.0,-0.2,-5.4,29,-4.0,-0.5,-17.6,0.8,-4.8,2022
Taylor Walls,TBR,466,407,70,42,18,2,8,53,33,0.172,0.268,0.285,0.553,0.252,65,0.113,0.221,86.3,16.6,0.062,0.284,105.7,0.373,0.418,0.209,0.057999999999999996,0.375,0.33,0.29600000000000004,0.14800000000000002,0.595,0.258,0.067,0.193,0.301,0.268,0.11199999999999999,0.258,0.43,0.239,0.6629999999999999,0.426,0.652,0.815,0.764,0.44,0.594,0.10099999999999999,0.188,5.5,0.4,2.5,32,3.2,-0.5,-15.2,-4.4,-4.9,2022
Willians Astudillo,MIA,55,54,13,12,0,0,1,5,4,0.241,0.255,0.296,0.551,0.243,51,0.056,0.24,83.0,15.5,0.0,0.21600000000000003,106.6,0.451,0.353,0.196,0.111,0.431,0.314,0.255,0.314,0.529,0.157,0.055999999999999994,0.265,0.315,0.265,0.018000000000000002,0.055,0.33,0.547,0.836,0.653,0.7879999999999999,0.8909999999999999,0.8370000000000001,0.36700000000000005,0.636,0.107,0.067,4.2,0.1,-0.3,3,0.1,-0.5,-3.0,-4.0,-5.1,2022
Mickey Moniak,- - -,112,106,18,11,3,1,3,13,8,0.17,0.207,0.302,0.509,0.223,39,0.132,0.254,84.9,19.1,0.079,0.317,107.9,0.377,0.475,0.14800000000000002,0.207,0.5710000000000001,0.175,0.254,0.27,0.508,0.222,0.10300000000000001,0.159,0.267,0.208,0.036000000000000004,0.39299999999999996,0.09,0.48200000000000004,0.738,0.5820000000000001,0.488,0.8220000000000001,0.653,0.389,0.6609999999999999,0.20199999999999999,0.134,6.8,0.1,0.5,5,0.4,-0.5,-7.5,-0.7,-4.5,2022
Steven Duggar,- - -,80,72,11,7,3,1,0,7,4,0.153,0.225,0.222,0.447,0.205,28,0.069,0.344,92.9,16.9,0.063,0.469,106.0,0.406,0.406,0.188,0.0,0.313,0.406,0.281,0.0,0.625,0.375,0.0,0.146,0.242,0.217,0.08800000000000001,0.513,0.17,0.28300000000000003,0.657,0.44299999999999995,0.302,0.772,0.6,0.428,0.65,0.177,0.19,8.5,0.5,0.3,2,1.1,-0.5,-5.5,-1.6,-4.5,2022
Billy McKinney,OAK,57,52,5,3,1,0,1,3,4,0.096,0.158,0.173,0.331,0.144,-12,0.077,0.111,83.8,17.4,0.054000000000000006,0.21600000000000003,106.5,0.389,0.444,0.16699999999999998,0.125,0.37799999999999995,0.324,0.297,0.21600000000000003,0.649,0.135,0.063,0.155,0.245,0.2,0.07,0.281,0.25,0.264,0.603,0.418,0.514,0.857,0.738,0.45299999999999996,0.596,0.109,0.21899999999999997,1.1,0.0,-2.3,-1,-1.0,-0.5,-8.1,1.2,-5.2,2022
Andrew Vaughn,CHW,555,510,138,92,28,1,17,60,76,0.271,0.321,0.429,0.75,0.327,113,0.159,0.301,90.8,7.4,0.079,0.484,112.1,0.47700000000000004,0.341,0.18100000000000002,0.098,0.353,0.37200000000000005,0.27399999999999997,0.153,0.535,0.313,0.11900000000000001,0.255,0.415,0.319,0.055999999999999994,0.17300000000000001,0.32,0.355,0.632,0.47,0.6940000000000001,0.898,0.8079999999999999,0.41600000000000004,0.62,0.09,0.201,1.8,-0.5,-2.0,71,-3.6,-0.6,4.4,-27.7,-5.7,2022
MJ Melendez,KCR,534,460,100,58,21,3,18,57,62,0.217,0.313,0.393,0.706,0.31,97,0.176,0.258,90.7,15.1,0.10400000000000001,0.435,110.8,0.39,0.408,0.20199999999999999,0.08,0.449,0.324,0.226,0.13699999999999998,0.509,0.354,0.131,0.237,0.41,0.332,0.124,0.245,0.5,0.278,0.687,0.446,0.627,0.813,0.745,0.41100000000000003,0.5579999999999999,0.114,0.166,3.1,-1.3,-0.7,61,-1.5,-0.6,-3.1,-19.9,-6.1,2022
Calvin Mitchell,PIT,232,212,48,32,11,0,5,21,17,0.226,0.286,0.349,0.635,0.281,77,0.123,0.276,89.9,7.4,0.049,0.40700000000000003,107.3,0.47200000000000003,0.304,0.22399999999999998,0.0,0.48100000000000004,0.29,0.228,0.105,0.599,0.29600000000000004,0.102,0.238,0.358,0.292,0.078,0.22399999999999998,0.35,0.35100000000000003,0.6990000000000001,0.504,0.5479999999999999,0.888,0.755,0.43799999999999994,0.642,0.124,0.151,3.1,0.0,0.7,21,0.6,-0.6,-5.7,-7.9,-5.6,2022
Abraham Toro,SEA,352,324,60,36,13,1,10,36,35,0.185,0.239,0.324,0.563,0.246,63,0.139,0.198,87.0,16.7,0.068,0.297,108.2,0.395,0.46,0.14400000000000002,0.099,0.46,0.34600000000000003,0.19399999999999998,0.198,0.57,0.23199999999999998,0.083,0.226,0.372,0.284,0.063,0.185,0.34,0.33399999999999996,0.652,0.47,0.672,0.893,0.8029999999999999,0.428,0.599,0.09300000000000001,0.18100000000000002,4.1,0.2,-1.8,23,-0.9,-0.6,-15.6,-1.5,-5.9,2022
Tyler Nevin,BAL,184,157,31,25,4,0,2,17,16,0.197,0.299,0.261,0.56,0.261,68,0.064,0.259,87.3,17.7,0.035,0.377,107.0,0.386,0.386,0.228,0.114,0.36,0.325,0.316,0.149,0.64,0.21100000000000002,0.045,0.214,0.326,0.293,0.109,0.25,0.43,0.28600000000000003,0.695,0.456,0.583,0.865,0.762,0.41700000000000004,0.56,0.10800000000000001,0.163,1.4,-0.2,-0.4,14,-0.8,-0.6,-7.4,-3.7,-5.2,2022
Tyler Wade,LAA,163,147,32,26,5,0,1,22,8,0.218,0.272,0.272,0.544,0.247,55,0.054,0.274,83.9,11.5,0.017,0.16,109.0,0.402,0.381,0.21600000000000003,0.0,0.336,0.37,0.294,0.134,0.748,0.11800000000000001,0.027000000000000003,0.212,0.278,0.248,0.061,0.20199999999999999,0.3,0.276,0.6609999999999999,0.446,0.742,0.8959999999999999,0.843,0.441,0.644,0.07,0.161,5.6,-0.5,0.1,10,-0.6,-0.6,-8.8,-2.4,-6.1,2022
Bligh Madris,PIT,123,113,20,12,7,0,1,10,7,0.177,0.244,0.265,0.509,0.231,42,0.088,0.235,88.9,10.5,0.049,0.415,109.1,0.519,0.321,0.16,0.115,0.402,0.305,0.293,0.11,0.537,0.354,0.038,0.211,0.309,0.262,0.081,0.252,0.32,0.301,0.695,0.46299999999999997,0.586,0.8370000000000001,0.741,0.413,0.569,0.12,0.17300000000000001,3.6,-0.1,-0.1,6,0.2,-0.6,-8.0,-1.7,-5.5,2022
Vidal Brujan,TBR,162,147,24,16,5,0,3,13,16,0.163,0.228,0.259,0.487,0.22,42,0.095,0.193,86.1,14.2,0.027000000000000003,0.27699999999999997,104.0,0.455,0.39299999999999996,0.152,0.159,0.446,0.268,0.28600000000000003,0.161,0.589,0.25,0.068,0.186,0.252,0.233,0.07400000000000001,0.228,0.32,0.341,0.742,0.503,0.71,0.8859999999999999,0.815,0.405,0.599,0.09300000000000001,0.141,3.8,-1.1,0.3,7,-0.6,-0.6,-11.2,0.3,-5.8,2022
Donovan Walton,- - -,78,76,12,3,8,0,1,9,8,0.158,0.179,0.303,0.482,0.208,31,0.145,0.186,86.1,7.8,0.05,0.317,107.2,0.483,0.35,0.16699999999999998,0.048,0.4,0.33299999999999996,0.267,0.16699999999999998,0.617,0.217,0.048,0.191,0.31,0.228,0.013000000000000001,0.205,0.06,0.406,0.664,0.517,0.7390000000000001,0.965,0.8640000000000001,0.43,0.6920000000000001,0.07,0.16399999999999998,2.6,0.0,-0.5,3,0.3,-0.6,-5.9,-2.5,-5.7,2022
Ehire Adrianza,- - -,110,97,17,14,3,0,0,8,7,0.175,0.264,0.206,0.47,0.222,39,0.031,0.233,84.6,12.6,0.013999999999999999,0.21899999999999997,104.2,0.507,0.29600000000000004,0.19699999999999998,0.23800000000000002,0.466,0.32899999999999996,0.205,0.233,0.562,0.205,0.0,0.222,0.288,0.274,0.1,0.22699999999999998,0.44,0.332,0.61,0.445,0.711,0.895,0.8140000000000001,0.408,0.6729999999999999,0.083,0.201,3.3,0.1,0.5,5,0.1,-0.6,-7.7,-1.7,-5.6,2022
Chris Owings,BAL,68,56,6,4,2,0,0,6,0,0.107,0.254,0.143,0.397,0.204,28,0.036,0.188,80.4,10.8,0.03,0.152,102.7,0.5329999999999999,0.267,0.2,0.125,0.39399999999999996,0.39399999999999996,0.212,0.273,0.636,0.091,0.0,0.145,0.199,0.238,0.147,0.353,0.42,0.287,0.66,0.425,0.511,0.7659999999999999,0.6579999999999999,0.37200000000000005,0.691,0.146,0.195,4.4,0.1,-0.7,2,-0.4,-0.6,-5.9,-2.1,-5.9,2022
David MacKinnon,- - -,57,50,7,7,0,0,0,2,6,0.14,0.228,0.14,0.368,0.181,10,0.0,0.206,85.0,8.1,0.028999999999999998,0.20600000000000002,107.0,0.529,0.324,0.147,0.091,0.382,0.382,0.235,0.20600000000000002,0.5589999999999999,0.235,0.0,0.208,0.28,0.259,0.105,0.298,0.35,0.306,0.62,0.44,0.659,0.836,0.7659999999999999,0.429,0.649,0.10300000000000001,0.214,0.5,-0.1,0.4,1,0.0,-0.6,-5.8,-1.5,-5.4,2022
Phil Gosselin,- - -,77,74,11,10,0,1,0,6,2,0.149,0.182,0.176,0.357,0.163,-4,0.027,0.22,86.4,15.0,0.02,0.36,102.5,0.44,0.46,0.1,0.043,0.26,0.4,0.34,0.14,0.56,0.3,0.0,0.177,0.254,0.207,0.026000000000000002,0.312,0.08,0.365,0.612,0.461,0.652,0.865,0.762,0.39,0.5710000000000001,0.11,0.2,4.7,-0.1,-1.6,0,-0.8,-0.6,-9.9,1.2,-6.2,2022
Jose Rojas,LAA,57,56,7,5,2,0,0,1,1,0.125,0.14,0.161,0.301,0.134,-24,0.036,0.189,84.8,27.9,0.027000000000000003,0.324,107.0,0.324,0.486,0.18899999999999997,0.33299999999999996,0.43200000000000005,0.27,0.297,0.324,0.43200000000000005,0.243,0.0,0.167,0.231,0.182,0.0,0.33299999999999996,0.0,0.426,0.736,0.57,0.6729999999999999,0.8079999999999999,0.754,0.465,0.684,0.14,0.154,0.4,0.0,-0.3,-1,0.0,-0.6,-8.0,0.8,-5.4,2022
Jesus Aguilar,- - -,507,464,109,74,19,0,16,39,51,0.235,0.281,0.379,0.661,0.288,82,0.144,0.278,87.8,18.9,0.067,0.36,108.1,0.309,0.451,0.24,0.127,0.371,0.38,0.249,0.183,0.52,0.297,0.10099999999999999,0.24,0.393,0.298,0.055,0.235,0.24,0.389,0.657,0.49200000000000005,0.645,0.847,0.7490000000000001,0.384,0.609,0.124,0.17300000000000001,1.5,-0.2,-3.4,49,-3.5,-0.7,-14.0,-10.1,-6.8,2022
Michael Chavis,PIT,426,401,92,59,16,3,14,39,49,0.229,0.265,0.389,0.654,0.282,78,0.16,0.294,85.4,11.0,0.075,0.387,111.3,0.446,0.38799999999999996,0.165,0.157,0.42700000000000005,0.373,0.201,0.276,0.41600000000000004,0.308,0.13,0.217,0.336,0.261,0.045,0.29600000000000004,0.15,0.43799999999999994,0.779,0.578,0.581,0.83,0.7190000000000001,0.41,0.7070000000000001,0.163,0.12,3.3,-0.5,-0.5,39,0.1,-0.7,-11.0,-10.4,-6.7,2022
Yuli Gurriel,HOU,584,545,132,84,40,0,8,53,53,0.242,0.288,0.36,0.647,0.285,85,0.117,0.266,88.2,14.5,0.019,0.35600000000000004,109.6,0.406,0.408,0.185,0.129,0.337,0.368,0.295,0.185,0.5429999999999999,0.272,0.040999999999999995,0.24,0.319,0.271,0.051,0.125,0.41,0.379,0.653,0.486,0.8009999999999999,0.937,0.873,0.392,0.64,0.062,0.187,3.8,1.1,-0.5,55,1.4,-0.7,-8.3,-16.8,-6.7,2022
Darin Ruf,- - -,388,334,68,45,12,0,11,52,45,0.204,0.307,0.338,0.645,0.291,89,0.135,0.258,89.2,14.8,0.086,0.405,112.1,0.414,0.405,0.18100000000000002,0.138,0.47,0.272,0.259,0.19,0.478,0.332,0.11699999999999999,0.219,0.371,0.31,0.11599999999999999,0.271,0.43,0.267,0.586,0.40299999999999997,0.601,0.8490000000000001,0.755,0.42700000000000005,0.603,0.099,0.223,3.4,0.0,1.1,39,0.2,-0.7,-4.9,-14.9,-6.4,2022
Tommy La Stella,SFG,195,180,43,27,14,0,2,17,14,0.239,0.282,0.35,0.632,0.277,78,0.111,0.272,87.9,14.6,0.02,0.32,108.0,0.405,0.359,0.235,0.127,0.405,0.386,0.209,0.196,0.562,0.242,0.036000000000000004,0.232,0.329,0.267,0.055999999999999994,0.154,0.37,0.302,0.534,0.406,0.752,0.905,0.8420000000000001,0.446,0.5329999999999999,0.064,0.223,1.3,-0.2,-0.9,17,-0.6,-0.7,-5.5,-8.0,-6.9,2022
Nick Senzel,CIN,420,373,86,68,13,0,5,45,25,0.231,0.296,0.306,0.601,0.272,67,0.075,0.276,87.2,11.7,0.032,0.327,109.5,0.461,0.313,0.226,0.11800000000000001,0.397,0.37,0.233,0.163,0.583,0.253,0.054000000000000006,0.25,0.357,0.3,0.071,0.18100000000000002,0.39,0.314,0.695,0.47100000000000003,0.665,0.8909999999999999,0.8029999999999999,0.41200000000000003,0.664,0.09300000000000001,0.174,3.7,-0.8,0.0,35,-1.8,-0.7,-18.1,-2.9,-6.6,2022
Sheldon Neuse,OAK,293,271,58,48,4,2,4,25,26,0.214,0.273,0.288,0.561,0.253,65,0.074,0.289,89.1,1.5,0.031,0.382,108.3,0.639,0.183,0.17800000000000002,0.057,0.309,0.35600000000000004,0.335,0.136,0.586,0.27699999999999997,0.114,0.212,0.291,0.254,0.068,0.273,0.25,0.35,0.727,0.507,0.536,0.88,0.741,0.41600000000000004,0.625,0.131,0.155,5.4,0.5,1.1,20,0.8,-0.7,-10.6,-5.6,-6.9,2022
Sam Hilliard,COL,200,174,32,23,6,1,2,26,14,0.184,0.28,0.264,0.544,0.251,46,0.08,0.256,92.0,13.4,0.092,0.48700000000000004,115.1,0.445,0.37,0.185,0.114,0.361,0.429,0.21,0.151,0.504,0.345,0.045,0.216,0.361,0.303,0.115,0.285,0.4,0.23800000000000002,0.6990000000000001,0.43700000000000006,0.49200000000000005,0.7440000000000001,0.6659999999999999,0.431,0.57,0.146,0.161,6.3,0.4,0.8,14,0.9,-0.7,-11.7,-2.0,-6.8,2022
Lewin Diaz,MIA,174,160,27,18,4,0,5,12,11,0.169,0.224,0.288,0.512,0.228,40,0.119,0.214,88.3,15.6,0.055999999999999994,0.287,112.0,0.37,0.46299999999999997,0.16699999999999998,0.1,0.45399999999999996,0.33299999999999996,0.213,0.157,0.583,0.259,0.1,0.167,0.262,0.219,0.063,0.31,0.2,0.35700000000000004,0.611,0.462,0.6559999999999999,0.848,0.76,0.41100000000000003,0.586,0.111,0.198,2.4,0.1,-0.8,9,0.1,-0.7,-12.0,-0.5,-6.5,2022
Lorenzo Cain,MIL,156,145,26,20,5,0,1,17,9,0.179,0.231,0.234,0.465,0.212,32,0.055,0.229,87.9,3.8,0.0,0.364,108.9,0.591,0.282,0.127,0.09699999999999999,0.364,0.418,0.218,0.209,0.555,0.23600000000000002,0.032,0.2,0.253,0.23,0.051,0.231,0.22,0.363,0.7440000000000001,0.53,0.63,0.862,0.773,0.43799999999999994,0.654,0.12,0.141,4.1,-0.5,0.1,6,-0.3,-0.7,-12.7,0.9,-6.4,2022
Joey Votto,CIN,376,322,66,36,18,1,11,31,41,0.205,0.319,0.37,0.689,0.31,92,0.165,0.257,89.7,14.3,0.111,0.409,111.9,0.444,0.373,0.182,0.071,0.4,0.36,0.24,0.11599999999999999,0.547,0.33799999999999997,0.131,0.218,0.391,0.322,0.11699999999999999,0.258,0.45,0.28800000000000003,0.713,0.465,0.609,0.799,0.73,0.41700000000000004,0.5770000000000001,0.126,0.141,1.5,-0.4,-3.3,43,-3.6,-0.8,-6.9,-13.8,-7.7,2022
Jared Walsh,LAA,454,423,91,56,18,2,15,41,44,0.215,0.269,0.374,0.642,0.278,77,0.158,0.281,90.1,10.7,0.095,0.425,112.1,0.45399999999999996,0.365,0.18100000000000002,0.11699999999999999,0.42100000000000004,0.354,0.225,0.161,0.491,0.34700000000000003,0.146,0.221,0.368,0.28,0.059000000000000004,0.304,0.2,0.33399999999999996,0.675,0.49,0.601,0.8290000000000001,0.745,0.45799999999999996,0.61,0.125,0.16899999999999998,3.2,-0.3,-0.8,41,-2.1,-0.8,-13.7,-8.1,-7.4,2022
Spencer Torkelson,DET,404,360,73,48,16,1,8,38,28,0.203,0.285,0.319,0.604,0.272,76,0.117,0.255,90.5,15.0,0.084,0.418,111.5,0.40299999999999997,0.40700000000000003,0.19,0.14,0.42200000000000004,0.319,0.259,0.13699999999999998,0.5479999999999999,0.316,0.075,0.223,0.374,0.302,0.092,0.245,0.37,0.27699999999999997,0.7,0.45899999999999996,0.597,0.862,0.7709999999999999,0.431,0.584,0.105,0.17,2.4,-0.8,-1.2,34,-1.7,-0.8,-12.7,-8.1,-8.0,2022
Kurt Suzuki,LAA,159,139,25,17,4,0,4,10,15,0.18,0.266,0.295,0.561,0.254,60,0.115,0.194,85.2,24.1,0.035,0.265,104.2,0.295,0.518,0.188,0.24100000000000002,0.504,0.345,0.15,0.239,0.469,0.292,0.069,0.191,0.281,0.255,0.094,0.182,0.52,0.315,0.6990000000000001,0.48100000000000004,0.632,0.9159999999999999,0.8109999999999999,0.43200000000000005,0.616,0.091,0.157,0.6,-0.1,-2.3,11,-1.6,-0.8,-8.7,-4.2,-7.9,2022
Ernie Clement,- - -,179,163,30,26,4,0,0,19,6,0.184,0.243,0.209,0.452,0.209,32,0.025,0.217,85.0,11.8,0.036000000000000004,0.257,107.3,0.456,0.382,0.162,0.115,0.34299999999999997,0.364,0.293,0.193,0.614,0.193,0.0,0.24,0.334,0.282,0.061,0.145,0.42,0.38299999999999995,0.639,0.494,0.838,0.88,0.862,0.436,0.626,0.068,0.192,2.9,-0.6,-1.0,6,-0.5,-0.8,-14.1,0.8,-7.6,2022
Cole Tucker,PIT,63,63,11,9,1,1,0,3,2,0.175,0.175,0.222,0.397,0.172,2,0.048,0.289,82.4,4.8,0.079,0.237,106.5,0.474,0.263,0.263,0.0,0.368,0.342,0.289,0.263,0.526,0.21100000000000002,0.0,0.183,0.275,0.198,0.0,0.397,0.0,0.302,0.672,0.46,0.563,0.838,0.7340000000000001,0.428,0.698,0.122,0.201,6.6,0.2,0.4,0,0.2,-0.8,-7.0,-2.7,-7.5,2022
Jason Castro,HOU,88,78,9,6,2,0,1,6,3,0.115,0.205,0.179,0.384,0.183,14,0.064,0.211,88.6,10.1,0.051,0.359,108.7,0.436,0.33299999999999996,0.231,0.0,0.436,0.33299999999999996,0.231,0.128,0.6409999999999999,0.231,0.077,0.161,0.28,0.239,0.091,0.455,0.2,0.28800000000000003,0.72,0.48,0.49200000000000005,0.703,0.633,0.444,0.648,0.17600000000000002,0.165,3.8,0.1,0.0,1,0.2,-0.8,-8.4,-1.8,-7.4,2022
Franmil Reyes,- - -,473,438,97,64,17,2,14,43,47,0.221,0.273,0.365,0.638,0.28,81,0.144,0.307,92.0,9.9,0.113,0.45799999999999996,112.4,0.475,0.345,0.18,0.071,0.426,0.299,0.275,0.134,0.5,0.366,0.14300000000000002,0.203,0.358,0.275,0.063,0.332,0.19,0.33,0.693,0.478,0.467,0.7879999999999999,0.6559999999999999,0.40700000000000003,0.613,0.16399999999999998,0.16399999999999998,3.2,-0.4,-1.8,43,-2.3,-0.9,-12.4,-12.1,-9.0,2022
Stephen Vogt,OAK,191,168,27,15,4,1,7,18,23,0.161,0.241,0.321,0.562,0.249,62,0.161,0.168,87.0,21.0,0.079,0.278,106.8,0.29600000000000004,0.528,0.17600000000000002,0.091,0.43700000000000006,0.397,0.16699999999999998,0.135,0.54,0.325,0.106,0.211,0.35,0.282,0.08900000000000001,0.24100000000000002,0.37,0.336,0.659,0.462,0.596,0.875,0.752,0.391,0.602,0.115,0.17800000000000002,4.1,0.1,0.1,13,0.1,-0.9,-8.0,-7.0,-8.9,2022
Seth Beer,ARI,126,111,21,17,3,0,1,4,9,0.189,0.278,0.243,0.521,0.239,49,0.054,0.25,85.9,10.7,0.037000000000000005,0.29600000000000004,107.7,0.469,0.284,0.247,0.087,0.358,0.38299999999999995,0.259,0.17300000000000001,0.494,0.33299999999999996,0.043,0.215,0.315,0.276,0.087,0.24600000000000002,0.35,0.336,0.6940000000000001,0.475,0.635,0.8109999999999999,0.735,0.39,0.706,0.126,0.151,0.1,-0.1,-1.5,7,-1.5,-0.9,-8.9,-3.9,-8.4,2022
Jermaine Palacios,MIN,77,70,10,8,0,0,2,8,6,0.143,0.184,0.229,0.413,0.184,13,0.086,0.186,87.5,4.5,0.065,0.391,107.6,0.511,0.35600000000000004,0.133,0.0,0.391,0.435,0.174,0.152,0.609,0.239,0.125,0.191,0.313,0.237,0.052000000000000005,0.35100000000000003,0.15,0.43,0.785,0.583,0.527,0.794,0.682,0.43,0.662,0.185,0.11199999999999999,2.6,0.0,0.2,1,0.2,-0.9,-7.3,-3.3,-8.2,2022
Miguel Sano,MIN,71,60,5,4,0,0,1,1,3,0.083,0.211,0.133,0.345,0.176,8,0.05,0.114,93.9,30.0,0.139,0.528,108.0,0.16699999999999998,0.611,0.222,0.136,0.5,0.278,0.222,0.16699999999999998,0.556,0.278,0.045,0.167,0.336,0.302,0.127,0.35200000000000004,0.36,0.244,0.64,0.396,0.408,0.813,0.659,0.38299999999999995,0.563,0.135,0.17800000000000002,2.7,0.1,-1.3,1,-0.8,-0.9,-8.1,-2.8,-8.7,2022
Hunter Dozier,KCR,500,462,109,67,26,4,12,51,41,0.236,0.292,0.387,0.679,0.298,88,0.152,0.298,88.5,13.1,0.077,0.385,110.7,0.424,0.371,0.205,0.128,0.43799999999999994,0.337,0.225,0.183,0.5329999999999999,0.284,0.096,0.241,0.387,0.301,0.068,0.25,0.27,0.363,0.7290000000000001,0.505,0.522,0.88,0.723,0.389,0.6459999999999999,0.14,0.138,4.2,-0.8,-6.7,52,-5.6,-1.0,-12.1,-13.4,-9.6,2022
Avisail Garcia,MIA,380,357,80,63,9,0,8,31,35,0.224,0.266,0.317,0.582,0.258,61,0.092,0.298,88.7,2.8,0.064,0.44799999999999995,116.8,0.556,0.264,0.18,0.03,0.35600000000000004,0.392,0.252,0.192,0.512,0.29600000000000004,0.121,0.23,0.366,0.281,0.045,0.287,0.16,0.445,0.8440000000000001,0.59,0.469,0.8190000000000001,0.652,0.365,0.6579999999999999,0.20600000000000002,0.086,3.3,0.5,-0.3,28,0.0,-1.0,-17.1,-5.6,-9.7,2022
Cooper Hummel,ARI,201,176,31,17,8,3,3,20,17,0.176,0.274,0.307,0.58,0.262,65,0.131,0.255,87.6,7.7,0.071,0.354,110.9,0.469,0.354,0.177,0.15,0.434,0.37200000000000005,0.195,0.27399999999999997,0.41600000000000004,0.31,0.075,0.21,0.332,0.292,0.114,0.318,0.36,0.22699999999999998,0.64,0.409,0.529,0.848,0.7490000000000001,0.441,0.5870000000000001,0.10300000000000001,0.19699999999999998,6.6,0.2,0.4,15,0.5,-1.0,-7.7,-8.3,-9.1,2022
Riley Adams,WSN,155,142,25,16,4,0,5,14,10,0.176,0.245,0.31,0.555,0.249,58,0.134,0.22,90.2,13.5,0.094,0.45799999999999996,115.0,0.44799999999999995,0.406,0.146,0.10300000000000001,0.43799999999999994,0.302,0.26,0.177,0.5,0.32299999999999995,0.128,0.2,0.354,0.276,0.077,0.297,0.26,0.36200000000000004,0.61,0.45399999999999996,0.568,0.871,0.7190000000000001,0.373,0.652,0.127,0.201,1.8,-0.5,-0.7,10,-0.7,-1.0,-8.3,-6.2,-9.2,2022
Jed Lowrie,OAK,184,167,30,22,5,0,3,14,16,0.18,0.245,0.263,0.508,0.23,49,0.084,0.213,86.2,16.3,0.031,0.308,105.9,0.41100000000000003,0.41100000000000003,0.17800000000000002,0.057,0.469,0.32299999999999995,0.20800000000000002,0.177,0.5920000000000001,0.231,0.057,0.197,0.281,0.247,0.08199999999999999,0.212,0.38,0.27399999999999997,0.768,0.473,0.664,0.831,0.773,0.40299999999999997,0.5429999999999999,0.107,0.127,2.6,0.0,-0.1,9,-0.1,-1.0,-10.7,-4.6,-9.4,2022
Cristian Pache,OAK,260,241,40,30,5,2,3,18,18,0.166,0.218,0.241,0.459,0.207,33,0.075,0.22,89.4,3.8,0.034,0.408,108.6,0.5710000000000001,0.253,0.17600000000000002,0.14,0.47100000000000003,0.35100000000000003,0.17800000000000002,0.207,0.54,0.253,0.07,0.228,0.3,0.259,0.057999999999999996,0.26899999999999996,0.21,0.311,0.7340000000000001,0.49200000000000005,0.521,0.8240000000000001,0.715,0.429,0.696,0.141,0.151,4.1,-0.6,-0.4,9,-0.4,-1.0,-20.0,2.6,-9.2,2022
Michael Papierski,- - -,103,91,13,11,1,0,1,7,4,0.143,0.228,0.187,0.415,0.197,17,0.044,0.188,77.4,12.2,0.0,0.09,101.7,0.446,0.32299999999999995,0.231,0.381,0.38799999999999996,0.38799999999999996,0.22399999999999998,0.34299999999999997,0.522,0.134,0.048,0.171,0.204,0.217,0.09699999999999999,0.252,0.38,0.33799999999999997,0.532,0.428,0.716,0.9109999999999999,0.8290000000000001,0.465,0.66,0.073,0.237,1.2,-0.1,-0.7,3,-0.3,-1.0,-10.3,-2.6,-9.4,2022
Brad Miller,TEX,241,222,47,37,3,0,7,20,32,0.212,0.27,0.32,0.59,0.263,68,0.108,0.274,91.1,14.1,0.078,0.39899999999999997,110.7,0.42100000000000004,0.408,0.171,0.09699999999999999,0.359,0.32,0.32,0.15,0.5489999999999999,0.301,0.113,0.205,0.344,0.269,0.075,0.29,0.26,0.337,0.736,0.506,0.486,0.772,0.662,0.424,0.598,0.171,0.147,2.9,-0.2,-1.3,19,-1.6,-1.1,-10.2,-8.3,-10.8,2022
Leury Garcia,CHW,315,300,63,52,8,0,3,38,20,0.21,0.233,0.267,0.5,0.221,38,0.057,0.255,87.0,6.2,0.042,0.354,109.2,0.502,0.294,0.204,0.10099999999999999,0.35,0.38799999999999996,0.263,0.204,0.588,0.20800000000000002,0.043,0.233,0.325,0.258,0.022000000000000002,0.20600000000000002,0.11,0.41100000000000003,0.762,0.563,0.665,0.84,0.768,0.433,0.648,0.131,0.126,4.3,0.1,2.5,14,0.9,-1.1,-21.0,0.5,-10.5,2022
Elias Diaz,COL,381,351,80,51,18,2,9,29,51,0.228,0.281,0.368,0.648,0.284,68,0.14,0.27,88.4,11.1,0.059000000000000004,0.39299999999999996,111.8,0.478,0.36,0.162,0.133,0.36,0.368,0.272,0.17600000000000002,0.511,0.313,0.092,0.222,0.339,0.274,0.066,0.215,0.3,0.37,0.7440000000000001,0.518,0.645,0.899,0.789,0.39399999999999996,0.633,0.109,0.134,2.1,-0.7,-2.6,36,-2.8,-1.2,-16.8,-7.4,-11.1,2022
Jonathan Villar,- - -,220,202,42,31,6,2,3,25,18,0.208,0.26,0.302,0.562,0.25,59,0.094,0.275,89.6,-0.7,0.027000000000000003,0.40399999999999997,109.5,0.601,0.22399999999999998,0.175,0.031,0.301,0.452,0.247,0.19899999999999998,0.541,0.26,0.094,0.208,0.283,0.247,0.068,0.268,0.25,0.34,0.757,0.504,0.597,0.762,0.695,0.39299999999999996,0.614,0.154,0.114,7.3,1.2,0.7,15,2.1,-1.2,-8.2,-10.8,-11.6,2022
Jose Barrero,CIN,174,165,25,20,3,0,2,13,10,0.152,0.195,0.206,0.401,0.183,6,0.055,0.264,87.5,17.7,0.022000000000000002,0.348,108.6,0.39799999999999996,0.43200000000000005,0.17,0.105,0.39299999999999996,0.371,0.23600000000000002,0.146,0.596,0.258,0.053,0.143,0.215,0.183,0.052000000000000005,0.43700000000000006,0.12,0.435,0.765,0.5670000000000001,0.429,0.8220000000000001,0.642,0.401,0.736,0.203,0.128,4.5,0.3,0.8,2,0.5,-1.2,-18.5,0.7,-11.8,2022
Miguel Cabrera,DET,433,397,101,86,10,0,5,25,43,0.254,0.305,0.317,0.622,0.275,78,0.063,0.324,89.9,5.0,0.047,0.382,111.0,0.528,0.249,0.223,0.027000000000000003,0.34600000000000003,0.375,0.27899999999999997,0.10300000000000001,0.664,0.233,0.067,0.234,0.331,0.275,0.065,0.233,0.28,0.345,0.7390000000000001,0.502,0.66,0.8290000000000001,0.759,0.39899999999999997,0.617,0.121,0.149,1.3,-0.3,-3.4,38,-3.8,-1.3,-14.4,-11.8,-12.5,2022
Kole Calhoun,TEX,424,388,76,49,14,1,12,36,49,0.196,0.257,0.33,0.587,0.26,66,0.134,0.263,90.8,15.5,0.098,0.48200000000000004,109.9,0.38,0.376,0.243,0.094,0.478,0.341,0.18,0.149,0.494,0.35700000000000004,0.125,0.223,0.382,0.294,0.064,0.321,0.2,0.36200000000000004,0.7959999999999999,0.531,0.513,0.7509999999999999,0.652,0.389,0.599,0.185,0.11599999999999999,3.3,-0.5,-0.8,32,-1.0,-1.3,-17.0,-8.4,-12.0,2022
Eddie Rosario,ATL,270,250,53,35,12,1,5,27,24,0.212,0.259,0.328,0.587,0.258,63,0.116,0.267,87.7,15.2,0.054000000000000006,0.33,107.3,0.39299999999999996,0.41,0.19699999999999998,0.08,0.42200000000000004,0.405,0.17300000000000001,0.141,0.595,0.265,0.067,0.2,0.318,0.25,0.063,0.252,0.25,0.42,0.713,0.529,0.598,0.813,0.706,0.373,0.6409999999999999,0.155,0.152,4.6,0.4,0.3,20,-0.3,-1.3,-12.0,-9.2,-12.0,2022
Robinson Chirinos,BAL,220,195,35,22,9,0,4,10,22,0.179,0.265,0.287,0.552,0.251,62,0.108,0.248,84.8,17.6,0.069,0.331,107.6,0.402,0.41700000000000004,0.18100000000000002,0.17,0.515,0.33799999999999997,0.146,0.2,0.531,0.26899999999999996,0.075,0.168,0.281,0.245,0.086,0.305,0.28,0.35600000000000004,0.722,0.499,0.508,0.813,0.6809999999999999,0.392,0.627,0.159,0.138,1.6,0.0,-1.3,15,-0.2,-1.3,-9.7,-10.0,-12.7,2022
Yoshi Tsutsugo,PIT,193,170,29,23,4,0,2,11,19,0.171,0.249,0.229,0.478,0.221,36,0.059,0.221,88.8,10.0,0.055999999999999994,0.363,107.4,0.47600000000000003,0.371,0.153,0.087,0.331,0.363,0.306,0.145,0.621,0.23399999999999999,0.043,0.197,0.285,0.254,0.098,0.259,0.38,0.28600000000000003,0.667,0.441,0.664,0.893,0.805,0.408,0.601,0.086,0.18100000000000002,0.7,-0.2,-0.7,8,-0.6,-1.3,-15.1,-4.3,-12.7,2022
Austin Romine,- - -,136,129,20,14,3,0,3,10,9,0.155,0.187,0.248,0.435,0.193,15,0.093,0.213,87.2,9.5,0.047,0.32899999999999996,109.7,0.542,0.313,0.145,0.115,0.306,0.365,0.32899999999999996,0.165,0.635,0.2,0.115,0.16,0.25,0.196,0.028999999999999998,0.33799999999999997,0.09,0.395,0.728,0.535,0.542,0.778,0.6779999999999999,0.42100000000000004,0.64,0.172,0.138,1.6,-0.1,-0.6,3,-1.2,-1.4,-14.7,-3.7,-13.8,2022
Robinson Cano,- - -,104,100,15,13,1,0,1,5,4,0.15,0.183,0.19,0.373,0.169,5,0.04,0.189,88.2,5.8,0.04,0.413,112.0,0.527,0.284,0.18899999999999997,0.14300000000000002,0.387,0.253,0.36,0.2,0.493,0.307,0.048,0.209,0.299,0.237,0.038,0.24,0.16,0.445,0.752,0.568,0.637,0.8959999999999999,0.774,0.401,0.5870000000000001,0.128,0.113,0.9,-0.1,-1.6,0,-2.0,-1.4,-13.4,-3.3,-13.2,2022
Ronald Acuna Jr.,ATL,735,643,217,137,35,4,41,149,106,0.337,0.416,0.596,1.012,0.428,171,0.258,0.338,94.7,7.4,0.153,0.552,121.2,0.495,0.304,0.201,0.047,0.397,0.35600000000000004,0.247,0.10099999999999999,0.43799999999999994,0.461,0.24,0.357,0.66,0.46,0.109,0.114,0.95,0.268,0.728,0.462,0.738,0.878,0.831,0.42200000000000004,0.589,0.078,0.13699999999999998,7.3,7.0,2.2,156,8.9,9.2,73.9,-7.1,91.8,2023
Freddie Freeman,LAD,730,637,211,121,59,2,29,131,102,0.331,0.41,0.567,0.976,0.411,161,0.235,0.37,90.0,15.2,0.111,0.42200000000000004,110.6,0.353,0.37,0.276,0.036000000000000004,0.365,0.35700000000000004,0.278,0.106,0.526,0.369,0.15,0.32,0.562,0.406,0.099,0.166,0.6,0.301,0.792,0.51,0.688,0.88,0.815,0.426,0.614,0.094,0.114,6.0,2.7,1.4,145,4.5,7.7,59.7,-7.3,77.2,2023
Mookie Betts,LAD,693,584,179,99,40,1,39,126,107,0.307,0.408,0.579,0.987,0.416,165,0.272,0.316,92.4,20.6,0.124,0.485,110.1,0.278,0.485,0.237,0.09,0.46299999999999997,0.355,0.183,0.1,0.49,0.41100000000000003,0.16699999999999998,0.294,0.563,0.407,0.139,0.154,0.9,0.2,0.63,0.381,0.643,0.9390000000000001,0.8490000000000001,0.42100000000000004,0.595,0.057,0.205,4.5,0.0,2.3,141,0.7,7.6,56.5,-3.9,76.2,2023
Shohei Ohtani,LAA,599,497,151,73,26,8,44,102,95,0.304,0.412,0.654,1.066,0.433,180,0.35,0.342,94.4,13.2,0.193,0.5329999999999999,118.6,0.423,0.395,0.182,0.057,0.389,0.361,0.249,0.098,0.473,0.429,0.312,0.295,0.639,0.426,0.152,0.239,0.64,0.33299999999999996,0.7070000000000001,0.48,0.565,0.8140000000000001,0.7090000000000001,0.39299999999999996,0.5710000000000001,0.139,0.125,6.6,0.3,1.7,130,2.5,6.6,60.1,-14.5,66.0,2023
Matt Olson,ATL,720,608,172,88,27,3,54,127,139,0.283,0.389,0.604,0.993,0.413,162,0.321,0.302,93.7,16.1,0.16399999999999998,0.555,118.6,0.387,0.436,0.17800000000000002,0.031,0.382,0.373,0.245,0.11199999999999999,0.461,0.42700000000000005,0.278,0.265,0.559,0.392,0.14400000000000002,0.23199999999999998,0.62,0.295,0.735,0.46799999999999997,0.695,0.777,0.746,0.395,0.556,0.11900000000000001,0.13,3.1,-1.2,2.3,144,0.2,6.6,55.1,-13.3,66.2,2023
Marcus Semien,TEX,753,670,185,112,40,4,29,122,100,0.276,0.348,0.478,0.826,0.354,128,0.201,0.291,88.4,19.0,0.065,0.369,108.6,0.33799999999999997,0.465,0.196,0.076,0.494,0.304,0.20199999999999999,0.131,0.525,0.344,0.11,0.262,0.427,0.333,0.096,0.146,0.65,0.253,0.77,0.47100000000000003,0.662,0.912,0.8340000000000001,0.42100000000000004,0.608,0.078,0.146,5.5,0.1,1.0,114,1.3,6.5,26.5,12.6,64.8,2023
Corey Seager,TEX,536,477,156,81,42,0,33,88,96,0.327,0.39,0.623,1.013,0.419,173,0.296,0.34,93.3,13.0,0.152,0.532,114.4,0.4,0.397,0.203,0.038,0.415,0.344,0.24100000000000002,0.086,0.43,0.484,0.21,0.31,0.608,0.409,0.091,0.16399999999999998,0.56,0.336,0.855,0.551,0.551,0.895,0.772,0.415,0.612,0.126,0.075,2.4,-1.0,-4.4,110,-2.8,6.4,43.8,1.9,63.9,2023
Juan Soto,SDP,708,568,156,88,32,1,35,97,109,0.275,0.41,0.519,0.93,0.395,154,0.245,0.296,93.2,6.7,0.13,0.5529999999999999,115.3,0.51,0.324,0.166,0.077,0.389,0.40399999999999997,0.207,0.14800000000000002,0.44,0.41100000000000003,0.245,0.284,0.536,0.407,0.18600000000000003,0.182,1.02,0.2,0.602,0.35700000000000004,0.6759999999999999,0.899,0.823,0.391,0.556,0.063,0.198,3.5,-1.3,-2.6,131,-0.9,6.2,46.2,-8.3,62.0,2023
Bobby Witt Jr.,KCR,694,641,177,108,28,11,30,97,96,0.276,0.319,0.495,0.813,0.343,116,0.218,0.295,90.7,15.7,0.115,0.456,113.8,0.38,0.435,0.184,0.105,0.37799999999999995,0.321,0.301,0.153,0.47100000000000003,0.376,0.131,0.294,0.533,0.369,0.057999999999999996,0.174,0.33,0.344,0.733,0.504,0.684,0.862,0.7909999999999999,0.413,0.622,0.105,0.15,8.1,2.3,4.1,99,7.6,5.9,20.8,14.8,59.2,2023
William Contreras,MIL,611,540,156,100,38,1,17,86,78,0.289,0.367,0.457,0.825,0.357,126,0.169,0.348,91.3,4.6,0.094,0.48700000000000004,113.9,0.55,0.28800000000000003,0.161,0.1,0.34299999999999997,0.391,0.266,0.14400000000000002,0.499,0.35700000000000004,0.142,0.255,0.433,0.335,0.10300000000000001,0.20600000000000002,0.5,0.27899999999999997,0.6409999999999999,0.43200000000000005,0.619,0.816,0.742,0.42100000000000004,0.607,0.111,0.187,4.0,-0.5,0.0,94,-1.6,5.8,17.8,19.8,58.3,2023
Julio Rodriguez,SEA,714,654,180,109,37,2,32,102,103,0.275,0.333,0.485,0.818,0.347,128,0.209,0.33,92.7,8.5,0.11900000000000001,0.52,116.7,0.47600000000000003,0.33899999999999997,0.185,0.061,0.42,0.34299999999999997,0.237,0.141,0.47200000000000003,0.387,0.196,0.274,0.475,0.344,0.066,0.245,0.27,0.41,0.73,0.5379999999999999,0.589,0.851,0.732,0.402,0.63,0.14400000000000002,0.128,6.0,1.9,4.5,104,5.2,5.8,29.5,4.6,58.5,2023
Adley Rutschman,BAL,687,588,163,111,31,1,20,84,80,0.277,0.374,0.435,0.809,0.352,126,0.158,0.303,88.4,12.6,0.075,0.386,111.1,0.423,0.34600000000000003,0.23199999999999998,0.076,0.384,0.32299999999999995,0.293,0.163,0.539,0.299,0.11800000000000001,0.292,0.469,0.373,0.134,0.147,0.91,0.27,0.62,0.41,0.7709999999999999,0.924,0.863,0.4,0.56,0.055999999999999994,0.201,1.8,-2.2,0.3,103,-1.9,5.5,19.6,12.2,55.3,2023
Francisco Lindor,NYM,687,602,153,87,33,2,31,108,98,0.254,0.336,0.47,0.806,0.346,120,0.216,0.277,91.2,19.2,0.10400000000000001,0.439,112.4,0.341,0.45799999999999996,0.201,0.12,0.46799999999999997,0.33299999999999996,0.19899999999999998,0.14400000000000002,0.502,0.354,0.14400000000000002,0.255,0.457,0.345,0.096,0.19899999999999998,0.48,0.305,0.73,0.48,0.6609999999999999,0.873,0.7929999999999999,0.41200000000000003,0.606,0.099,0.14800000000000002,6.4,3.2,2.7,99,3.7,5.5,20.9,11.0,55.2,2023
Corbin Carroll,ARI,645,565,161,96,30,10,25,116,76,0.285,0.362,0.506,0.868,0.37,133,0.221,0.325,90.0,11.0,0.076,0.409,113.8,0.439,0.371,0.19,0.11699999999999999,0.42700000000000005,0.331,0.242,0.142,0.524,0.33299999999999996,0.154,0.268,0.441,0.344,0.08800000000000001,0.19399999999999998,0.46,0.305,0.67,0.455,0.682,0.885,0.805,0.41100000000000003,0.5720000000000001,0.08900000000000001,0.168,9.3,7.4,6.0,106,12.3,5.3,38.3,-6.6,53.6,2023
Austin Riley,ATL,715,636,179,107,32,3,37,117,97,0.281,0.345,0.516,0.861,0.363,128,0.234,0.324,92.3,13.5,0.139,0.491,116.1,0.413,0.402,0.185,0.079,0.41100000000000003,0.358,0.23199999999999998,0.126,0.461,0.413,0.19399999999999998,0.273,0.516,0.365,0.083,0.24100000000000002,0.34,0.31,0.7190000000000001,0.48200000000000004,0.596,0.831,0.743,0.42,0.61,0.124,0.15,4.1,-1.1,4.3,113,0.7,5.2,25.4,2.0,51.7,2023
Yandy Diaz,TBR,600,525,173,116,35,0,22,95,78,0.33,0.41,0.522,0.932,0.402,163,0.192,0.367,93.4,5.7,0.095,0.54,114.5,0.52,0.28600000000000003,0.19399999999999998,0.055999999999999994,0.314,0.41100000000000003,0.275,0.106,0.47600000000000003,0.418,0.177,0.306,0.488,0.384,0.10800000000000001,0.157,0.69,0.228,0.685,0.426,0.6809999999999999,0.9009999999999999,0.8340000000000001,0.433,0.593,0.07,0.18100000000000002,1.8,-1.9,-2.2,115,-4.4,5.0,41.1,-11.6,49.9,2023
Sean Murphy,ATL,438,370,93,51,21,0,21,65,68,0.251,0.365,0.478,0.844,0.366,130,0.227,0.286,91.5,13.1,0.161,0.45799999999999996,114.7,0.41,0.385,0.205,0.038,0.502,0.322,0.17600000000000002,0.114,0.495,0.392,0.2,0.274,0.537,0.395,0.11199999999999999,0.22399999999999998,0.5,0.275,0.7090000000000001,0.45899999999999996,0.628,0.836,0.764,0.423,0.603,0.10800000000000001,0.155,1.8,-0.9,-1.4,71,-1.5,5.0,14.9,19.9,49.7,2023
Kyle Tucker,HOU,674,574,163,92,37,5,29,97,112,0.284,0.369,0.517,0.886,0.372,139,0.233,0.289,90.2,14.8,0.10400000000000001,0.45299999999999996,110.1,0.384,0.425,0.191,0.062,0.449,0.32899999999999996,0.222,0.11800000000000001,0.494,0.38799999999999996,0.139,0.292,0.53,0.386,0.11900000000000001,0.136,0.87,0.259,0.731,0.465,0.696,0.904,0.8390000000000001,0.43700000000000006,0.616,0.075,0.133,6.4,2.6,4.4,112,4.1,4.9,35.9,-9.6,49.2,2023
Luis Robert Jr.,CHW,595,546,144,69,36,1,38,90,80,0.264,0.315,0.542,0.857,0.358,129,0.278,0.314,89.1,16.1,0.152,0.41700000000000004,113.6,0.364,0.439,0.19699999999999998,0.091,0.46799999999999997,0.303,0.22899999999999998,0.18899999999999997,0.47600000000000003,0.335,0.23,0.262,0.518,0.35,0.05,0.289,0.17,0.433,0.799,0.58,0.518,0.8190000000000001,0.685,0.40299999999999997,0.6890000000000001,0.183,0.10800000000000001,5.7,1.5,-0.9,92,-0.1,4.9,20.5,8.6,49.4,2023
J.P. Crawford,SEA,638,534,142,88,35,0,19,94,65,0.266,0.38,0.438,0.818,0.359,136,0.172,0.314,88.3,15.1,0.048,0.36200000000000004,110.1,0.391,0.377,0.23199999999999998,0.11,0.43,0.35,0.22,0.18600000000000003,0.502,0.312,0.12300000000000001,0.26,0.384,0.34,0.147,0.196,0.75,0.21899999999999997,0.604,0.385,0.6990000000000001,0.903,0.8370000000000001,0.429,0.528,0.063,0.19699999999999998,2.7,-1.0,1.9,99,-0.1,4.9,27.8,-0.4,49.2,2023
Aaron Judge,NYY,458,367,98,45,16,0,37,79,75,0.267,0.406,0.613,1.019,0.42,173,0.346,0.3,97.6,20.4,0.275,0.642,116.9,0.304,0.5,0.196,0.067,0.45,0.342,0.20800000000000002,0.079,0.38299999999999995,0.5379999999999999,0.308,0.289,0.712,0.461,0.192,0.284,0.68,0.225,0.6940000000000001,0.413,0.45299999999999996,0.767,0.665,0.401,0.59,0.138,0.16,2.6,-0.8,0.3,95,-2.4,4.8,37.9,-5.9,47.7,2023
Wander Franco,TBR,491,442,124,78,23,6,17,65,58,0.281,0.344,0.475,0.819,0.349,127,0.195,0.297,89.4,8.9,0.077,0.43,111.0,0.47200000000000003,0.294,0.233,0.07200000000000001,0.419,0.332,0.249,0.122,0.515,0.363,0.153,0.301,0.485,0.365,0.086,0.141,0.61,0.3,0.649,0.452,0.7909999999999999,0.917,0.87,0.43700000000000006,0.621,0.059000000000000004,0.17600000000000002,7.0,0.9,1.0,72,2.9,4.8,18.6,12.9,48.2,2023
Dansby Swanson,CHC,638,565,138,88,25,3,22,81,80,0.244,0.328,0.416,0.744,0.325,105,0.172,0.297,89.3,13.0,0.109,0.397,109.1,0.446,0.35100000000000003,0.203,0.09699999999999999,0.46,0.35600000000000004,0.184,0.121,0.528,0.35100000000000003,0.152,0.255,0.458,0.345,0.10300000000000001,0.24100000000000002,0.43,0.284,0.733,0.474,0.613,0.7929999999999999,0.731,0.42200000000000004,0.618,0.127,0.14800000000000002,4.8,0.2,3.2,81,2.4,4.8,6.0,20.7,48.4,2023
Adolis Garcia,TEX,632,555,136,68,29,0,39,108,107,0.245,0.328,0.508,0.836,0.354,128,0.263,0.28,92.1,15.7,0.161,0.49700000000000005,115.1,0.368,0.469,0.163,0.07200000000000001,0.425,0.345,0.231,0.11199999999999999,0.462,0.426,0.215,0.25,0.526,0.366,0.10300000000000001,0.27699999999999997,0.37,0.33,0.743,0.486,0.585,0.789,0.703,0.37799999999999995,0.5760000000000001,0.14400000000000002,0.141,4.5,0.3,2.8,96,1.4,4.7,22.5,2.7,46.8,2023
Gunnar Henderson,BAL,622,560,143,77,29,9,28,100,82,0.255,0.325,0.489,0.814,0.346,122,0.234,0.306,92.0,11.4,0.114,0.52,113.8,0.45,0.359,0.191,0.076,0.39899999999999997,0.35100000000000003,0.25,0.114,0.493,0.39399999999999996,0.193,0.261,0.472,0.345,0.09,0.256,0.35,0.29,0.695,0.46799999999999997,0.624,0.8270000000000001,0.7559999999999999,0.439,0.625,0.114,0.168,6.9,-0.3,4.9,90,5.8,4.7,22.3,3.2,46.7,2023
Jose Ramirez,CLE,691,611,172,107,36,5,24,87,80,0.282,0.356,0.475,0.831,0.346,122,0.193,0.285,90.0,18.0,0.07,0.40399999999999997,111.6,0.34700000000000003,0.428,0.22399999999999998,0.15,0.511,0.3,0.18899999999999997,0.165,0.517,0.318,0.10300000000000001,0.299,0.481,0.359,0.106,0.106,1.0,0.309,0.703,0.466,0.7490000000000001,0.925,0.855,0.4,0.534,0.067,0.15,5.7,1.8,2.9,100,2.5,4.6,20.6,2.1,46.3,2023
Xander Bogaerts,SDP,665,596,170,118,31,2,19,83,58,0.285,0.35,0.44,0.79,0.343,119,0.154,0.319,87.6,7.9,0.061,0.34600000000000003,111.4,0.504,0.32899999999999996,0.16699999999999998,0.068,0.402,0.315,0.28300000000000003,0.161,0.539,0.301,0.11699999999999999,0.255,0.401,0.318,0.084,0.165,0.51,0.28600000000000003,0.603,0.426,0.6859999999999999,0.883,0.809,0.441,0.608,0.081,0.217,5.2,1.6,-0.6,95,0.9,4.6,16.4,7.1,46.1,2023
Nico Hoerner,CHC,688,619,175,135,27,4,9,98,68,0.283,0.346,0.383,0.729,0.322,103,0.1,0.312,86.6,10.5,0.018000000000000002,0.33399999999999996,109.2,0.469,0.341,0.191,0.092,0.315,0.397,0.28800000000000003,0.19399999999999998,0.5720000000000001,0.23399999999999999,0.049,0.273,0.356,0.311,0.071,0.121,0.59,0.335,0.613,0.45399999999999996,0.807,0.9470000000000001,0.888,0.428,0.622,0.051,0.201,6.8,4.1,4.9,86,6.9,4.5,9.4,12.6,45.4,2023
Cody Bellinger,CHC,556,499,153,97,29,1,26,95,97,0.307,0.356,0.525,0.881,0.37,135,0.218,0.319,87.9,17.2,0.061,0.314,109.2,0.358,0.434,0.20800000000000002,0.109,0.436,0.373,0.191,0.156,0.552,0.292,0.141,0.268,0.434,0.327,0.07200000000000001,0.156,0.46,0.353,0.687,0.499,0.72,0.8740000000000001,0.812,0.43799999999999994,0.622,0.09300000000000001,0.165,5.5,0.4,1.5,92,2.5,4.4,26.7,-1.8,43.9,2023
Alex Bregman,HOU,724,622,163,106,28,4,25,103,98,0.262,0.363,0.441,0.804,0.351,125,0.178,0.27,88.6,17.6,0.054000000000000006,0.382,107.5,0.354,0.46,0.18600000000000003,0.121,0.426,0.35200000000000004,0.222,0.142,0.523,0.335,0.10099999999999999,0.266,0.43,0.351,0.127,0.12,1.06,0.223,0.633,0.387,0.747,0.941,0.8740000000000001,0.401,0.606,0.049,0.195,3.7,-1.4,-1.5,108,-4.1,4.4,17.5,1.8,43.9,2023
Yordan Alvarez,HOU,496,410,120,64,24,1,31,77,97,0.293,0.407,0.583,0.99,0.415,170,0.29,0.306,93.3,17.1,0.18,0.522,117.7,0.35200000000000004,0.455,0.193,0.062,0.391,0.332,0.276,0.11800000000000001,0.43200000000000005,0.45,0.212,0.297,0.623,0.435,0.139,0.185,0.75,0.299,0.6609999999999999,0.436,0.659,0.899,0.797,0.377,0.5670000000000001,0.08800000000000001,0.162,1.8,-1.1,-2.7,100,-4.5,4.3,36.8,-10.7,43.1,2023
Ketel Marte,ARI,650,569,157,97,26,9,25,94,82,0.276,0.358,0.485,0.844,0.361,126,0.209,0.3,91.1,10.7,0.08,0.428,117.1,0.44799999999999995,0.36200000000000004,0.19,0.11900000000000001,0.441,0.344,0.215,0.142,0.475,0.38299999999999995,0.149,0.266,0.427,0.342,0.109,0.168,0.65,0.27699999999999997,0.701,0.45399999999999996,0.67,0.89,0.812,0.418,0.602,0.085,0.157,5.8,-0.6,-1.6,102,0.0,4.3,21.1,0.3,43.5,2023
Cal Raleigh,SEA,569,513,119,65,23,1,30,78,75,0.232,0.306,0.456,0.762,0.326,114,0.224,0.273,89.5,20.3,0.126,0.41,113.7,0.315,0.486,0.19899999999999998,0.11599999999999999,0.511,0.289,0.19899999999999998,0.205,0.444,0.35100000000000003,0.17300000000000001,0.233,0.466,0.329,0.095,0.278,0.34,0.345,0.725,0.49700000000000005,0.596,0.8059999999999999,0.7190000000000001,0.401,0.5760000000000001,0.14,0.132,2.1,-0.9,-1.8,73,-2.2,4.3,7.1,17.0,43.5,2023
Isaac Paredes,TBR,571,492,123,68,24,0,31,71,98,0.25,0.352,0.488,0.84,0.362,136,0.238,0.257,86.9,22.1,0.059000000000000004,0.285,107.7,0.319,0.47,0.21100000000000002,0.19699999999999998,0.545,0.275,0.18,0.172,0.501,0.326,0.16899999999999998,0.23,0.369,0.315,0.102,0.182,0.56,0.32,0.6779999999999999,0.457,0.716,0.9129999999999999,0.828,0.381,0.585,0.079,0.171,1.9,-0.9,-1.2,90,-1.9,4.2,22.6,0.0,42.1,2023
Brandon Nimmo,NYM,682,592,162,102,30,6,24,89,68,0.274,0.363,0.466,0.829,0.359,129,0.193,0.324,91.8,12.1,0.095,0.479,112.0,0.41,0.392,0.198,0.125,0.341,0.33899999999999997,0.319,0.14,0.479,0.381,0.136,0.261,0.454,0.352,0.109,0.214,0.51,0.24,0.645,0.423,0.648,0.8809999999999999,0.8079999999999999,0.452,0.626,0.081,0.201,4.0,-2.1,-1.1,106,-3.4,4.2,21.2,-2.6,41.7,2023
Ha-seong Kim,SDP,626,538,140,100,23,0,17,84,60,0.26,0.351,0.398,0.749,0.33,110,0.138,0.306,86.2,13.6,0.042,0.267,108.5,0.405,0.38799999999999996,0.20600000000000002,0.086,0.45,0.342,0.20800000000000002,0.182,0.55,0.26899999999999996,0.105,0.245,0.359,0.312,0.12,0.198,0.6,0.23,0.5720000000000001,0.385,0.763,0.882,0.843,0.455,0.5770000000000001,0.06,0.233,5.1,2.4,2.0,82,4.2,4.2,12.1,8.9,42.2,2023
Jose Altuve,HOU,410,360,112,72,21,2,17,76,51,0.311,0.393,0.522,0.915,0.393,154,0.211,0.348,86.0,11.4,0.083,0.314,109.6,0.48200000000000004,0.327,0.19,0.161,0.507,0.321,0.172,0.18600000000000003,0.5479999999999999,0.266,0.183,0.246,0.421,0.332,0.107,0.17300000000000001,0.62,0.348,0.613,0.44799999999999995,0.754,0.9,0.8290000000000001,0.376,0.607,0.076,0.18,6.2,1.0,-0.7,75,0.0,4.1,26.5,0.2,40.7,2023
Ozzie Albies,ATL,660,596,167,99,30,5,33,96,109,0.28,0.336,0.513,0.849,0.358,125,0.233,0.289,88.7,16.4,0.08199999999999999,0.389,110.7,0.37799999999999995,0.425,0.19699999999999998,0.066,0.545,0.302,0.153,0.115,0.519,0.366,0.156,0.266,0.467,0.34,0.07,0.162,0.43,0.38799999999999996,0.795,0.546,0.6970000000000001,0.9059999999999999,0.815,0.38799999999999996,0.568,0.1,0.099,5.9,1.0,2.6,102,3.3,4.1,23.8,-4.9,41.3,2023
TJ Friedl,CIN,556,488,136,88,22,8,18,73,66,0.279,0.352,0.467,0.819,0.353,117,0.189,0.308,86.7,16.1,0.032,0.276,107.1,0.385,0.419,0.196,0.171,0.445,0.335,0.22,0.156,0.594,0.249,0.114,0.24,0.321,0.289,0.085,0.162,0.52,0.27699999999999997,0.581,0.41200000000000003,0.715,0.905,0.8340000000000001,0.445,0.606,0.068,0.203,7.2,1.8,4.1,84,6.0,4.1,17.7,5.0,41.6,2023
Trea Turner,PHI,691,639,170,104,35,5,26,102,76,0.266,0.32,0.459,0.778,0.333,107,0.192,0.31,89.9,13.0,0.084,0.42200000000000004,110.8,0.396,0.39399999999999996,0.21,0.078,0.396,0.369,0.235,0.147,0.504,0.349,0.135,0.266,0.447,0.33,0.065,0.217,0.3,0.38299999999999995,0.7659999999999999,0.531,0.5589999999999999,0.846,0.7190000000000001,0.387,0.648,0.149,0.125,7.4,4.8,2.7,93,9.4,4.1,15.4,2.5,41.4,2023
Bryson Stott,PHI,640,585,164,115,32,2,15,78,62,0.28,0.329,0.419,0.747,0.323,100,0.138,0.312,88.1,10.1,0.047,0.35200000000000004,108.0,0.46399999999999997,0.327,0.209,0.044000000000000004,0.33,0.348,0.322,0.111,0.585,0.304,0.094,0.267,0.386,0.309,0.061,0.156,0.39,0.32299999999999995,0.589,0.445,0.8029999999999999,0.907,0.866,0.457,0.602,0.06,0.221,6.0,3.7,1.8,80,5.0,4.1,5.1,14.2,41.0,2023
Fernando Tatis Jr.,SDP,635,575,148,89,33,1,25,91,78,0.257,0.322,0.449,0.77,0.332,111,0.191,0.299,91.9,11.0,0.11,0.493,113.4,0.47100000000000003,0.336,0.192,0.08800000000000001,0.436,0.39,0.174,0.12300000000000001,0.47,0.406,0.17,0.281,0.508,0.363,0.083,0.222,0.38,0.35700000000000004,0.8170000000000001,0.54,0.583,0.8029999999999999,0.716,0.39899999999999997,0.633,0.153,0.09300000000000001,5.9,3.0,0.8,84,3.1,4.0,12.0,6.9,40.5,2023
Jonah Heim,TEX,501,457,118,72,28,0,18,61,95,0.258,0.317,0.438,0.755,0.324,107,0.179,0.289,89.2,17.3,0.08,0.385,110.3,0.363,0.426,0.212,0.09,0.47,0.327,0.203,0.154,0.475,0.371,0.11599999999999999,0.257,0.436,0.325,0.08,0.192,0.42,0.34,0.7490000000000001,0.519,0.674,0.867,0.795,0.436,0.601,0.106,0.134,2.6,-0.5,1.3,63,-0.7,4.0,3.5,19.9,40.5,2023
Christian Walker,ARI,661,582,150,79,36,2,33,86,103,0.258,0.333,0.497,0.83,0.351,120,0.239,0.272,88.0,15.8,0.114,0.40299999999999997,114.3,0.382,0.449,0.168,0.111,0.428,0.33299999999999996,0.24,0.19899999999999998,0.47100000000000003,0.33,0.159,0.251,0.46,0.339,0.094,0.192,0.49,0.304,0.74,0.485,0.586,0.852,0.755,0.41600000000000004,0.602,0.11900000000000001,0.139,4.8,1.1,0.4,98,1.2,3.9,17.2,-0.7,39.0,2023
Bo Bichette,TOR,601,571,175,122,30,3,20,69,73,0.306,0.339,0.475,0.814,0.349,124,0.168,0.355,90.2,6.2,0.096,0.449,113.4,0.461,0.265,0.27399999999999997,0.05,0.27,0.325,0.406,0.136,0.504,0.36,0.165,0.308,0.498,0.36,0.045,0.191,0.23,0.408,0.784,0.5660000000000001,0.6940000000000001,0.907,0.818,0.42,0.632,0.10300000000000001,0.114,3.6,-1.4,0.6,89,-1.4,3.9,15.7,2.7,38.9,2023
Michael Harris II,ATL,539,505,148,94,33,3,18,76,57,0.293,0.331,0.477,0.808,0.345,116,0.184,0.334,90.9,7.6,0.1,0.485,113.9,0.47200000000000003,0.306,0.222,0.055999999999999994,0.358,0.37,0.272,0.16699999999999998,0.45799999999999996,0.375,0.145,0.304,0.49,0.357,0.046,0.187,0.25,0.41600000000000004,0.682,0.527,0.6829999999999999,0.862,0.78,0.418,0.623,0.11599999999999999,0.158,6.1,1.4,1.8,77,5.0,3.9,15.6,5.3,39.2,2023
James Outman,LAD,567,483,120,78,16,3,23,86,70,0.248,0.353,0.437,0.79,0.344,117,0.188,0.343,87.9,15.7,0.111,0.39899999999999997,111.4,0.375,0.41100000000000003,0.214,0.11199999999999999,0.49,0.29100000000000004,0.21899999999999997,0.17,0.539,0.29100000000000004,0.184,0.228,0.396,0.325,0.12,0.319,0.38,0.281,0.7170000000000001,0.45899999999999996,0.456,0.784,0.6659999999999999,0.409,0.575,0.153,0.157,6.2,0.7,3.2,81,3.4,3.9,15.1,4.7,39.1,2023
Christian Yelich,MIL,632,550,153,99,34,1,19,106,76,0.278,0.37,0.447,0.818,0.353,123,0.169,0.342,91.7,3.5,0.092,0.501,113.5,0.573,0.22899999999999998,0.198,0.053,0.353,0.35,0.297,0.146,0.462,0.392,0.20199999999999999,0.284,0.459,0.362,0.12300000000000001,0.222,0.56,0.28,0.703,0.45,0.597,0.853,0.758,0.402,0.578,0.109,0.155,6.0,3.0,6.2,95,7.3,3.8,25.2,-8.9,37.8,2023
Will Smith,LAD,554,464,121,79,21,2,19,80,76,0.261,0.359,0.438,0.797,0.345,117,0.177,0.277,89.3,15.6,0.067,0.41600000000000004,110.8,0.37200000000000005,0.439,0.18899999999999997,0.065,0.377,0.344,0.27899999999999997,0.142,0.501,0.35700000000000004,0.11199999999999999,0.258,0.431,0.35,0.114,0.161,0.71,0.284,0.7020000000000001,0.457,0.7709999999999999,0.861,0.828,0.415,0.5870000000000001,0.078,0.165,4.0,-0.6,0.9,80,-1.1,3.8,10.6,8.7,38.1,2023
Andres Gimenez,CLE,616,557,140,93,27,5,15,76,62,0.251,0.314,0.399,0.712,0.309,96,0.147,0.289,84.8,13.1,0.055,0.27,108.8,0.45299999999999996,0.373,0.174,0.147,0.431,0.32299999999999995,0.24600000000000002,0.217,0.515,0.268,0.092,0.245,0.367,0.297,0.052000000000000005,0.182,0.29,0.42700000000000005,0.7040000000000001,0.539,0.6890000000000001,0.8440000000000001,0.7709999999999999,0.40399999999999997,0.596,0.12300000000000001,0.135,7.0,2.4,0.3,70,4.1,3.8,1.5,15.5,38.1,2023
Nolan Jones,COL,424,367,109,63,22,4,20,60,62,0.297,0.389,0.542,0.931,0.395,137,0.245,0.401,90.1,9.8,0.157,0.413,115.3,0.425,0.375,0.2,0.055999999999999994,0.376,0.318,0.306,0.145,0.45,0.405,0.222,0.25,0.5,0.362,0.125,0.297,0.42,0.287,0.586,0.415,0.649,0.745,0.7070000000000001,0.43,0.575,0.121,0.19899999999999998,6.6,1.4,-0.3,79,2.1,3.7,21.3,1.6,37.3,2023
Gleyber Torres,NYY,672,596,163,108,28,2,25,90,68,0.273,0.347,0.453,0.8,0.346,122,0.18,0.288,89.7,15.0,0.079,0.40299999999999997,112.4,0.392,0.396,0.21100000000000002,0.09,0.366,0.384,0.25,0.12300000000000001,0.5489999999999999,0.32799999999999996,0.126,0.282,0.478,0.361,0.1,0.146,0.68,0.295,0.711,0.467,0.687,0.878,0.8079999999999999,0.414,0.621,0.09,0.156,4.3,-1.3,-2.0,97,-1.3,3.7,16.1,-2.4,36.6,2023
Bryce Harper,PHI,546,457,134,83,29,1,21,84,72,0.293,0.401,0.499,0.9,0.384,141,0.206,0.352,91.8,9.0,0.152,0.46799999999999997,115.7,0.447,0.305,0.249,0.087,0.374,0.371,0.254,0.146,0.447,0.406,0.204,0.29,0.53,0.399,0.147,0.218,0.67,0.366,0.7959999999999999,0.512,0.528,0.831,0.688,0.33899999999999997,0.579,0.16,0.091,4.3,-0.3,-2.3,96,-0.3,3.5,27.6,-11.6,34.6,2023
Rafael Devers,BOS,656,580,157,90,34,0,33,90,100,0.271,0.351,0.5,0.851,0.359,126,0.229,0.292,93.1,12.4,0.127,0.551,115.0,0.428,0.39299999999999996,0.18,0.10099999999999999,0.41100000000000003,0.348,0.24100000000000002,0.153,0.433,0.414,0.184,0.282,0.54,0.381,0.095,0.192,0.49,0.361,0.7909999999999999,0.525,0.708,0.7979999999999999,0.76,0.382,0.59,0.126,0.10400000000000001,3.0,-0.6,-2.0,102,-3.2,3.5,17.0,-4.1,35.2,2023
Brandon Marsh,PHI,472,404,112,69,25,6,12,58,60,0.277,0.372,0.458,0.829,0.358,124,0.181,0.397,91.3,12.4,0.091,0.48700000000000004,110.6,0.44799999999999995,0.341,0.21100000000000002,0.022000000000000002,0.374,0.321,0.306,0.064,0.608,0.32799999999999996,0.135,0.234,0.391,0.321,0.125,0.305,0.41,0.282,0.618,0.42200000000000004,0.5670000000000001,0.873,0.754,0.41700000000000004,0.604,0.10400000000000001,0.191,6.3,0.2,1.7,73,2.7,3.5,16.7,2.8,35.5,2023
Thairo Estrada,SFG,530,495,134,92,26,2,14,63,49,0.271,0.315,0.416,0.731,0.316,100,0.145,0.331,85.9,10.8,0.048,0.337,110.5,0.441,0.349,0.21100000000000002,0.132,0.47700000000000004,0.302,0.22,0.192,0.504,0.304,0.109,0.248,0.371,0.292,0.042,0.226,0.18,0.4,0.6779999999999999,0.511,0.657,0.9209999999999999,0.7959999999999999,0.397,0.6579999999999999,0.10400000000000001,0.174,5.7,0.7,3.0,64,1.8,3.5,1.6,15.3,35.0,2023
Eugenio Suarez,SEA,694,598,139,88,29,0,22,68,96,0.232,0.323,0.391,0.714,0.313,105,0.159,0.314,90.3,18.9,0.132,0.43,111.1,0.33899999999999997,0.433,0.228,0.057999999999999996,0.46799999999999997,0.332,0.2,0.129,0.504,0.36700000000000005,0.129,0.223,0.419,0.323,0.10099999999999999,0.308,0.33,0.264,0.685,0.445,0.508,0.804,0.7040000000000001,0.43,0.602,0.132,0.166,1.9,-1.4,-2.5,82,-2.4,3.5,1.5,9.7,34.9,2023
Luis Arraez,MIA,617,574,203,160,30,3,10,71,69,0.354,0.393,0.469,0.861,0.369,131,0.115,0.362,88.3,11.4,0.035,0.257,104.0,0.429,0.287,0.285,0.006,0.29600000000000004,0.392,0.313,0.099,0.603,0.298,0.065,0.329,0.458,0.354,0.057,0.055,1.03,0.35700000000000004,0.688,0.508,0.914,0.953,0.938,0.45399999999999996,0.601,0.031,0.16899999999999998,2.9,-1.7,0.3,101,-1.4,3.4,22.5,-9.6,33.9,2023
Josh Lowe,TBR,501,466,136,81,33,2,20,71,83,0.292,0.335,0.5,0.835,0.354,130,0.208,0.357,89.1,14.3,0.11,0.397,113.3,0.397,0.391,0.213,0.06,0.319,0.397,0.284,0.151,0.536,0.313,0.149,0.276,0.48,0.341,0.062,0.248,0.25,0.389,0.757,0.534,0.609,0.8140000000000001,0.723,0.39399999999999996,0.623,0.14800000000000002,0.125,6.8,4.3,1.0,76,4.8,3.4,22.9,-5.8,34.1,2023
Paul Goldschmidt,STL,687,593,159,103,31,0,25,89,80,0.268,0.363,0.447,0.81,0.35,122,0.179,0.327,91.3,12.8,0.11900000000000001,0.507,111.7,0.41100000000000003,0.37200000000000005,0.21600000000000003,0.086,0.331,0.35200000000000004,0.317,0.14,0.478,0.382,0.154,0.27,0.49,0.367,0.127,0.23399999999999999,0.54,0.29100000000000004,0.638,0.439,0.682,0.7979999999999999,0.754,0.42700000000000005,0.607,0.10800000000000001,0.18600000000000003,3.6,-0.1,2.5,102,0.2,3.4,19.0,-8.1,34.2,2023
Manny Machado,SDP,601,543,140,89,21,0,30,75,91,0.258,0.319,0.462,0.782,0.334,113,0.204,0.268,91.0,15.0,0.105,0.45899999999999996,114.5,0.402,0.445,0.152,0.14800000000000002,0.384,0.35,0.266,0.166,0.475,0.359,0.153,0.255,0.458,0.333,0.083,0.18100000000000002,0.46,0.32,0.727,0.493,0.637,0.8590000000000001,0.7759999999999999,0.424,0.622,0.11,0.147,2.3,-1.3,-0.7,81,-2.4,3.4,7.1,6.4,34.0,2023
Willy Adames,MIL,638,553,120,65,29,2,24,73,80,0.217,0.31,0.407,0.717,0.311,95,0.19,0.259,87.4,18.2,0.124,0.364,109.8,0.36,0.447,0.193,0.114,0.46399999999999997,0.358,0.17800000000000002,0.183,0.46399999999999997,0.353,0.136,0.24,0.436,0.335,0.111,0.259,0.43,0.35600000000000004,0.736,0.499,0.565,0.835,0.715,0.377,0.603,0.142,0.13699999999999998,3.5,-1.4,1.1,74,-1.0,3.4,-5.1,17.5,34.0,2023
Chas McCormick,HOU,457,403,110,69,17,2,22,59,70,0.273,0.353,0.489,0.842,0.362,132,0.216,0.331,88.0,14.6,0.111,0.38799999999999996,109.4,0.408,0.38,0.21100000000000002,0.046,0.44299999999999995,0.325,0.23199999999999998,0.128,0.5329999999999999,0.33899999999999997,0.204,0.246,0.457,0.341,0.08800000000000001,0.256,0.34,0.33,0.711,0.485,0.609,0.812,0.73,0.40700000000000003,0.604,0.131,0.14800000000000002,5.4,0.3,-0.6,72,0.1,3.3,17.8,-0.7,32.8,2023
Ian Happ,CHC,691,580,144,84,35,4,21,86,84,0.248,0.36,0.431,0.791,0.345,118,0.183,0.299,89.9,13.0,0.09,0.39,112.6,0.41700000000000004,0.37,0.213,0.081,0.376,0.36700000000000005,0.256,0.155,0.5329999999999999,0.312,0.131,0.254,0.427,0.35,0.14300000000000002,0.221,0.65,0.268,0.687,0.444,0.633,0.845,0.7709999999999999,0.42,0.593,0.102,0.154,5.0,0.1,0.2,100,1.2,3.3,17.0,-7.9,32.6,2023
Marcell Ozuna,ATL,592,530,145,75,29,1,40,84,100,0.274,0.346,0.558,0.905,0.381,140,0.285,0.293,91.8,15.6,0.166,0.49,115.3,0.397,0.40700000000000003,0.196,0.105,0.43200000000000005,0.28600000000000003,0.281,0.131,0.455,0.415,0.247,0.28,0.577,0.393,0.096,0.226,0.43,0.325,0.718,0.485,0.595,0.851,0.7490000000000001,0.405,0.6,0.122,0.14400000000000002,1.7,-1.0,-0.2,103,-2.1,3.2,27.4,-15.5,32.0,2023
Matt McLain,CIN,403,365,106,63,23,4,16,65,50,0.29,0.357,0.507,0.864,0.37,129,0.216,0.385,89.3,13.8,0.10800000000000001,0.424,109.9,0.387,0.371,0.242,0.098,0.348,0.376,0.276,0.152,0.512,0.336,0.174,0.256,0.436,0.332,0.077,0.285,0.27,0.284,0.594,0.419,0.59,0.847,0.748,0.435,0.66,0.105,0.221,6.9,-0.1,0.1,66,0.4,3.2,14.7,3.7,32.1,2023
Jeimer Candelario,- - -,576,505,127,63,39,3,22,77,70,0.251,0.336,0.471,0.807,0.346,118,0.22,0.292,88.3,14.1,0.078,0.363,111.3,0.401,0.406,0.19399999999999998,0.084,0.455,0.319,0.225,0.162,0.524,0.314,0.142,0.236,0.407,0.318,0.092,0.22,0.42,0.32,0.6990000000000001,0.473,0.654,0.872,0.784,0.40299999999999997,0.578,0.102,0.157,5.3,0.2,1.1,83,-0.2,3.2,12.4,-0.1,31.9,2023
Ke'Bryan Hayes,PIT,525,494,134,81,31,7,15,65,61,0.271,0.309,0.453,0.762,0.324,101,0.182,0.315,92.2,13.2,0.07400000000000001,0.483,113.1,0.418,0.39,0.191,0.07200000000000001,0.31,0.374,0.316,0.102,0.529,0.369,0.098,0.27,0.436,0.321,0.053,0.198,0.27,0.33299999999999996,0.627,0.455,0.6559999999999999,0.924,0.81,0.41600000000000004,0.613,0.086,0.20199999999999999,5.7,-1.4,-0.6,67,-0.1,3.2,0.3,14.0,32.1,2023
Seiya Suzuki,CHC,583,515,147,90,31,6,20,75,74,0.285,0.357,0.485,0.842,0.358,127,0.2,0.341,91.4,10.8,0.105,0.48,114.6,0.431,0.344,0.22399999999999998,0.081,0.39799999999999996,0.37799999999999995,0.22399999999999998,0.14,0.48200000000000004,0.37799999999999995,0.14800000000000002,0.283,0.469,0.357,0.10099999999999999,0.223,0.45,0.235,0.624,0.409,0.6859999999999999,0.865,0.8079999999999999,0.447,0.599,0.078,0.204,4.5,-2.9,-1.5,90,-1.9,3.1,17.8,-7.0,30.6,2023
Randy Arozarena,TBR,654,551,140,95,19,3,23,95,83,0.254,0.364,0.425,0.789,0.347,125,0.171,0.31,91.7,11.3,0.12300000000000001,0.483,114.3,0.43,0.389,0.18100000000000002,0.11,0.41,0.363,0.228,0.135,0.48,0.385,0.14800000000000002,0.239,0.431,0.348,0.122,0.239,0.51,0.3,0.635,0.43,0.637,0.789,0.7240000000000001,0.39,0.604,0.11900000000000001,0.18600000000000003,5.6,-1.3,2.2,95,0.5,3.1,20.1,-11.5,30.9,2023
Lars Nootbaar,STL,503,426,111,73,23,1,14,74,46,0.261,0.367,0.418,0.784,0.344,118,0.157,0.307,89.1,7.2,0.08800000000000001,0.37799999999999995,112.2,0.49700000000000005,0.314,0.18899999999999997,0.087,0.34700000000000003,0.408,0.245,0.14800000000000002,0.489,0.363,0.136,0.265,0.436,0.356,0.14300000000000002,0.19699999999999998,0.73,0.204,0.545,0.353,0.723,0.8909999999999999,0.836,0.43799999999999994,0.545,0.057999999999999996,0.237,4.9,0.7,1.3,72,1.8,3.1,13.1,1.3,31.5,2023
Francisco Alvarez,NYM,423,382,80,43,12,0,25,51,63,0.209,0.284,0.437,0.721,0.31,96,0.228,0.222,90.1,12.5,0.128,0.451,114.1,0.44,0.429,0.132,0.12,0.44299999999999995,0.355,0.201,0.136,0.509,0.355,0.214,0.209,0.422,0.305,0.08,0.26,0.31,0.29,0.6940000000000001,0.45,0.56,0.807,0.711,0.395,0.643,0.13,0.168,2.7,-0.2,-1.5,48,-2.8,3.0,-4.8,20.1,29.7,2023
Steven Kwan,CLE,718,638,171,123,36,7,5,93,54,0.268,0.34,0.37,0.71,0.313,99,0.102,0.294,86.0,10.7,0.011000000000000001,0.188,105.2,0.45,0.297,0.253,0.07200000000000001,0.3,0.386,0.314,0.132,0.684,0.184,0.03,0.282,0.358,0.317,0.09699999999999999,0.10400000000000001,0.93,0.248,0.604,0.41,0.797,0.956,0.904,0.455,0.62,0.039,0.22,6.3,1.4,0.0,84,4.3,3.0,3.6,2.3,30.4,2023
Mike Trout,LAA,362,308,81,48,14,1,18,54,44,0.263,0.367,0.49,0.858,0.368,135,0.227,0.335,91.9,19.3,0.16,0.519,114.3,0.33,0.42700000000000005,0.243,0.114,0.43700000000000006,0.29600000000000004,0.267,0.146,0.456,0.39799999999999996,0.205,0.276,0.525,0.39,0.124,0.287,0.43,0.22899999999999998,0.725,0.444,0.597,0.821,0.755,0.433,0.514,0.109,0.14300000000000002,3.8,-0.4,1.2,59,0.4,2.9,15.4,1.7,29.5,2023
Lane Thomas,WSN,682,628,168,101,36,3,28,101,86,0.268,0.315,0.468,0.783,0.334,109,0.201,0.325,88.5,10.8,0.096,0.40700000000000003,111.4,0.44,0.373,0.187,0.094,0.512,0.29600000000000004,0.192,0.192,0.455,0.353,0.16399999999999998,0.255,0.436,0.319,0.053,0.258,0.2,0.306,0.621,0.436,0.644,0.897,0.7929999999999999,0.413,0.603,0.09,0.2,6.0,0.7,3.2,92,1.7,2.9,9.4,-3.1,29.5,2023
Brandon Lowe,TBR,436,377,87,50,15,1,21,58,68,0.231,0.328,0.443,0.771,0.334,116,0.212,0.275,91.4,16.0,0.107,0.475,110.7,0.406,0.44799999999999995,0.146,0.085,0.494,0.36,0.146,0.142,0.475,0.38299999999999995,0.179,0.232,0.446,0.338,0.115,0.273,0.42,0.33899999999999997,0.768,0.515,0.49,0.845,0.7070000000000001,0.41100000000000003,0.6559999999999999,0.151,0.11800000000000001,4.9,0.6,0.3,59,1.2,2.9,9.7,4.0,28.6,2023
Matt Chapman,TOR,581,509,122,64,39,2,17,66,54,0.24,0.33,0.424,0.755,0.328,109,0.185,0.319,93.4,18.5,0.171,0.564,114.3,0.35,0.494,0.156,0.146,0.39299999999999996,0.373,0.23399999999999999,0.162,0.436,0.402,0.099,0.23,0.457,0.337,0.107,0.284,0.38,0.225,0.6920000000000001,0.433,0.598,0.7829999999999999,0.73,0.446,0.606,0.11699999999999999,0.177,3.7,-1.1,1.3,76,-0.8,2.9,5.6,4.1,29.5,2023
Willson Contreras,STL,495,428,113,66,27,0,20,55,67,0.264,0.358,0.467,0.826,0.358,127,0.203,0.311,91.3,10.1,0.122,0.469,117.5,0.461,0.32899999999999996,0.21,0.133,0.37799999999999995,0.359,0.263,0.15,0.428,0.42200000000000004,0.19,0.279,0.49,0.372,0.10300000000000001,0.22399999999999998,0.46,0.345,0.703,0.485,0.575,0.8490000000000001,0.73,0.392,0.608,0.13,0.145,2.8,-1.1,-2.4,77,-1.5,2.8,15.3,-4.3,27.8,2023
Pete Alonso,NYM,658,568,123,54,21,2,46,92,118,0.217,0.318,0.504,0.821,0.346,120,0.287,0.205,89.5,18.1,0.147,0.401,115.7,0.366,0.47700000000000004,0.157,0.109,0.444,0.325,0.23,0.16399999999999998,0.489,0.34700000000000003,0.22899999999999998,0.246,0.527,0.367,0.099,0.22899999999999998,0.43,0.302,0.6409999999999999,0.43700000000000006,0.647,0.846,0.764,0.39899999999999997,0.5870000000000001,0.10300000000000001,0.18100000000000002,3.8,-0.7,-0.7,95,-0.6,2.8,15.9,-10.2,28.1,2023
Josh Jung,TEX,515,478,127,78,25,1,23,75,70,0.266,0.315,0.467,0.781,0.334,114,0.201,0.34,91.8,15.0,0.11900000000000001,0.474,110.0,0.365,0.392,0.243,0.054000000000000006,0.368,0.39799999999999996,0.23399999999999999,0.076,0.514,0.41,0.17800000000000002,0.26,0.482,0.337,0.057999999999999996,0.293,0.2,0.361,0.742,0.519,0.584,0.84,0.736,0.414,0.672,0.13699999999999998,0.15,3.0,-1.9,-2.4,70,-3.4,2.8,5.2,5.4,28.2,2023
Nathaniel Lowe,TEX,724,623,163,105,38,3,17,89,82,0.262,0.36,0.414,0.775,0.34,118,0.152,0.329,89.8,7.3,0.065,0.41600000000000004,111.2,0.47700000000000004,0.299,0.223,0.065,0.29100000000000004,0.401,0.308,0.163,0.47700000000000004,0.36,0.12300000000000001,0.263,0.406,0.339,0.128,0.228,0.56,0.26,0.685,0.43799999999999994,0.675,0.8959999999999999,0.82,0.419,0.565,0.079,0.16399999999999998,3.0,-1.3,-4.8,101,-4.8,2.8,11.0,-7.8,27.9,2023
Josh Naylor,CLE,495,452,139,91,31,0,17,52,97,0.308,0.354,0.489,0.842,0.354,127,0.181,0.326,89.1,12.3,0.08199999999999999,0.41200000000000003,113.9,0.42700000000000005,0.368,0.205,0.09,0.402,0.355,0.243,0.166,0.499,0.335,0.11800000000000001,0.293,0.478,0.346,0.067,0.13699999999999998,0.49,0.426,0.7809999999999999,0.565,0.722,0.9109999999999999,0.8240000000000001,0.391,0.628,0.099,0.102,3.3,-0.2,-2.9,75,-1.8,2.7,14.3,-4.6,26.6,2023
Zack Gelof,OAK,300,270,72,37,20,1,14,40,32,0.267,0.337,0.504,0.84,0.357,132,0.237,0.331,89.8,11.8,0.111,0.413,108.5,0.41,0.335,0.255,0.032,0.466,0.349,0.185,0.122,0.513,0.365,0.222,0.253,0.448,0.332,0.087,0.273,0.32,0.325,0.735,0.502,0.563,0.747,0.679,0.43200000000000005,0.64,0.161,0.142,5.8,1.5,2.1,46,2.2,2.7,13.8,3.0,27.0,2023
Edouard Julien,MIN,408,338,89,56,16,1,16,60,37,0.263,0.381,0.459,0.839,0.366,134,0.195,0.371,89.5,7.9,0.131,0.449,108.9,0.502,0.239,0.258,0.02,0.40700000000000003,0.308,0.285,0.131,0.542,0.327,0.314,0.233,0.427,0.345,0.157,0.314,0.5,0.172,0.654,0.376,0.515,0.8140000000000001,0.735,0.423,0.598,0.1,0.20600000000000002,3.9,-0.3,0.6,66,-1.2,2.7,15.4,-2.4,26.9,2023
Max Kepler,MIN,491,438,114,66,22,2,24,72,66,0.26,0.332,0.484,0.816,0.348,122,0.224,0.288,91.9,14.7,0.122,0.479,111.7,0.37799999999999995,0.44299999999999995,0.179,0.06,0.435,0.35100000000000003,0.214,0.125,0.49700000000000005,0.37799999999999995,0.161,0.271,0.503,0.362,0.092,0.21600000000000003,0.42,0.27699999999999997,0.743,0.475,0.648,0.895,0.812,0.425,0.621,0.08900000000000001,0.151,3.3,-1.1,-2.8,72,-3.0,2.7,9.8,0.3,26.8,2023
Brandon Drury,LAA,523,485,127,68,30,3,26,61,83,0.262,0.306,0.497,0.803,0.339,115,0.235,0.308,89.9,11.8,0.11,0.46299999999999997,112.5,0.424,0.384,0.192,0.096,0.415,0.35600000000000004,0.22899999999999998,0.175,0.469,0.35600000000000004,0.191,0.253,0.441,0.319,0.048,0.26,0.18,0.38299999999999995,0.706,0.517,0.564,0.84,0.72,0.414,0.627,0.14400000000000002,0.153,2.9,-1.6,-1.4,73,-2.8,2.7,6.5,3.0,27.3,2023
Jack Suwinski,PIT,534,447,100,51,21,2,26,63,74,0.224,0.339,0.454,0.793,0.341,112,0.23,0.29,90.5,22.3,0.157,0.434,114.7,0.27899999999999997,0.536,0.18600000000000003,0.113,0.41600000000000004,0.36700000000000005,0.217,0.17800000000000002,0.48,0.342,0.17300000000000001,0.218,0.461,0.346,0.14,0.322,0.44,0.22,0.625,0.389,0.527,0.8140000000000001,0.72,0.418,0.537,0.109,0.195,5.1,0.8,2.1,75,2.1,2.7,10.1,-1.6,26.7,2023
Nolan Arenado,STL,612,560,149,95,26,2,26,71,93,0.266,0.315,0.459,0.774,0.327,107,0.193,0.279,88.8,16.9,0.073,0.381,110.3,0.38799999999999996,0.405,0.20800000000000002,0.14300000000000002,0.501,0.304,0.195,0.16699999999999998,0.495,0.33799999999999997,0.138,0.266,0.435,0.32,0.067,0.165,0.41,0.368,0.6709999999999999,0.485,0.6890000000000001,0.919,0.812,0.38799999999999996,0.5820000000000001,0.091,0.16699999999999998,2.9,-1.7,0.2,79,-2.1,2.7,3.0,3.7,27.5,2023
Austin Hays,BAL,566,520,143,89,36,2,16,76,67,0.275,0.325,0.444,0.769,0.33,111,0.169,0.345,89.4,10.4,0.08900000000000001,0.401,111.0,0.451,0.38,0.16899999999999998,0.068,0.406,0.35200000000000004,0.242,0.146,0.49700000000000005,0.35700000000000004,0.11,0.242,0.42,0.309,0.067,0.249,0.27,0.335,0.653,0.465,0.5589999999999999,0.867,0.735,0.40700000000000003,0.629,0.12300000000000001,0.182,4.3,-0.4,-3.3,74,-1.3,2.7,6.3,1.3,26.9,2023
Kevin Kiermaier,TOR,408,370,98,63,21,6,8,58,36,0.265,0.322,0.419,0.741,0.32,103,0.154,0.321,86.7,5.6,0.035,0.332,107.8,0.556,0.252,0.192,0.042,0.415,0.374,0.21100000000000002,0.159,0.581,0.26,0.111,0.259,0.354,0.3,0.071,0.21100000000000002,0.34,0.316,0.7290000000000001,0.494,0.542,0.825,0.722,0.431,0.625,0.13699999999999998,0.145,7.8,1.6,-3.3,50,3.1,2.7,4.8,8.1,26.8,2023
Jeremy Pena,HOU,634,577,152,107,32,3,10,81,52,0.263,0.324,0.381,0.705,0.31,96,0.118,0.323,88.0,5.5,0.04,0.355,111.6,0.5429999999999999,0.266,0.191,0.068,0.449,0.34,0.21100000000000002,0.151,0.5489999999999999,0.3,0.085,0.265,0.376,0.309,0.068,0.203,0.33,0.381,0.754,0.529,0.531,0.897,0.738,0.397,0.64,0.139,0.125,4.9,-2.4,2.0,73,0.7,2.7,-2.3,7.9,27.2,2023
Patrick Bailey,SFG,353,326,76,50,18,1,7,29,48,0.233,0.285,0.359,0.644,0.282,77,0.126,0.314,88.7,10.1,0.1,0.384,108.6,0.43200000000000005,0.344,0.225,0.064,0.441,0.28800000000000003,0.271,0.16699999999999998,0.511,0.322,0.09,0.249,0.42,0.313,0.059000000000000004,0.28300000000000003,0.21,0.299,0.665,0.465,0.589,0.8590000000000001,0.764,0.45299999999999996,0.615,0.11,0.188,2.8,-0.4,-0.6,32,-0.3,2.7,-10.6,25.5,26.9,2023
Jose Siri,TBR,364,338,75,35,13,2,25,58,56,0.222,0.267,0.494,0.761,0.319,106,0.272,0.269,88.4,14.4,0.132,0.377,113.7,0.392,0.45,0.158,0.032,0.486,0.335,0.179,0.13699999999999998,0.5329999999999999,0.33,0.266,0.212,0.442,0.297,0.055,0.35700000000000004,0.15,0.396,0.7190000000000001,0.528,0.47100000000000003,0.732,0.616,0.40700000000000003,0.654,0.20199999999999999,0.152,7.3,0.7,2.8,44,2.2,2.6,4.7,8.8,26.0,2023
Jarren Duran,BOS,362,332,98,54,34,2,8,46,40,0.295,0.346,0.482,0.828,0.354,122,0.187,0.381,89.9,10.7,0.053,0.461,112.6,0.413,0.331,0.256,0.063,0.32,0.381,0.299,0.14800000000000002,0.504,0.348,0.1,0.268,0.401,0.318,0.066,0.249,0.27,0.345,0.742,0.511,0.589,0.912,0.7859999999999999,0.419,0.6409999999999999,0.109,0.147,7.0,3.3,1.3,55,7.2,2.5,16.7,-4.0,25.0,2023
Max Muncy,LAD,579,482,102,48,17,1,36,95,105,0.212,0.333,0.475,0.808,0.344,117,0.263,0.221,91.2,21.7,0.146,0.466,111.1,0.33399999999999996,0.493,0.17300000000000001,0.133,0.531,0.284,0.185,0.134,0.49,0.376,0.218,0.235,0.504,0.364,0.147,0.264,0.56,0.26,0.596,0.392,0.578,0.8140000000000001,0.7190000000000001,0.39299999999999996,0.584,0.11,0.198,2.9,-1.7,1.9,83,-1.1,2.5,10.8,-5.1,25.4,2023
Anthony Santander,BAL,656,591,152,82,41,1,28,81,95,0.257,0.325,0.472,0.797,0.34,118,0.215,0.299,90.6,20.2,0.102,0.46,113.0,0.35,0.49700000000000005,0.153,0.182,0.46,0.327,0.212,0.19399999999999998,0.418,0.38799999999999996,0.127,0.237,0.426,0.319,0.084,0.23199999999999998,0.36,0.377,0.6779999999999999,0.491,0.708,0.8590000000000001,0.787,0.37799999999999995,0.627,0.10400000000000001,0.159,3.5,-0.5,0.3,92,-0.7,2.5,13.8,-10.9,25.3,2023
Willi Castro,MIN,409,358,92,60,18,5,9,60,34,0.257,0.339,0.411,0.75,0.327,107,0.154,0.328,86.5,15.1,0.068,0.318,114.2,0.391,0.415,0.19399999999999998,0.105,0.413,0.314,0.273,0.16699999999999998,0.523,0.311,0.086,0.231,0.362,0.302,0.083,0.242,0.34,0.37200000000000005,0.703,0.513,0.602,0.8490000000000001,0.747,0.428,0.645,0.13,0.152,8.7,3.7,1.6,53,5.0,2.5,8.5,2.1,24.6,2023
Leody Taveras,TEX,554,511,136,88,31,3,14,67,67,0.266,0.312,0.421,0.733,0.316,101,0.155,0.318,90.1,10.1,0.07200000000000001,0.431,112.2,0.442,0.337,0.221,0.09,0.302,0.39899999999999997,0.299,0.142,0.541,0.317,0.10400000000000001,0.271,0.407,0.32,0.063,0.21100000000000002,0.3,0.32299999999999995,0.716,0.491,0.621,0.8690000000000001,0.775,0.42700000000000005,0.626,0.11,0.153,5.3,0.2,1.5,66,2.7,2.5,3.6,2.8,25.3,2023
Jake Rogers,DET,365,331,73,41,11,0,21,47,49,0.221,0.286,0.444,0.73,0.312,97,0.224,0.268,90.4,14.6,0.12,0.45399999999999996,109.1,0.36700000000000005,0.419,0.214,0.08900000000000001,0.41700000000000004,0.366,0.218,0.139,0.509,0.35200000000000004,0.233,0.228,0.452,0.321,0.077,0.32299999999999995,0.24,0.265,0.684,0.456,0.495,0.789,0.696,0.456,0.5920000000000001,0.138,0.185,2.3,-0.8,0.8,43,-0.3,2.5,-1.5,14.5,25.4,2023
Yainer Diaz,HOU,377,355,100,55,22,0,23,51,60,0.282,0.308,0.538,0.846,0.354,127,0.256,0.292,90.3,11.5,0.122,0.439,110.9,0.43200000000000005,0.366,0.20199999999999999,0.086,0.429,0.341,0.23,0.125,0.491,0.38299999999999995,0.21899999999999997,0.285,0.539,0.357,0.028999999999999998,0.196,0.15,0.46399999999999997,0.778,0.586,0.622,0.868,0.7490000000000001,0.389,0.679,0.147,0.109,1.5,-0.5,-2.7,57,-1.7,2.4,10.3,1.1,24.3,2023
Luke Raley,TBR,406,357,89,44,23,3,19,56,49,0.249,0.333,0.49,0.824,0.353,129,0.241,0.33,91.1,17.4,0.129,0.457,114.3,0.42,0.447,0.133,0.149,0.461,0.319,0.22,0.155,0.483,0.36200000000000004,0.188,0.225,0.437,0.327,0.069,0.315,0.22,0.353,0.758,0.516,0.414,0.79,0.636,0.402,0.594,0.187,0.12,6.9,0.8,1.6,61,2.0,2.4,16.2,-5.6,24.5,2023
Orlando Arcia,ATL,533,488,129,87,25,0,17,66,65,0.264,0.321,0.42,0.741,0.321,100,0.156,0.301,88.2,5.4,0.069,0.41100000000000003,109.4,0.537,0.29600000000000004,0.16699999999999998,0.087,0.43200000000000005,0.342,0.226,0.198,0.486,0.316,0.14800000000000002,0.247,0.399,0.308,0.073,0.191,0.38,0.287,0.688,0.461,0.643,0.8440000000000001,0.773,0.434,0.632,0.10400000000000001,0.17600000000000002,2.3,-0.8,0.0,66,-2.3,2.4,-2.1,8.2,24.2,2023
Jeff McNeil,NYM,648,585,158,119,25,4,10,75,55,0.27,0.333,0.378,0.711,0.314,99,0.108,0.288,86.0,14.4,0.013000000000000001,0.27399999999999997,109.0,0.41700000000000004,0.382,0.201,0.141,0.413,0.331,0.257,0.18600000000000003,0.606,0.207,0.051,0.251,0.34,0.294,0.06,0.1,0.6,0.33799999999999997,0.7659999999999999,0.526,0.774,0.9359999999999999,0.878,0.439,0.634,0.064,0.122,5.2,0.6,-0.4,77,0.7,2.4,0.0,2.1,24.1,2023
Tommy Edman,STL,528,479,119,77,25,4,13,69,47,0.248,0.307,0.399,0.705,0.306,92,0.15,0.275,89.1,7.5,0.05,0.38799999999999996,111.2,0.51,0.322,0.168,0.086,0.43,0.363,0.20600000000000002,0.177,0.485,0.33799999999999997,0.102,0.262,0.39,0.312,0.066,0.159,0.42,0.311,0.636,0.456,0.716,0.941,0.856,0.444,0.619,0.066,0.19399999999999998,7.0,2.8,-1.2,59,2.8,2.4,-2.2,8.4,24.1,2023
Royce Lewis,MIN,239,217,67,45,7,0,15,36,52,0.309,0.372,0.548,0.921,0.393,152,0.24,0.354,90.2,16.2,0.11699999999999999,0.42,114.0,0.35200000000000004,0.43799999999999994,0.21,0.141,0.42,0.33299999999999996,0.247,0.185,0.506,0.309,0.21100000000000002,0.262,0.478,0.348,0.084,0.23,0.36,0.326,0.672,0.474,0.639,0.846,0.765,0.42700000000000005,0.632,0.111,0.182,4.0,0.3,0.1,44,-0.4,2.3,14.6,0.1,22.9,2023
J.D. Martinez,LAD,479,432,117,55,27,2,33,61,103,0.271,0.321,0.572,0.893,0.369,133,0.301,0.324,93.4,16.8,0.17,0.5479999999999999,112.1,0.36,0.418,0.223,0.040999999999999995,0.384,0.373,0.243,0.075,0.435,0.49,0.27,0.271,0.555,0.37,0.071,0.311,0.23,0.369,0.767,0.529,0.47,0.8220000000000001,0.674,0.401,0.662,0.172,0.131,3.1,-0.5,-2.9,79,-0.9,2.3,18.9,-11.8,23.4,2023
Wilmer Flores,SFG,454,405,115,70,22,0,23,51,60,0.284,0.355,0.509,0.863,0.368,134,0.225,0.286,86.4,22.0,0.078,0.325,108.7,0.319,0.467,0.214,0.14300000000000002,0.461,0.284,0.255,0.209,0.493,0.299,0.14300000000000002,0.256,0.437,0.333,0.09,0.139,0.65,0.317,0.644,0.449,0.777,0.899,0.848,0.40299999999999997,0.659,0.068,0.201,0.8,-0.9,-0.8,74,-3.1,2.3,16.2,-8.6,23.1,2023
Ryan Jeffers,MIN,335,286,79,48,15,2,14,46,43,0.276,0.369,0.49,0.858,0.369,136,0.213,0.359,90.5,17.2,0.11599999999999999,0.42700000000000005,117.4,0.39399999999999996,0.425,0.18100000000000002,0.122,0.42200000000000004,0.302,0.276,0.166,0.508,0.327,0.171,0.233,0.432,0.333,0.099,0.278,0.35,0.321,0.647,0.451,0.605,0.8370000000000001,0.738,0.39899999999999997,0.606,0.11800000000000001,0.18100000000000002,4.4,-0.9,-0.9,55,-2.0,2.3,12.4,-1.2,22.6,2023
Jake Burger,- - -,540,492,123,60,28,1,34,71,80,0.25,0.309,0.518,0.828,0.349,121,0.268,0.284,91.9,12.2,0.16699999999999998,0.496,118.2,0.429,0.386,0.184,0.157,0.49,0.32899999999999996,0.182,0.187,0.40299999999999997,0.409,0.254,0.27,0.512,0.359,0.059000000000000004,0.276,0.21,0.413,0.722,0.54,0.506,0.826,0.6829999999999999,0.413,0.626,0.171,0.13,2.5,-1.0,0.2,80,-0.8,2.3,12.8,-8.4,22.8,2023
Riley Greene,DET,416,378,109,75,19,4,11,51,37,0.288,0.349,0.447,0.796,0.344,119,0.159,0.384,91.6,6.6,0.113,0.47,114.4,0.489,0.248,0.263,0.0,0.425,0.353,0.222,0.098,0.511,0.391,0.16699999999999998,0.29,0.501,0.367,0.084,0.27399999999999997,0.31,0.29,0.723,0.469,0.596,0.823,0.741,0.413,0.5770000000000001,0.121,0.163,6.0,0.5,0.6,60,2.0,2.3,11.7,-3.2,22.6,2023
Gabriel Moreno,ARI,380,341,97,70,19,1,7,33,50,0.284,0.339,0.408,0.747,0.325,102,0.123,0.338,89.8,4.2,0.048,0.418,109.7,0.546,0.22,0.23399999999999999,0.067,0.337,0.392,0.271,0.128,0.557,0.315,0.11699999999999999,0.266,0.387,0.314,0.076,0.19699999999999998,0.39,0.299,0.58,0.424,0.6729999999999999,0.909,0.8170000000000001,0.44299999999999995,0.5710000000000001,0.078,0.217,3.4,-0.4,-4.1,48,-2.6,2.3,-1.7,11.8,23.0,2023
Geraldo Perdomo,ARI,495,407,100,70,20,4,6,71,47,0.246,0.353,0.359,0.712,0.319,98,0.113,0.295,85.7,16.4,0.009000000000000001,0.195,104.9,0.38299999999999995,0.43,0.187,0.125,0.425,0.33899999999999997,0.23600000000000002,0.18600000000000003,0.569,0.245,0.044000000000000004,0.204,0.272,0.275,0.129,0.174,0.74,0.21100000000000002,0.591,0.381,0.7509999999999999,0.91,0.861,0.447,0.5579999999999999,0.053,0.214,6.4,0.4,2.4,61,1.8,2.3,0.7,5.7,23.2,2023
CJ Abrams,WSN,614,563,138,86,28,6,18,83,64,0.245,0.3,0.412,0.712,0.306,91,0.167,0.279,87.4,13.5,0.069,0.359,112.5,0.43700000000000006,0.381,0.182,0.142,0.375,0.38799999999999996,0.237,0.177,0.532,0.29,0.107,0.247,0.399,0.304,0.052000000000000005,0.192,0.27,0.386,0.723,0.53,0.7,0.879,0.805,0.429,0.643,0.10300000000000001,0.139,8.4,6.7,1.5,69,9.2,2.3,2.0,-0.3,22.6,2023
Alejandro Kirk,TOR,422,372,93,69,16,0,8,34,43,0.25,0.334,0.358,0.692,0.308,95,0.108,0.265,87.6,6.3,0.052000000000000005,0.38299999999999995,108.3,0.502,0.301,0.198,0.081,0.331,0.392,0.27699999999999997,0.16699999999999998,0.526,0.307,0.081,0.256,0.386,0.32,0.1,0.107,0.93,0.285,0.597,0.41600000000000004,0.8029999999999999,0.938,0.884,0.42100000000000004,0.626,0.048,0.218,0.8,-0.9,-6.0,48,-6.6,2.3,-9.1,17.4,22.7,2023
Mitch Garver,TEX,344,296,80,50,11,0,19,45,50,0.27,0.37,0.5,0.87,0.374,142,0.23,0.313,90.0,20.5,0.126,0.419,113.2,0.304,0.48100000000000004,0.215,0.11699999999999999,0.491,0.336,0.17300000000000001,0.15,0.495,0.355,0.184,0.255,0.493,0.364,0.128,0.23800000000000002,0.54,0.21,0.634,0.39399999999999996,0.6409999999999999,0.863,0.7959999999999999,0.434,0.532,0.08,0.195,1.1,-0.7,-0.7,58,-1.9,2.2,15.3,-4.8,22.2,2023
Jason Heyward,LAD,377,334,90,52,23,0,15,56,40,0.269,0.34,0.473,0.813,0.348,119,0.204,0.291,87.6,15.5,0.08,0.373,112.7,0.414,0.436,0.15,0.151,0.473,0.341,0.187,0.22,0.451,0.33,0.126,0.25,0.405,0.319,0.09,0.17,0.53,0.319,0.6679999999999999,0.467,0.693,0.89,0.813,0.425,0.56,0.087,0.17,2.8,-1.1,0.0,55,-1.3,2.2,7.5,1.9,22.2,2023
Nolan Gorman,STL,464,406,96,52,17,0,27,59,76,0.236,0.328,0.478,0.805,0.345,118,0.241,0.296,91.0,22.2,0.165,0.485,112.3,0.28800000000000003,0.48100000000000004,0.231,0.12,0.465,0.281,0.254,0.158,0.485,0.358,0.21600000000000003,0.236,0.498,0.353,0.114,0.319,0.36,0.301,0.753,0.489,0.498,0.775,0.675,0.415,0.61,0.159,0.131,3.3,-0.3,1.0,67,0.1,2.2,10.7,-3.9,22.6,2023
Jon Berti,MIA,424,388,114,88,16,3,7,53,33,0.294,0.344,0.405,0.748,0.325,102,0.111,0.349,85.4,2.3,0.047,0.313,110.7,0.5379999999999999,0.261,0.201,0.049,0.272,0.361,0.36700000000000005,0.231,0.48700000000000004,0.282,0.085,0.281,0.411,0.324,0.068,0.182,0.38,0.258,0.672,0.45399999999999996,0.662,0.895,0.825,0.473,0.608,0.079,0.182,5.6,-0.2,2.1,54,2.0,2.2,3.0,4.7,22.0,2023
J.D. Davis,SFG,546,480,119,77,23,1,18,61,69,0.248,0.325,0.413,0.738,0.321,103,0.165,0.32,91.1,7.8,0.095,0.449,111.3,0.527,0.275,0.198,0.054000000000000006,0.413,0.332,0.254,0.12,0.53,0.35,0.196,0.245,0.412,0.323,0.095,0.278,0.34,0.303,0.828,0.53,0.49,0.782,0.687,0.431,0.654,0.165,0.106,2.5,-0.8,-0.3,68,-2.4,2.2,-0.4,3.5,21.7,2023
Maikel Garcia,KCR,515,464,126,98,20,4,4,59,50,0.272,0.323,0.358,0.681,0.299,85,0.086,0.344,91.8,6.1,0.039,0.506,110.0,0.48,0.27399999999999997,0.24600000000000002,0.102,0.331,0.39399999999999996,0.275,0.139,0.489,0.37200000000000005,0.040999999999999995,0.274,0.393,0.319,0.07400000000000001,0.223,0.33,0.244,0.657,0.429,0.698,0.877,0.82,0.447,0.645,0.077,0.204,6.3,0.6,-0.7,54,1.3,2.2,-8.0,12.0,21.6,2023
Brandon Belt,TOR,404,339,86,44,23,0,19,53,43,0.254,0.369,0.49,0.858,0.369,137,0.236,0.37,88.7,19.8,0.15,0.4,109.9,0.303,0.48200000000000004,0.215,0.053,0.425,0.28,0.295,0.125,0.505,0.37,0.20199999999999999,0.212,0.437,0.336,0.151,0.349,0.43,0.218,0.684,0.40700000000000003,0.509,0.8059999999999999,0.711,0.405,0.552,0.11800000000000001,0.174,1.2,-0.8,-0.9,66,-2.2,2.1,15.9,-8.4,21.3,2023
Brent Rooker,OAK,526,463,114,63,20,1,30,61,69,0.246,0.329,0.488,0.817,0.348,126,0.242,0.317,91.6,17.6,0.156,0.495,112.6,0.336,0.47100000000000003,0.193,0.05,0.342,0.41,0.247,0.11900000000000001,0.505,0.376,0.21600000000000003,0.237,0.478,0.343,0.09300000000000001,0.327,0.28,0.32,0.664,0.461,0.449,0.7859999999999999,0.649,0.41100000000000003,0.597,0.162,0.166,3.3,-0.1,0.2,77,-0.8,2.1,15.7,-12.8,20.9,2023
Bo Naylor,CLE,230,198,47,23,13,0,11,33,32,0.237,0.339,0.47,0.809,0.347,123,0.232,0.267,87.7,21.0,0.08199999999999999,0.308,109.4,0.308,0.5,0.192,0.16399999999999998,0.397,0.315,0.28800000000000003,0.16399999999999998,0.5820000000000001,0.253,0.151,0.217,0.379,0.309,0.13,0.23,0.57,0.28,0.6709999999999999,0.445,0.6990000000000001,0.875,0.8109999999999999,0.423,0.557,0.084,0.14800000000000002,4.6,0.6,1.4,33,1.7,2.1,7.9,5.0,20.7,2023
Bryan Reynolds,PIT,640,574,151,91,31,5,24,85,84,0.263,0.33,0.46,0.79,0.338,110,0.197,0.304,90.9,10.9,0.111,0.473,112.6,0.43,0.33,0.24,0.040999999999999995,0.39399999999999996,0.33299999999999996,0.27399999999999997,0.10400000000000001,0.5720000000000001,0.324,0.16399999999999998,0.28,0.49,0.36,0.083,0.21600000000000003,0.38,0.302,0.7509999999999999,0.474,0.55,0.858,0.737,0.38299999999999995,0.5670000000000001,0.125,0.13699999999999998,5.8,0.8,1.5,88,1.3,2.1,9.0,-9.4,21.4,2023
Ryan Noda,OAK,495,406,93,54,22,1,16,63,54,0.229,0.364,0.406,0.77,0.342,122,0.177,0.347,91.2,16.1,0.13,0.45,113.9,0.374,0.396,0.23,0.043,0.45399999999999996,0.32799999999999996,0.218,0.113,0.496,0.391,0.172,0.213,0.392,0.334,0.156,0.34299999999999997,0.45,0.223,0.6809999999999999,0.42700000000000005,0.37799999999999995,0.76,0.649,0.445,0.622,0.15,0.168,3.5,-0.9,-0.4,70,0.5,2.1,13.3,-9.3,20.9,2023
Spencer Steer,CIN,665,582,158,95,37,3,23,74,86,0.271,0.356,0.464,0.82,0.355,118,0.192,0.318,88.7,15.4,0.067,0.371,110.6,0.376,0.43,0.195,0.135,0.436,0.322,0.242,0.166,0.512,0.322,0.12,0.252,0.417,0.333,0.102,0.209,0.49,0.27699999999999997,0.6509999999999999,0.43799999999999994,0.659,0.853,0.7829999999999999,0.43200000000000005,0.595,0.095,0.187,4.7,0.4,0.4,101,-0.5,2.0,14.6,-16.8,20.4,2023
Lourdes Gurriel Jr.,ARI,592,551,144,83,35,2,24,65,82,0.261,0.309,0.463,0.772,0.329,105,0.201,0.282,89.7,10.6,0.084,0.46,108.9,0.431,0.35600000000000004,0.213,0.069,0.4,0.349,0.251,0.142,0.46399999999999997,0.39299999999999996,0.15,0.264,0.439,0.324,0.055999999999999994,0.174,0.32,0.33399999999999996,0.7,0.49,0.6990000000000001,0.9229999999999999,0.835,0.426,0.622,0.081,0.16899999999999998,3.9,0.1,-1.1,78,0.1,2.0,3.9,-3.9,20.1,2023
J.T. Realmuto,PHI,540,489,123,70,28,5,20,70,63,0.252,0.31,0.452,0.762,0.324,101,0.2,0.307,89.8,16.6,0.11199999999999999,0.43,110.6,0.376,0.424,0.19899999999999998,0.099,0.433,0.32899999999999996,0.239,0.146,0.525,0.32899999999999996,0.132,0.254,0.462,0.334,0.065,0.256,0.25,0.341,0.72,0.503,0.638,0.8340000000000001,0.758,0.428,0.598,0.122,0.147,6.4,0.2,-2.7,68,-0.4,2.0,0.2,1.8,20.3,2023
Davis Schneider,TOR,141,116,32,11,12,1,8,23,20,0.276,0.404,0.603,1.008,0.424,175,0.328,0.369,89.5,26.0,0.17800000000000002,0.384,108.8,0.205,0.521,0.27399999999999997,0.105,0.507,0.27399999999999997,0.21899999999999997,0.13699999999999998,0.507,0.35600000000000004,0.21100000000000002,0.214,0.459,0.355,0.149,0.305,0.49,0.198,0.682,0.392,0.46399999999999997,0.73,0.649,0.401,0.5670000000000001,0.13699999999999998,0.20199999999999999,5.1,-0.1,-0.3,30,-0.3,1.9,12.4,1.9,19.1,2023
Will Benson,CIN,329,287,79,45,15,8,11,51,31,0.275,0.365,0.498,0.863,0.369,128,0.223,0.391,90.2,14.6,0.10300000000000001,0.42200000000000004,108.1,0.373,0.395,0.23199999999999998,0.096,0.35700000000000004,0.449,0.195,0.13,0.503,0.368,0.151,0.23,0.398,0.321,0.122,0.313,0.39,0.23199999999999998,0.6920000000000001,0.426,0.519,0.79,0.705,0.423,0.568,0.126,0.165,8.0,1.9,-1.3,54,1.8,1.9,13.2,-5.0,19.4,2023
Jorge Soler,MIA,580,504,126,66,24,0,36,77,75,0.25,0.341,0.512,0.853,0.361,126,0.262,0.272,91.3,17.8,0.15,0.48,114.8,0.35700000000000004,0.46299999999999997,0.18,0.076,0.46299999999999997,0.35100000000000003,0.185,0.134,0.436,0.431,0.212,0.262,0.532,0.374,0.114,0.243,0.47,0.292,0.687,0.441,0.601,0.8540000000000001,0.75,0.37799999999999995,0.564,0.11,0.163,1.8,-0.8,-0.7,91,-2.8,1.9,15.6,-16.7,18.7,2023
Kerry Carpenter,DET,459,418,116,77,17,2,20,57,64,0.278,0.34,0.471,0.811,0.347,121,0.194,0.338,90.1,13.1,0.102,0.43799999999999994,109.3,0.447,0.355,0.19699999999999998,0.07400000000000001,0.451,0.336,0.214,0.11800000000000001,0.526,0.355,0.185,0.259,0.461,0.336,0.07,0.251,0.28,0.37200000000000005,0.745,0.524,0.633,0.856,0.762,0.408,0.627,0.124,0.141,4.7,0.3,-0.6,67,0.1,1.9,11.8,-8.7,18.8,2023
Danny Jansen,TOR,301,268,61,29,15,0,17,38,53,0.228,0.312,0.474,0.786,0.336,115,0.246,0.233,88.3,19.7,0.107,0.374,109.0,0.34,0.524,0.136,0.13,0.5489999999999999,0.257,0.19399999999999998,0.18899999999999997,0.461,0.35,0.157,0.219,0.421,0.316,0.076,0.20600000000000002,0.37,0.289,0.722,0.46799999999999997,0.662,0.873,0.7959999999999999,0.413,0.585,0.095,0.147,1.5,-0.5,0.3,41,-1.1,1.9,4.2,4.8,19.3,2023
Freddy Fermin,KCR,235,217,61,41,10,1,9,26,32,0.281,0.321,0.461,0.781,0.333,109,0.18,0.323,89.9,11.7,0.099,0.42700000000000005,106.8,0.452,0.327,0.22,0.091,0.42100000000000004,0.33299999999999996,0.24600000000000002,0.111,0.526,0.363,0.16399999999999998,0.277,0.457,0.333,0.055,0.213,0.26,0.341,0.833,0.5429999999999999,0.589,0.889,0.778,0.41100000000000003,0.672,0.121,0.11,2.2,-0.4,-0.4,32,-0.2,1.9,2.3,8.6,18.9,2023
Tommy Pham,- - -,481,426,109,63,27,3,16,55,68,0.256,0.328,0.446,0.774,0.332,109,0.19,0.3,92.3,5.7,0.107,0.491,113.7,0.488,0.29100000000000004,0.221,0.032,0.387,0.405,0.209,0.12300000000000001,0.457,0.42,0.168,0.284,0.475,0.361,0.098,0.22,0.44,0.233,0.63,0.40399999999999997,0.579,0.873,0.777,0.431,0.609,0.09,0.20199999999999999,6.1,2.3,1.7,64,2.6,1.9,8.2,-5.1,19.4,2023
Jazz Chisholm Jr.,MIA,383,352,88,55,12,2,19,50,51,0.25,0.304,0.457,0.761,0.325,102,0.207,0.318,90.3,10.7,0.122,0.418,111.6,0.478,0.355,0.16699999999999998,0.049,0.435,0.342,0.22399999999999998,0.131,0.527,0.342,0.235,0.224,0.431,0.307,0.068,0.308,0.22,0.285,0.665,0.441,0.51,0.7440000000000001,0.655,0.41100000000000003,0.5870000000000001,0.152,0.172,6.7,2.5,0.7,49,3.8,1.9,4.8,1.6,19.3,2023
Teoscar Hernandez,SEA,678,625,161,104,29,2,26,70,93,0.258,0.305,0.435,0.741,0.317,107,0.178,0.342,91.3,12.3,0.138,0.494,112.6,0.43200000000000005,0.373,0.195,0.076,0.382,0.363,0.254,0.157,0.444,0.39899999999999997,0.166,0.258,0.476,0.336,0.055999999999999994,0.311,0.18,0.385,0.7490000000000001,0.536,0.498,0.7909999999999999,0.669,0.41600000000000004,0.652,0.17800000000000002,0.141,3.7,-0.6,-4.1,82,-4.4,1.9,1.3,-5.3,19.1,2023
George Springer,TOR,683,613,158,111,25,1,21,87,72,0.258,0.327,0.405,0.732,0.32,103,0.147,0.291,88.3,12.0,0.077,0.39799999999999996,115.9,0.442,0.354,0.204,0.10300000000000001,0.395,0.36,0.244,0.159,0.507,0.33399999999999996,0.121,0.264,0.422,0.332,0.08800000000000001,0.183,0.48,0.275,0.7609999999999999,0.49200000000000005,0.634,0.8740000000000001,0.8,0.447,0.613,0.098,0.139,4.6,0.5,-0.4,84,-0.4,1.9,2.2,-6.9,18.7,2023
Michael A. Taylor,MIN,388,355,78,42,14,1,21,48,51,0.22,0.278,0.442,0.72,0.308,93,0.223,0.278,88.1,13.3,0.135,0.38,114.3,0.42200000000000004,0.39899999999999997,0.179,0.10300000000000001,0.428,0.354,0.218,0.179,0.47200000000000003,0.349,0.24100000000000002,0.222,0.433,0.306,0.067,0.335,0.2,0.341,0.6940000000000001,0.48,0.505,0.816,0.682,0.39399999999999996,0.652,0.153,0.151,5.8,1.6,0.9,44,3.0,1.9,-0.1,5.9,19.0,2023
Elly De La Cruz,CIN,427,388,91,56,15,7,13,67,44,0.235,0.3,0.41,0.71,0.305,85,0.175,0.336,91.2,3.6,0.085,0.45899999999999996,119.2,0.539,0.218,0.243,0.057,0.439,0.386,0.175,0.126,0.5489999999999999,0.325,0.245,0.24,0.391,0.303,0.08199999999999999,0.337,0.24,0.353,0.61,0.452,0.605,0.84,0.728,0.386,0.609,0.12300000000000001,0.18100000000000002,9.2,2.9,2.1,47,6.6,1.9,-1.5,5.8,18.9,2023
Daulton Varsho,TOR,581,527,116,70,23,3,20,65,61,0.22,0.285,0.389,0.674,0.293,84,0.169,0.256,87.8,20.5,0.073,0.36,112.5,0.325,0.47200000000000003,0.203,0.19,0.508,0.263,0.23,0.19699999999999998,0.51,0.293,0.11199999999999999,0.232,0.394,0.301,0.077,0.23199999999999998,0.33,0.324,0.711,0.494,0.64,0.871,0.7859999999999999,0.439,0.613,0.105,0.151,5.4,-0.7,2.1,58,2.4,1.9,-8.5,7.9,19.2,2023
Anthony Volpe,NYY,601,541,113,65,23,4,21,62,60,0.209,0.283,0.383,0.666,0.29,83,0.174,0.259,88.7,14.2,0.09,0.43,108.7,0.41100000000000003,0.371,0.218,0.094,0.456,0.324,0.22,0.133,0.531,0.337,0.152,0.233,0.396,0.308,0.087,0.278,0.31,0.32,0.685,0.47600000000000003,0.5770000000000001,0.8390000000000001,0.738,0.42700000000000005,0.626,0.125,0.171,6.2,1.7,1.9,59,3.4,1.9,-8.6,7.6,19.5,2023
Jose Caballero,SEA,280,231,51,37,9,1,4,37,26,0.221,0.343,0.32,0.663,0.305,99,0.1,0.285,83.3,21.5,0.036000000000000004,0.237,108.4,0.32299999999999995,0.479,0.198,0.163,0.485,0.29600000000000004,0.21899999999999997,0.29,0.503,0.207,0.05,0.203,0.3,0.296,0.1,0.23600000000000002,0.42,0.312,0.586,0.425,0.639,0.895,0.7859999999999999,0.415,0.6,0.091,0.221,7.8,3.3,0.3,31,3.0,1.9,2.5,6.7,18.7,2023
Triston Casas,BOS,502,429,113,66,21,2,24,66,65,0.263,0.367,0.49,0.856,0.367,131,0.226,0.317,91.1,15.7,0.131,0.466,113.2,0.36700000000000005,0.423,0.21,0.078,0.387,0.40700000000000003,0.207,0.131,0.498,0.37,0.18600000000000003,0.253,0.5,0.37,0.139,0.251,0.56,0.26,0.6859999999999999,0.436,0.643,0.8029999999999999,0.747,0.414,0.536,0.11,0.155,2.2,-1.0,-2.3,82,-3.0,1.8,15.9,-15.2,17.8,2023
Mickey Moniak,LAA,323,311,87,50,21,2,14,35,45,0.28,0.307,0.495,0.802,0.339,115,0.215,0.397,89.0,19.7,0.126,0.384,110.5,0.313,0.446,0.24100000000000002,0.069,0.465,0.32299999999999995,0.212,0.136,0.495,0.369,0.161,0.247,0.449,0.307,0.027999999999999997,0.35,0.08,0.488,0.794,0.613,0.503,0.767,0.643,0.41,0.6779999999999999,0.21899999999999997,0.10099999999999999,4.9,-0.5,0.0,45,0.6,1.8,6.3,1.0,18.4,2023
LaMonte Wade Jr.,SFG,519,429,110,77,14,2,17,64,45,0.256,0.373,0.417,0.79,0.347,120,0.161,0.29,88.4,17.4,0.091,0.39799999999999996,111.5,0.38,0.413,0.207,0.145,0.433,0.316,0.251,0.161,0.516,0.32299999999999995,0.12300000000000001,0.261,0.45,0.359,0.146,0.183,0.8,0.20600000000000002,0.652,0.39,0.608,0.892,0.804,0.41200000000000003,0.588,0.077,0.18899999999999997,3.4,-0.8,-1.0,76,-1.5,1.8,11.6,-10.7,18.5,2023
Ryan McMahon,COL,627,555,133,76,31,3,23,80,70,0.24,0.322,0.431,0.753,0.325,90,0.191,0.326,90.8,9.7,0.114,0.442,113.2,0.433,0.335,0.23199999999999998,0.017,0.34700000000000003,0.375,0.278,0.128,0.442,0.431,0.192,0.245,0.445,0.335,0.10800000000000001,0.316,0.34,0.301,0.69,0.47200000000000003,0.5870000000000001,0.762,0.7,0.441,0.616,0.142,0.155,3.9,-2.2,-1.6,80,-3.0,1.8,-11.1,7.6,17.8,2023
Cedric Mullins,BAL,455,404,94,53,23,3,15,51,74,0.233,0.305,0.416,0.721,0.311,98,0.183,0.271,88.9,21.6,0.065,0.371,110.5,0.354,0.49,0.156,0.17600000000000002,0.46799999999999997,0.348,0.184,0.18100000000000002,0.519,0.3,0.10099999999999999,0.227,0.356,0.291,0.095,0.222,0.43,0.301,0.728,0.49,0.652,0.847,0.78,0.44299999999999995,0.6509999999999999,0.10800000000000001,0.156,6.1,1.8,0.7,53,3.6,1.8,2.4,0.4,18.3,2023
Mauricio Dubon,HOU,492,467,130,91,26,3,10,76,46,0.278,0.309,0.411,0.72,0.311,97,0.133,0.308,87.0,9.5,0.045,0.295,107.0,0.452,0.33899999999999997,0.209,0.067,0.345,0.38299999999999995,0.273,0.158,0.588,0.255,0.07400000000000001,0.275,0.389,0.303,0.039,0.142,0.27,0.446,0.7509999999999999,0.58,0.784,0.883,0.84,0.442,0.6890000000000001,0.09300000000000001,0.128,5.6,-0.3,1.2,57,0.7,1.8,-1.2,2.3,17.9,2023
Luis Rengifo,LAA,445,394,104,69,15,4,16,55,51,0.264,0.339,0.444,0.783,0.339,115,0.18,0.293,89.1,11.0,0.076,0.364,109.1,0.46799999999999997,0.364,0.168,0.052000000000000005,0.42100000000000004,0.33899999999999997,0.24100000000000002,0.13,0.5379999999999999,0.332,0.139,0.246,0.404,0.324,0.092,0.184,0.5,0.322,0.765,0.5,0.632,0.852,0.767,0.402,0.652,0.11599999999999999,0.128,4.8,-1.4,0.6,62,-0.5,1.7,7.3,-5.5,17.0,2023
Mike Yastrzemski,SFG,381,330,77,38,23,1,15,54,43,0.233,0.33,0.445,0.775,0.333,111,0.212,0.286,90.1,19.6,0.098,0.44,110.1,0.32299999999999995,0.45899999999999996,0.218,0.133,0.436,0.363,0.201,0.154,0.509,0.33799999999999997,0.14300000000000002,0.232,0.419,0.325,0.11800000000000001,0.26,0.45,0.23600000000000002,0.653,0.41100000000000003,0.648,0.856,0.7859999999999999,0.418,0.5670000000000001,0.08800000000000001,0.19699999999999998,3.5,-1.1,1.0,51,-0.4,1.7,4.7,-0.4,17.2,2023
Mark Canha,- - -,507,435,114,77,25,1,11,51,62,0.262,0.355,0.4,0.755,0.333,111,0.138,0.293,87.9,13.1,0.047,0.36700000000000005,109.4,0.445,0.39799999999999996,0.157,0.139,0.439,0.348,0.213,0.188,0.506,0.307,0.076,0.249,0.383,0.324,0.09699999999999999,0.156,0.62,0.267,0.611,0.415,0.715,0.895,0.8290000000000001,0.43200000000000005,0.647,0.071,0.22,4.4,0.7,0.9,68,1.0,1.7,7.7,-7.6,17.4,2023
Mike Tauchman,CHC,401,337,85,59,18,0,8,64,48,0.252,0.363,0.377,0.739,0.33,108,0.125,0.313,88.4,8.1,0.055,0.4,109.4,0.47200000000000003,0.29100000000000004,0.23600000000000002,0.054000000000000006,0.341,0.353,0.306,0.17300000000000001,0.5329999999999999,0.294,0.10800000000000001,0.263,0.395,0.341,0.14,0.214,0.65,0.231,0.66,0.41700000000000004,0.679,0.836,0.787,0.433,0.5760000000000001,0.08900000000000001,0.17600000000000002,4.5,0.1,1.1,53,0.1,1.7,4.2,-1.2,16.7,2023
Matt Vierling,DET,530,479,125,89,21,5,10,63,44,0.261,0.329,0.388,0.717,0.315,99,0.127,0.321,89.1,9.1,0.046,0.425,113.0,0.485,0.308,0.207,0.106,0.33899999999999997,0.33299999999999996,0.32799999999999996,0.187,0.48200000000000004,0.331,0.08800000000000001,0.267,0.397,0.322,0.083,0.21100000000000002,0.39,0.306,0.613,0.442,0.7340000000000001,0.9009999999999999,0.836,0.441,0.642,0.07200000000000001,0.214,4.7,-2.4,1.6,63,-0.2,1.7,-1.0,-0.2,16.9,2023
Carlos Correa,MIN,580,514,118,69,29,2,18,60,65,0.23,0.312,0.399,0.711,0.309,94,0.169,0.272,90.4,10.6,0.096,0.45899999999999996,114.2,0.45899999999999996,0.33899999999999997,0.20199999999999999,0.107,0.386,0.355,0.259,0.168,0.466,0.365,0.13699999999999998,0.25,0.418,0.327,0.102,0.226,0.45,0.301,0.638,0.436,0.638,0.8690000000000001,0.774,0.402,0.602,0.099,0.193,1.9,-1.0,-2.5,66,-2.9,1.7,-7.0,4.4,17.2,2023
Ezequiel Tovar,COL,615,581,147,91,37,4,15,79,73,0.253,0.287,0.408,0.695,0.298,72,0.155,0.328,88.0,12.6,0.081,0.36200000000000004,109.8,0.42700000000000005,0.33799999999999997,0.235,0.064,0.336,0.39299999999999996,0.271,0.129,0.555,0.317,0.106,0.248,0.386,0.291,0.040999999999999995,0.27,0.15,0.45399999999999996,0.81,0.593,0.557,0.847,0.7120000000000001,0.392,0.6629999999999999,0.171,0.11,5.5,-0.8,0.0,65,-0.8,1.7,-22.2,18.1,16.8,2023
Trent Grisham,SDP,555,469,93,48,31,1,13,67,50,0.198,0.315,0.352,0.666,0.299,89,0.154,0.264,90.3,18.3,0.11800000000000001,0.39899999999999997,112.3,0.353,0.428,0.21899999999999997,0.168,0.428,0.353,0.21899999999999997,0.16899999999999998,0.531,0.3,0.099,0.215,0.393,0.32,0.135,0.27699999999999997,0.49,0.243,0.617,0.41,0.61,0.82,0.7509999999999999,0.447,0.551,0.102,0.19,5.0,0.7,2.4,59,1.5,1.7,-5.9,3.9,16.9,2023
Matt Wallner,MIN,254,213,53,27,11,1,14,42,41,0.249,0.37,0.507,0.877,0.377,141,0.258,0.328,91.9,21.0,0.188,0.48100000000000004,116.4,0.32299999999999995,0.474,0.203,0.14300000000000002,0.489,0.24100000000000002,0.271,0.195,0.436,0.368,0.222,0.233,0.517,0.374,0.11,0.315,0.35,0.287,0.741,0.47100000000000003,0.579,0.727,0.6729999999999999,0.406,0.602,0.154,0.12300000000000001,4.8,-0.5,1.1,43,0.3,1.6,12.9,-5.9,15.7,2023
Adam Duvall,BOS,353,320,79,32,24,2,21,45,58,0.247,0.303,0.531,0.834,0.347,117,0.284,0.299,88.8,28.9,0.13,0.391,110.0,0.205,0.5670000000000001,0.228,0.172,0.586,0.26,0.153,0.2,0.451,0.349,0.172,0.21,0.436,0.304,0.062,0.312,0.2,0.37799999999999995,0.642,0.483,0.6,0.821,0.716,0.397,0.618,0.13699999999999998,0.183,5.3,0.3,0.5,52,0.8,1.6,8.2,-4.5,15.8,2023
Christopher Morel,CHC,429,388,96,50,17,3,26,62,70,0.247,0.313,0.508,0.821,0.347,120,0.26,0.303,92.1,12.4,0.159,0.5,113.6,0.424,0.409,0.16699999999999998,0.076,0.55,0.28300000000000003,0.16699999999999998,0.174,0.40700000000000003,0.419,0.248,0.245,0.488,0.341,0.084,0.31,0.27,0.324,0.742,0.499,0.46,0.774,0.6559999999999999,0.419,0.634,0.171,0.13699999999999998,5.5,-0.3,1.6,63,2.5,1.6,13.0,-11.6,15.9,2023
Gary Sanchez,- - -,267,240,52,24,9,0,19,33,47,0.217,0.288,0.492,0.78,0.329,110,0.275,0.212,90.1,16.6,0.154,0.446,115.1,0.39399999999999996,0.469,0.13699999999999998,0.146,0.474,0.366,0.16,0.177,0.41700000000000004,0.406,0.23199999999999998,0.233,0.502,0.343,0.079,0.251,0.31,0.289,0.598,0.418,0.5710000000000001,0.857,0.741,0.41700000000000004,0.5539999999999999,0.10800000000000001,0.218,1.1,-0.4,-1.8,35,-0.8,1.6,2.4,4.9,16.4,2023
Ryan Mountcastle,BAL,470,423,114,74,21,1,18,64,68,0.27,0.328,0.452,0.779,0.333,113,0.182,0.315,91.4,12.0,0.121,0.449,114.6,0.43700000000000006,0.368,0.195,0.067,0.307,0.39299999999999996,0.3,0.105,0.557,0.337,0.151,0.273,0.503,0.356,0.079,0.228,0.35,0.41100000000000003,0.77,0.5479999999999999,0.624,0.8590000000000001,0.7490000000000001,0.38,0.6659999999999999,0.13699999999999998,0.13,3.5,-0.7,2.0,63,0.7,1.6,8.3,-8.2,16.1,2023
Jonathan India,CIN,529,454,111,71,23,0,17,78,61,0.244,0.338,0.407,0.746,0.327,100,0.163,0.281,89.5,15.2,0.077,0.386,111.4,0.389,0.395,0.21600000000000003,0.129,0.429,0.31,0.261,0.139,0.526,0.335,0.122,0.252,0.424,0.339,0.098,0.20600000000000002,0.48,0.222,0.596,0.385,0.627,0.878,0.7959999999999999,0.43700000000000006,0.588,0.078,0.217,5.0,0.9,0.7,68,2.6,1.6,2.5,-4.8,15.7,2023
Andy Ibanez,DET,383,356,94,58,23,2,11,42,41,0.264,0.312,0.433,0.744,0.32,103,0.169,0.3,89.1,12.9,0.09,0.429,109.6,0.43799999999999994,0.40299999999999997,0.16,0.11199999999999999,0.349,0.391,0.26,0.159,0.491,0.349,0.095,0.272,0.447,0.332,0.063,0.18,0.35,0.376,0.731,0.518,0.645,0.9009999999999999,0.79,0.4,0.629,0.109,0.15,3.2,-0.4,-0.2,47,-0.7,1.6,0.6,2.3,16.0,2023
Ryan O'Hearn,BAL,368,346,100,63,22,1,14,48,60,0.289,0.322,0.48,0.801,0.339,118,0.191,0.34,91.9,12.0,0.10099999999999999,0.515,109.7,0.434,0.363,0.20199999999999999,0.052000000000000005,0.38799999999999996,0.35100000000000003,0.261,0.11199999999999999,0.522,0.366,0.14400000000000002,0.264,0.464,0.324,0.040999999999999995,0.223,0.18,0.34299999999999997,0.738,0.506,0.6920000000000001,0.867,0.797,0.413,0.633,0.10300000000000001,0.145,4.5,0.0,-1.5,51,-1.0,1.5,6.7,-4.0,15.3,2023
Brendan Donovan,STL,371,327,93,71,10,1,11,48,34,0.284,0.365,0.422,0.787,0.345,118,0.138,0.311,89.3,10.6,0.057999999999999996,0.406,109.1,0.465,0.303,0.23199999999999998,0.024,0.413,0.293,0.293,0.11599999999999999,0.5329999999999999,0.35100000000000003,0.134,0.287,0.438,0.354,0.08900000000000001,0.14300000000000002,0.62,0.27,0.639,0.426,0.762,0.941,0.875,0.423,0.617,0.053,0.195,4.1,-0.3,2.8,53,-0.3,1.5,8.2,-5.6,15.2,2023
Jared Triolo,PIT,209,181,54,42,9,0,3,30,21,0.298,0.388,0.398,0.785,0.35,118,0.099,0.44,86.6,10.6,0.059000000000000004,0.336,108.1,0.40299999999999997,0.319,0.27699999999999997,0.053,0.42,0.294,0.28600000000000003,0.17600000000000002,0.513,0.311,0.079,0.257,0.378,0.326,0.115,0.301,0.38,0.293,0.63,0.436,0.489,0.8220000000000001,0.6940000000000001,0.426,0.6459999999999999,0.133,0.179,4.5,0.2,0.4,31,0.3,1.5,5.0,3.3,15.4,2023
Carlos Santana,- - -,619,550,132,75,33,1,23,78,86,0.24,0.318,0.429,0.747,0.323,101,0.189,0.255,88.8,12.8,0.067,0.364,111.7,0.43799999999999994,0.38,0.182,0.17,0.493,0.309,0.198,0.18899999999999997,0.489,0.322,0.135,0.24,0.379,0.308,0.105,0.168,0.63,0.27399999999999997,0.7020000000000001,0.45299999999999996,0.691,0.851,0.795,0.419,0.565,0.09300000000000001,0.151,4.0,0.1,1.7,78,0.6,1.5,1.4,-7.2,15.2,2023
Jarred Kelenic,SEA,416,372,94,56,25,2,11,44,49,0.253,0.327,0.419,0.746,0.321,110,0.167,0.359,90.9,10.1,0.095,0.455,112.0,0.43,0.281,0.289,0.028999999999999998,0.413,0.368,0.21899999999999997,0.107,0.5660000000000001,0.326,0.162,0.265,0.436,0.333,0.099,0.317,0.31,0.317,0.685,0.46799999999999997,0.519,0.8140000000000001,0.6970000000000001,0.41200000000000003,0.575,0.141,0.153,5.1,-0.2,0.7,52,0.8,1.5,5.8,-4.7,15.3,2023
Alex Verdugo,BOS,602,546,144,89,37,5,13,81,54,0.264,0.324,0.421,0.745,0.322,100,0.158,0.294,89.2,8.8,0.05,0.376,112.4,0.452,0.33799999999999997,0.21,0.065,0.382,0.373,0.245,0.159,0.489,0.35200000000000004,0.084,0.278,0.417,0.331,0.075,0.154,0.48,0.252,0.586,0.408,0.7020000000000001,0.943,0.863,0.465,0.583,0.055999999999999994,0.217,4.8,-1.3,0.1,75,-0.5,1.5,-0.7,-4.4,15.5,2023
Harold Ramirez,TBR,434,400,125,92,19,2,12,58,68,0.313,0.353,0.46,0.813,0.349,127,0.148,0.359,89.1,6.0,0.046,0.40700000000000003,112.5,0.547,0.287,0.165,0.096,0.33299999999999996,0.38799999999999996,0.278,0.147,0.563,0.29100000000000004,0.128,0.271,0.413,0.319,0.051,0.182,0.28,0.47600000000000003,0.71,0.565,0.614,0.861,0.732,0.381,0.677,0.151,0.127,4.2,-1.2,2.1,64,-1.8,1.4,12.2,-12.9,14.1,2023
Jesus Sanchez,MIA,402,360,91,51,23,3,14,43,52,0.253,0.327,0.45,0.777,0.334,108,0.197,0.321,90.4,5.7,0.122,0.46299999999999997,114.8,0.494,0.265,0.24100000000000002,0.10400000000000001,0.349,0.32899999999999996,0.322,0.17300000000000001,0.451,0.376,0.209,0.265,0.472,0.349,0.095,0.266,0.36,0.341,0.721,0.489,0.594,0.83,0.73,0.39,0.552,0.132,0.146,4.1,-0.5,-0.1,54,-0.3,1.4,3.6,-3.3,14.0,2023
Johan Rojas,PHI,164,149,45,32,9,2,2,24,23,0.302,0.342,0.43,0.771,0.335,108,0.128,0.41,86.6,7.3,0.009000000000000001,0.28300000000000003,107.0,0.455,0.337,0.20800000000000002,0.17600000000000002,0.381,0.389,0.23,0.212,0.54,0.248,0.059000000000000004,0.247,0.304,0.267,0.03,0.256,0.12,0.415,0.6729999999999999,0.529,0.6,0.8740000000000001,0.754,0.442,0.677,0.13,0.17300000000000001,9.1,2.1,-0.3,22,3.2,1.4,4.9,3.4,13.9,2023
Ezequiel Duran,TEX,439,406,112,74,22,2,14,55,46,0.276,0.324,0.443,0.768,0.33,111,0.167,0.358,90.1,14.0,0.087,0.439,115.2,0.395,0.385,0.22,0.155,0.363,0.374,0.263,0.17300000000000001,0.491,0.336,0.127,0.256,0.433,0.319,0.052000000000000005,0.273,0.19,0.409,0.727,0.5379999999999999,0.624,0.836,0.74,0.40399999999999997,0.64,0.14,0.136,4.7,-0.9,-3.7,58,-2.6,1.4,3.3,-4.4,13.9,2023
Alec Bohm,PHI,611,558,153,102,31,0,20,74,97,0.274,0.327,0.437,0.765,0.329,104,0.163,0.296,89.4,11.1,0.057,0.41700000000000004,109.3,0.423,0.33799999999999997,0.23800000000000002,0.08199999999999999,0.302,0.40399999999999997,0.294,0.153,0.532,0.315,0.126,0.29,0.453,0.343,0.069,0.154,0.45,0.34299999999999997,0.701,0.499,0.746,0.907,0.8440000000000001,0.435,0.604,0.078,0.152,2.9,-0.8,-3.2,80,-3.3,1.4,0.0,-7.0,13.8,2023
Connor Joe,PIT,472,413,102,56,31,4,11,63,42,0.247,0.339,0.421,0.76,0.332,106,0.174,0.311,88.9,16.7,0.08199999999999999,0.418,111.6,0.361,0.41100000000000003,0.228,0.145,0.38799999999999996,0.368,0.243,0.184,0.461,0.355,0.08900000000000001,0.248,0.404,0.328,0.106,0.233,0.45,0.23800000000000002,0.61,0.395,0.621,0.8690000000000001,0.7829999999999999,0.42200000000000004,0.644,0.086,0.21100000000000002,4.4,-2.4,1.7,63,-2.8,1.4,0.9,-2.4,14.5,2023
Taylor Ward,LAA,409,356,90,58,18,0,14,60,47,0.253,0.335,0.421,0.756,0.329,108,0.169,0.284,90.7,14.3,0.08199999999999999,0.436,111.4,0.409,0.42700000000000005,0.16399999999999998,0.067,0.39399999999999996,0.344,0.262,0.099,0.539,0.36200000000000004,0.11699999999999999,0.254,0.431,0.339,0.095,0.196,0.49,0.27399999999999997,0.682,0.44299999999999995,0.649,0.914,0.818,0.415,0.557,0.081,0.159,3.6,-0.9,0.3,53,-1.8,1.4,2.1,-1.7,14.3,2023
Kyle Farmer,MIN,369,336,86,59,14,2,11,49,46,0.256,0.317,0.408,0.725,0.316,99,0.152,0.311,86.4,13.2,0.067,0.32899999999999996,105.5,0.425,0.365,0.21,0.098,0.42100000000000004,0.337,0.242,0.16699999999999998,0.49200000000000005,0.341,0.12,0.252,0.405,0.313,0.062,0.233,0.27,0.359,0.632,0.47700000000000004,0.657,0.9129999999999999,0.8029999999999999,0.43,0.634,0.094,0.191,4.0,-2.0,2.0,44,-1.4,1.4,-1.8,3.2,14.0,2023
Kyle Higashioka,NYY,260,242,57,34,13,0,10,24,34,0.236,0.274,0.413,0.687,0.293,85,0.178,0.292,90.1,15.4,0.11,0.483,109.2,0.392,0.409,0.19899999999999998,0.1,0.529,0.273,0.198,0.11599999999999999,0.488,0.395,0.14300000000000002,0.242,0.443,0.309,0.054000000000000006,0.285,0.19,0.34299999999999997,0.6759999999999999,0.491,0.526,0.868,0.736,0.446,0.6579999999999999,0.13,0.17,1.0,-0.4,-0.9,26,-0.5,1.4,-5.0,9.9,13.7,2023
Stone Garrett,WSN,271,234,63,37,17,0,9,40,40,0.269,0.343,0.457,0.801,0.344,116,0.188,0.365,91.1,17.4,0.094,0.475,112.5,0.318,0.395,0.287,0.161,0.363,0.382,0.255,0.166,0.42,0.414,0.145,0.263,0.441,0.345,0.096,0.303,0.32,0.38,0.753,0.526,0.556,0.807,0.696,0.39,0.649,0.16,0.124,3.7,-0.3,1.3,39,0.6,1.3,5.8,-2.4,12.7,2023
Jorge Polanco,MIN,343,302,77,45,18,0,14,38,48,0.255,0.335,0.454,0.789,0.34,116,0.199,0.31,88.4,21.6,0.138,0.406,111.4,0.287,0.46799999999999997,0.245,0.08900000000000001,0.424,0.364,0.212,0.166,0.53,0.304,0.139,0.251,0.482,0.349,0.105,0.257,0.41,0.315,0.688,0.46399999999999997,0.608,0.885,0.772,0.39899999999999997,0.627,0.105,0.162,3.3,0.2,-0.2,48,-0.1,1.3,6.4,-4.7,13.4,2023
Nick Castellanos,PHI,671,626,170,102,37,2,29,79,106,0.272,0.311,0.476,0.788,0.335,108,0.204,0.337,88.9,14.4,0.10300000000000001,0.43200000000000005,111.2,0.41200000000000003,0.369,0.21899999999999997,0.067,0.479,0.293,0.228,0.128,0.51,0.36200000000000004,0.17600000000000002,0.258,0.443,0.32,0.054000000000000006,0.276,0.19,0.428,0.777,0.562,0.496,0.815,0.6659999999999999,0.385,0.6920000000000001,0.187,0.113,4.4,0.3,-3.8,91,-2.8,1.3,3.8,-13.6,13.0,2023
Andrew McCutchen,PIT,473,390,100,69,19,0,12,55,43,0.256,0.378,0.397,0.776,0.345,115,0.141,0.312,89.6,12.3,0.068,0.446,109.8,0.425,0.35700000000000004,0.218,0.086,0.514,0.289,0.19699999999999998,0.139,0.551,0.31,0.114,0.257,0.409,0.353,0.159,0.21100000000000002,0.75,0.213,0.684,0.41600000000000004,0.556,0.8240000000000001,0.746,0.431,0.6,0.105,0.177,3.6,-0.2,-2.1,68,-1.6,1.3,7.2,-10.0,13.2,2023
Spencer Torkelson,DET,684,606,141,75,34,1,31,88,94,0.233,0.313,0.446,0.758,0.326,106,0.213,0.269,91.8,17.2,0.141,0.507,112.7,0.345,0.46799999999999997,0.18600000000000003,0.136,0.47700000000000004,0.284,0.239,0.159,0.44299999999999995,0.39799999999999996,0.15,0.252,0.486,0.35,0.098,0.25,0.39,0.27699999999999997,0.7020000000000001,0.46299999999999997,0.621,0.855,0.7759999999999999,0.43700000000000006,0.605,0.10300000000000001,0.166,3.3,-0.5,1.7,88,0.1,1.3,5.4,-15.3,13.4,2023
Eddie Rosario,ATL,516,478,122,74,24,3,21,64,74,0.255,0.305,0.45,0.755,0.322,101,0.195,0.3,88.6,14.5,0.095,0.354,110.4,0.401,0.37799999999999995,0.221,0.08900000000000001,0.44299999999999995,0.359,0.198,0.12300000000000001,0.5379999999999999,0.34,0.156,0.254,0.436,0.317,0.066,0.23600000000000002,0.28,0.45899999999999996,0.743,0.5710000000000001,0.645,0.7979999999999999,0.7240000000000001,0.395,0.653,0.157,0.124,3.7,-1.9,1.0,65,-1.9,1.3,-1.4,-3.0,13.2,2023
DJ LeMahieu,NYY,562,497,121,81,22,3,15,55,44,0.243,0.327,0.39,0.718,0.315,100,0.147,0.295,89.6,3.8,0.059000000000000004,0.43,111.2,0.55,0.26,0.19,0.09300000000000001,0.345,0.374,0.281,0.147,0.516,0.337,0.155,0.255,0.393,0.322,0.107,0.222,0.48,0.259,0.5589999999999999,0.392,0.7020000000000001,0.898,0.826,0.442,0.603,0.068,0.242,3.0,-1.5,-3.6,67,-4.5,1.3,-4.4,-2.0,12.8,2023
Ty France,SEA,665,587,147,103,32,0,12,79,58,0.25,0.337,0.366,0.703,0.315,106,0.116,0.294,87.5,13.7,0.068,0.386,112.7,0.418,0.348,0.23399999999999999,0.11599999999999999,0.429,0.36700000000000005,0.204,0.17,0.5579999999999999,0.272,0.073,0.27,0.42,0.342,0.065,0.17600000000000002,0.37,0.379,0.747,0.532,0.638,0.915,0.799,0.415,0.606,0.107,0.129,2.5,-1.2,-5.8,79,-4.3,1.3,0.3,-10.3,12.7,2023
Evan Carter,TEX,75,62,19,9,4,1,5,15,12,0.306,0.413,0.645,1.058,0.435,184,0.339,0.412,89.0,8.9,0.10300000000000001,0.462,107.5,0.436,0.359,0.205,0.14300000000000002,0.59,0.231,0.179,0.128,0.462,0.41,0.35700000000000004,0.249,0.404,0.341,0.16,0.32,0.5,0.134,0.604,0.342,0.48,0.767,0.7040000000000001,0.44299999999999995,0.64,0.10099999999999999,0.228,8.0,0.4,-0.2,16,0.0,1.2,7.5,2.3,12.4,2023
Justin Turner,BOS,626,558,154,100,31,0,23,86,96,0.276,0.345,0.455,0.8,0.346,116,0.179,0.304,89.5,16.4,0.057,0.39,108.2,0.35700000000000004,0.414,0.22899999999999998,0.07400000000000001,0.41,0.326,0.264,0.126,0.568,0.306,0.122,0.26,0.444,0.336,0.081,0.17600000000000002,0.46,0.29600000000000004,0.6509999999999999,0.45,0.732,0.91,0.843,0.434,0.607,0.07,0.182,3.1,-0.9,-2.8,90,-5.2,1.2,7.0,-16.6,11.8,2023
Vladimir Guerrero Jr.,TOR,682,602,159,103,30,0,26,78,94,0.264,0.345,0.444,0.788,0.34,117,0.179,0.277,92.1,10.5,0.111,0.49200000000000005,116.7,0.462,0.354,0.184,0.11699999999999999,0.423,0.35,0.22699999999999998,0.158,0.478,0.364,0.145,0.299,0.502,0.378,0.098,0.147,0.67,0.325,0.768,0.506,0.6459999999999999,0.873,0.787,0.408,0.617,0.10800000000000001,0.128,2.4,-1.6,-4.0,95,-4.2,1.2,9.8,-20.6,12.4,2023
Dairon Blanco,KCR,138,124,32,18,7,4,3,19,18,0.258,0.324,0.452,0.775,0.333,109,0.194,0.33,86.7,9.1,0.065,0.32299999999999995,108.5,0.494,0.318,0.188,0.07400000000000001,0.387,0.355,0.258,0.183,0.527,0.29,0.111,0.243,0.379,0.304,0.07200000000000001,0.239,0.3,0.31,0.7290000000000001,0.495,0.568,0.835,0.742,0.442,0.638,0.127,0.147,9.0,2.5,-0.3,18,3.0,1.2,4.4,3.3,12.4,2023
Chris Taylor,LAD,384,338,80,49,15,1,15,51,56,0.237,0.326,0.42,0.746,0.323,103,0.183,0.327,86.2,21.5,0.098,0.374,110.8,0.305,0.446,0.249,0.053,0.47700000000000004,0.257,0.266,0.17800000000000002,0.537,0.285,0.158,0.222,0.4,0.309,0.107,0.326,0.33,0.271,0.733,0.475,0.518,0.74,0.669,0.44299999999999995,0.633,0.157,0.145,5.7,1.2,0.6,48,1.5,1.2,2.8,-3.4,12.5,2023
Yoan Moncada,CHW,357,334,87,55,20,1,11,39,40,0.26,0.305,0.425,0.73,0.315,99,0.165,0.35,89.4,12.3,0.10099999999999999,0.39,112.7,0.42100000000000004,0.316,0.263,0.055999999999999994,0.474,0.311,0.215,0.136,0.535,0.32899999999999996,0.153,0.257,0.426,0.314,0.055999999999999994,0.3,0.19,0.32299999999999995,0.667,0.46799999999999997,0.56,0.8290000000000001,0.722,0.423,0.63,0.13,0.168,3.1,-0.4,0.1,42,-0.7,1.2,-1.1,0.5,11.6,2023
Victor Caratini,MIL,226,201,52,41,4,0,7,23,25,0.259,0.327,0.383,0.711,0.312,95,0.124,0.296,91.3,10.8,0.05,0.447,112.4,0.535,0.28300000000000003,0.182,0.133,0.42100000000000004,0.415,0.16399999999999998,0.151,0.56,0.289,0.156,0.258,0.377,0.31,0.084,0.19899999999999998,0.42,0.26899999999999996,0.6779999999999999,0.45299999999999996,0.6809999999999999,0.862,0.8029999999999999,0.451,0.593,0.08900000000000001,0.175,1.9,-0.7,-1.3,26,-2.6,1.2,-3.9,7.8,11.6,2023
Whit Merrifield,TOR,592,547,149,111,27,0,11,66,67,0.272,0.318,0.382,0.7,0.304,92,0.11,0.313,85.1,14.4,0.024,0.243,106.1,0.40399999999999997,0.375,0.222,0.08900000000000001,0.34299999999999997,0.37799999999999995,0.27899999999999997,0.17300000000000001,0.573,0.254,0.065,0.242,0.335,0.276,0.061,0.171,0.36,0.364,0.701,0.509,0.741,0.877,0.821,0.431,0.655,0.091,0.159,4.5,-0.2,2.5,65,1.3,1.2,-4.1,-3.7,12.3,2023
Nick Madrigal,CHC,294,270,71,52,16,1,2,34,28,0.263,0.311,0.352,0.663,0.294,84,0.089,0.283,86.2,3.7,0.008,0.275,106.9,0.5589999999999999,0.249,0.192,0.066,0.36700000000000005,0.375,0.259,0.175,0.594,0.231,0.033,0.275,0.337,0.293,0.034,0.08199999999999999,0.42,0.337,0.59,0.447,0.852,0.9740000000000001,0.922,0.435,0.595,0.035,0.22899999999999998,5.9,0.6,-2.8,30,-0.7,1.2,-6.6,8.3,11.7,2023
Elvis Andrus,CHW,406,374,94,67,20,1,6,39,44,0.251,0.304,0.358,0.662,0.29,82,0.107,0.294,87.5,5.4,0.026000000000000002,0.31,109.4,0.551,0.281,0.168,0.071,0.42200000000000004,0.317,0.261,0.16,0.562,0.278,0.071,0.231,0.313,0.267,0.062,0.175,0.35,0.316,0.626,0.44799999999999995,0.684,0.9079999999999999,0.818,0.428,0.648,0.08199999999999999,0.19399999999999998,4.6,0.0,2.1,40,0.7,1.2,-8.2,6.7,12.4,2023
Esteury Ruiz,OAK,497,449,114,84,24,1,5,47,47,0.254,0.309,0.345,0.654,0.29,85,0.091,0.315,82.7,9.9,0.025,0.196,109.5,0.48100000000000004,0.298,0.221,0.129,0.39399999999999996,0.335,0.27,0.20800000000000002,0.625,0.166,0.05,0.234,0.316,0.271,0.04,0.19899999999999998,0.2,0.359,0.698,0.49700000000000005,0.611,0.8759999999999999,0.763,0.408,0.662,0.11800000000000001,0.156,6.5,7.0,1.5,49,8.3,1.2,-0.4,-4.1,12.5,2023
Jake Fraley,CIN,380,336,86,53,18,0,15,41,65,0.256,0.339,0.443,0.783,0.338,107,0.188,0.283,84.6,16.5,0.064,0.308,111.7,0.38299999999999995,0.391,0.226,0.087,0.474,0.331,0.195,0.22899999999999998,0.485,0.28600000000000003,0.14400000000000002,0.261,0.402,0.328,0.09699999999999999,0.187,0.52,0.348,0.772,0.521,0.635,0.861,0.772,0.408,0.613,0.11900000000000001,0.11900000000000001,4.6,1.4,-0.2,53,1.2,1.1,4.7,-6.1,11.5,2023
Donovan Solano,MIN,450,394,111,79,26,1,5,43,38,0.282,0.369,0.391,0.76,0.338,114,0.109,0.366,90.2,13.1,0.061,0.43700000000000006,109.8,0.40700000000000003,0.325,0.268,0.052000000000000005,0.353,0.424,0.22399999999999998,0.115,0.522,0.363,0.052000000000000005,0.284,0.429,0.351,0.08900000000000001,0.222,0.4,0.336,0.6609999999999999,0.474,0.607,0.89,0.775,0.425,0.6729999999999999,0.107,0.179,1.6,-1.0,-1.8,62,-2.9,1.1,4.8,-9.0,11.1,2023
Sal Frelick,MIL,223,191,47,34,9,1,3,29,24,0.246,0.341,0.351,0.692,0.309,93,0.105,0.286,83.3,8.1,0.025,0.23600000000000002,106.2,0.526,0.314,0.16,0.163,0.33799999999999997,0.331,0.331,0.27399999999999997,0.522,0.204,0.061,0.235,0.304,0.296,0.126,0.166,0.76,0.331,0.5670000000000001,0.429,0.8170000000000001,0.9129999999999999,0.87,0.418,0.5870000000000001,0.055999999999999994,0.205,6.1,0.9,2.2,26,1.1,1.1,-0.7,4.5,11.4,2023
Travis Jankowski,TEX,287,247,65,51,12,1,1,34,30,0.263,0.357,0.332,0.689,0.312,99,0.069,0.311,85.3,8.1,0.0,0.255,108.7,0.505,0.289,0.20600000000000002,0.085,0.303,0.375,0.322,0.19699999999999998,0.5479999999999999,0.255,0.017,0.254,0.31,0.302,0.122,0.146,0.83,0.19699999999999998,0.596,0.374,0.772,0.9390000000000001,0.89,0.44299999999999995,0.596,0.040999999999999995,0.22,6.3,2.7,-2.9,34,2.9,1.1,2.5,-1.3,11.1,2023
Zach Neto,LAA,329,289,65,39,17,0,9,38,34,0.225,0.308,0.377,0.685,0.302,89,0.152,0.272,89.1,14.5,0.08800000000000001,0.40299999999999997,109.9,0.379,0.41600000000000004,0.20600000000000002,0.079,0.46799999999999997,0.282,0.25,0.125,0.56,0.315,0.10099999999999999,0.226,0.403,0.312,0.061,0.23399999999999999,0.26,0.298,0.701,0.474,0.525,0.84,0.728,0.436,0.623,0.129,0.161,4.3,0.0,-0.4,36,0.0,1.1,-4.3,4.4,11.3,2023
Jake Meyers,HOU,341,309,70,43,16,1,10,42,33,0.227,0.296,0.382,0.678,0.297,87,0.155,0.283,86.0,13.8,0.063,0.27899999999999997,108.3,0.423,0.405,0.17300000000000001,0.10099999999999999,0.428,0.315,0.257,0.17600000000000002,0.532,0.293,0.11199999999999999,0.213,0.357,0.283,0.076,0.258,0.3,0.302,0.711,0.478,0.544,0.8540000000000001,0.742,0.43,0.6509999999999999,0.12300000000000001,0.155,4.6,-0.4,2.0,35,0.7,1.1,-4.5,3.6,10.8,2023
Ramon Laureano,- - -,404,361,81,50,18,4,9,46,35,0.224,0.304,0.371,0.676,0.298,90,0.147,0.301,88.2,12.9,0.09699999999999999,0.359,112.7,0.445,0.36,0.19399999999999998,0.11199999999999999,0.431,0.306,0.262,0.16899999999999998,0.516,0.315,0.10099999999999999,0.232,0.379,0.307,0.08199999999999999,0.282,0.29,0.31,0.6759999999999999,0.467,0.48100000000000004,0.8809999999999999,0.7290000000000001,0.429,0.614,0.126,0.166,6.9,1.3,-2.5,42,-0.1,1.1,-4.9,1.9,10.8,2023
Blake Perkins,MIL,168,143,31,20,7,0,4,28,20,0.217,0.325,0.35,0.675,0.303,89,0.133,0.29,85.8,14.8,0.051,0.293,109.3,0.379,0.474,0.147,0.17800000000000002,0.384,0.313,0.303,0.23199999999999998,0.505,0.263,0.08900000000000001,0.194,0.302,0.279,0.13699999999999998,0.27399999999999997,0.5,0.212,0.5529999999999999,0.35700000000000004,0.682,0.8420000000000001,0.7879999999999999,0.426,0.565,0.076,0.239,5.1,-0.2,2.0,18,0.8,1.1,-1.4,6.5,10.8,2023
Jason Delay,PIT,187,167,42,29,11,1,1,20,18,0.251,0.319,0.347,0.666,0.296,82,0.096,0.333,83.8,12.3,0.032,0.23,105.4,0.434,0.32,0.24600000000000002,0.077,0.397,0.28600000000000003,0.317,0.214,0.5870000000000001,0.198,0.026000000000000002,0.213,0.298,0.263,0.075,0.235,0.32,0.349,0.71,0.513,0.5920000000000001,0.8640000000000001,0.763,0.455,0.6679999999999999,0.122,0.152,2.9,-0.4,-0.5,19,-0.9,1.1,-5.1,9.6,10.8,2023
Kyle Isbel,KCR,313,292,70,41,22,2,5,45,34,0.24,0.282,0.38,0.662,0.286,76,0.14,0.283,89.4,14.6,0.055,0.39799999999999996,110.6,0.40399999999999997,0.43,0.165,0.141,0.415,0.34700000000000003,0.237,0.14400000000000002,0.513,0.34299999999999997,0.051,0.247,0.375,0.289,0.054000000000000006,0.188,0.29,0.317,0.6459999999999999,0.46399999999999997,0.66,0.9109999999999999,0.816,0.44799999999999995,0.613,0.085,0.192,6.7,0.5,3.0,30,2.7,1.1,-6.2,6.9,11.4,2023
Zach McKinstry,DET,518,464,107,73,21,4,9,60,35,0.231,0.302,0.351,0.654,0.289,81,0.121,0.284,87.2,17.8,0.076,0.33399999999999996,108.3,0.35100000000000003,0.431,0.218,0.039,0.354,0.376,0.27,0.124,0.601,0.275,0.059000000000000004,0.249,0.398,0.314,0.085,0.218,0.39,0.305,0.691,0.47,0.669,0.909,0.82,0.42700000000000005,0.575,0.085,0.165,6.0,-0.3,0.9,50,1.1,1.1,-10.7,4.2,11.2,2023
Nicky Lopez,- - -,262,225,52,40,8,3,1,32,25,0.231,0.326,0.307,0.632,0.288,78,0.076,0.276,86.7,0.5,0.011000000000000001,0.237,107.8,0.57,0.204,0.226,0.026000000000000002,0.368,0.363,0.268,0.13699999999999998,0.621,0.242,0.026000000000000002,0.234,0.311,0.292,0.099,0.153,0.65,0.306,0.7020000000000001,0.478,0.682,0.863,0.7979999999999999,0.436,0.588,0.096,0.165,6.4,-0.2,0.3,25,0.9,1.1,-6.1,8.7,11.5,2023
Luis Campusano,SDP,174,163,52,38,7,0,7,27,30,0.319,0.356,0.491,0.847,0.364,133,0.172,0.331,88.5,13.1,0.077,0.406,107.6,0.413,0.364,0.22399999999999998,0.115,0.469,0.34299999999999997,0.18899999999999997,0.196,0.49700000000000005,0.308,0.135,0.307,0.466,0.355,0.04,0.121,0.33,0.395,0.754,0.552,0.7290000000000001,0.91,0.8370000000000001,0.439,0.632,0.09,0.141,1.9,-0.4,-0.7,28,-1.8,1.0,5.3,-0.8,10.4,2023
Jordan Walker,STL,465,420,116,79,19,2,16,51,51,0.276,0.342,0.445,0.787,0.341,116,0.169,0.331,89.4,10.1,0.075,0.425,114.3,0.469,0.35200000000000004,0.179,0.071,0.396,0.368,0.23600000000000002,0.145,0.506,0.349,0.14300000000000002,0.267,0.426,0.332,0.08,0.22399999999999998,0.36,0.36700000000000005,0.745,0.516,0.5379999999999999,0.857,0.72,0.395,0.647,0.145,0.14,3.9,-1.2,0.1,65,-0.1,1.0,9.2,-14.6,10.4,2023
Yan Gomes,CHC,419,382,102,70,20,2,10,44,63,0.267,0.315,0.408,0.723,0.312,96,0.141,0.309,87.4,15.0,0.078,0.364,109.7,0.373,0.40299999999999997,0.22399999999999998,0.13699999999999998,0.325,0.386,0.289,0.185,0.519,0.295,0.081,0.262,0.409,0.321,0.05,0.193,0.26,0.39299999999999996,0.715,0.525,0.6759999999999999,0.858,0.778,0.41,0.589,0.11599999999999999,0.155,3.3,-0.6,-1.0,49,-1.0,1.0,-3.1,-1.0,10.2,2023
Edmundo Sosa,PHI,300,279,70,43,15,2,10,34,30,0.251,0.293,0.427,0.719,0.309,91,0.176,0.306,86.8,13.8,0.067,0.321,111.8,0.42200000000000004,0.374,0.204,0.11699999999999999,0.49,0.317,0.192,0.19699999999999998,0.529,0.27399999999999997,0.13,0.238,0.392,0.292,0.027000000000000003,0.247,0.11,0.44799999999999995,0.77,0.59,0.635,0.825,0.7440000000000001,0.44,0.66,0.151,0.126,5.0,-0.5,1.8,34,0.6,1.0,-2.7,2.8,10.3,2023
Jordan Westburg,BAL,228,208,54,32,17,2,3,26,23,0.26,0.311,0.404,0.715,0.309,96,0.144,0.336,90.2,13.4,0.065,0.445,111.4,0.41600000000000004,0.364,0.221,0.14300000000000002,0.465,0.335,0.2,0.18100000000000002,0.419,0.4,0.054000000000000006,0.26,0.4,0.315,0.07,0.24600000000000002,0.29,0.312,0.7140000000000001,0.485,0.604,0.8540000000000001,0.762,0.431,0.667,0.115,0.166,5.8,0.0,0.7,26,0.9,1.0,-0.1,2.7,10.4,2023
Tyrone Taylor,MIL,243,231,54,26,17,1,10,36,35,0.234,0.267,0.446,0.713,0.302,89,0.212,0.263,87.7,18.2,0.068,0.395,109.0,0.341,0.44299999999999995,0.21600000000000003,0.115,0.52,0.32799999999999996,0.153,0.136,0.525,0.33899999999999997,0.128,0.246,0.426,0.304,0.033,0.226,0.15,0.397,0.674,0.518,0.652,0.863,0.772,0.43799999999999994,0.679,0.11800000000000001,0.165,7.7,1.5,1.3,26,3.8,1.0,0.4,1.6,10.3,2023
Joey Wiemer,MIL,410,367,75,43,19,0,13,48,42,0.204,0.283,0.362,0.645,0.284,76,0.158,0.258,89.3,10.5,0.091,0.391,112.8,0.466,0.395,0.138,0.12,0.466,0.344,0.19,0.154,0.498,0.348,0.13,0.209,0.37,0.289,0.08800000000000001,0.28300000000000003,0.31,0.33799999999999997,0.669,0.47100000000000003,0.5379999999999999,0.789,0.6809999999999999,0.402,0.607,0.15,0.17,4.5,-0.1,-0.6,38,0.6,1.0,-11.4,7.3,9.8,2023
Josh Rojas,- - -,350,314,77,56,17,0,4,47,40,0.245,0.303,0.338,0.641,0.284,78,0.092,0.313,87.1,12.9,0.037000000000000005,0.28600000000000003,105.7,0.402,0.368,0.231,0.047,0.41,0.335,0.255,0.151,0.586,0.264,0.047,0.23,0.331,0.277,0.077,0.231,0.33,0.29100000000000004,0.633,0.439,0.652,0.861,0.782,0.43,0.6659999999999999,0.095,0.2,5.7,1.8,2.1,32,2.5,1.0,-7.0,4.9,9.8,2023
Austin Hedges,- - -,212,185,34,28,5,0,1,14,16,0.184,0.234,0.227,0.461,0.209,24,0.043,0.236,87.2,15.4,0.006999999999999999,0.309,108.1,0.42100000000000004,0.379,0.2,0.18899999999999997,0.41100000000000003,0.397,0.192,0.179,0.517,0.305,0.019,0.215,0.289,0.253,0.052000000000000005,0.222,0.23,0.359,0.731,0.516,0.617,0.833,0.746,0.42100000000000004,0.608,0.131,0.14400000000000002,2.8,-0.1,0.1,7,-0.5,1.0,-20.4,23.6,10.5,2023
Kyle Schwarber,PHI,720,585,115,48,19,1,47,108,104,0.197,0.343,0.474,0.817,0.35,118,0.277,0.209,92.4,19.0,0.16399999999999998,0.488,115.2,0.344,0.495,0.161,0.158,0.539,0.314,0.147,0.172,0.43700000000000006,0.391,0.255,0.22,0.486,0.364,0.175,0.299,0.59,0.24100000000000002,0.573,0.375,0.542,0.802,0.7020000000000001,0.40399999999999997,0.569,0.11199999999999999,0.203,2.2,-2.2,-0.8,107,-4.5,0.9,11.9,-27.5,8.9,2023
Cade Marlowe,SEA,100,88,21,13,3,2,3,14,11,0.239,0.33,0.42,0.75,0.327,114,0.182,0.346,86.6,20.8,0.073,0.309,104.1,0.29100000000000004,0.509,0.2,0.036000000000000004,0.436,0.4,0.16399999999999998,0.091,0.5820000000000001,0.327,0.107,0.191,0.32,0.274,0.12,0.33,0.36,0.325,0.723,0.501,0.615,0.768,0.713,0.44299999999999995,0.64,0.14400000000000002,0.132,7.1,-0.2,0.9,13,0.9,0.9,2.6,2.7,8.7,2023
Aaron Hicks,- - -,312,269,68,50,9,1,8,44,36,0.253,0.353,0.383,0.735,0.326,109,0.13,0.311,85.3,12.7,0.04,0.294,106.7,0.462,0.392,0.146,0.141,0.45799999999999996,0.308,0.23399999999999999,0.239,0.527,0.23399999999999999,0.10300000000000001,0.208,0.305,0.283,0.135,0.221,0.61,0.249,0.612,0.4,0.624,0.867,0.779,0.41700000000000004,0.5870000000000001,0.08800000000000001,0.196,5.2,0.5,2.5,40,1.1,0.9,4.2,-5.9,9.0,2023
Cavan Biggio,TOR,338,289,68,47,12,0,9,54,40,0.235,0.34,0.37,0.71,0.318,102,0.135,0.304,88.4,15.7,0.07400000000000001,0.33,109.8,0.38,0.415,0.205,0.10800000000000001,0.44799999999999995,0.3,0.251,0.113,0.5670000000000001,0.32,0.10800000000000001,0.226,0.37,0.314,0.11800000000000001,0.26,0.45,0.191,0.649,0.395,0.51,0.883,0.7829999999999999,0.446,0.615,0.086,0.214,4.3,-0.6,1.2,41,-0.1,0.9,0.6,-3.1,9.0,2023
Stuart Fairchild,CIN,255,219,50,27,16,2,5,34,28,0.228,0.321,0.388,0.71,0.312,90,0.16,0.306,85.9,14.3,0.077,0.297,109.7,0.39299999999999996,0.387,0.22,0.086,0.503,0.284,0.213,0.129,0.619,0.252,0.086,0.231,0.385,0.314,0.098,0.271,0.36,0.27899999999999997,0.784,0.511,0.486,0.7829999999999999,0.695,0.46,0.6629999999999999,0.155,0.124,7.0,0.3,1.3,30,1.9,0.9,-1.3,1.6,8.9,2023
Parker Meadows,DET,145,125,29,20,4,2,3,19,13,0.232,0.331,0.368,0.699,0.308,94,0.136,0.302,89.3,18.3,0.09,0.348,108.5,0.35200000000000004,0.42,0.22699999999999998,0.054000000000000006,0.40399999999999997,0.43799999999999994,0.157,0.146,0.517,0.337,0.081,0.251,0.391,0.325,0.11699999999999999,0.255,0.46,0.273,0.636,0.426,0.617,0.8740000000000001,0.779,0.42100000000000004,0.545,0.094,0.182,8.0,0.9,1.8,16,1.9,0.9,0.9,3.4,9.3,2023
Drew Waters,KCR,337,302,69,45,11,5,8,40,32,0.228,0.3,0.377,0.677,0.296,83,0.149,0.321,87.4,17.2,0.10099999999999999,0.359,112.2,0.364,0.40399999999999997,0.23199999999999998,0.013000000000000001,0.424,0.32799999999999996,0.247,0.146,0.545,0.308,0.1,0.233,0.411,0.312,0.08,0.318,0.25,0.34299999999999997,0.75,0.511,0.528,0.8190000000000001,0.7040000000000001,0.413,0.635,0.151,0.136,7.6,0.5,0.7,35,1.2,0.9,-5.7,3.6,9.3,2023
Owen Miller,MIL,314,291,76,54,17,0,5,29,27,0.261,0.303,0.371,0.674,0.292,82,0.11,0.31,86.2,12.9,0.034,0.308,107.5,0.419,0.376,0.205,0.08,0.368,0.406,0.226,0.171,0.517,0.312,0.057,0.253,0.36,0.289,0.054000000000000006,0.19399999999999998,0.28,0.35200000000000004,0.644,0.484,0.748,0.884,0.83,0.451,0.624,0.08199999999999999,0.18600000000000003,4.6,1.2,0.5,31,1.4,0.9,-5.7,4.5,9.4,2023
Jacob Young,WSN,121,107,27,19,7,1,0,9,12,0.252,0.322,0.336,0.658,0.294,83,0.084,0.318,86.4,1.8,0.0,0.307,107.5,0.568,0.247,0.185,0.05,0.341,0.386,0.273,0.136,0.625,0.239,0.0,0.234,0.311,0.279,0.083,0.182,0.45,0.298,0.626,0.44799999999999995,0.627,0.903,0.804,0.45899999999999996,0.653,0.08800000000000001,0.204,7.3,2.4,1.2,12,3.7,0.9,1.1,3.8,9.0,2023
Harrison Bader,- - -,344,319,74,53,12,2,7,44,40,0.232,0.274,0.348,0.622,0.271,69,0.116,0.261,85.9,17.8,0.053,0.317,110.2,0.365,0.46799999999999997,0.16699999999999998,0.154,0.426,0.34,0.23399999999999999,0.204,0.502,0.294,0.057,0.234,0.376,0.289,0.049,0.172,0.29,0.37200000000000005,0.654,0.485,0.634,0.88,0.767,0.401,0.596,0.113,0.172,7.2,2.2,2.0,28,3.5,0.9,-9.3,6.4,8.9,2023
Nelson Velazquez,- - -,179,162,38,15,6,0,17,35,34,0.235,0.302,0.586,0.888,0.369,133,0.352,0.221,91.0,14.4,0.214,0.491,111.4,0.384,0.473,0.14300000000000002,0.057,0.491,0.268,0.24100000000000002,0.134,0.518,0.348,0.321,0.255,0.575,0.374,0.078,0.285,0.27,0.32899999999999996,0.76,0.5,0.479,0.8109999999999999,0.679,0.396,0.609,0.161,0.135,2.6,-0.2,0.6,29,0.7,0.8,7.9,-5.5,8.5,2023
Tom Murphy,SEA,159,145,42,22,12,0,8,19,17,0.29,0.335,0.538,0.873,0.367,142,0.248,0.358,89.5,13.7,0.14400000000000002,0.442,111.4,0.447,0.369,0.184,0.026000000000000002,0.47600000000000003,0.301,0.223,0.107,0.485,0.408,0.21100000000000002,0.261,0.498,0.351,0.063,0.27699999999999997,0.23,0.32799999999999996,0.753,0.519,0.495,0.816,0.705,0.45,0.629,0.153,0.14300000000000002,1.1,-0.3,-0.7,26,-0.4,0.8,7.7,-4.7,8.4,2023
D.J. Stewart,NYM,185,160,39,19,9,0,11,21,26,0.244,0.333,0.506,0.84,0.358,129,0.263,0.298,89.9,16.5,0.121,0.439,108.8,0.385,0.433,0.183,0.222,0.613,0.264,0.12300000000000001,0.198,0.425,0.377,0.244,0.232,0.462,0.339,0.081,0.303,0.27,0.298,0.795,0.505,0.47700000000000004,0.7659999999999999,0.667,0.41700000000000004,0.551,0.168,0.10800000000000001,2.0,-0.5,-0.5,29,-0.1,0.8,6.4,-4.8,7.9,2023
Charlie Blackmon,COL,413,359,100,63,24,5,8,57,40,0.279,0.363,0.44,0.803,0.35,106,0.162,0.307,86.4,18.1,0.049,0.315,108.5,0.364,0.40299999999999997,0.23399999999999999,0.145,0.442,0.35100000000000003,0.20800000000000002,0.182,0.503,0.315,0.065,0.269,0.406,0.339,0.094,0.133,0.71,0.315,0.677,0.473,0.73,0.8909999999999999,0.83,0.436,0.61,0.08,0.168,5.6,-0.5,-0.8,61,-1.5,0.8,1.7,-7.8,7.9,2023
Mike Ford,SEA,251,219,50,28,6,0,16,32,34,0.228,0.323,0.475,0.798,0.343,125,0.247,0.276,88.8,21.0,0.17300000000000001,0.446,111.1,0.317,0.496,0.187,0.203,0.45299999999999996,0.353,0.19399999999999998,0.259,0.40299999999999997,0.33799999999999997,0.23199999999999998,0.203,0.418,0.315,0.096,0.32299999999999995,0.3,0.267,0.6509999999999999,0.42700000000000005,0.503,0.8320000000000001,0.7120000000000001,0.41700000000000004,0.5660000000000001,0.12300000000000001,0.17800000000000002,1.2,-0.5,-2.0,36,-1.6,0.8,6.0,-6.9,7.7,2023
Michael Conforto,SFG,470,406,97,68,14,0,15,58,58,0.239,0.334,0.384,0.718,0.315,99,0.145,0.284,88.9,12.0,0.079,0.39799999999999996,109.7,0.45399999999999996,0.382,0.16399999999999998,0.078,0.349,0.38799999999999996,0.263,0.17800000000000002,0.495,0.327,0.129,0.245,0.416,0.33,0.113,0.226,0.5,0.28600000000000003,0.7040000000000001,0.45299999999999996,0.624,0.861,0.7709999999999999,0.39899999999999997,0.615,0.10400000000000001,0.162,3.4,-0.2,1.3,56,-1.1,0.8,-1.9,-6.2,7.9,2023
Anthony Rizzo,NYY,421,373,91,65,14,0,12,45,41,0.244,0.328,0.378,0.706,0.312,99,0.134,0.298,90.0,17.8,0.069,0.375,110.6,0.33299999999999996,0.409,0.257,0.106,0.444,0.361,0.195,0.11900000000000001,0.5920000000000001,0.289,0.106,0.246,0.393,0.319,0.083,0.23,0.36,0.358,0.6659999999999999,0.484,0.626,0.882,0.77,0.41,0.62,0.111,0.17800000000000002,1.8,-2.1,-1.1,49,-3.6,0.8,-4.3,-1.6,8.5,2023
Jake Cronenworth,SDP,522,458,105,64,24,7,10,54,48,0.229,0.312,0.378,0.689,0.301,91,0.148,0.267,87.4,15.2,0.043,0.332,108.4,0.37200000000000005,0.406,0.222,0.08199999999999999,0.36200000000000004,0.371,0.267,0.18,0.564,0.256,0.068,0.238,0.37,0.305,0.08800000000000001,0.18600000000000003,0.47,0.31,0.6729999999999999,0.473,0.7490000000000001,0.9309999999999999,0.866,0.45,0.607,0.064,0.177,5.8,-0.1,2.5,56,2.4,0.8,-3.6,-6.6,7.6,2023
Christian Vazquez,MIN,355,327,73,54,13,0,6,34,32,0.223,0.28,0.318,0.598,0.264,63,0.095,0.279,86.7,10.0,0.032,0.32799999999999996,106.6,0.429,0.33899999999999997,0.233,0.145,0.34,0.397,0.263,0.18600000000000003,0.5379999999999999,0.275,0.07200000000000001,0.223,0.319,0.265,0.07,0.231,0.3,0.377,0.645,0.485,0.7040000000000001,0.8059999999999999,0.759,0.40399999999999997,0.606,0.11699999999999999,0.168,2.4,-0.4,-2.4,27,-3.8,0.8,-19.4,15.8,8.5,2023
Christian Encarnacion-Strand,CIN,241,222,60,40,7,0,13,29,37,0.27,0.328,0.477,0.805,0.346,113,0.207,0.336,90.3,18.6,0.105,0.484,111.8,0.34600000000000003,0.386,0.268,0.085,0.373,0.366,0.261,0.131,0.529,0.34,0.22,0.27,0.476,0.346,0.057999999999999996,0.28600000000000003,0.2,0.387,0.737,0.527,0.578,0.84,0.7240000000000001,0.39899999999999997,0.68,0.145,0.13699999999999998,3.0,-0.1,-1.5,35,0.0,0.7,3.7,-5.3,6.6,2023
Masataka Yoshida,BOS,580,537,155,104,33,3,15,71,72,0.289,0.338,0.445,0.783,0.339,111,0.156,0.316,89.0,3.9,0.066,0.406,112.3,0.546,0.26899999999999996,0.18600000000000003,0.081,0.365,0.35200000000000004,0.284,0.19,0.515,0.295,0.122,0.273,0.425,0.325,0.059000000000000004,0.14,0.42,0.293,0.599,0.433,0.7340000000000001,0.887,0.831,0.45799999999999996,0.597,0.073,0.212,4.9,0.5,-2.8,80,-1.9,0.7,5.9,-18.2,7.5,2023
Joc Pederson,SFG,425,358,84,52,14,3,15,59,51,0.235,0.348,0.416,0.764,0.331,109,0.182,0.268,92.1,15.2,0.121,0.522,116.6,0.395,0.41700000000000004,0.188,0.08800000000000001,0.46299999999999997,0.331,0.20600000000000002,0.114,0.467,0.419,0.133,0.262,0.479,0.364,0.134,0.209,0.64,0.308,0.6809999999999999,0.45,0.679,0.845,0.774,0.379,0.522,0.10099999999999999,0.156,3.2,-0.8,1.2,56,0.1,0.7,5.0,-12.0,7.4,2023
Austin Slater,SFG,207,185,50,36,9,0,5,24,20,0.27,0.348,0.4,0.748,0.33,109,0.13,0.369,91.1,7.5,0.11800000000000001,0.465,109.6,0.49200000000000005,0.294,0.214,0.054000000000000006,0.354,0.307,0.33899999999999997,0.126,0.5670000000000001,0.307,0.135,0.255,0.443,0.338,0.09699999999999999,0.28,0.34,0.249,0.66,0.42,0.517,0.8370000000000001,0.726,0.415,0.623,0.115,0.193,2.5,-0.9,0.7,27,-1.4,0.7,0.9,-1.2,6.7,2023
Joey Gallo,MIN,332,282,50,19,9,1,21,39,40,0.177,0.301,0.44,0.741,0.32,102,0.262,0.244,93.0,26.4,0.193,0.529,112.6,0.295,0.583,0.122,0.12300000000000001,0.586,0.207,0.207,0.171,0.46399999999999997,0.364,0.259,0.149,0.399,0.295,0.145,0.428,0.34,0.29100000000000004,0.736,0.47,0.38299999999999995,0.7090000000000001,0.589,0.40299999999999997,0.599,0.193,0.127,3.0,-0.7,1.3,41,0.3,0.7,0.9,-4.7,7.5,2023
Tyler O'Neill,STL,266,238,55,32,14,0,9,27,21,0.231,0.312,0.403,0.715,0.313,97,0.172,0.284,89.2,15.0,0.12300000000000001,0.433,111.4,0.42700000000000005,0.38,0.193,0.092,0.39799999999999996,0.39799999999999996,0.205,0.17,0.46799999999999997,0.363,0.138,0.246,0.445,0.334,0.105,0.252,0.42,0.285,0.71,0.449,0.56,0.871,0.75,0.387,0.647,0.11199999999999999,0.168,3.8,0.5,-1.1,31,-0.2,0.7,-1.2,-1.0,6.8,2023
Ramon Urias,BAL,396,360,95,66,22,3,4,45,42,0.264,0.328,0.375,0.703,0.31,98,0.111,0.355,89.2,7.9,0.069,0.381,109.5,0.531,0.285,0.185,0.081,0.423,0.335,0.242,0.138,0.573,0.28800000000000003,0.054000000000000006,0.226,0.336,0.281,0.068,0.255,0.27,0.322,0.7120000000000001,0.491,0.5920000000000001,0.8340000000000001,0.7440000000000001,0.433,0.674,0.126,0.163,4.7,-0.6,1.9,46,0.3,0.7,-0.8,-6.1,6.5,2023
Miguel Amaya,CHC,156,131,28,19,4,0,5,17,18,0.214,0.329,0.359,0.688,0.31,95,0.145,0.264,87.0,18.6,0.09699999999999999,0.33299999999999996,109.7,0.341,0.473,0.187,0.09300000000000001,0.409,0.33299999999999996,0.258,0.183,0.5479999999999999,0.26899999999999996,0.11599999999999999,0.232,0.393,0.332,0.077,0.256,0.3,0.313,0.652,0.462,0.618,0.848,0.76,0.43799999999999994,0.603,0.11,0.17600000000000002,1.7,-0.3,0.1,18,-0.3,0.7,-1.3,2.6,6.7,2023
Travis d'Arnaud,ATL,292,267,60,36,13,0,11,31,39,0.225,0.288,0.397,0.685,0.297,84,0.172,0.258,90.7,10.3,0.09,0.428,110.8,0.423,0.373,0.204,0.107,0.418,0.294,0.289,0.154,0.493,0.353,0.147,0.254,0.44,0.327,0.07200000000000001,0.22899999999999998,0.31,0.319,0.769,0.52,0.624,0.7829999999999999,0.7290000000000001,0.447,0.654,0.14,0.124,1.3,-0.5,-0.4,30,-1.2,0.7,-7.0,4.2,7.1,2023
Akil Baddoo,DET,357,312,68,43,13,1,11,40,34,0.218,0.31,0.372,0.682,0.299,88,0.154,0.268,88.1,10.8,0.062,0.363,111.7,0.462,0.381,0.157,0.094,0.385,0.358,0.257,0.18600000000000003,0.522,0.292,0.129,0.218,0.371,0.301,0.11800000000000001,0.249,0.47,0.29100000000000004,0.6990000000000001,0.46299999999999997,0.569,0.894,0.7759999999999999,0.42,0.574,0.10400000000000001,0.149,5.3,0.9,1.5,38,3.6,0.7,-1.6,-3.9,6.8,2023
Shea Langeliers,OAK,490,448,92,47,19,4,22,52,63,0.205,0.268,0.413,0.681,0.29,86,0.208,0.246,90.6,19.6,0.133,0.445,113.4,0.365,0.489,0.147,0.18,0.461,0.295,0.244,0.192,0.47100000000000003,0.33799999999999997,0.147,0.211,0.423,0.297,0.069,0.292,0.24,0.358,0.7,0.502,0.526,0.802,0.688,0.42,0.627,0.157,0.146,4.4,-0.9,-1.5,48,0.1,0.7,-8.1,-1.8,6.8,2023
Taylor Walls,TBR,349,303,61,39,12,2,8,50,36,0.201,0.305,0.333,0.638,0.287,84,0.132,0.261,86.7,19.1,0.033,0.28800000000000003,104.8,0.35200000000000004,0.462,0.18600000000000003,0.10300000000000001,0.358,0.406,0.23600000000000002,0.156,0.599,0.245,0.08199999999999999,0.2,0.295,0.274,0.126,0.264,0.48,0.213,0.691,0.428,0.578,0.8320000000000001,0.763,0.45,0.579,0.10099999999999999,0.177,7.6,3.3,1.4,33,4.8,0.7,-2.0,-2.5,7.4,2023
Javier Baez,DET,547,510,113,82,18,4,9,58,59,0.222,0.267,0.325,0.593,0.261,61,0.104,0.274,88.0,9.3,0.051,0.39299999999999996,113.1,0.499,0.32,0.18100000000000002,0.08900000000000001,0.402,0.361,0.237,0.142,0.575,0.284,0.073,0.234,0.355,0.279,0.044000000000000004,0.22899999999999998,0.19,0.46,0.693,0.547,0.5820000000000001,0.82,0.695,0.374,0.634,0.16699999999999998,0.134,6.5,1.5,0.3,40,2.3,0.7,-23.1,11.2,6.8,2023
Jose Trevino,NYY,168,157,33,25,4,0,4,15,15,0.21,0.257,0.312,0.57,0.252,57,0.102,0.221,85.8,9.5,0.028999999999999998,0.316,106.8,0.511,0.304,0.185,0.146,0.375,0.375,0.25,0.213,0.537,0.25,0.098,0.245,0.344,0.279,0.048,0.131,0.36,0.395,0.545,0.455,0.7659999999999999,0.925,0.8420000000000001,0.401,0.631,0.07200000000000001,0.221,1.4,-0.3,0.1,11,-1.3,0.7,-10.0,11.8,7.4,2023
Ernie Clement,TOR,52,50,19,16,1,1,1,7,10,0.38,0.385,0.5,0.885,0.378,143,0.12,0.391,84.1,16.2,0.021,0.191,105.4,0.40399999999999997,0.36200000000000004,0.23399999999999999,0.11800000000000001,0.40399999999999997,0.34,0.255,0.17,0.617,0.213,0.059000000000000004,0.327,0.431,0.328,0.019,0.077,0.25,0.5,0.657,0.568,0.8640000000000001,0.977,0.92,0.43200000000000005,0.654,0.045,0.168,6.4,0.1,0.4,9,0.5,0.6,3.2,0.8,5.8,2023
Wilyer Abreu,BOS,85,76,24,16,6,0,2,10,14,0.316,0.388,0.474,0.862,0.375,136,0.158,0.431,91.3,11.9,0.094,0.491,109.4,0.415,0.377,0.20800000000000002,0.05,0.396,0.28300000000000003,0.321,0.113,0.491,0.396,0.1,0.27,0.484,0.359,0.106,0.271,0.39,0.271,0.6709999999999999,0.446,0.545,0.774,0.696,0.43799999999999994,0.635,0.136,0.18,3.8,0.0,-1.0,14,-0.3,0.6,3.4,-0.1,6.2,2023
Noelvi Marte,CIN,123,114,36,26,7,0,3,15,15,0.316,0.366,0.456,0.822,0.357,120,0.14,0.384,91.3,1.9,0.079,0.461,115.6,0.528,0.247,0.225,0.045,0.348,0.461,0.191,0.16899999999999998,0.449,0.382,0.136,0.295,0.429,0.34,0.065,0.203,0.32,0.313,0.672,0.47100000000000003,0.59,0.885,0.775,0.439,0.65,0.106,0.182,4.4,0.1,0.3,19,-0.2,0.6,2.9,-1.2,5.8,2023
Dominic Fletcher,ARI,102,93,28,20,5,1,2,10,14,0.301,0.35,0.441,0.791,0.34,112,0.14,0.377,89.7,8.5,0.040999999999999995,0.397,108.7,0.507,0.33799999999999997,0.155,0.083,0.37,0.37,0.26,0.13699999999999998,0.5479999999999999,0.315,0.083,0.225,0.328,0.263,0.069,0.21600000000000003,0.32,0.354,0.6729999999999999,0.495,0.693,0.894,0.8140000000000001,0.442,0.637,0.092,0.174,3.6,-1.0,-0.3,14,-1.1,0.6,0.4,1.9,5.8,2023
Patrick Wisdom,CHC,302,268,55,23,8,1,23,43,46,0.205,0.289,0.5,0.789,0.333,110,0.295,0.237,92.7,21.7,0.201,0.547,114.6,0.306,0.529,0.166,0.10800000000000001,0.45899999999999996,0.371,0.17,0.151,0.44,0.409,0.27699999999999997,0.218,0.498,0.339,0.099,0.368,0.27,0.278,0.737,0.46799999999999997,0.516,0.7909999999999999,0.695,0.413,0.583,0.14300000000000002,0.146,4.5,-0.5,0.2,40,-0.3,0.6,3.6,-7.4,6.4,2023
Randal Grichuk,- - -,471,434,116,67,31,2,16,65,44,0.267,0.321,0.459,0.779,0.333,101,0.191,0.309,89.6,14.0,0.071,0.45299999999999996,112.1,0.409,0.385,0.20600000000000002,0.145,0.462,0.306,0.23199999999999998,0.153,0.462,0.385,0.122,0.263,0.425,0.323,0.062,0.204,0.3,0.373,0.691,0.501,0.574,0.883,0.746,0.40399999999999997,0.597,0.127,0.153,3.8,-1.2,-0.6,63,-1.7,0.6,-0.7,-9.1,6.2,2023
Eloy Jimenez,CHW,489,456,124,83,23,0,18,50,64,0.272,0.317,0.441,0.758,0.325,106,0.169,0.305,90.9,5.7,0.09300000000000001,0.46799999999999997,113.5,0.532,0.31,0.159,0.142,0.405,0.36200000000000004,0.233,0.17,0.452,0.37799999999999995,0.159,0.258,0.426,0.314,0.061,0.19,0.32,0.395,0.73,0.52,0.575,0.856,0.722,0.37200000000000005,0.669,0.14400000000000002,0.132,1.0,-0.9,-0.5,62,-1.3,0.6,2.1,-12.9,5.9,2023
Garrett Hampson,MIA,252,221,61,45,12,1,3,30,23,0.276,0.349,0.38,0.729,0.323,100,0.104,0.379,86.6,11.8,0.031,0.28300000000000003,108.5,0.42700000000000005,0.33299999999999996,0.24,0.14,0.34600000000000003,0.327,0.327,0.17600000000000002,0.5529999999999999,0.27,0.06,0.239,0.329,0.291,0.091,0.266,0.34,0.29100000000000004,0.589,0.42200000000000004,0.613,0.845,0.754,0.43700000000000006,0.611,0.10300000000000001,0.204,5.4,0.5,0.4,32,1.5,0.6,1.6,-4.1,6.0,2023
Pablo Reyes,BOS,185,167,48,37,9,0,2,27,20,0.287,0.339,0.377,0.716,0.315,95,0.09,0.315,88.1,14.7,0.04,0.36,109.2,0.42100000000000004,0.4,0.179,0.155,0.473,0.307,0.22,0.16699999999999998,0.5329999999999999,0.3,0.034,0.265,0.393,0.31,0.076,0.114,0.67,0.245,0.623,0.41600000000000004,0.758,0.91,0.861,0.45299999999999996,0.611,0.057999999999999996,0.20800000000000002,5.0,0.2,1.0,22,0.8,0.6,-0.4,0.0,5.9,2023
Andruw Monasterio,MIL,315,282,73,55,14,1,3,38,27,0.259,0.33,0.348,0.678,0.302,89,0.089,0.326,88.8,17.7,0.055,0.335,106.3,0.327,0.415,0.258,0.08900000000000001,0.37200000000000005,0.33899999999999997,0.289,0.124,0.555,0.321,0.033,0.248,0.373,0.308,0.08900000000000001,0.21,0.42,0.259,0.623,0.419,0.667,0.862,0.794,0.44,0.565,0.086,0.19899999999999998,4.9,-0.1,-1.8,34,-0.6,0.6,-5.0,0.1,5.7,2023
Ildemaro Vargas,WSN,286,262,66,47,13,2,4,32,31,0.252,0.304,0.363,0.666,0.292,81,0.111,0.259,87.1,4.1,0.024,0.313,111.0,0.5670000000000001,0.26899999999999996,0.16399999999999998,0.109,0.439,0.366,0.195,0.171,0.5770000000000001,0.252,0.063,0.266,0.369,0.304,0.066,0.07,0.95,0.308,0.624,0.455,0.805,0.9359999999999999,0.888,0.465,0.636,0.05,0.201,3.7,-0.7,-0.8,29,0.3,0.6,-6.3,2.2,5.7,2023
Isiah Kiner-Falefa,NYY,361,326,79,60,12,1,6,39,37,0.242,0.306,0.34,0.646,0.286,81,0.098,0.289,88.8,7.2,0.031,0.392,109.6,0.494,0.259,0.247,0.061,0.35,0.392,0.258,0.12300000000000001,0.604,0.273,0.091,0.254,0.348,0.295,0.078,0.19399999999999998,0.4,0.302,0.621,0.447,0.6709999999999999,0.907,0.82,0.45399999999999996,0.62,0.08,0.201,5.2,0.0,-0.7,34,0.0,0.6,-8.4,2.0,5.9,2023
Alex Call,WSN,439,375,75,52,14,1,8,43,38,0.2,0.307,0.307,0.614,0.28,73,0.107,0.23,86.8,17.0,0.053,0.301,108.5,0.37799999999999995,0.47100000000000003,0.151,0.146,0.444,0.348,0.209,0.192,0.536,0.272,0.057999999999999996,0.21,0.331,0.293,0.121,0.17800000000000002,0.68,0.226,0.629,0.395,0.6829999999999999,0.9009999999999999,0.8290000000000001,0.42,0.5670000000000001,0.068,0.203,3.7,-2.4,0.7,40,-0.6,0.6,-15.2,6.0,5.7,2023
Miguel Rojas,LAD,423,385,91,69,16,1,5,49,31,0.236,0.29,0.322,0.612,0.271,67,0.086,0.255,87.3,10.9,0.028999999999999998,0.32,108.7,0.45299999999999996,0.353,0.19399999999999998,0.083,0.363,0.34600000000000003,0.29100000000000004,0.183,0.535,0.282,0.042,0.248,0.333,0.284,0.061,0.113,0.54,0.359,0.6920000000000001,0.495,0.741,0.927,0.847,0.408,0.669,0.075,0.168,4.7,-0.4,-0.2,35,-0.4,0.6,-17.4,8.8,5.7,2023
Endy Rodriguez,PIT,204,186,41,29,7,2,3,27,13,0.22,0.284,0.328,0.612,0.271,65,0.108,0.281,89.1,16.5,0.051,0.36200000000000004,110.7,0.336,0.423,0.24100000000000002,0.069,0.5,0.275,0.225,0.109,0.5870000000000001,0.304,0.052000000000000005,0.232,0.375,0.294,0.083,0.24,0.35,0.315,0.679,0.461,0.6579999999999999,0.9009999999999999,0.802,0.402,0.593,0.091,0.162,4.0,-0.4,0.4,17,0.7,0.6,-8.2,7.4,6.2,2023
Jorge Mateo,BAL,350,318,69,46,14,2,7,58,34,0.217,0.267,0.34,0.607,0.265,66,0.123,0.267,88.4,10.5,0.053,0.384,112.4,0.44299999999999995,0.376,0.18100000000000002,0.10099999999999999,0.41,0.34,0.25,0.18,0.516,0.303,0.079,0.24,0.371,0.289,0.063,0.23399999999999999,0.27,0.361,0.684,0.494,0.561,0.873,0.738,0.41100000000000003,0.597,0.129,0.16699999999999998,8.4,3.8,1.4,27,6.1,0.6,-8.0,2.4,6.3,2023
Nick Fortes,MIA,323,294,60,44,10,0,6,33,26,0.204,0.263,0.299,0.562,0.251,52,0.095,0.234,88.2,13.9,0.038,0.35,108.5,0.45799999999999996,0.41100000000000003,0.131,0.155,0.45799999999999996,0.325,0.217,0.183,0.49200000000000005,0.325,0.062,0.21,0.324,0.262,0.053,0.183,0.29,0.285,0.6579999999999999,0.449,0.7609999999999999,0.8959999999999999,0.848,0.44,0.628,0.068,0.18600000000000003,3.7,-0.6,1.6,21,0.1,0.6,-19.1,14.3,6.1,2023
Seby Zavala,- - -,193,175,30,19,4,0,7,17,18,0.171,0.23,0.314,0.545,0.239,45,0.143,0.23,87.5,14.9,0.055,0.36700000000000005,109.8,0.39299999999999996,0.374,0.23399999999999999,0.075,0.431,0.385,0.183,0.128,0.578,0.294,0.175,0.188,0.305,0.246,0.062,0.363,0.17,0.40299999999999997,0.711,0.539,0.494,0.778,0.659,0.44,0.6890000000000001,0.183,0.139,2.8,-0.1,-1.0,11,-0.8,0.6,-13.4,12.4,5.6,2023
Alex Kirilloff,MIN,319,281,76,50,14,1,11,35,41,0.27,0.348,0.445,0.793,0.343,118,0.174,0.337,88.6,12.4,0.07400000000000001,0.377,108.7,0.397,0.294,0.309,0.017,0.358,0.358,0.284,0.10800000000000001,0.5489999999999999,0.34299999999999997,0.183,0.263,0.428,0.336,0.08800000000000001,0.251,0.35,0.35,0.6679999999999999,0.473,0.632,0.848,0.75,0.38799999999999996,0.602,0.11800000000000001,0.174,2.9,-0.4,-0.2,45,-1.9,0.5,4.9,-10.4,5.4,2023
Edward Olivares,KCR,385,354,93,54,23,4,12,47,36,0.263,0.317,0.452,0.769,0.329,106,0.189,0.289,87.3,12.2,0.079,0.377,111.0,0.428,0.397,0.175,0.172,0.462,0.267,0.271,0.192,0.486,0.322,0.10300000000000001,0.27,0.456,0.338,0.057,0.166,0.34,0.344,0.727,0.507,0.621,0.898,0.79,0.426,0.649,0.106,0.152,6.0,-0.5,0.1,50,0.4,0.5,3.1,-11.1,5.2,2023
Cristian Pache,PHI,95,84,20,10,7,1,2,12,11,0.238,0.319,0.417,0.736,0.32,98,0.179,0.327,89.9,8.6,0.069,0.44799999999999995,108.2,0.444,0.278,0.278,0.133,0.483,0.259,0.259,0.138,0.569,0.293,0.133,0.244,0.392,0.315,0.105,0.284,0.37,0.276,0.72,0.47100000000000003,0.5760000000000001,0.727,0.6779999999999999,0.44,0.6,0.151,0.14300000000000002,5.4,-1.0,0.1,12,-0.1,0.5,-0.3,1.6,4.5,2023
Robbie Grossman,TEX,420,353,84,50,23,1,10,56,49,0.238,0.34,0.394,0.734,0.323,106,0.156,0.292,88.2,20.3,0.068,0.373,109.0,0.319,0.46799999999999997,0.213,0.08900000000000001,0.395,0.376,0.228,0.16,0.48700000000000004,0.354,0.081,0.225,0.352,0.307,0.136,0.233,0.58,0.187,0.6409999999999999,0.381,0.647,0.8809999999999999,0.815,0.42700000000000005,0.56,0.07,0.21,3.3,-0.6,1.6,53,-0.9,0.5,2.1,-11.7,4.7,2023
Dylan Moore,SEA,165,145,30,13,9,1,7,18,19,0.207,0.303,0.428,0.731,0.317,107,0.221,0.28,89.0,21.4,0.16899999999999998,0.449,109.0,0.292,0.573,0.135,0.098,0.506,0.281,0.213,0.191,0.43799999999999994,0.371,0.13699999999999998,0.203,0.432,0.317,0.09699999999999999,0.33899999999999997,0.29,0.317,0.6459999999999999,0.46,0.525,0.7759999999999999,0.6779999999999999,0.435,0.618,0.14800000000000002,0.195,6.0,-0.1,-0.2,20,-0.1,0.5,1.3,-1.7,5.3,2023
Byron Buxton,MIN,347,304,63,28,17,1,17,49,42,0.207,0.294,0.438,0.731,0.311,96,0.23,0.253,91.5,20.1,0.146,0.457,116.9,0.317,0.5429999999999999,0.141,0.157,0.528,0.302,0.171,0.18600000000000003,0.47700000000000004,0.337,0.157,0.212,0.425,0.316,0.10099999999999999,0.314,0.32,0.313,0.743,0.5,0.523,0.8240000000000001,0.718,0.436,0.591,0.141,0.135,6.1,1.3,2.3,40,3.8,0.5,2.0,-8.6,5.2,2023
Gio Urshela,LAA,228,214,64,53,8,1,2,22,24,0.299,0.329,0.374,0.703,0.307,93,0.075,0.346,87.5,8.6,0.039,0.337,106.1,0.48100000000000004,0.304,0.215,0.036000000000000004,0.293,0.376,0.331,0.155,0.591,0.254,0.036000000000000004,0.259,0.361,0.289,0.044000000000000004,0.158,0.28,0.42100000000000004,0.733,0.5479999999999999,0.727,0.9159999999999999,0.83,0.40700000000000003,0.68,0.09300000000000001,0.134,3.6,-0.7,0.8,26,-0.4,0.5,-2.4,-0.2,5.2,2023
Luke Maile,CIN,199,179,42,26,10,0,6,17,25,0.235,0.308,0.391,0.699,0.307,86,0.156,0.29,87.7,14.7,0.107,0.336,106.0,0.426,0.38,0.19399999999999998,0.122,0.435,0.35100000000000003,0.214,0.122,0.55,0.32799999999999996,0.122,0.234,0.416,0.315,0.07,0.24600000000000002,0.29,0.29100000000000004,0.653,0.44299999999999995,0.615,0.847,0.758,0.418,0.568,0.107,0.195,2.5,-0.4,-0.7,22,-0.8,0.5,-4.2,2.0,4.6,2023
Luis Garcia Jr.,WSN,482,447,119,88,18,4,9,61,50,0.266,0.304,0.385,0.688,0.297,84,0.119,0.286,88.2,4.6,0.057999999999999996,0.365,110.0,0.5329999999999999,0.282,0.185,0.036000000000000004,0.34700000000000003,0.392,0.261,0.157,0.539,0.304,0.081,0.263,0.404,0.308,0.055999999999999994,0.124,0.45,0.34700000000000003,0.752,0.506,0.763,0.91,0.8490000000000001,0.392,0.612,0.076,0.14300000000000002,5.5,-0.8,-1.3,50,-0.4,0.5,-9.8,-1.6,4.9,2023
Manuel Margot,TBR,336,311,82,56,21,1,4,39,38,0.264,0.31,0.376,0.686,0.299,92,0.113,0.306,87.9,10.5,0.039,0.37799999999999995,111.5,0.457,0.348,0.195,0.11199999999999999,0.405,0.313,0.282,0.17800000000000002,0.502,0.32,0.045,0.262,0.368,0.301,0.054000000000000006,0.16399999999999998,0.33,0.32899999999999996,0.718,0.495,0.632,0.867,0.777,0.426,0.607,0.11,0.158,5.2,-0.1,-1.1,36,-2.1,0.5,-5.2,-1.3,4.9,2023
Reese McGuire,BOS,206,187,50,36,12,1,1,15,16,0.267,0.31,0.358,0.668,0.293,80,0.091,0.366,84.0,2.8,0.027999999999999997,0.262,107.3,0.55,0.252,0.198,0.121,0.39399999999999996,0.336,0.27,0.19,0.591,0.21899999999999997,0.03,0.207,0.281,0.242,0.053,0.257,0.21,0.44299999999999995,0.63,0.522,0.6890000000000001,0.882,0.7879999999999999,0.423,0.655,0.111,0.17600000000000002,3.5,-0.4,-2.2,21,-1.3,0.5,-6.3,4.6,5.3,2023
Matt Thaiss,LAA,307,262,56,41,6,0,9,32,31,0.214,0.319,0.34,0.659,0.295,85,0.126,0.272,88.5,9.2,0.10400000000000001,0.40700000000000003,110.0,0.425,0.365,0.21,0.061,0.41200000000000003,0.335,0.253,0.159,0.5329999999999999,0.308,0.136,0.232,0.408,0.331,0.11699999999999999,0.27,0.43,0.237,0.76,0.45899999999999996,0.547,0.762,0.698,0.423,0.5770000000000001,0.138,0.13699999999999998,2.8,-0.2,-0.9,32,-1.9,0.5,-7.6,1.8,4.7,2023
Michael Massey,KCR,461,428,98,64,18,1,15,42,55,0.229,0.274,0.381,0.655,0.283,74,0.152,0.261,88.6,19.7,0.078,0.395,110.3,0.304,0.45,0.24600000000000002,0.122,0.521,0.272,0.207,0.162,0.53,0.308,0.10099999999999999,0.26,0.432,0.318,0.052000000000000005,0.215,0.24,0.359,0.733,0.518,0.6759999999999999,0.878,0.7979999999999999,0.425,0.59,0.105,0.139,3.6,-0.4,1.2,43,0.9,0.5,-13.4,2.4,4.7,2023
Gabriel Arias,CLE,345,315,66,41,15,0,10,36,26,0.21,0.275,0.352,0.628,0.276,73,0.143,0.29,91.1,3.7,0.099,0.46299999999999997,114.4,0.523,0.29600000000000004,0.18100000000000002,0.068,0.33,0.39399999999999996,0.276,0.153,0.493,0.355,0.16899999999999998,0.23,0.407,0.304,0.081,0.32799999999999996,0.25,0.379,0.774,0.551,0.479,0.7509999999999999,0.645,0.435,0.6779999999999999,0.195,0.11599999999999999,2.6,-1.6,0.3,30,0.5,0.5,-10.6,3.9,5.1,2023
Paul DeJong,- - -,400,372,77,50,13,0,14,41,38,0.207,0.258,0.355,0.612,0.266,66,0.148,0.264,85.5,16.8,0.067,0.332,107.6,0.395,0.41100000000000003,0.19399999999999998,0.154,0.44299999999999995,0.245,0.312,0.209,0.486,0.304,0.135,0.219,0.361,0.278,0.053,0.303,0.17,0.375,0.745,0.532,0.48100000000000004,0.804,0.672,0.423,0.6829999999999999,0.174,0.145,3.0,-1.5,-1.5,32,-2.1,0.5,-18.9,10.4,5.1,2023
Nick Martini,CIN,79,72,19,9,3,1,6,10,16,0.264,0.329,0.583,0.912,0.382,137,0.319,0.255,91.0,23.6,0.105,0.456,107.1,0.24600000000000002,0.544,0.21100000000000002,0.129,0.368,0.316,0.316,0.158,0.474,0.368,0.19399999999999998,0.257,0.503,0.352,0.063,0.19,0.33,0.266,0.6859999999999999,0.475,0.7140000000000001,0.897,0.846,0.49700000000000005,0.5820000000000001,0.073,0.175,3.2,-0.1,-0.3,14,0.0,0.4,3.6,-2.4,3.9,2023
Richie Palacios,STL,102,93,24,12,6,0,6,9,16,0.258,0.307,0.516,0.823,0.346,120,0.258,0.234,88.1,6.3,0.071,0.33299999999999996,106.8,0.53,0.337,0.133,0.036000000000000004,0.452,0.33299999999999996,0.214,0.16699999999999998,0.536,0.298,0.214,0.243,0.414,0.305,0.059000000000000004,0.10800000000000001,0.55,0.254,0.705,0.449,0.797,0.903,0.8690000000000001,0.431,0.578,0.059000000000000004,0.17600000000000002,3.3,0.3,-0.4,15,0.4,0.4,2.9,-2.3,4.1,2023
Riley Adams,WSN,158,143,39,20,13,2,4,8,21,0.273,0.331,0.476,0.807,0.344,116,0.203,0.368,89.9,18.1,0.05,0.41,110.8,0.34299999999999997,0.40399999999999997,0.253,0.15,0.38,0.28,0.34,0.16,0.49,0.35,0.1,0.228,0.355,0.282,0.07,0.285,0.24,0.379,0.733,0.527,0.5920000000000001,0.867,0.752,0.41700000000000004,0.703,0.131,0.152,2.4,-0.3,0.3,23,0.0,0.4,3.2,-4.4,4.1,2023
Nick Loftin,KCR,68,62,20,14,5,1,0,10,10,0.323,0.368,0.435,0.803,0.348,119,0.113,0.392,86.3,10.8,0.078,0.353,107.1,0.49,0.314,0.196,0.125,0.451,0.275,0.275,0.157,0.588,0.255,0.0,0.254,0.357,0.306,0.059000000000000004,0.17600000000000002,0.33,0.27399999999999997,0.74,0.46799999999999997,0.675,0.883,0.812,0.41600000000000004,0.588,0.08800000000000001,0.16,7.6,0.3,-0.1,10,0.4,0.4,1.9,-0.7,3.5,2023
Enmanuel Valdez,BOS,149,139,37,23,8,0,6,17,19,0.266,0.311,0.453,0.764,0.328,104,0.187,0.323,87.5,10.2,0.107,0.33,107.1,0.461,0.363,0.17600000000000002,0.081,0.41200000000000003,0.392,0.196,0.13699999999999998,0.569,0.294,0.162,0.236,0.426,0.305,0.054000000000000006,0.248,0.22,0.321,0.612,0.436,0.636,0.878,0.7709999999999999,0.397,0.537,0.1,0.196,4.4,0.3,0.2,19,0.6,0.4,1.3,-2.3,4.1,2023
Josh Bell,- - -,617,547,135,85,28,0,22,52,74,0.247,0.325,0.419,0.744,0.323,104,0.172,0.287,90.1,9.3,0.1,0.428,114.0,0.483,0.341,0.175,0.063,0.457,0.32,0.22399999999999998,0.147,0.526,0.327,0.155,0.26,0.453,0.342,0.102,0.217,0.47,0.311,0.735,0.47600000000000003,0.626,0.867,0.7709999999999999,0.389,0.579,0.109,0.13699999999999998,0.7,-1.6,-2.8,77,-4.6,0.4,-1.7,-15.1,4.2,2023
Andrew Vaughn,CHW,615,566,146,93,30,2,21,67,80,0.258,0.314,0.429,0.743,0.321,103,0.171,0.299,90.6,11.2,0.084,0.465,111.7,0.444,0.36,0.196,0.095,0.39399999999999996,0.337,0.26899999999999996,0.132,0.522,0.34600000000000003,0.133,0.252,0.427,0.319,0.059000000000000004,0.21,0.28,0.349,0.6659999999999999,0.475,0.64,0.894,0.7809999999999999,0.396,0.628,0.10400000000000001,0.17600000000000002,2.1,-1.1,-4.1,76,-4.5,0.4,-1.9,-14.6,4.4,2023
Tim Locastro,NYM,67,56,13,8,3,0,2,13,3,0.232,0.338,0.393,0.731,0.327,108,0.161,0.344,83.3,22.3,0.083,0.222,105.6,0.303,0.485,0.212,0.25,0.47200000000000003,0.278,0.25,0.222,0.611,0.16699999999999998,0.125,0.22,0.367,0.315,0.045,0.32799999999999996,0.14,0.43200000000000005,0.613,0.513,0.632,0.754,0.6970000000000001,0.445,0.731,0.155,0.20600000000000002,7.5,1.1,0.3,9,1.4,0.4,2.1,-0.4,4.0,2023
Garrett Cooper,- - -,457,422,106,70,18,1,17,42,61,0.251,0.304,0.419,0.724,0.313,95,0.168,0.324,89.0,13.3,0.10300000000000001,0.41100000000000003,110.9,0.435,0.325,0.24,0.053,0.373,0.387,0.24,0.12300000000000001,0.531,0.34600000000000003,0.179,0.252,0.43,0.318,0.068,0.289,0.23,0.41700000000000004,0.693,0.524,0.594,0.836,0.7170000000000001,0.387,0.667,0.14800000000000002,0.151,1.3,-0.8,-1.5,53,-2.5,0.4,-5.4,-6.2,3.9,2023
Rene Pinto,TBR,105,103,26,17,3,0,6,10,16,0.252,0.267,0.456,0.723,0.306,97,0.204,0.317,90.6,16.9,0.159,0.406,110.8,0.304,0.449,0.24600000000000002,0.09699999999999999,0.46399999999999997,0.29,0.24600000000000002,0.11599999999999999,0.551,0.33299999999999996,0.19399999999999998,0.256,0.511,0.329,0.019,0.324,0.06,0.35600000000000004,0.76,0.555,0.47200000000000003,0.758,0.665,0.49200000000000005,0.6759999999999999,0.18600000000000003,0.14300000000000002,0.7,-0.1,-0.3,12,-1.1,0.4,-1.5,1.8,3.9,2023
Matthew Batten,SDP,139,120,31,23,6,0,2,19,11,0.258,0.355,0.358,0.713,0.321,104,0.1,0.33,85.0,15.0,0.011000000000000001,0.253,103.9,0.40399999999999997,0.39299999999999996,0.20199999999999999,0.14300000000000002,0.308,0.33,0.363,0.187,0.659,0.154,0.057,0.21,0.263,0.27,0.122,0.21600000000000003,0.57,0.327,0.5,0.395,0.725,0.85,0.787,0.391,0.597,0.084,0.245,3.2,-0.8,1.3,17,-0.2,0.4,0.5,-1.2,4.1,2023
MJ Melendez,KCR,602,533,125,75,29,5,16,65,56,0.235,0.316,0.398,0.713,0.31,93,0.163,0.311,93.2,16.9,0.114,0.496,113.2,0.36,0.436,0.204,0.05,0.45799999999999996,0.324,0.218,0.071,0.51,0.42,0.1,0.235,0.432,0.325,0.10300000000000001,0.282,0.36,0.298,0.7240000000000001,0.478,0.5429999999999999,0.768,0.687,0.423,0.645,0.149,0.157,4.5,-1.6,-0.9,69,0.5,0.4,-4.6,-12.1,3.9,2023
Hunter Renfroe,- - -,548,498,116,65,31,0,20,60,60,0.233,0.297,0.416,0.713,0.308,93,0.183,0.27,88.3,15.0,0.061,0.38799999999999996,113.2,0.426,0.402,0.17300000000000001,0.185,0.49200000000000005,0.324,0.184,0.18100000000000002,0.49700000000000005,0.322,0.132,0.225,0.367,0.289,0.08,0.228,0.35,0.363,0.726,0.509,0.624,0.858,0.758,0.401,0.619,0.12300000000000001,0.147,1.3,-0.9,0.4,62,-1.6,0.4,-6.4,-7.8,4.5,2023
Adam Frazier,BAL,455,412,99,63,21,2,13,59,60,0.24,0.3,0.396,0.696,0.302,92,0.155,0.258,85.7,15.2,0.031,0.23399999999999999,106.7,0.365,0.368,0.267,0.094,0.391,0.35100000000000003,0.257,0.166,0.591,0.243,0.102,0.261,0.361,0.301,0.07,0.149,0.47,0.322,0.6759999999999999,0.479,0.6659999999999999,0.912,0.82,0.44299999999999995,0.5870000000000001,0.086,0.17800000000000002,5.5,-0.3,1.1,49,1.4,0.4,-2.9,-8.8,3.8,2023
Blake Sabol,SFG,344,310,73,50,10,0,13,36,44,0.235,0.301,0.394,0.695,0.303,91,0.158,0.33,89.1,16.1,0.11199999999999999,0.386,111.6,0.426,0.38299999999999995,0.191,0.139,0.376,0.32,0.305,0.13699999999999998,0.563,0.299,0.18100000000000002,0.199,0.369,0.28,0.07,0.34,0.21,0.317,0.758,0.51,0.469,0.762,0.659,0.43700000000000006,0.631,0.17300000000000001,0.138,3.0,-0.7,1.1,38,-0.2,0.4,-4.1,-3.8,3.8,2023
Amed Rosario,- - -,545,510,134,95,25,8,6,70,58,0.263,0.305,0.378,0.683,0.297,87,0.116,0.314,88.3,7.6,0.034,0.39399999999999996,110.5,0.478,0.314,0.20800000000000002,0.085,0.32899999999999996,0.396,0.275,0.174,0.534,0.292,0.046,0.271,0.38,0.305,0.053,0.182,0.29,0.429,0.6990000000000001,0.534,0.685,0.8809999999999999,0.785,0.39,0.675,0.114,0.149,7.3,1.2,-2.1,57,0.6,0.4,-7.8,-6.9,3.8,2023
Rob Refsnyder,BOS,243,202,50,39,9,1,1,31,28,0.248,0.365,0.317,0.682,0.314,95,0.069,0.316,87.7,11.9,0.038,0.342,106.8,0.429,0.301,0.26899999999999996,0.106,0.42700000000000005,0.401,0.172,0.172,0.561,0.268,0.021,0.262,0.386,0.343,0.136,0.193,0.7,0.212,0.645,0.401,0.667,0.848,0.794,0.43700000000000006,0.588,0.08199999999999999,0.20199999999999999,5.4,0.0,-0.4,29,0.6,0.4,-1.0,-3.0,4.3,2023
Brian Anderson,MIL,361,318,72,48,12,3,9,38,40,0.226,0.31,0.368,0.678,0.299,87,0.142,0.309,87.6,9.9,0.10300000000000001,0.371,110.3,0.474,0.33299999999999996,0.192,0.085,0.29100000000000004,0.43700000000000006,0.272,0.183,0.493,0.324,0.127,0.231,0.391,0.316,0.1,0.299,0.33,0.321,0.722,0.49,0.532,0.8009999999999999,0.6990000000000001,0.42200000000000004,0.659,0.147,0.155,3.7,-1.7,0.1,38,-1.5,0.4,-7.5,-1.2,3.6,2023
JJ Bleday,OAK,303,256,50,29,11,0,10,35,27,0.195,0.31,0.355,0.666,0.297,91,0.16,0.226,88.6,15.5,0.064,0.353,108.8,0.435,0.429,0.136,0.076,0.465,0.31,0.225,0.107,0.5720000000000001,0.321,0.127,0.201,0.348,0.298,0.139,0.23800000000000002,0.58,0.24,0.7090000000000001,0.434,0.561,0.845,0.753,0.413,0.564,0.107,0.155,3.7,0.0,0.5,32,0.5,0.4,-2.9,-3.5,3.9,2023
Corey Julks,HOU,323,298,73,53,14,0,6,35,33,0.245,0.297,0.352,0.65,0.286,79,0.107,0.306,87.9,17.0,0.049,0.36,111.2,0.36,0.387,0.253,0.115,0.396,0.34700000000000003,0.258,0.17800000000000002,0.542,0.28,0.069,0.248,0.373,0.295,0.068,0.23199999999999998,0.29,0.319,0.657,0.45799999999999996,0.647,0.8490000000000001,0.7659999999999999,0.41100000000000003,0.61,0.107,0.185,5.0,1.1,-0.3,31,1.2,0.4,-6.8,-0.1,4.1,2023
Christian Bethancourt,TBR,332,315,71,44,16,0,11,49,33,0.225,0.254,0.381,0.635,0.271,73,0.156,0.278,88.6,11.2,0.079,0.408,109.2,0.48700000000000004,0.375,0.138,0.131,0.504,0.316,0.18,0.158,0.5,0.342,0.131,0.215,0.376,0.266,0.039,0.27399999999999997,0.14,0.47600000000000003,0.787,0.593,0.52,0.8,0.66,0.377,0.726,0.201,0.099,3.7,-0.2,-0.1,27,-1.3,0.4,-12.0,5.0,4.3,2023
Brenton Doyle,COL,431,399,81,50,16,5,10,48,48,0.203,0.25,0.343,0.593,0.257,44,0.14,0.295,88.3,11.7,0.087,0.35,111.0,0.469,0.34700000000000003,0.184,0.07200000000000001,0.425,0.33899999999999997,0.23600000000000002,0.122,0.512,0.366,0.12,0.2,0.344,0.258,0.051,0.35,0.15,0.35100000000000003,0.7509999999999999,0.52,0.455,0.7979999999999999,0.664,0.42200000000000004,0.631,0.175,0.134,8.1,1.7,1.4,31,3.2,0.4,-26.6,16.4,4.5,2023
Brandon Crawford,SFG,320,283,55,36,11,1,7,31,38,0.194,0.273,0.314,0.587,0.26,62,0.12,0.241,89.8,14.0,0.10099999999999999,0.43,110.4,0.42,0.4,0.18,0.073,0.41100000000000003,0.36200000000000004,0.22699999999999998,0.155,0.56,0.285,0.085,0.219,0.379,0.294,0.08800000000000001,0.253,0.35,0.34600000000000003,0.759,0.522,0.52,0.836,0.716,0.425,0.622,0.14800000000000002,0.124,4.3,0.1,0.5,24,0.1,0.4,-15.0,7.9,3.7,2023
Logan O'Hoppe,LAA,199,182,43,23,6,0,14,23,29,0.236,0.296,0.5,0.796,0.337,113,0.264,0.24,90.5,19.6,0.156,0.467,110.4,0.37799999999999995,0.48100000000000004,0.141,0.092,0.563,0.281,0.156,0.10400000000000001,0.504,0.39299999999999996,0.215,0.257,0.5,0.346,0.07,0.24100000000000002,0.29,0.36700000000000005,0.721,0.515,0.488,0.835,0.691,0.419,0.633,0.159,0.142,1.3,-0.7,-0.9,27,-1.6,0.3,1.6,-5.3,3.1,2023
Miguel Andujar,PIT,90,84,21,10,7,0,4,9,18,0.25,0.3,0.476,0.776,0.33,105,0.226,0.254,89.2,5.3,0.07,0.423,108.5,0.493,0.38,0.127,0.07400000000000001,0.423,0.366,0.21100000000000002,0.155,0.423,0.423,0.14800000000000002,0.26,0.417,0.315,0.067,0.14400000000000002,0.46,0.428,0.643,0.511,0.721,0.914,0.8140000000000001,0.385,0.633,0.095,0.168,4.0,0.3,0.0,12,0.3,0.3,0.8,-1.2,2.7,2023
Garrett Mitchell,MIL,73,65,16,10,2,1,3,10,7,0.246,0.315,0.446,0.761,0.326,104,0.2,0.351,86.7,7.5,0.1,0.375,112.3,0.385,0.359,0.256,0.0,0.425,0.275,0.3,0.225,0.5,0.275,0.214,0.226,0.344,0.286,0.096,0.35600000000000004,0.27,0.297,0.684,0.45,0.5,0.769,0.662,0.39399999999999996,0.644,0.152,0.17600000000000002,5.7,-0.4,0.5,9,-0.1,0.3,0.3,0.1,2.9,2023
Victor Robles,WSN,126,107,32,26,5,1,0,15,8,0.299,0.385,0.364,0.75,0.338,112,0.065,0.36,86.7,10.0,0.022000000000000002,0.301,106.2,0.529,0.287,0.184,0.08,0.376,0.33299999999999996,0.29,0.204,0.484,0.312,0.0,0.266,0.355,0.322,0.087,0.14300000000000002,0.61,0.301,0.838,0.52,0.7040000000000001,0.865,0.809,0.40700000000000003,0.6509999999999999,0.099,0.096,6.9,0.9,1.2,17,1.3,0.3,3.2,-4.6,2.9,2023
Austin Wells,NYY,75,70,16,6,6,0,4,8,13,0.229,0.257,0.486,0.742,0.309,96,0.257,0.226,89.5,13.6,0.138,0.414,107.8,0.474,0.42100000000000004,0.105,0.0,0.35100000000000003,0.42100000000000004,0.228,0.07,0.526,0.40399999999999997,0.16699999999999998,0.283,0.584,0.373,0.04,0.187,0.21,0.414,0.772,0.568,0.586,0.8270000000000001,0.726,0.429,0.613,0.155,0.111,1.2,-0.1,0.2,9,0.3,0.3,0.0,0.8,3.3,2023
Evan Longoria,ARI,237,211,47,27,9,0,11,25,28,0.223,0.295,0.422,0.717,0.308,91,0.199,0.277,92.2,15.7,0.106,0.518,109.7,0.38299999999999995,0.426,0.191,0.05,0.489,0.298,0.213,0.113,0.504,0.38299999999999995,0.183,0.231,0.451,0.325,0.09699999999999999,0.308,0.32,0.304,0.604,0.42700000000000005,0.62,0.8220000000000001,0.737,0.41100000000000003,0.629,0.11199999999999999,0.2,1.0,-0.4,-1.5,27,-1.2,0.3,-3.9,-1.6,2.6,2023
Jake Marisnick,- - -,83,76,18,11,3,2,2,10,10,0.237,0.28,0.408,0.688,0.294,85,0.171,0.296,88.5,21.9,0.053,0.368,107.8,0.321,0.5,0.179,0.28600000000000003,0.33299999999999996,0.386,0.281,0.24600000000000002,0.474,0.281,0.071,0.226,0.368,0.277,0.036000000000000004,0.253,0.14,0.36200000000000004,0.7759999999999999,0.551,0.5870000000000001,0.86,0.763,0.45799999999999996,0.7709999999999999,0.131,0.14300000000000002,6.7,-1.0,0.5,8,-0.5,0.3,-2.0,2.4,3.2,2023
Ryan McKenna,BAL,139,122,31,22,7,0,2,23,18,0.254,0.316,0.361,0.677,0.298,89,0.107,0.354,91.0,12.9,0.069,0.402,110.4,0.415,0.366,0.22,0.1,0.368,0.345,0.287,0.138,0.598,0.264,0.067,0.226,0.333,0.276,0.065,0.28800000000000003,0.23,0.342,0.755,0.518,0.436,0.825,0.6779999999999999,0.42700000000000005,0.698,0.16699999999999998,0.124,6.2,0.7,0.3,15,0.6,0.3,-1.2,-0.4,3.1,2023
Curtis Mead,TBR,92,83,21,16,3,1,1,12,5,0.253,0.326,0.349,0.675,0.302,94,0.096,0.328,83.5,12.6,0.032,0.226,108.1,0.419,0.387,0.19399999999999998,0.125,0.371,0.355,0.27399999999999997,0.226,0.5479999999999999,0.226,0.042,0.223,0.305,0.273,0.076,0.228,0.33,0.359,0.6890000000000001,0.49,0.649,0.871,0.772,0.396,0.5870000000000001,0.111,0.158,4.1,-0.2,-0.6,10,0.0,0.3,-0.7,0.7,3.2,2023
Connor Wong,BOS,403,371,87,51,25,2,9,55,36,0.235,0.288,0.385,0.673,0.292,79,0.151,0.341,89.1,15.5,0.091,0.37799999999999995,113.6,0.426,0.353,0.221,0.10800000000000001,0.456,0.315,0.228,0.13699999999999998,0.544,0.32,0.10800000000000001,0.211,0.361,0.273,0.055,0.33299999999999996,0.16,0.392,0.696,0.523,0.568,0.7979999999999999,0.6990000000000001,0.429,0.665,0.157,0.149,6.2,0.1,-0.1,40,-0.4,0.3,-10.4,-0.7,2.7,2023
Emmanuel Rivera,ARI,283,257,67,50,13,0,4,32,29,0.261,0.314,0.358,0.672,0.295,82,0.097,0.313,90.7,11.2,0.059000000000000004,0.46299999999999997,109.3,0.434,0.327,0.239,0.06,0.327,0.4,0.273,0.078,0.585,0.337,0.06,0.263,0.395,0.312,0.078,0.198,0.39,0.304,0.705,0.467,0.578,0.877,0.762,0.40700000000000003,0.611,0.111,0.161,2.7,-0.4,0.1,29,-0.9,0.3,-7.0,0.5,3.1,2023
Kevin Pillar,ATL,206,197,45,26,10,0,9,29,32,0.228,0.248,0.416,0.664,0.28,72,0.188,0.255,87.9,17.8,0.08,0.387,110.2,0.349,0.409,0.242,0.14800000000000002,0.527,0.26,0.213,0.16,0.48,0.36,0.14800000000000002,0.255,0.418,0.295,0.028999999999999998,0.243,0.12,0.434,0.737,0.562,0.603,0.868,0.75,0.423,0.6459999999999999,0.14,0.138,5.2,0.1,0.3,18,0.8,0.3,-6.3,2.1,2.7,2023
Rougned Odor,SDP,157,138,28,15,9,0,4,21,18,0.203,0.299,0.355,0.654,0.291,84,0.152,0.247,90.1,19.9,0.069,0.376,108.1,0.32,0.43,0.25,0.163,0.406,0.396,0.198,0.188,0.505,0.307,0.09300000000000001,0.241,0.391,0.32,0.10800000000000001,0.23600000000000002,0.46,0.309,0.755,0.484,0.564,0.879,0.7559999999999999,0.391,0.541,0.11800000000000001,0.11599999999999999,3.9,-0.3,1.8,16,0.9,0.3,-2.1,0.2,3.4,2023
Alek Thomas,ARI,402,374,86,55,17,5,9,51,39,0.23,0.273,0.374,0.647,0.278,71,0.144,0.273,88.9,2.2,0.051,0.41600000000000004,110.9,0.555,0.255,0.19,0.095,0.406,0.369,0.225,0.157,0.46799999999999997,0.375,0.122,0.251,0.373,0.291,0.047,0.214,0.22,0.359,0.66,0.49,0.588,0.893,0.767,0.43700000000000006,0.597,0.114,0.17800000000000002,7.2,0.8,2.6,36,4.8,0.3,-9.7,-0.9,3.1,2023
James McCann,BAL,226,207,46,26,14,0,6,25,26,0.222,0.269,0.377,0.646,0.279,76,0.155,0.274,89.8,16.6,0.071,0.439,112.1,0.391,0.391,0.21899999999999997,0.102,0.361,0.426,0.213,0.11599999999999999,0.574,0.31,0.102,0.262,0.431,0.319,0.04,0.252,0.16,0.41600000000000004,0.711,0.541,0.525,0.831,0.6940000000000001,0.42100000000000004,0.611,0.165,0.142,4.1,-0.1,-0.7,20,-0.4,0.3,-6.9,1.8,2.6,2023
Ronny Mauricio,NYM,108,101,25,19,4,0,2,11,9,0.248,0.296,0.347,0.643,0.284,79,0.099,0.338,90.7,7.6,0.057,0.386,117.3,0.47100000000000003,0.271,0.257,0.158,0.457,0.414,0.129,0.157,0.47100000000000003,0.371,0.105,0.238,0.359,0.284,0.065,0.287,0.23,0.455,0.7140000000000001,0.55,0.6,0.8190000000000001,0.705,0.368,0.611,0.162,0.13699999999999998,5.6,1.2,0.7,10,1.4,0.3,-1.4,0.5,2.7,2023
Estevan Florial,NYY,71,61,14,10,3,1,0,5,8,0.23,0.324,0.311,0.635,0.288,82,0.082,0.333,86.2,17.2,0.024,0.33299999999999996,107.6,0.429,0.33299999999999996,0.23800000000000002,0.214,0.429,0.28600000000000003,0.28600000000000003,0.262,0.5,0.23800000000000002,0.0,0.241,0.344,0.306,0.099,0.282,0.35,0.272,0.728,0.466,0.5,0.725,0.65,0.425,0.62,0.163,0.136,7.2,0.5,0.1,7,0.7,0.3,-0.9,1.0,2.6,2023
Rafael Ortega,NYM,136,114,25,21,3,0,1,16,8,0.219,0.341,0.272,0.613,0.288,82,0.053,0.3,86.8,10.6,0.0,0.268,104.6,0.48100000000000004,0.304,0.215,0.042,0.488,0.268,0.244,0.146,0.659,0.195,0.042,0.211,0.269,0.283,0.147,0.243,0.61,0.267,0.617,0.419,0.705,0.833,0.787,0.434,0.647,0.08900000000000001,0.192,4.9,0.5,1.5,13,1.2,0.3,-1.8,-0.1,2.7,2023
Jace Peterson,- - -,430,374,79,59,10,4,6,35,37,0.211,0.304,0.307,0.611,0.275,74,0.096,0.27,85.7,14.3,0.047,0.281,110.1,0.415,0.386,0.19899999999999998,0.048,0.363,0.363,0.273,0.158,0.579,0.263,0.057,0.216,0.332,0.287,0.109,0.235,0.47,0.253,0.625,0.414,0.588,0.8640000000000001,0.768,0.433,0.612,0.096,0.205,6.0,1.3,0.5,37,2.1,0.3,-11.7,0.5,3.5,2023
Trevor Story,BOS,168,158,32,20,9,0,3,12,14,0.203,0.25,0.316,0.566,0.249,49,0.114,0.29,88.5,15.4,0.09699999999999999,0.39799999999999996,110.4,0.402,0.42200000000000004,0.17600000000000002,0.11599999999999999,0.408,0.34,0.252,0.136,0.544,0.32,0.07,0.21,0.354,0.266,0.054000000000000006,0.327,0.16,0.335,0.715,0.508,0.556,0.7979999999999999,0.711,0.455,0.643,0.147,0.159,4.9,0.5,-0.3,11,1.1,0.3,-9.1,6.8,3.4,2023
Daniel Vogelbach,NYM,319,275,64,43,8,0,13,33,48,0.233,0.339,0.404,0.742,0.327,108,0.171,0.282,91.7,14.5,0.09300000000000001,0.5,112.6,0.433,0.387,0.18,0.107,0.43799999999999994,0.335,0.22699999999999998,0.134,0.485,0.381,0.17300000000000001,0.229,0.401,0.324,0.132,0.254,0.52,0.24100000000000002,0.522,0.36,0.672,0.883,0.802,0.423,0.561,0.071,0.24100000000000002,0.9,-0.7,-2.5,41,-3.1,0.2,-0.1,-9.2,1.6,2023
Michael Stefanic,LAA,71,62,18,15,2,1,0,5,6,0.29,0.38,0.355,0.735,0.332,110,0.065,0.333,87.9,7.3,0.0,0.222,102.2,0.434,0.28300000000000003,0.28300000000000003,0.133,0.259,0.444,0.29600000000000004,0.16699999999999998,0.648,0.185,0.0,0.244,0.311,0.298,0.113,0.113,1.0,0.19399999999999998,0.6509999999999999,0.391,0.893,0.958,0.9390000000000001,0.431,0.62,0.024,0.209,3.3,-0.6,0.1,9,-0.3,0.2,0.5,-0.7,2.3,2023
Billy McKinney,NYY,147,128,29,19,3,1,6,19,14,0.227,0.32,0.406,0.726,0.315,100,0.18,0.274,89.1,12.2,0.122,0.41100000000000003,109.7,0.42200000000000004,0.37799999999999995,0.2,0.059000000000000004,0.5,0.322,0.17800000000000002,0.122,0.522,0.35600000000000004,0.17600000000000002,0.242,0.471,0.346,0.11599999999999999,0.265,0.44,0.261,0.665,0.44799999999999995,0.5579999999999999,0.818,0.736,0.461,0.544,0.11800000000000001,0.17300000000000001,4.7,-0.1,0.3,17,0.3,0.2,0.3,-3.6,1.8,2023
Jo Adell,LAA,62,58,12,5,3,1,3,7,6,0.207,0.258,0.448,0.706,0.299,87,0.241,0.3,87.2,12.6,0.091,0.39399999999999996,117.2,0.485,0.39399999999999996,0.121,0.308,0.364,0.424,0.212,0.273,0.424,0.303,0.231,0.162,0.324,0.235,0.065,0.40299999999999997,0.16,0.35700000000000004,0.726,0.523,0.47100000000000003,0.765,0.654,0.45,0.758,0.18,0.138,6.8,0.1,0.1,7,0.3,0.2,-0.7,0.5,2.0,2023
Brendan Rodgers,COL,192,178,46,32,9,1,4,21,20,0.258,0.313,0.388,0.7,0.307,77,0.129,0.316,88.3,4.8,0.109,0.401,111.0,0.5329999999999999,0.299,0.168,0.073,0.32799999999999996,0.43799999999999994,0.23399999999999999,0.19,0.474,0.336,0.098,0.256,0.428,0.321,0.057,0.214,0.27,0.326,0.6829999999999999,0.48100000000000004,0.555,0.889,0.7609999999999999,0.435,0.635,0.115,0.175,2.5,-0.4,-0.3,22,-0.4,0.2,-5.8,1.2,2.0,2023
Joshua Palacios,PIT,264,247,59,38,9,2,10,26,40,0.239,0.279,0.413,0.692,0.297,82,0.174,0.269,91.3,7.7,0.098,0.45399999999999996,109.6,0.479,0.326,0.195,0.065,0.44299999999999995,0.371,0.18600000000000003,0.134,0.552,0.314,0.161,0.259,0.438,0.318,0.045,0.212,0.21,0.32899999999999996,0.753,0.519,0.632,0.833,0.763,0.44799999999999995,0.583,0.12300000000000001,0.153,5.6,0.6,-1.0,27,1.1,0.2,-4.7,-2.1,2.1,2023
Anthony Rendon,LAA,183,148,35,27,6,0,2,23,22,0.236,0.361,0.318,0.678,0.312,96,0.081,0.268,90.1,16.2,0.048,0.41600000000000004,106.6,0.35200000000000004,0.43200000000000005,0.21600000000000003,0.055999999999999994,0.336,0.408,0.256,0.14400000000000002,0.56,0.29600000000000004,0.037000000000000005,0.265,0.394,0.359,0.13699999999999998,0.14800000000000002,0.93,0.214,0.6609999999999999,0.39299999999999996,0.684,0.905,0.833,0.39899999999999997,0.557,0.066,0.187,3.9,0.0,0.5,21,0.0,0.2,-0.9,-3.3,2.1,2023
Tyler Freeman,CLE,168,153,37,26,7,0,4,20,18,0.242,0.295,0.366,0.661,0.29,83,0.124,0.275,85.8,6.2,0.032,0.381,108.4,0.475,0.27899999999999997,0.24600000000000002,0.17600000000000002,0.42100000000000004,0.365,0.214,0.222,0.563,0.214,0.11800000000000001,0.272,0.397,0.315,0.06,0.179,0.33,0.32899999999999996,0.657,0.47200000000000003,0.754,0.8959999999999999,0.84,0.436,0.685,0.075,0.18100000000000002,5.2,0.7,0.7,16,1.4,0.2,-2.0,-1.8,1.9,2023
Tyler Wade,OAK,55,51,13,11,1,1,0,8,2,0.255,0.309,0.314,0.623,0.278,78,0.059,0.342,85.3,8.6,0.0,0.237,103.5,0.531,0.21899999999999997,0.25,0.28600000000000003,0.447,0.316,0.237,0.132,0.737,0.132,0.0,0.215,0.272,0.237,0.073,0.23600000000000002,0.31,0.26899999999999996,0.5770000000000001,0.415,0.552,0.893,0.7759999999999999,0.473,0.655,0.092,0.223,9.2,0.7,-0.6,5,0.8,0.2,-0.7,1.2,2.4,2023
Myles Straw,CLE,518,462,110,88,18,3,1,52,29,0.238,0.301,0.297,0.597,0.268,68,0.058,0.295,86.3,9.4,0.005,0.233,106.2,0.473,0.306,0.221,0.08,0.247,0.401,0.353,0.172,0.647,0.18,0.009000000000000001,0.239,0.3,0.272,0.081,0.187,0.43,0.271,0.62,0.43799999999999994,0.8220000000000001,0.914,0.884,0.478,0.629,0.051,0.214,5.9,0.5,3.3,42,3.3,0.2,-16.5,0.5,1.7,2023
Tucker Barnhart,CHC,123,109,22,18,3,0,1,6,9,0.202,0.285,0.257,0.541,0.25,54,0.055,0.313,87.0,16.5,0.015,0.235,103.6,0.456,0.353,0.191,0.125,0.441,0.324,0.235,0.10300000000000001,0.765,0.132,0.042,0.177,0.229,0.234,0.098,0.341,0.29,0.303,0.65,0.45899999999999996,0.583,0.878,0.7709999999999999,0.449,0.74,0.105,0.191,2.3,0.0,-1.0,8,-1.1,0.2,-8.1,5.8,2.0,2023
Vinnie Pasquantino,KCR,260,231,57,31,17,0,9,24,26,0.247,0.324,0.437,0.762,0.327,104,0.19,0.25,89.3,17.4,0.07400000000000001,0.401,109.8,0.36,0.425,0.215,0.106,0.433,0.353,0.214,0.134,0.473,0.39299999999999996,0.106,0.282,0.454,0.35,0.096,0.11900000000000001,0.81,0.359,0.629,0.46399999999999997,0.7390000000000001,0.9309999999999999,0.84,0.389,0.6,0.07400000000000001,0.179,0.8,-0.4,-1.4,34,-2.1,0.1,-0.7,-6.9,1.3,2023
Joey Votto,CIN,242,208,42,22,6,0,14,26,38,0.202,0.314,0.433,0.747,0.326,99,0.231,0.212,89.3,13.9,0.11,0.397,111.2,0.479,0.41100000000000003,0.11,0.067,0.486,0.32899999999999996,0.185,0.12300000000000001,0.5479999999999999,0.32899999999999996,0.233,0.189,0.367,0.298,0.11199999999999999,0.256,0.44,0.27399999999999997,0.726,0.47700000000000004,0.599,0.767,0.7140000000000001,0.44799999999999995,0.599,0.136,0.134,0.9,-0.4,-0.5,31,-0.5,0.1,-0.9,-6.7,0.7,2023
Trevor Larnach,MIN,212,183,39,21,7,3,8,26,40,0.213,0.311,0.415,0.727,0.313,97,0.202,0.295,90.1,17.5,0.133,0.496,112.0,0.327,0.478,0.195,0.055999999999999994,0.39799999999999996,0.41600000000000004,0.18600000000000003,0.142,0.39799999999999996,0.46,0.14800000000000002,0.213,0.429,0.321,0.127,0.34,0.38,0.256,0.654,0.41,0.40299999999999997,0.81,0.653,0.386,0.547,0.142,0.172,4.8,-0.6,0.6,25,0.2,0.1,-0.5,-5.5,1.2,2023
Sam Hilliard,ATL,78,72,17,9,5,0,3,15,6,0.236,0.295,0.431,0.725,0.312,94,0.194,0.389,92.4,20.3,0.077,0.48700000000000004,114.8,0.385,0.436,0.179,0.17600000000000002,0.33299999999999996,0.41,0.256,0.179,0.48700000000000004,0.33299999999999996,0.17600000000000002,0.204,0.369,0.277,0.077,0.423,0.18,0.251,0.66,0.436,0.419,0.71,0.618,0.452,0.5770000000000001,0.166,0.188,6.8,0.7,-0.8,9,-0.5,0.1,-1.1,-0.7,0.8,2023
Michael Brantley,HOU,57,54,15,11,2,0,2,7,7,0.278,0.298,0.426,0.724,0.309,96,0.148,0.255,90.4,14.0,0.0,0.377,106.2,0.377,0.377,0.245,0.1,0.509,0.302,0.18899999999999997,0.094,0.5660000000000001,0.34,0.1,0.277,0.358,0.286,0.035,0.035,1.0,0.213,0.58,0.4,0.826,0.9540000000000001,0.92,0.509,0.754,0.032,0.25,1.6,-0.1,0.0,6,-0.5,0.1,-0.8,0.3,1.4,2023
Jonathan Aranda,TBR,103,87,20,13,4,1,2,13,13,0.23,0.34,0.368,0.708,0.312,101,0.138,0.327,89.0,8.5,0.053,0.439,107.6,0.544,0.316,0.14,0.055999999999999994,0.491,0.24600000000000002,0.263,0.14,0.544,0.316,0.111,0.192,0.303,0.276,0.126,0.301,0.42,0.309,0.65,0.44299999999999995,0.69,0.7909999999999999,0.7490000000000001,0.39399999999999996,0.612,0.111,0.209,3.7,-0.2,0.2,12,-0.2,0.1,-0.1,-2.3,1.1,2023
Sam Haggerty,SEA,108,91,23,18,3,1,1,13,5,0.253,0.364,0.341,0.705,0.321,110,0.088,0.301,85.9,12.0,0.013000000000000001,0.267,108.2,0.446,0.33799999999999997,0.21600000000000003,0.04,0.467,0.307,0.22699999999999998,0.22699999999999998,0.5329999999999999,0.24,0.04,0.266,0.329,0.324,0.139,0.157,0.88,0.293,0.754,0.479,0.639,0.8809999999999999,0.7929999999999999,0.40399999999999997,0.657,0.099,0.14300000000000002,7.5,1.3,1.1,13,1.2,0.1,2.5,-4.8,1.3,2023
Jonathan Davis,MIA,104,90,22,15,4,1,2,22,10,0.244,0.307,0.378,0.685,0.298,84,0.133,0.328,84.4,7.1,0.045,0.22699999999999998,106.1,0.508,0.302,0.19,0.053,0.415,0.33799999999999997,0.24600000000000002,0.10800000000000001,0.677,0.215,0.105,0.247,0.346,0.292,0.067,0.27899999999999997,0.24,0.228,0.6629999999999999,0.42200000000000004,0.604,0.8059999999999999,0.746,0.446,0.654,0.107,0.19,5.8,-0.8,1.0,11,-0.5,0.1,-2.6,-0.2,0.8,2023
Josh Donaldson,- - -,189,165,25,7,5,0,13,18,26,0.152,0.249,0.418,0.667,0.284,78,0.267,0.115,92.1,11.7,0.162,0.513,112.3,0.479,0.436,0.085,0.13699999999999998,0.48700000000000004,0.342,0.171,0.162,0.444,0.39299999999999996,0.255,0.203,0.471,0.325,0.11599999999999999,0.265,0.44,0.29,0.6729999999999999,0.44799999999999995,0.672,0.79,0.745,0.414,0.6559999999999999,0.114,0.177,0.4,-0.2,-1.5,18,-0.6,0.1,-5.5,0.1,1.0,2023
Ceddanne Rafaela,BOS,89,83,20,12,6,0,2,11,5,0.241,0.281,0.386,0.666,0.287,76,0.145,0.333,85.5,8.1,0.054000000000000006,0.33899999999999997,107.1,0.418,0.309,0.273,0.11800000000000001,0.28600000000000003,0.39299999999999996,0.321,0.23199999999999998,0.589,0.179,0.11800000000000001,0.198,0.293,0.238,0.045,0.315,0.14,0.41600000000000004,0.748,0.5579999999999999,0.619,0.7959999999999999,0.721,0.428,0.73,0.155,0.11900000000000001,5.1,0.0,0.1,9,0.1,0.1,-2.5,0.6,1.1,2023
Xavier Edwards,MIA,84,78,23,20,3,0,0,12,3,0.295,0.329,0.333,0.663,0.295,82,0.038,0.359,82.2,10.7,0.015,0.136,104.5,0.467,0.35,0.183,0.048,0.379,0.318,0.303,0.19699999999999998,0.621,0.182,0.0,0.248,0.308,0.264,0.036000000000000004,0.16699999999999998,0.21,0.35200000000000004,0.6990000000000001,0.51,0.7020000000000001,0.905,0.8290000000000001,0.456,0.667,0.087,0.158,6.4,0.8,0.8,9,0.9,0.1,-1.0,-0.8,1.1,2023
Liover Peguero,PIT,213,198,47,35,4,1,7,21,26,0.237,0.28,0.374,0.653,0.284,74,0.136,0.32,89.3,4.1,0.052000000000000005,0.396,110.2,0.515,0.292,0.192,0.053,0.418,0.336,0.24600000000000002,0.16399999999999998,0.53,0.306,0.184,0.228,0.337,0.27,0.052000000000000005,0.315,0.16,0.327,0.736,0.512,0.517,0.8440000000000001,0.73,0.45299999999999996,0.695,0.138,0.163,5.2,0.0,0.2,20,0.3,0.1,-6.7,0.8,1.3,2023
Dylan Carlson,STL,255,219,48,34,8,1,5,27,27,0.219,0.318,0.333,0.651,0.293,84,0.114,0.256,89.4,15.0,0.057999999999999996,0.376,109.1,0.436,0.384,0.18,0.091,0.34700000000000003,0.39299999999999996,0.26,0.145,0.5489999999999999,0.306,0.076,0.237,0.381,0.318,0.102,0.192,0.53,0.28600000000000003,0.711,0.46,0.6609999999999999,0.879,0.799,0.41,0.6,0.09300000000000001,0.16399999999999998,4.7,0.1,0.0,26,0.0,0.1,-5.1,-2.8,0.8,2023
Jordan Luplow,- - -,90,77,16,11,3,0,2,11,5,0.208,0.322,0.325,0.647,0.29,81,0.117,0.292,85.4,14.1,0.06,0.32,106.2,0.51,0.38799999999999996,0.102,0.053,0.38,0.44,0.18,0.2,0.46,0.34,0.105,0.194,0.289,0.273,0.133,0.3,0.44,0.32,0.743,0.489,0.589,0.726,0.672,0.4,0.589,0.16,0.141,4.6,0.2,0.9,9,0.9,0.1,-1.1,-1.1,0.8,2023
Yasmani Grandal,CHW,405,363,85,63,14,0,8,33,33,0.234,0.309,0.339,0.647,0.288,80,0.105,0.284,87.9,10.8,0.047,0.344,110.4,0.452,0.366,0.183,0.049,0.401,0.35100000000000003,0.247,0.161,0.552,0.287,0.078,0.222,0.332,0.282,0.08900000000000001,0.212,0.42,0.304,0.632,0.447,0.644,0.861,0.778,0.43700000000000006,0.578,0.099,0.18899999999999997,0.9,-0.8,-4.7,39,-3.8,0.1,-13.4,0.2,0.6,2023
Jake McCarthy,ARI,312,276,67,53,7,5,2,37,16,0.243,0.318,0.326,0.644,0.289,78,0.083,0.305,85.3,7.5,0.023,0.237,108.5,0.51,0.27399999999999997,0.21600000000000003,0.12300000000000001,0.379,0.33299999999999996,0.28800000000000003,0.151,0.621,0.228,0.035,0.242,0.331,0.292,0.083,0.19899999999999998,0.42,0.33299999999999996,0.7240000000000001,0.5,0.637,0.914,0.8079999999999999,0.426,0.638,0.095,0.145,8.6,2.9,0.9,30,4.4,0.1,-4.1,-5.9,0.7,2023
Josh Smith,TEX,232,195,36,21,8,1,6,29,15,0.185,0.304,0.328,0.633,0.287,81,0.144,0.222,88.5,12.4,0.105,0.364,109.8,0.447,0.40399999999999997,0.149,0.018000000000000002,0.441,0.322,0.23800000000000002,0.134,0.47200000000000003,0.39399999999999996,0.105,0.211,0.39,0.321,0.10800000000000001,0.237,0.45,0.266,0.627,0.419,0.687,0.8959999999999999,0.8190000000000001,0.423,0.569,0.076,0.198,4.4,-0.2,-1.5,22,0.3,0.1,-4.9,-2.3,0.6,2023
Michael Chavis,WSN,96,91,22,17,3,0,2,16,5,0.242,0.281,0.341,0.622,0.273,68,0.099,0.357,84.5,8.8,0.017,0.31,107.3,0.517,0.207,0.276,0.083,0.44799999999999995,0.259,0.293,0.207,0.569,0.22399999999999998,0.16699999999999998,0.232,0.294,0.248,0.052000000000000005,0.344,0.15,0.377,0.745,0.535,0.506,0.8170000000000001,0.6920000000000001,0.428,0.583,0.16399999999999998,0.129,4.8,0.0,1.1,8,0.1,0.1,-3.7,1.6,1.2,2023
Zach Remillard,CHW,160,147,37,29,7,0,1,16,18,0.252,0.295,0.32,0.615,0.27,68,0.068,0.367,85.7,11.9,0.01,0.204,102.3,0.516,0.301,0.183,0.25,0.408,0.408,0.184,0.165,0.5920000000000001,0.243,0.036000000000000004,0.2,0.244,0.219,0.05,0.3,0.17,0.297,0.642,0.456,0.424,0.8290000000000001,0.687,0.461,0.625,0.142,0.192,3.8,-0.8,2.7,13,1.0,0.1,-5.1,0.5,0.8,2023
Miles Mastrobuoni,CHC,149,133,32,26,5,0,1,24,5,0.241,0.308,0.301,0.609,0.275,72,0.06,0.31,87.5,13.7,0.019,0.34600000000000003,105.4,0.418,0.306,0.276,0.133,0.365,0.34600000000000003,0.28800000000000003,0.154,0.49,0.35600000000000004,0.033,0.255,0.352,0.299,0.087,0.215,0.41,0.281,0.513,0.37200000000000005,0.728,0.8440000000000001,0.7909999999999999,0.39299999999999996,0.57,0.078,0.24600000000000002,7.0,1.9,1.1,13,1.7,0.1,-3.5,-0.7,0.9,2023
Carson Kelly,- - -,151,136,28,21,5,0,2,13,13,0.206,0.278,0.287,0.565,0.255,56,0.081,0.274,86.8,15.6,0.021,0.33,107.3,0.423,0.41200000000000003,0.165,0.125,0.35100000000000003,0.381,0.268,0.20600000000000002,0.526,0.268,0.05,0.185,0.279,0.245,0.09300000000000001,0.265,0.35,0.315,0.636,0.45399999999999996,0.61,0.799,0.7240000000000001,0.433,0.603,0.125,0.191,2.9,-0.1,0.3,10,-0.7,0.1,-8.8,4.4,0.7,2023
Nick Ahmed,ARI,210,198,42,29,10,1,2,14,17,0.212,0.257,0.303,0.56,0.247,50,0.091,0.278,85.2,12.8,0.027000000000000003,0.315,108.4,0.41,0.34,0.25,0.14300000000000002,0.43200000000000005,0.322,0.247,0.17800000000000002,0.514,0.308,0.040999999999999995,0.226,0.325,0.263,0.057,0.248,0.23,0.341,0.693,0.495,0.617,0.821,0.742,0.43700000000000006,0.6859999999999999,0.127,0.18100000000000002,4.8,0.3,-1.5,13,0.6,0.1,-12.4,6.3,1.1,2023
Austin Wynns,- - -,145,130,27,20,6,0,1,11,10,0.208,0.268,0.277,0.545,0.245,38,0.069,0.286,86.7,14.5,0.021,0.27399999999999997,105.2,0.473,0.35200000000000004,0.17600000000000002,0.125,0.379,0.337,0.284,0.126,0.642,0.23199999999999998,0.031,0.183,0.247,0.224,0.062,0.26899999999999996,0.23,0.33,0.657,0.48200000000000004,0.654,0.804,0.7490000000000001,0.46399999999999997,0.648,0.121,0.19899999999999998,3.0,0.0,-1.0,9,-0.2,0.1,-11.4,7.9,1.4,2023
Nolan Schanuel,LAA,132,109,30,26,3,0,1,19,6,0.275,0.402,0.33,0.732,0.336,113,0.055,0.326,85.4,6.6,0.022000000000000002,0.256,103.5,0.494,0.225,0.281,0.05,0.33299999999999996,0.344,0.322,0.133,0.7,0.16699999999999998,0.05,0.276,0.362,0.346,0.152,0.14400000000000002,1.05,0.247,0.659,0.41600000000000004,0.753,0.902,0.85,0.41,0.598,0.062,0.18899999999999997,1.8,-0.4,,18,-1.6,0.0,0.4,-4.7,0.3,2023
Alfonso Rivas,- - -,123,109,25,11,10,1,3,8,15,0.229,0.303,0.422,0.725,0.313,94,0.193,0.31,89.2,11.1,0.067,0.387,107.2,0.37,0.41100000000000003,0.21899999999999997,0.033,0.373,0.34700000000000003,0.28,0.147,0.507,0.34700000000000003,0.1,0.219,0.346,0.284,0.073,0.293,0.25,0.268,0.614,0.423,0.525,0.858,0.741,0.447,0.602,0.109,0.214,4.2,0.0,-0.8,14,-0.8,0.0,-1.8,-2.8,-0.4,2023
Andrew Knizner,STL,241,224,54,33,11,0,10,30,31,0.241,0.288,0.424,0.712,0.306,92,0.183,0.288,89.6,14.3,0.079,0.409,110.3,0.40399999999999997,0.429,0.168,0.13,0.39,0.348,0.262,0.201,0.48200000000000004,0.317,0.145,0.222,0.393,0.287,0.05,0.257,0.19,0.40399999999999997,0.725,0.544,0.64,0.821,0.746,0.43700000000000006,0.6890000000000001,0.138,0.141,3.7,0.0,-0.9,27,-1.6,0.0,-3.9,-4.0,0.3,2023
Conner Capel,OAK,86,73,19,14,5,0,0,6,3,0.26,0.372,0.329,0.701,0.322,108,0.068,0.396,86.4,13.2,0.0,0.188,104.6,0.38299999999999995,0.319,0.298,0.0,0.41700000000000004,0.271,0.313,0.188,0.625,0.188,0.0,0.237,0.295,0.302,0.14,0.29100000000000004,0.48,0.26,0.605,0.414,0.47100000000000003,0.863,0.726,0.445,0.616,0.113,0.201,3.6,-0.5,-0.3,11,-0.3,0.0,0.4,-3.4,0.0,2023
Franchy Cordero,NYY,71,69,13,5,2,0,6,9,13,0.188,0.211,0.478,0.69,0.286,80,0.29,0.184,91.4,8.7,0.159,0.386,113.7,0.5,0.386,0.114,0.0,0.523,0.341,0.136,0.136,0.5,0.364,0.353,0.217,0.44,0.288,0.027999999999999997,0.35200000000000004,0.08,0.36700000000000005,0.667,0.5,0.47100000000000003,0.73,0.624,0.444,0.648,0.187,0.175,1.6,-0.1,-0.1,7,0.0,0.0,-1.7,-0.7,0.1,2023
Kevin Newman,CIN,253,225,57,38,16,0,3,28,28,0.253,0.311,0.364,0.675,0.296,79,0.111,0.28,86.5,12.0,0.025,0.293,105.7,0.446,0.313,0.24100000000000002,0.08199999999999999,0.389,0.369,0.242,0.136,0.581,0.28300000000000003,0.049,0.272,0.374,0.311,0.067,0.134,0.5,0.316,0.653,0.466,0.7879999999999999,0.932,0.878,0.445,0.628,0.057,0.196,4.9,0.7,-0.2,26,1.0,0.0,-5.7,-2.8,0.2,2023
Miguel Vargas,LAD,304,256,50,24,15,4,7,36,32,0.195,0.305,0.367,0.672,0.295,84,0.172,0.224,86.8,16.6,0.06,0.313,109.0,0.37200000000000005,0.467,0.161,0.151,0.375,0.35,0.275,0.2,0.505,0.295,0.075,0.21,0.353,0.304,0.125,0.201,0.62,0.243,0.706,0.442,0.647,0.879,0.8059999999999999,0.429,0.5720000000000001,0.085,0.166,5.5,-0.7,0.1,31,0.0,0.0,-6.2,-4.4,-0.3,2023
Henry Ramos,CIN,86,74,18,14,3,1,0,9,5,0.243,0.349,0.311,0.66,0.303,83,0.068,0.34,82.4,13.7,0.038,0.20800000000000002,107.0,0.423,0.365,0.212,0.053,0.377,0.47200000000000003,0.151,0.226,0.585,0.18899999999999997,0.0,0.228,0.308,0.297,0.128,0.244,0.52,0.29600000000000004,0.768,0.466,0.508,0.872,0.7240000000000001,0.36,0.535,0.128,0.125,5.6,-0.2,-0.7,9,-0.3,0.0,-2.1,-0.9,-0.1,2023
Raimel Tapia,- - -,169,148,35,27,4,1,3,28,13,0.236,0.317,0.338,0.655,0.293,82,0.101,0.302,85.5,1.8,0.063,0.35100000000000003,109.9,0.589,0.243,0.168,0.077,0.255,0.42700000000000005,0.318,0.22699999999999998,0.527,0.245,0.115,0.224,0.338,0.294,0.10099999999999999,0.237,0.43,0.402,0.635,0.48700000000000004,0.6629999999999999,0.81,0.733,0.365,0.586,0.13,0.16399999999999998,7.5,0.8,1.3,17,1.7,0.0,-2.2,-3.2,0.4,2023
Kody Clemens,PHI,148,139,32,21,7,0,4,15,13,0.23,0.277,0.367,0.644,0.281,72,0.137,0.295,90.4,15.2,0.061,0.40399999999999997,108.9,0.414,0.364,0.222,0.027999999999999997,0.485,0.313,0.20199999999999999,0.071,0.6459999999999999,0.28300000000000003,0.111,0.224,0.347,0.271,0.054000000000000006,0.27,0.2,0.316,0.657,0.475,0.602,0.8170000000000001,0.74,0.465,0.622,0.12300000000000001,0.19899999999999998,1.4,-0.2,0.5,13,0.2,0.0,-4.9,0.1,0.1,2023
Luis Urias,- - -,177,144,28,19,6,0,3,18,18,0.194,0.337,0.299,0.636,0.298,84,0.104,0.25,84.9,14.7,0.057,0.295,105.9,0.466,0.408,0.126,0.14300000000000002,0.544,0.243,0.214,0.214,0.534,0.252,0.071,0.182,0.311,0.297,0.11900000000000001,0.23199999999999998,0.51,0.285,0.5529999999999999,0.39399999999999996,0.608,0.868,0.757,0.408,0.627,0.096,0.228,1.6,-0.4,-0.6,19,-0.9,0.0,-4.3,-1.6,0.1,2023
Jake Lamb,LAA,54,51,11,8,1,0,2,7,5,0.216,0.259,0.353,0.612,0.267,65,0.137,0.265,89.1,12.0,0.055999999999999994,0.444,107.3,0.444,0.361,0.19399999999999998,0.231,0.25,0.444,0.306,0.222,0.361,0.41700000000000004,0.154,0.226,0.362,0.275,0.055999999999999994,0.278,0.2,0.313,0.743,0.511,0.5,0.84,0.727,0.46,0.648,0.139,0.14800000000000002,2.1,-0.1,-0.3,4,-0.2,0.0,-2.5,0.6,-0.1,2023
Jose Fermin,STL,61,51,12,11,1,0,0,2,4,0.235,0.339,0.255,0.594,0.281,76,0.02,0.279,89.5,10.0,0.0,0.33299999999999996,104.5,0.405,0.31,0.28600000000000003,0.154,0.4,0.37799999999999995,0.222,0.156,0.622,0.222,0.0,0.278,0.343,0.327,0.098,0.131,0.75,0.255,0.569,0.41100000000000003,0.857,0.919,0.9,0.498,0.541,0.040999999999999995,0.201,0.9,-0.6,-0.6,6,-0.7,0.0,-2.6,0.8,0.3,2023
Omar Narvaez,NYM,146,128,27,20,5,0,2,12,7,0.211,0.283,0.297,0.58,0.259,62,0.086,0.245,86.0,21.0,0.076,0.295,105.1,0.26,0.51,0.231,0.038,0.324,0.429,0.248,0.14300000000000002,0.552,0.305,0.038,0.254,0.389,0.312,0.096,0.185,0.52,0.27699999999999997,0.7090000000000001,0.46,0.7829999999999999,0.873,0.8420000000000001,0.424,0.596,0.073,0.168,1.1,-0.3,-0.4,11,-0.4,0.0,-7.2,2.5,0.3,2023
Yu Chang,BOS,112,105,17,9,2,0,6,12,18,0.162,0.2,0.352,0.552,0.236,40,0.19,0.169,88.8,9.8,0.055,0.384,109.7,0.429,0.386,0.18600000000000003,0.111,0.5479999999999999,0.247,0.205,0.151,0.452,0.397,0.222,0.21,0.355,0.261,0.027000000000000003,0.304,0.09,0.386,0.7020000000000001,0.529,0.375,0.867,0.67,0.452,0.679,0.17300000000000001,0.162,6.4,0.7,0.5,6,0.3,0.0,-7.7,4.2,0.4,2023
Joey Bart,SFG,95,87,18,13,5,0,0,9,5,0.207,0.263,0.264,0.528,0.239,48,0.057,0.277,86.2,15.3,0.062,0.262,111.4,0.429,0.397,0.175,0.2,0.385,0.385,0.231,0.185,0.569,0.24600000000000002,0.0,0.194,0.283,0.245,0.032,0.242,0.13,0.325,0.667,0.47700000000000004,0.603,0.8370000000000001,0.7490000000000001,0.446,0.684,0.12,0.171,2.2,-0.2,0.1,5,-0.2,0.0,-6.3,2.9,-0.2,2023
Ben Rortvedt,NYY,79,68,8,5,1,0,2,6,4,0.118,0.241,0.221,0.461,0.219,34,0.103,0.128,88.0,16.2,0.061,0.34700000000000003,105.7,0.408,0.429,0.163,0.14300000000000002,0.408,0.327,0.265,0.163,0.5920000000000001,0.245,0.095,0.18,0.285,0.266,0.139,0.24100000000000002,0.58,0.247,0.654,0.419,0.609,0.7979999999999999,0.733,0.42200000000000004,0.6709999999999999,0.11199999999999999,0.18,1.0,-0.1,0.2,3,-0.1,0.0,-6.3,3.6,-0.1,2023
David Fry,CLE,113,101,24,14,6,0,4,12,15,0.238,0.319,0.416,0.734,0.321,105,0.178,0.299,89.5,16.6,0.127,0.39399999999999996,110.1,0.366,0.451,0.183,0.094,0.507,0.29600000000000004,0.19699999999999998,0.141,0.493,0.366,0.125,0.24,0.433,0.329,0.071,0.265,0.27,0.43,0.741,0.5660000000000001,0.6729999999999999,0.8,0.746,0.439,0.6990000000000001,0.14400000000000002,0.13,4.1,0.2,0.4,14,-0.1,-0.1,0.5,-5.5,-1.2,2023
Elias Diaz,COL,526,486,130,90,25,1,14,48,72,0.267,0.316,0.409,0.725,0.314,82,0.142,0.324,88.1,12.7,0.062,0.384,111.7,0.46799999999999997,0.36,0.172,0.149,0.42700000000000005,0.35200000000000004,0.22,0.172,0.449,0.379,0.10400000000000001,0.245,0.376,0.295,0.065,0.22399999999999998,0.29,0.39799999999999996,0.782,0.5479999999999999,0.606,0.852,0.7440000000000001,0.392,0.627,0.14,0.10800000000000001,2.2,-0.8,0.2,62,-1.8,-0.1,-13.3,-5.2,-0.6,2023
Willie Calhoun,NYY,149,134,32,20,7,0,5,16,16,0.239,0.309,0.403,0.712,0.307,95,0.164,0.245,90.7,11.9,0.035,0.426,109.5,0.38299999999999995,0.41700000000000004,0.2,0.10400000000000001,0.435,0.374,0.191,0.165,0.557,0.278,0.10400000000000001,0.26,0.371,0.305,0.094,0.134,0.7,0.262,0.5820000000000001,0.397,0.765,0.9129999999999999,0.857,0.42200000000000004,0.503,0.057,0.192,1.2,-0.3,0.1,17,-0.3,-0.1,-1.2,-5.0,-1.1,2023
Dominic Smith,WSN,586,527,134,100,21,1,12,57,46,0.254,0.326,0.366,0.692,0.306,91,0.112,0.286,86.3,12.8,0.066,0.308,108.3,0.425,0.374,0.201,0.055,0.384,0.35200000000000004,0.265,0.162,0.575,0.263,0.073,0.256,0.397,0.32,0.08,0.155,0.52,0.33899999999999997,0.6970000000000001,0.49,0.73,0.875,0.8170000000000001,0.42200000000000004,0.647,0.09,0.158,2.2,-1.4,-2.5,66,-5.9,-0.1,-12.7,-8.0,-0.8,2023
Brad Miller,TEX,67,56,12,7,4,0,1,8,6,0.214,0.328,0.339,0.668,0.3,90,0.125,0.244,87.5,7.8,0.065,0.28300000000000003,108.0,0.457,0.348,0.196,0.063,0.326,0.478,0.196,0.13,0.565,0.304,0.063,0.227,0.363,0.316,0.149,0.16399999999999998,0.91,0.276,0.581,0.39899999999999997,0.75,0.838,0.802,0.402,0.522,0.079,0.196,1.6,-0.1,0.0,7,0.1,-0.1,-0.7,-2.3,-0.7,2023
Francisco Mejia,TBR,160,150,34,18,11,0,5,22,19,0.227,0.258,0.4,0.658,0.28,79,0.173,0.266,87.5,18.9,0.043,0.322,107.5,0.368,0.456,0.175,0.17300000000000001,0.504,0.29600000000000004,0.2,0.174,0.53,0.29600000000000004,0.096,0.204,0.319,0.243,0.038,0.23800000000000002,0.16,0.521,0.706,0.594,0.747,0.8759999999999999,0.8079999999999999,0.395,0.7190000000000001,0.114,0.145,3.1,-0.6,-0.4,14,0.0,-0.1,-4.0,-2.6,-1.2,2023
Will Brennan,CLE,455,432,115,86,24,0,5,41,41,0.266,0.299,0.356,0.655,0.285,80,0.09,0.296,85.7,9.4,0.024,0.292,106.9,0.462,0.292,0.247,0.127,0.34700000000000003,0.39,0.263,0.172,0.621,0.207,0.045,0.286,0.378,0.305,0.035,0.125,0.28,0.42200000000000004,0.7390000000000001,0.565,0.759,0.899,0.8420000000000001,0.452,0.629,0.08900000000000001,0.136,3.9,-0.3,0.1,43,-1.2,-0.1,-12.3,-3.8,-0.5,2023
Santiago Espinal,TOR,254,230,57,41,14,0,2,30,25,0.248,0.31,0.335,0.644,0.285,79,0.087,0.285,87.0,11.4,0.01,0.294,106.8,0.435,0.342,0.223,0.061,0.42100000000000004,0.325,0.254,0.102,0.645,0.254,0.03,0.256,0.336,0.293,0.071,0.142,0.5,0.29600000000000004,0.643,0.441,0.747,0.898,0.8390000000000001,0.419,0.5870000000000001,0.071,0.203,3.3,-0.5,0.6,24,-0.8,-0.1,-7.1,-2.1,-0.5,2023
Dane Myers,MIA,70,67,18,14,3,0,1,9,9,0.269,0.286,0.358,0.644,0.278,71,0.09,0.354,91.8,-1.8,0.02,0.531,109.7,0.612,0.14300000000000002,0.245,0.0,0.429,0.36700000000000005,0.204,0.14300000000000002,0.36700000000000005,0.49,0.14300000000000002,0.299,0.397,0.308,0.028999999999999998,0.271,0.11,0.353,0.619,0.48100000000000004,0.688,0.795,0.754,0.48100000000000004,0.7,0.11800000000000001,0.18600000000000003,3.7,-0.3,0.6,6,0.1,-0.1,-2.5,-1.1,-1.2,2023
Jose Azocar,SDP,102,91,21,13,6,0,2,16,9,0.231,0.278,0.363,0.641,0.28,77,0.132,0.292,87.0,12.4,0.069,0.264,108.9,0.431,0.292,0.27699999999999997,0.105,0.389,0.278,0.33299999999999996,0.19399999999999998,0.542,0.264,0.105,0.26,0.39,0.305,0.039,0.235,0.17,0.479,0.7190000000000001,0.5710000000000001,0.718,0.845,0.78,0.386,0.735,0.126,0.14,6.8,0.6,1.0,9,0.8,-0.1,-2.1,-2.8,-1.4,2023
Carter Kieboom,WSN,94,87,18,12,2,0,4,12,11,0.207,0.266,0.368,0.634,0.277,71,0.161,0.25,86.1,15.2,0.05,0.233,109.9,0.475,0.33899999999999997,0.18600000000000003,0.15,0.38299999999999995,0.35,0.267,0.16699999999999998,0.5670000000000001,0.267,0.2,0.196,0.309,0.252,0.064,0.287,0.22,0.28600000000000003,0.738,0.47,0.5589999999999999,0.769,0.693,0.406,0.638,0.14400000000000002,0.17600000000000002,2.0,-0.1,0.0,8,-0.1,-0.1,-3.6,-0.3,-0.7,2023
Zack Short,DET,253,221,45,29,9,0,7,17,33,0.204,0.292,0.339,0.631,0.281,76,0.136,0.255,87.6,21.2,0.08800000000000001,0.33299999999999996,107.0,0.34600000000000003,0.49,0.163,0.12,0.45899999999999996,0.33299999999999996,0.20800000000000002,0.182,0.509,0.308,0.09300000000000001,0.211,0.366,0.298,0.111,0.261,0.42,0.19899999999999998,0.68,0.41600000000000004,0.527,0.8540000000000001,0.768,0.451,0.628,0.096,0.19,3.3,0.6,-1.8,23,-0.4,-0.1,-7.8,-2.2,-1.3,2023
Alan Trejo,COL,227,207,48,33,11,0,4,24,26,0.232,0.288,0.343,0.631,0.277,58,0.111,0.286,85.5,14.6,0.044000000000000004,0.226,104.2,0.408,0.33799999999999997,0.255,0.075,0.47200000000000003,0.308,0.22,0.157,0.579,0.264,0.075,0.233,0.334,0.276,0.07,0.225,0.31,0.331,0.718,0.498,0.6829999999999999,0.871,0.8,0.433,0.612,0.099,0.147,4.3,0.2,-0.3,20,0.7,-0.1,-11.2,2.0,-1.5,2023
David Fletcher,LAA,97,89,22,19,1,0,2,7,12,0.247,0.302,0.326,0.628,0.276,71,0.079,0.256,83.3,9.3,0.0,0.198,102.7,0.462,0.359,0.179,0.14300000000000002,0.33299999999999996,0.395,0.272,0.222,0.63,0.14800000000000002,0.071,0.229,0.281,0.25,0.07200000000000001,0.09300000000000001,0.78,0.37200000000000005,0.667,0.502,0.779,0.917,0.86,0.44,0.639,0.07,0.174,0.7,-0.2,0.4,8,-0.4,-0.1,-3.7,-0.1,-0.5,2023
Jake Cave,PHI,203,184,39,25,8,1,5,18,21,0.212,0.272,0.348,0.62,0.271,65,0.136,0.27,89.3,15.3,0.076,0.348,107.0,0.389,0.41200000000000003,0.198,0.037000000000000005,0.341,0.341,0.318,0.091,0.591,0.318,0.09300000000000001,0.203,0.358,0.277,0.07400000000000001,0.271,0.27,0.331,0.6970000000000001,0.483,0.611,0.872,0.768,0.415,0.586,0.11199999999999999,0.158,5.0,0.3,0.6,17,1.4,-0.1,-7.3,-1.0,-1.4,2023
Darin Ruf,- - -,57,49,11,8,3,0,0,3,3,0.224,0.333,0.286,0.619,0.287,79,0.061,0.333,94.0,7.7,0.121,0.515,108.0,0.485,0.33299999999999996,0.182,0.0,0.39399999999999996,0.39399999999999996,0.212,0.03,0.485,0.485,0.0,0.258,0.448,0.354,0.14,0.281,0.5,0.201,0.557,0.35600000000000004,0.36700000000000005,0.9059999999999999,0.7340000000000001,0.436,0.649,0.095,0.235,0.5,-0.1,-0.1,5,-0.4,-0.1,-1.9,-1.4,-1.3,2023
Nick Gonzales,PIT,128,115,24,13,8,1,2,12,13,0.209,0.268,0.348,0.616,0.268,63,0.139,0.278,85.5,8.7,0.037000000000000005,0.268,106.0,0.58,0.284,0.136,0.087,0.488,0.32899999999999996,0.183,0.134,0.573,0.293,0.087,0.201,0.313,0.257,0.047,0.281,0.17,0.317,0.7909999999999999,0.526,0.466,0.816,0.698,0.442,0.6559999999999999,0.158,0.124,3.9,-0.6,-0.4,10,-0.4,-0.1,-6.3,1.1,-0.8,2023
Taylor Trammell,SEA,56,46,6,3,0,0,3,7,11,0.13,0.286,0.326,0.612,0.279,81,0.196,0.143,91.5,26.2,0.16699999999999998,0.45799999999999996,109.1,0.33299999999999996,0.583,0.083,0.14300000000000002,0.542,0.25,0.20800000000000002,0.20800000000000002,0.45799999999999996,0.33299999999999996,0.214,0.164,0.394,0.306,0.161,0.39299999999999996,0.41,0.209,0.6759999999999999,0.414,0.35700000000000004,0.7040000000000001,0.606,0.439,0.607,0.162,0.162,2.5,-0.5,0.5,5,-0.2,-0.1,-1.5,-1.9,-1.5,2023
Ji Hwan Bae,PIT,371,334,77,56,17,2,2,54,32,0.231,0.296,0.311,0.608,0.272,66,0.081,0.31,88.1,1.1,0.02,0.368,110.2,0.597,0.21899999999999997,0.185,0.039,0.29100000000000004,0.36,0.348,0.17,0.611,0.21899999999999997,0.039,0.222,0.293,0.264,0.081,0.248,0.33,0.306,0.6829999999999999,0.46299999999999997,0.638,0.863,0.777,0.418,0.6679999999999999,0.10300000000000001,0.166,7.4,0.3,1.8,31,2.9,-0.1,-12.9,-0.7,-0.9,2023
Tony Kemp,OAK,419,359,75,54,13,3,5,42,27,0.209,0.303,0.304,0.607,0.276,76,0.095,0.221,86.7,10.0,0.012,0.204,103.0,0.47600000000000003,0.342,0.182,0.075,0.47700000000000004,0.371,0.152,0.10300000000000001,0.6659999999999999,0.231,0.047,0.241,0.321,0.297,0.105,0.095,1.1,0.272,0.665,0.45399999999999996,0.779,0.9209999999999999,0.875,0.462,0.621,0.057,0.187,5.8,0.5,-1.7,36,0.0,-0.1,-12.2,-3.2,-1.1,2023
Brett Phillips,LAA,71,63,11,7,1,0,3,9,6,0.175,0.268,0.333,0.601,0.268,65,0.159,0.333,86.7,18.2,0.07400000000000001,0.29600000000000004,105.7,0.385,0.423,0.192,0.0,0.444,0.259,0.29600000000000004,0.14800000000000002,0.556,0.29600000000000004,0.273,0.149,0.271,0.236,0.113,0.507,0.22,0.261,0.6829999999999999,0.466,0.375,0.677,0.59,0.48700000000000004,0.69,0.191,0.185,5.0,0.1,-0.1,6,0.7,-0.1,-2.3,-1.6,-1.4,2023
Brice Turang,MIL,448,404,88,70,9,3,6,46,34,0.218,0.285,0.3,0.585,0.262,61,0.082,0.268,85.5,12.5,0.028999999999999998,0.27,108.3,0.41700000000000004,0.39399999999999996,0.18899999999999997,0.107,0.311,0.371,0.317,0.187,0.556,0.257,0.05,0.224,0.321,0.274,0.085,0.21,0.4,0.303,0.67,0.47100000000000003,0.726,0.88,0.826,0.456,0.665,0.08199999999999999,0.17300000000000001,6.6,2.7,1.2,33,2.9,-0.1,-18.5,1.9,-1.3,2023
Samad Taylor,KCR,69,60,12,9,2,1,0,11,4,0.2,0.279,0.267,0.546,0.248,50,0.067,0.308,87.5,8.7,0.1,0.225,104.8,0.526,0.342,0.132,0.077,0.275,0.375,0.35,0.125,0.575,0.3,0.0,0.196,0.349,0.274,0.10099999999999999,0.319,0.32,0.326,0.696,0.48700000000000004,0.614,0.7340000000000001,0.6890000000000001,0.435,0.623,0.151,0.16399999999999998,10.0,1.5,0.4,4,1.4,-0.1,-2.7,-0.5,-0.8,2023
Heliot Ramos,SFG,60,56,10,5,4,0,1,5,2,0.179,0.233,0.304,0.537,0.236,46,0.125,0.257,90.9,13.5,0.139,0.41700000000000004,112.7,0.5,0.41200000000000003,0.08800000000000001,0.14300000000000002,0.306,0.389,0.306,0.14300000000000002,0.5710000000000001,0.28600000000000003,0.071,0.193,0.345,0.259,0.067,0.33299999999999996,0.2,0.35,0.698,0.5,0.469,0.892,0.7240000000000001,0.431,0.65,0.138,0.146,1.4,-0.1,-0.5,3,-0.1,-0.1,-4.1,0.5,-1.5,2023
Kole Calhoun,CLE,174,157,34,21,7,0,6,18,25,0.217,0.282,0.376,0.657,0.286,80,0.159,0.241,86.6,19.9,0.066,0.35200000000000004,106.0,0.336,0.45899999999999996,0.205,0.125,0.44299999999999995,0.344,0.213,0.19699999999999998,0.525,0.27899999999999997,0.107,0.235,0.397,0.303,0.075,0.213,0.35,0.321,0.755,0.48200000000000004,0.657,0.885,0.79,0.37200000000000005,0.598,0.10099999999999999,0.14,1.8,-0.7,0.8,17,-1.0,-0.2,-5.1,-2.9,-2.1,2023
Carlos Perez,OAK,189,168,38,28,4,0,6,17,20,0.226,0.293,0.357,0.65,0.285,83,0.131,0.256,89.2,16.1,0.053,0.39399999999999996,108.0,0.374,0.41200000000000003,0.214,0.16699999999999998,0.583,0.295,0.121,0.212,0.409,0.379,0.111,0.258,0.39,0.314,0.069,0.212,0.33,0.326,0.655,0.45799999999999996,0.667,0.912,0.8079999999999999,0.401,0.608,0.08800000000000001,0.183,1.0,-0.3,-0.6,18,-1.2,-0.2,-5.1,-2.9,-1.6,2023
Matt Beaty,- - -,72,61,14,10,4,0,0,8,4,0.23,0.347,0.295,0.642,0.3,86,0.066,0.298,82.3,7.5,0.0,0.149,106.1,0.447,0.34,0.213,0.125,0.46799999999999997,0.40399999999999997,0.128,0.298,0.532,0.17,0.0,0.198,0.249,0.267,0.083,0.19399999999999998,0.43,0.348,0.691,0.48700000000000004,0.643,0.9209999999999999,0.8029999999999999,0.406,0.6809999999999999,0.096,0.154,2.0,-0.2,-1.9,8,-1.0,-0.2,-2.2,-2.4,-2.1,2023
Chad Wallach,LAA,172,157,31,18,5,1,7,18,15,0.197,0.259,0.376,0.635,0.275,70,0.178,0.258,87.7,16.7,0.10800000000000001,0.324,108.1,0.38,0.43,0.19,0.09300000000000001,0.41200000000000003,0.314,0.275,0.11800000000000001,0.578,0.304,0.163,0.215,0.41,0.293,0.076,0.331,0.23,0.317,0.736,0.49700000000000005,0.47200000000000003,0.789,0.6729999999999999,0.429,0.634,0.162,0.135,3.4,-0.7,0.3,15,-1.2,-0.2,-7.3,-0.1,-1.6,2023
Matt Duffy,KCR,209,191,48,38,8,0,2,17,16,0.251,0.306,0.325,0.631,0.281,73,0.073,0.303,86.4,8.9,0.026000000000000002,0.331,104.8,0.513,0.273,0.214,0.071,0.35700000000000004,0.33799999999999997,0.305,0.175,0.591,0.23399999999999999,0.048,0.269,0.347,0.298,0.057,0.187,0.31,0.32299999999999995,0.6729999999999999,0.48100000000000004,0.662,0.855,0.784,0.451,0.684,0.10400000000000001,0.188,2.5,-0.2,-0.2,19,-0.9,-0.2,-7.8,-1.5,-2.2,2023
Carlos Perez,CHW,53,49,10,5,4,0,1,5,3,0.204,0.264,0.347,0.611,0.267,66,0.143,0.243,85.1,13.5,0.079,0.263,109.3,0.526,0.342,0.132,0.308,0.395,0.342,0.263,0.289,0.447,0.263,0.077,0.197,0.302,0.25,0.075,0.20800000000000002,0.36,0.4,0.636,0.49200000000000005,0.688,0.9179999999999999,0.804,0.391,0.755,0.096,0.188,1.4,-0.1,0.2,4,-0.2,-0.2,-2.4,-1.3,-1.9,2023
Osleivis Basabe,TBR,94,87,19,13,5,0,1,15,12,0.218,0.277,0.31,0.587,0.262,66,0.092,0.295,88.4,-2.4,0.032,0.371,106.4,0.597,0.27399999999999997,0.129,0.11800000000000001,0.355,0.371,0.27399999999999997,0.19399999999999998,0.565,0.242,0.059000000000000004,0.213,0.307,0.258,0.064,0.266,0.24,0.387,0.759,0.5579999999999999,0.667,0.825,0.7659999999999999,0.45899999999999996,0.649,0.131,0.134,3.3,-0.6,0.8,7,0.5,-0.2,-3.3,-1.7,-1.9,2023
Tim Anderson,CHW,524,493,121,100,18,2,1,52,25,0.245,0.286,0.296,0.582,0.26,61,0.051,0.323,87.8,2.0,0.028999999999999998,0.39399999999999996,109.6,0.611,0.16899999999999998,0.22,0.032,0.335,0.386,0.27899999999999997,0.129,0.59,0.282,0.016,0.252,0.335,0.279,0.05,0.233,0.21,0.386,0.726,0.535,0.6409999999999999,0.856,0.769,0.43799999999999994,0.6579999999999999,0.12300000000000001,0.14,5.2,0.8,0.7,38,1.6,-0.2,-23.1,3.5,-1.7,2023
Lawrence Butler,OAK,129,123,26,18,4,0,4,10,10,0.211,0.24,0.341,0.582,0.251,59,0.13,0.259,88.3,16.3,0.09,0.371,111.0,0.409,0.44299999999999995,0.14800000000000002,0.077,0.281,0.36,0.36,0.157,0.528,0.315,0.10300000000000001,0.232,0.419,0.289,0.031,0.271,0.11,0.317,0.6679999999999999,0.478,0.488,0.863,0.728,0.45799999999999996,0.581,0.13,0.18,1.0,-0.2,-0.3,9,-0.3,-0.2,-6.7,0.6,-1.6,2023
Wade Meckler,SFG,64,56,13,12,1,0,0,6,4,0.232,0.328,0.25,0.578,0.273,71,0.018,0.419,81.4,7.8,0.0,0.226,99.7,0.433,0.2,0.36700000000000005,0.0,0.355,0.581,0.065,0.161,0.613,0.226,0.0,0.21,0.255,0.265,0.094,0.391,0.24,0.23,0.545,0.358,0.486,0.75,0.649,0.406,0.6559999999999999,0.125,0.23600000000000002,1.5,-0.2,0.9,5,0.3,-0.2,-2.0,-1.8,-1.7,2023
Brandon Dixon,SDP,86,79,16,10,4,0,2,10,9,0.203,0.244,0.329,0.573,0.249,56,0.127,0.292,87.0,16.5,0.08,0.32,111.0,0.4,0.44,0.16,0.273,0.4,0.34,0.26,0.24,0.48,0.28,0.091,0.185,0.302,0.238,0.012,0.36,0.03,0.35100000000000003,0.6409999999999999,0.486,0.508,0.8059999999999999,0.691,0.46299999999999997,0.6629999999999999,0.15,0.195,5.1,0.1,0.0,6,0.3,-0.2,-4.4,-0.3,-1.9,2023
Bobby Dalbec,BOS,53,49,10,7,2,0,1,6,1,0.204,0.264,0.306,0.57,0.254,53,0.102,0.45,92.2,13.3,0.23800000000000002,0.5710000000000001,113.7,0.33299999999999996,0.28600000000000003,0.381,0.0,0.381,0.19,0.429,0.095,0.429,0.47600000000000003,0.16699999999999998,0.198,0.377,0.275,0.075,0.528,0.14,0.353,0.6779999999999999,0.48,0.429,0.639,0.545,0.39299999999999996,0.604,0.217,0.183,4.8,0.1,-0.1,4,0.2,-0.2,-2.8,-1.3,-2.3,2023
Hunter Dozier,KCR,91,82,15,10,2,1,2,8,9,0.183,0.253,0.305,0.558,0.247,49,0.122,0.25,84.4,12.3,0.037000000000000005,0.389,107.9,0.46299999999999997,0.389,0.14800000000000002,0.095,0.48100000000000004,0.33299999999999996,0.185,0.185,0.556,0.259,0.095,0.183,0.283,0.241,0.08800000000000001,0.319,0.28,0.317,0.713,0.474,0.5,0.825,0.693,0.395,0.56,0.145,0.14800000000000002,6.6,0.3,0.1,6,1.0,-0.2,-4.6,-0.6,-2.1,2023
Trey Cabbage,LAA,56,53,11,7,3,0,1,5,7,0.208,0.232,0.321,0.553,0.238,44,0.113,0.37,86.7,4.7,0.071,0.321,112.8,0.5710000000000001,0.25,0.179,0.0,0.35700000000000004,0.35700000000000004,0.28600000000000003,0.14300000000000002,0.5,0.35700000000000004,0.14300000000000002,0.14,0.239,0.179,0.036000000000000004,0.46399999999999997,0.08,0.526,0.838,0.642,0.29600000000000004,0.746,0.514,0.37200000000000005,0.679,0.31,0.06,3.6,-0.3,0.0,3,-0.1,-0.2,-3.8,-0.3,-2.2,2023
Andrew Velazquez,LAA,94,81,14,9,3,0,2,12,3,0.173,0.264,0.284,0.548,0.249,52,0.111,0.245,87.7,8.9,0.037000000000000005,0.222,104.6,0.489,0.33299999999999996,0.17800000000000002,0.133,0.46299999999999997,0.29600000000000004,0.24100000000000002,0.055999999999999994,0.778,0.16699999999999998,0.133,0.146,0.231,0.222,0.106,0.319,0.33,0.312,0.799,0.524,0.516,0.74,0.665,0.436,0.649,0.17600000000000002,0.099,6.7,1.2,0.6,6,1.5,-0.2,-3.9,-0.9,-1.6,2023
Derek Hill,WSN,50,47,8,7,1,0,0,3,1,0.17,0.22,0.191,0.411,0.19,13,0.021,0.222,84.1,7.0,0.0,0.222,106.2,0.515,0.303,0.182,0.1,0.306,0.361,0.33299999999999996,0.19399999999999998,0.667,0.139,0.0,0.196,0.24,0.219,0.06,0.22,0.27,0.319,0.675,0.46299999999999997,0.639,0.904,0.795,0.405,0.6,0.094,0.152,4.2,0.1,-0.1,1,0.4,-0.2,-5.0,1.5,-1.8,2023
C.J. Cron,- - -,278,258,64,40,12,0,12,38,37,0.248,0.295,0.434,0.729,0.312,84,0.186,0.284,87.7,12.9,0.138,0.4,114.5,0.42100000000000004,0.4,0.179,0.141,0.436,0.32299999999999995,0.24100000000000002,0.226,0.431,0.344,0.154,0.257,0.471,0.332,0.061,0.23399999999999999,0.26,0.35,0.654,0.47600000000000003,0.598,0.8340000000000001,0.732,0.414,0.662,0.127,0.185,1.9,-0.4,-2.9,32,-4.0,-0.3,-9.4,-3.3,-3.3,2023
Joey Meneses,WSN,657,611,168,118,36,1,13,71,89,0.275,0.321,0.401,0.722,0.314,96,0.126,0.329,89.4,9.4,0.054000000000000006,0.41700000000000004,110.8,0.486,0.312,0.20199999999999999,0.126,0.419,0.298,0.28300000000000003,0.161,0.504,0.335,0.086,0.247,0.361,0.288,0.057999999999999996,0.198,0.29,0.34299999999999997,0.6709999999999999,0.47600000000000003,0.644,0.892,0.7859999999999999,0.40700000000000003,0.626,0.102,0.18100000000000002,1.6,-1.2,-1.7,78,-5.2,-0.3,-8.3,-16.8,-2.8,2023
Bryan De La Cruz,MIA,626,579,149,98,32,0,19,60,78,0.257,0.304,0.411,0.715,0.309,91,0.154,0.307,89.9,11.8,0.08800000000000001,0.424,111.0,0.41,0.35700000000000004,0.233,0.063,0.382,0.36200000000000004,0.256,0.124,0.523,0.353,0.12,0.273,0.445,0.331,0.064,0.22699999999999998,0.28,0.358,0.72,0.5,0.636,0.805,0.732,0.39299999999999996,0.634,0.134,0.158,2.5,-0.7,-0.6,71,-3.7,-0.3,-10.8,-14.0,-3.5,2023
Salvador Perez,KCR,580,538,137,93,21,0,23,59,80,0.255,0.292,0.422,0.714,0.302,87,0.167,0.294,90.1,15.6,0.087,0.43799999999999994,113.1,0.363,0.409,0.22899999999999998,0.077,0.436,0.33299999999999996,0.231,0.165,0.47700000000000004,0.358,0.13699999999999998,0.266,0.46,0.325,0.033,0.233,0.14,0.495,0.775,0.601,0.602,0.8390000000000001,0.7170000000000001,0.37799999999999995,0.633,0.17,0.09699999999999999,1.2,-0.9,-2.8,63,-5.2,-0.3,-14.0,-8.5,-2.7,2023
Jake Bauers,NYY,272,242,49,22,15,0,12,28,30,0.202,0.279,0.413,0.693,0.297,88,0.211,0.268,89.1,13.8,0.187,0.48700000000000004,113.5,0.38,0.42700000000000005,0.193,0.047,0.447,0.32,0.233,0.17300000000000001,0.467,0.36,0.188,0.23,0.48,0.336,0.099,0.349,0.28,0.275,0.6890000000000001,0.45799999999999996,0.49700000000000005,0.8029999999999999,0.701,0.442,0.5660000000000001,0.13699999999999998,0.168,2.7,-0.6,-2.1,28,-2.4,-0.3,-6.2,-6.1,-3.0,2023
Andrew Benintendi,CHW,621,562,147,106,34,2,5,72,45,0.262,0.326,0.356,0.682,0.299,88,0.094,0.301,86.6,14.5,0.028999999999999998,0.27,109.1,0.391,0.34700000000000003,0.262,0.073,0.325,0.382,0.294,0.138,0.616,0.245,0.03,0.27,0.375,0.309,0.084,0.14300000000000002,0.58,0.317,0.7090000000000001,0.488,0.7509999999999999,0.872,0.828,0.436,0.615,0.084,0.147,5.0,0.6,1.9,66,1.6,-0.3,-7.3,-17.3,-3.5,2023
Nelson Cruz,SDP,152,143,35,24,5,1,5,9,23,0.245,0.283,0.399,0.681,0.291,84,0.154,0.323,92.4,10.2,0.092,0.48,112.5,0.439,0.34700000000000003,0.214,0.11800000000000001,0.408,0.38799999999999996,0.204,0.11199999999999999,0.561,0.327,0.147,0.242,0.417,0.297,0.039,0.303,0.13,0.409,0.69,0.523,0.478,0.8290000000000001,0.6659999999999999,0.405,0.6509999999999999,0.175,0.168,3.4,0.0,-0.1,15,-0.3,-0.3,-3.3,-4.5,-2.7,2023
David Peralta,LAD,422,394,102,69,25,1,7,47,55,0.259,0.294,0.381,0.675,0.29,80,0.122,0.296,89.3,8.2,0.049,0.442,111.5,0.483,0.3,0.217,0.061,0.409,0.33799999999999997,0.253,0.131,0.534,0.335,0.071,0.274,0.4,0.309,0.047,0.171,0.28,0.37200000000000005,0.76,0.545,0.657,0.875,0.7929999999999999,0.446,0.614,0.113,0.132,4.0,-0.3,-3.9,42,-3.1,-0.3,-13.3,-4.0,-3.0,2023
Jesus Aguilar,OAK,115,104,23,16,2,0,5,8,9,0.221,0.281,0.385,0.665,0.282,80,0.163,0.261,86.7,16.3,0.067,0.293,108.2,0.35100000000000003,0.45899999999999996,0.18899999999999997,0.11800000000000001,0.392,0.35100000000000003,0.257,0.203,0.581,0.21600000000000003,0.147,0.188,0.318,0.247,0.07,0.27,0.26,0.36700000000000005,0.58,0.465,0.682,0.867,0.7879999999999999,0.46299999999999997,0.687,0.098,0.228,0.2,-0.2,-1.4,10,-1.6,-0.3,-4.4,-2.8,-3.2,2023
Hanser Alberto,CHW,90,82,18,10,5,0,3,11,16,0.22,0.261,0.39,0.652,0.279,74,0.171,0.224,84.3,15.5,0.042,0.222,104.6,0.34299999999999997,0.418,0.239,0.107,0.542,0.222,0.23600000000000002,0.18100000000000002,0.611,0.20800000000000002,0.107,0.241,0.345,0.274,0.044000000000000004,0.14400000000000002,0.31,0.519,0.815,0.648,0.7,0.9179999999999999,0.8190000000000001,0.436,0.667,0.11699999999999999,0.073,2.1,-0.1,-0.6,8,-0.5,-0.3,-3.3,-2.5,-2.7,2023
Christian Arroyo,BOS,206,195,47,28,16,0,3,23,24,0.241,0.268,0.369,0.638,0.274,67,0.128,0.295,86.3,11.1,0.046,0.327,109.6,0.45399999999999996,0.36200000000000004,0.184,0.091,0.392,0.33299999999999996,0.275,0.17600000000000002,0.529,0.294,0.055,0.235,0.348,0.272,0.034,0.218,0.16,0.43200000000000005,0.8109999999999999,0.596,0.611,0.8759999999999999,0.767,0.433,0.684,0.139,0.102,3.0,-1.3,0.3,18,-0.6,-0.3,-8.8,-1.2,-3.0,2023
Tucupita Marcano,PIT,220,202,47,30,12,2,3,16,18,0.233,0.276,0.356,0.633,0.275,68,0.124,0.265,88.3,14.4,0.052000000000000005,0.349,105.5,0.39799999999999996,0.391,0.21100000000000002,0.111,0.36,0.39,0.25,0.151,0.5760000000000001,0.273,0.048,0.248,0.371,0.292,0.045,0.159,0.29,0.34299999999999997,0.713,0.505,0.7659999999999999,0.912,0.856,0.43799999999999994,0.636,0.07200000000000001,0.14300000000000002,5.1,-0.2,0.0,19,0.3,-0.3,-8.4,-2.4,-3.4,2023
Hunter Goodman,COL,77,70,14,6,4,3,1,6,17,0.2,0.247,0.386,0.632,0.266,50,0.186,0.277,88.7,10.8,0.10400000000000001,0.43799999999999994,110.8,0.43799999999999994,0.396,0.16699999999999998,0.0,0.375,0.43799999999999994,0.188,0.125,0.5,0.375,0.053,0.211,0.354,0.263,0.065,0.312,0.21,0.40399999999999997,0.629,0.485,0.5,0.818,0.648,0.358,0.61,0.17,0.16699999999999998,6.3,0.1,0.0,6,0.5,-0.3,-4.3,-1.4,-3.1,2023
Starling Marte,NYM,341,315,78,65,7,1,5,38,28,0.248,0.301,0.324,0.625,0.278,75,0.076,0.303,88.2,6.3,0.055999999999999994,0.395,110.9,0.523,0.29600000000000004,0.18100000000000002,0.027999999999999997,0.363,0.34700000000000003,0.29,0.153,0.5770000000000001,0.27,0.069,0.261,0.402,0.312,0.047,0.20199999999999999,0.23,0.392,0.7290000000000001,0.532,0.588,0.878,0.753,0.415,0.613,0.131,0.146,6.6,2.4,1.6,30,3.6,-0.3,-7.0,-7.4,-2.8,2023
Eric Hosmer,CHC,100,94,22,17,3,0,2,7,14,0.234,0.28,0.33,0.61,0.269,67,0.096,0.299,85.1,3.3,0.057999999999999996,0.348,110.3,0.574,0.265,0.162,0.111,0.33299999999999996,0.406,0.261,0.29,0.551,0.159,0.111,0.203,0.308,0.242,0.06,0.25,0.24,0.402,0.667,0.521,0.767,0.836,0.807,0.45,0.62,0.1,0.16699999999999998,0.7,-0.2,0.0,8,-0.2,-0.3,-4.2,-2.1,-2.9,2023
Romy Gonzalez,CHW,97,93,18,9,4,2,3,11,14,0.194,0.208,0.376,0.585,0.244,50,0.183,0.273,90.5,5.0,0.136,0.424,112.8,0.5,0.31,0.19,0.055999999999999994,0.35600000000000004,0.33899999999999997,0.305,0.153,0.61,0.237,0.16699999999999998,0.211,0.39,0.269,0.021,0.371,0.06,0.41200000000000003,0.634,0.499,0.451,0.833,0.6409999999999999,0.391,0.68,0.179,0.174,9.8,1.3,1.2,6,2.0,-0.3,-3.8,-2.8,-3.3,2023
Trayce Thompson,- - -,179,153,25,17,2,0,6,17,17,0.163,0.285,0.294,0.579,0.266,64,0.131,0.271,89.3,21.8,0.11800000000000001,0.461,110.1,0.32899999999999996,0.48700000000000004,0.184,0.135,0.434,0.303,0.263,0.158,0.5,0.342,0.162,0.165,0.322,0.275,0.134,0.43,0.31,0.247,0.6409999999999999,0.39899999999999997,0.38799999999999996,0.732,0.602,0.387,0.575,0.159,0.185,3.3,0.1,0.2,14,0.2,-0.3,-7.5,-1.9,-3.3,2023
Mike Zunino,CLE,140,124,22,12,7,0,3,11,11,0.177,0.271,0.306,0.578,0.261,63,0.129,0.317,85.9,15.1,0.079,0.349,111.2,0.47600000000000003,0.365,0.159,0.13,0.556,0.317,0.127,0.222,0.444,0.33299999999999996,0.13,0.157,0.269,0.24,0.107,0.436,0.25,0.34600000000000003,0.657,0.467,0.359,0.7809999999999999,0.59,0.389,0.6,0.191,0.163,1.0,-0.2,-1.3,10,-1.4,-0.3,-7.7,-0.2,-3.1,2023
Jason Vosler,CIN,65,62,10,4,2,1,3,6,10,0.161,0.2,0.371,0.571,0.241,42,0.21,0.206,86.0,25.8,0.081,0.21600000000000003,109.4,0.27,0.568,0.162,0.095,0.541,0.18899999999999997,0.27,0.27,0.486,0.243,0.14300000000000002,0.151,0.294,0.211,0.046,0.385,0.12,0.32299999999999995,0.715,0.498,0.5,0.742,0.655,0.447,0.585,0.172,0.14400000000000002,3.9,-0.1,0.5,4,0.2,-0.3,-4.4,-0.7,-3.0,2023
Terrin Vavra,BAL,56,49,12,12,0,0,0,9,5,0.245,0.315,0.245,0.56,0.261,63,0.0,0.324,86.8,9.4,0.051,0.33299999999999996,106.3,0.486,0.21600000000000003,0.297,0.0,0.41,0.385,0.205,0.10300000000000001,0.667,0.231,0.0,0.259,0.366,0.308,0.08900000000000001,0.214,0.42,0.363,0.7609999999999999,0.528,0.5329999999999999,0.8809999999999999,0.741,0.415,0.607,0.13699999999999998,0.127,5.2,0.1,0.6,4,-0.1,-0.3,-2.6,-1.9,-2.6,2023
Garrett Stubbs,PHI,125,113,23,17,4,1,1,15,12,0.204,0.274,0.283,0.557,0.252,53,0.08,0.265,83.4,22.4,0.0,0.17600000000000002,109.6,0.37799999999999995,0.5,0.122,0.243,0.41200000000000003,0.294,0.294,0.22399999999999998,0.647,0.129,0.027000000000000003,0.161,0.203,0.207,0.07200000000000001,0.23199999999999998,0.31,0.298,0.65,0.45,0.619,0.878,0.78,0.431,0.648,0.098,0.18899999999999997,6.5,0.2,0.0,8,1.0,-0.3,-6.4,-1.0,-3.2,2023
Jonathan Schoop,DET,151,136,29,21,8,0,0,15,7,0.213,0.278,0.272,0.55,0.249,53,0.059,0.287,89.4,11.2,0.04,0.386,111.3,0.455,0.337,0.20800000000000002,0.147,0.396,0.406,0.198,0.17800000000000002,0.495,0.327,0.0,0.23,0.328,0.276,0.086,0.245,0.35,0.368,0.769,0.528,0.609,0.7979999999999999,0.718,0.397,0.636,0.14800000000000002,0.11599999999999999,1.7,-0.3,1.3,10,-0.6,-0.3,-9.1,0.7,-3.2,2023
Nick Allen,OAK,329,303,67,57,4,2,4,29,20,0.221,0.263,0.287,0.55,0.245,54,0.066,0.253,84.8,6.8,0.012,0.266,107.1,0.527,0.335,0.139,0.085,0.313,0.39399999999999996,0.293,0.18899999999999997,0.575,0.23600000000000002,0.049,0.221,0.288,0.25,0.052000000000000005,0.158,0.33,0.321,0.698,0.48700000000000004,0.6809999999999999,0.9159999999999999,0.8290000000000001,0.44,0.684,0.083,0.17300000000000001,5.0,0.0,-0.1,20,-0.4,-0.3,-18.5,4.0,-3.2,2023
David Villar,SFG,140,124,18,7,6,0,5,15,12,0.145,0.236,0.315,0.55,0.244,51,0.169,0.173,87.7,19.0,0.138,0.325,106.8,0.342,0.456,0.203,0.111,0.375,0.4,0.225,0.163,0.525,0.313,0.139,0.211,0.407,0.306,0.079,0.321,0.24,0.298,0.609,0.429,0.436,0.7859999999999999,0.645,0.42200000000000004,0.664,0.152,0.2,3.5,-0.4,0.2,8,-0.3,-0.3,-8.7,1.4,-2.6,2023
Jackson Frazier,CHW,76,66,13,11,1,1,0,10,3,0.197,0.303,0.242,0.545,0.256,58,0.045,0.302,82.5,11.5,0.0,0.256,109.2,0.465,0.326,0.209,0.14300000000000002,0.349,0.37200000000000005,0.27899999999999997,0.209,0.605,0.18600000000000003,0.0,0.19,0.246,0.255,0.132,0.303,0.43,0.251,0.721,0.441,0.479,0.882,0.745,0.40299999999999997,0.5920000000000001,0.113,0.147,7.7,-0.2,-0.2,5,-0.3,-0.3,-4.1,-1.9,-3.4,2023
Alika Williams,PIT,112,101,20,15,5,0,0,7,6,0.198,0.27,0.248,0.518,0.238,43,0.05,0.303,83.4,10.1,0.03,0.254,106.4,0.469,0.313,0.21899999999999997,0.0,0.40299999999999997,0.38799999999999996,0.209,0.16399999999999998,0.627,0.209,0.0,0.198,0.263,0.244,0.08,0.313,0.26,0.289,0.718,0.47200000000000003,0.447,0.8290000000000001,0.6940000000000001,0.426,0.723,0.14400000000000002,0.179,1.0,-0.2,-0.3,6,-0.4,-0.3,-8.3,1.1,-3.4,2023
Jonathan Arauz,NYM,66,59,8,5,0,0,3,3,9,0.136,0.203,0.288,0.491,0.217,34,0.153,0.132,86.7,16.5,0.07,0.27899999999999997,110.2,0.39,0.512,0.098,0.0,0.349,0.37200000000000005,0.27899999999999997,0.18600000000000003,0.5579999999999999,0.256,0.14300000000000002,0.185,0.288,0.241,0.076,0.273,0.28,0.371,0.544,0.44299999999999995,0.6779999999999999,0.79,0.736,0.418,0.5760000000000001,0.11699999999999999,0.223,0.1,-0.1,0.2,2,-0.1,-0.3,-5.5,0.3,-2.9,2023
Curt Casali,CIN,96,80,14,12,2,0,0,8,6,0.175,0.29,0.2,0.49,0.239,40,0.025,0.246,85.1,21.0,0.017,0.267,102.1,0.40399999999999997,0.42100000000000004,0.175,0.25,0.433,0.3,0.267,0.233,0.483,0.28300000000000003,0.0,0.207,0.287,0.281,0.115,0.24,0.48,0.254,0.722,0.45799999999999996,0.604,0.846,0.7709999999999999,0.43700000000000006,0.604,0.105,0.156,1.5,-0.2,0.3,5,-0.4,-0.3,-7.4,1.7,-2.5,2023
Jonah Bride,OAK,106,88,15,12,3,0,0,9,7,0.17,0.286,0.205,0.49,0.237,49,0.034,0.221,89.0,4.1,0.043,0.406,104.8,0.5,0.265,0.235,0.111,0.478,0.29,0.23199999999999998,0.10099999999999999,0.594,0.304,0.0,0.242,0.335,0.321,0.10400000000000001,0.20800000000000002,0.5,0.228,0.49,0.348,0.772,0.8740000000000001,0.838,0.457,0.6509999999999999,0.057,0.257,2.3,-0.6,-1.1,6,-1.6,-0.3,-8.1,1.2,-3.2,2023
Taylor Motter,STL,82,76,13,10,3,0,0,3,2,0.171,0.232,0.211,0.442,0.204,24,0.039,0.289,87.0,19.3,0.08900000000000001,0.467,114.8,0.35600000000000004,0.42200000000000004,0.222,0.316,0.489,0.311,0.2,0.267,0.4,0.33299999999999996,0.0,0.186,0.269,0.232,0.061,0.37799999999999995,0.16,0.32,0.727,0.5,0.603,0.8170000000000001,0.741,0.441,0.61,0.13,0.16399999999999998,0.6,-0.1,0.1,2,0.2,-0.3,-7.5,1.4,-3.3,2023
Nick Senzel,CIN,330,301,71,48,10,0,13,49,42,0.236,0.297,0.399,0.696,0.302,83,0.163,0.269,87.4,15.2,0.048,0.341,108.8,0.42100000000000004,0.386,0.193,0.125,0.45399999999999996,0.31,0.23600000000000002,0.183,0.52,0.297,0.14800000000000002,0.245,0.367,0.296,0.079,0.22399999999999998,0.35,0.318,0.721,0.489,0.677,0.871,0.799,0.426,0.682,0.098,0.161,4.5,-0.2,2.6,36,1.2,-0.4,-5.7,-9.8,-4.3,2023
Seth Brown,OAK,378,343,76,42,19,1,14,33,52,0.222,0.286,0.405,0.692,0.298,91,0.184,0.27,90.5,16.4,0.122,0.465,113.3,0.365,0.475,0.16,0.078,0.441,0.359,0.2,0.155,0.461,0.384,0.121,0.238,0.452,0.323,0.079,0.267,0.3,0.345,0.73,0.502,0.49700000000000005,0.847,0.7040000000000001,0.408,0.601,0.14800000000000002,0.13699999999999998,3.2,-0.4,-1.9,40,-2.5,-0.4,-6.6,-10.2,-3.8,2023
Mike Moustakas,- - -,386,352,87,60,15,0,12,43,48,0.247,0.293,0.392,0.685,0.294,78,0.145,0.296,89.0,18.0,0.057,0.374,112.9,0.34,0.449,0.21100000000000002,0.168,0.40399999999999997,0.332,0.264,0.18899999999999997,0.483,0.32799999999999996,0.10099999999999999,0.217,0.352,0.27,0.06,0.24600000000000002,0.24,0.376,0.722,0.532,0.623,0.82,0.743,0.451,0.614,0.136,0.142,1.5,-0.7,-1.1,39,-1.9,-0.4,-12.1,-5.4,-4.3,2023
Yuli Gurriel,MIA,329,298,73,50,16,3,4,32,27,0.245,0.304,0.359,0.663,0.287,76,0.114,0.272,88.6,16.4,0.019,0.349,107.9,0.40700000000000003,0.426,0.16699999999999998,0.155,0.395,0.337,0.267,0.155,0.5579999999999999,0.287,0.036000000000000004,0.237,0.32,0.273,0.079,0.134,0.59,0.33299999999999996,0.647,0.46799999999999997,0.765,0.915,0.8540000000000001,0.429,0.626,0.068,0.19399999999999998,5.1,0.2,1.1,31,1.8,-0.4,-7.9,-6.9,-3.6,2023
Luis Matos,SFG,253,228,57,41,13,1,2,24,14,0.25,0.319,0.342,0.661,0.295,85,0.092,0.285,87.1,6.3,0.02,0.31,108.4,0.451,0.374,0.174,0.027000000000000003,0.42100000000000004,0.406,0.17300000000000001,0.147,0.589,0.264,0.027000000000000003,0.258,0.359,0.304,0.079,0.13,0.61,0.284,0.716,0.462,0.722,0.9209999999999999,0.8490000000000001,0.41100000000000003,0.5489999999999999,0.07,0.16,4.3,0.1,-1.3,26,-0.4,-0.4,-5.0,-7.7,-4.0,2023
Dominic Canzone,- - -,182,173,38,19,13,0,6,23,21,0.22,0.258,0.399,0.657,0.282,81,0.179,0.237,89.7,16.4,0.121,0.426,111.6,0.426,0.397,0.177,0.08900000000000001,0.532,0.262,0.20600000000000002,0.113,0.489,0.397,0.107,0.258,0.47,0.326,0.044000000000000004,0.17600000000000002,0.25,0.441,0.674,0.544,0.6579999999999999,0.8390000000000001,0.757,0.441,0.615,0.132,0.174,3.8,0.0,-1.5,17,-1.3,-0.4,-5.6,-4.4,-3.7,2023
Yonathan Daza,COL,80,74,20,14,6,0,0,8,7,0.27,0.304,0.351,0.655,0.286,64,0.081,0.323,85.0,13.5,0.016,0.19,105.4,0.44299999999999995,0.377,0.18,0.0,0.317,0.28600000000000003,0.397,0.175,0.619,0.20600000000000002,0.0,0.23,0.311,0.253,0.038,0.163,0.23,0.46399999999999997,0.725,0.5670000000000001,0.701,0.9490000000000001,0.8270000000000001,0.396,0.738,0.098,0.142,4.0,0.1,0.2,8,-0.2,-0.4,-3.8,-2.8,-3.9,2023
Mike Brosseau,MIL,78,73,15,9,2,0,4,4,8,0.205,0.256,0.397,0.654,0.281,75,0.192,0.224,81.3,13.5,0.075,0.20800000000000002,104.1,0.415,0.377,0.20800000000000002,0.15,0.47200000000000003,0.321,0.20800000000000002,0.226,0.5660000000000001,0.20800000000000002,0.2,0.197,0.352,0.262,0.051,0.256,0.2,0.31,0.674,0.48200000000000004,0.5710000000000001,0.789,0.715,0.47200000000000003,0.5770000000000001,0.13699999999999998,0.19399999999999998,0.1,-0.1,-0.2,7,-0.3,-0.4,-2.7,-4.1,-4.1,2023
Matt Carpenter,SDP,237,188,33,16,12,0,5,18,31,0.176,0.322,0.319,0.641,0.293,85,0.144,0.231,87.0,24.5,0.11,0.307,107.6,0.272,0.568,0.16,0.141,0.5479999999999999,0.24600000000000002,0.20600000000000002,0.159,0.5479999999999999,0.294,0.07,0.173,0.334,0.309,0.17300000000000001,0.28300000000000003,0.61,0.24600000000000002,0.609,0.4,0.503,0.8590000000000001,0.7340000000000001,0.426,0.599,0.107,0.192,1.9,-0.3,-0.8,24,-0.8,-0.4,-5.2,-7.0,-4.2,2023
Luken Baker,STL,99,86,18,13,3,0,2,9,10,0.209,0.313,0.314,0.627,0.285,79,0.105,0.302,93.1,16.8,0.073,0.527,111.1,0.364,0.4,0.23600000000000002,0.136,0.382,0.382,0.23600000000000002,0.073,0.473,0.455,0.091,0.237,0.384,0.32,0.131,0.313,0.42,0.26899999999999996,0.6629999999999999,0.41700000000000004,0.56,0.795,0.701,0.377,0.535,0.125,0.17,1.0,-0.2,-1.3,9,-1.5,-0.4,-4.1,-3.0,-3.7,2023
Aledmys Diaz,OAK,344,315,72,47,20,1,4,25,24,0.229,0.28,0.337,0.616,0.268,71,0.108,0.273,87.8,11.3,0.027999999999999997,0.335,110.0,0.47200000000000003,0.341,0.187,0.151,0.43700000000000006,0.34600000000000003,0.217,0.185,0.535,0.28,0.047,0.236,0.329,0.273,0.049,0.192,0.26,0.373,0.721,0.528,0.669,0.8809999999999999,0.797,0.444,0.669,0.107,0.154,2.8,-0.3,-0.7,28,-2.2,-0.4,-14.3,-1.4,-4.0,2023
Luis Guillorme,NYM,120,107,24,16,6,1,1,12,9,0.224,0.288,0.327,0.615,0.269,69,0.103,0.291,85.9,11.8,0.012,0.256,100.4,0.405,0.36700000000000005,0.228,0.034,0.22,0.402,0.37799999999999995,0.159,0.659,0.183,0.034,0.195,0.264,0.238,0.083,0.233,0.36,0.251,0.619,0.405,0.7140000000000001,0.92,0.846,0.42,0.5329999999999999,0.062,0.212,3.1,-0.2,0.7,10,-0.2,-0.4,-4.9,-2.7,-3.5,2023
Brayan Rocchio,CLE,86,81,20,14,6,0,0,9,8,0.247,0.279,0.321,0.6,0.263,64,0.074,0.364,85.8,1.4,0.0,0.182,103.4,0.6,0.218,0.182,0.083,0.455,0.364,0.182,0.145,0.6,0.255,0.0,0.184,0.237,0.204,0.047,0.314,0.15,0.445,0.69,0.547,0.517,0.847,0.69,0.415,0.6509999999999999,0.16899999999999998,0.16,1.9,-0.1,-1.1,7,-0.8,-0.4,-4.5,-2.2,-3.8,2023
Mark Mathias,- - -,72,62,14,12,2,0,0,6,6,0.226,0.333,0.258,0.591,0.278,71,0.032,0.298,83.6,1.3,0.0,0.298,104.0,0.638,0.17,0.191,0.25,0.38299999999999995,0.426,0.191,0.23399999999999999,0.596,0.17,0.0,0.229,0.278,0.287,0.139,0.20800000000000002,0.67,0.20800000000000002,0.675,0.405,0.556,0.812,0.736,0.42100000000000004,0.583,0.106,0.193,4.6,0.4,-0.8,6,-0.4,-0.4,-3.0,-3.6,-4.1,2023
Jake Alu,WSN,175,159,36,31,2,1,2,14,16,0.226,0.282,0.289,0.571,0.256,57,0.063,0.291,88.6,5.2,0.025,0.33299999999999996,105.7,0.547,0.239,0.214,0.036000000000000004,0.41700000000000004,0.35,0.233,0.10800000000000001,0.617,0.275,0.071,0.242,0.339,0.283,0.057,0.24,0.24,0.38799999999999996,0.64,0.499,0.703,0.8370000000000001,0.778,0.43799999999999994,0.64,0.11,0.17800000000000002,5.3,0.2,-0.4,12,-0.9,-0.4,-10.2,0.2,-4.1,2023
Jacob Stallings,MIA,276,241,46,29,14,0,3,22,20,0.191,0.278,0.286,0.565,0.256,56,0.095,0.249,89.7,9.1,0.055999999999999994,0.402,106.8,0.483,0.368,0.149,0.047,0.35200000000000004,0.358,0.29100000000000004,0.11699999999999999,0.575,0.307,0.047,0.193,0.302,0.262,0.098,0.243,0.4,0.24600000000000002,0.619,0.406,0.5720000000000001,0.9129999999999999,0.795,0.429,0.612,0.083,0.209,1.2,-0.5,-3.8,19,-3.1,-0.4,-18.3,4.8,-4.1,2023
Avisail Garcia,MIA,118,108,20,13,3,1,3,8,12,0.185,0.241,0.315,0.556,0.241,46,0.13,0.258,90.4,10.3,0.113,0.479,111.9,0.536,0.33299999999999996,0.13,0.087,0.391,0.275,0.33299999999999996,0.174,0.391,0.435,0.13,0.228,0.412,0.296,0.051,0.331,0.15,0.375,0.773,0.536,0.392,0.846,0.657,0.405,0.653,0.182,0.128,5.5,0.2,-0.3,7,0.1,-0.4,-7.9,-0.3,-4.2,2023
Luke Voit,MIL,74,68,15,12,3,0,0,5,4,0.221,0.284,0.265,0.548,0.251,54,0.044,0.366,86.7,12.4,0.073,0.366,109.0,0.439,0.268,0.293,0.0,0.46299999999999997,0.341,0.195,0.171,0.585,0.244,0.0,0.229,0.355,0.286,0.054000000000000006,0.365,0.15,0.28600000000000003,0.7929999999999999,0.493,0.45799999999999996,0.685,0.607,0.408,0.649,0.19399999999999998,0.13699999999999998,4.4,0.3,-0.2,5,-0.5,-0.4,-4.7,-2.2,-4.4,2023
Oswald Peraza,NYY,191,173,33,23,8,0,2,15,14,0.191,0.267,0.272,0.539,0.246,52,0.081,0.256,87.1,9.9,0.040999999999999995,0.285,110.6,0.496,0.317,0.187,0.205,0.537,0.317,0.146,0.203,0.504,0.293,0.051,0.222,0.331,0.281,0.068,0.262,0.26,0.311,0.757,0.494,0.5,0.83,0.708,0.41100000000000003,0.634,0.14400000000000002,0.141,3.5,-0.8,0.0,12,-0.9,-0.4,-11.8,1.5,-3.8,2023
Bubba Thompson,TEX,60,53,9,4,4,1,0,10,4,0.17,0.237,0.283,0.52,0.23,42,0.113,0.237,82.2,3.6,0.026000000000000002,0.231,104.4,0.529,0.324,0.147,0.182,0.359,0.385,0.256,0.231,0.615,0.154,0.0,0.175,0.253,0.226,0.067,0.267,0.25,0.376,0.69,0.5,0.52,0.6829999999999999,0.609,0.395,0.583,0.195,0.122,8.7,-0.1,0.8,3,0.1,-0.4,-4.1,-1.8,-3.8,2023
Jorge Alfaro,- - -,52,48,7,2,4,0,1,2,4,0.146,0.212,0.292,0.503,0.223,25,0.146,0.188,88.9,-6.1,0.061,0.364,108.6,0.667,0.182,0.152,0.0,0.485,0.303,0.212,0.242,0.424,0.33299999999999996,0.16699999999999998,0.209,0.339,0.27,0.038,0.28800000000000003,0.13,0.495,0.828,0.617,0.491,0.943,0.713,0.366,0.596,0.177,0.086,0.3,0.0,0.0,2,-0.1,-0.4,-4.9,-0.9,-4.0,2023
Brett Wisely,SFG,131,120,21,14,5,0,2,10,8,0.175,0.231,0.267,0.497,0.222,36,0.092,0.241,85.9,17.9,0.073,0.32899999999999996,108.4,0.377,0.39,0.23399999999999999,0.2,0.402,0.317,0.28,0.207,0.5489999999999999,0.244,0.067,0.181,0.295,0.238,0.069,0.305,0.23,0.359,0.711,0.508,0.618,0.775,0.711,0.424,0.664,0.147,0.145,3.4,-0.2,-0.6,5,-0.6,-0.4,-10.9,2.9,-3.6,2023
Colton Cowser,BAL,77,61,7,5,2,0,0,15,4,0.115,0.286,0.148,0.433,0.226,39,0.033,0.175,87.4,4.7,0.025,0.425,107.7,0.475,0.275,0.25,0.0,0.4,0.325,0.275,0.125,0.625,0.25,0.0,0.206,0.277,0.296,0.16899999999999998,0.28600000000000003,0.59,0.245,0.6459999999999999,0.40399999999999997,0.611,0.8390000000000001,0.755,0.396,0.48100000000000004,0.099,0.18100000000000002,5.0,0.0,0.7,3,0.6,-0.4,-5.0,-1.3,-3.7,2023
Keibert Ruiz,WSN,562,523,136,94,24,0,18,55,67,0.26,0.308,0.409,0.717,0.31,93,0.149,0.263,87.4,15.3,0.057999999999999996,0.319,110.1,0.385,0.392,0.223,0.158,0.45799999999999996,0.33799999999999997,0.203,0.193,0.503,0.304,0.098,0.274,0.425,0.322,0.055,0.10300000000000001,0.53,0.39399999999999996,0.67,0.511,0.784,0.94,0.87,0.42200000000000004,0.601,0.066,0.163,1.6,-1.2,-5.7,65,-5.6,-0.5,-10.2,-14.3,-5.4,2023
Jose Abreu,HOU,594,540,128,86,23,1,18,62,90,0.237,0.296,0.383,0.68,0.295,86,0.146,0.276,89.0,10.8,0.087,0.41600000000000004,113.3,0.45,0.363,0.188,0.079,0.33899999999999997,0.40399999999999997,0.257,0.188,0.526,0.28600000000000003,0.11900000000000001,0.249,0.41,0.315,0.071,0.21899999999999997,0.32,0.389,0.6629999999999999,0.502,0.642,0.856,0.758,0.41100000000000003,0.593,0.121,0.17,2.0,-1.4,-1.3,61,-2.5,-0.5,-12.4,-12.9,-5.1,2023
Vaughn Grissom,ATL,80,75,21,17,3,1,0,5,9,0.28,0.313,0.347,0.659,0.289,79,0.067,0.344,86.2,5.1,0.066,0.361,107.7,0.5670000000000001,0.267,0.16699999999999998,0.063,0.32799999999999996,0.32799999999999996,0.344,0.131,0.6559999999999999,0.213,0.0,0.278,0.384,0.304,0.025,0.188,0.13,0.396,0.746,0.5539999999999999,0.635,0.9279999999999999,0.813,0.45,0.675,0.10300000000000001,0.138,3.6,-0.6,-0.4,8,-0.7,-0.5,-2.8,-4.6,-4.7,2023
Ji-Man Choi,- - -,117,104,17,6,5,0,6,12,13,0.163,0.239,0.385,0.624,0.267,64,0.221,0.169,93.4,11.9,0.19699999999999998,0.5920000000000001,110.0,0.408,0.39399999999999996,0.19699999999999998,0.107,0.5489999999999999,0.225,0.225,0.16899999999999998,0.39399999999999996,0.43700000000000006,0.214,0.237,0.493,0.349,0.085,0.299,0.29,0.28800000000000003,0.747,0.46399999999999997,0.5329999999999999,0.838,0.721,0.38299999999999995,0.564,0.129,0.16,1.3,-0.1,0.5,9,-0.1,-0.5,-5.3,-3.6,-4.9,2023
Tyler Nevin,DET,111,95,19,13,3,1,2,11,10,0.2,0.306,0.316,0.622,0.282,76,0.116,0.246,89.3,13.7,0.07,0.38,107.6,0.451,0.39399999999999996,0.155,0.179,0.268,0.408,0.324,0.141,0.507,0.35200000000000004,0.071,0.215,0.365,0.305,0.10800000000000001,0.225,0.48,0.26,0.706,0.466,0.662,0.8740000000000001,0.81,0.461,0.6759999999999999,0.08800000000000001,0.175,3.8,-0.6,0.1,10,-1.0,-0.5,-4.2,-4.7,-5.1,2023
Jose Barrero,CIN,149,133,29,19,8,0,2,15,17,0.218,0.295,0.323,0.619,0.276,66,0.105,0.307,87.5,17.1,0.033,0.35600000000000004,108.7,0.4,0.37799999999999995,0.222,0.147,0.467,0.344,0.18899999999999997,0.21100000000000002,0.511,0.278,0.059000000000000004,0.219,0.325,0.277,0.10099999999999999,0.295,0.34,0.36,0.7240000000000001,0.502,0.484,0.812,0.669,0.39,0.557,0.166,0.142,3.5,-0.5,0.4,13,-0.3,-0.5,-6.6,-3.1,-4.7,2023
Brett Baty,NYM,389,353,75,54,12,0,9,41,34,0.212,0.275,0.323,0.598,0.266,67,0.11,0.28,89.5,6.6,0.076,0.442,113.7,0.502,0.273,0.22399999999999998,0.075,0.37,0.337,0.293,0.15,0.565,0.285,0.134,0.237,0.382,0.3,0.075,0.28,0.27,0.298,0.664,0.45799999999999996,0.536,0.8109999999999999,0.711,0.439,0.5660000000000001,0.132,0.177,3.1,-0.3,0.1,30,-0.6,-0.5,-16.7,-1.4,-4.9,2023
Jose Herrera,ARI,120,101,21,16,5,0,0,15,7,0.208,0.296,0.257,0.553,0.256,56,0.05,0.292,85.9,11.3,0.0,0.195,101.2,0.431,0.33299999999999996,0.23600000000000002,0.042,0.506,0.23399999999999999,0.26,0.156,0.61,0.23399999999999999,0.0,0.209,0.259,0.26,0.10800000000000001,0.25,0.43,0.21600000000000003,0.574,0.382,0.593,0.912,0.815,0.465,0.633,0.07,0.23600000000000002,4.1,0.0,-1.1,8,-1.2,-0.5,-7.8,-1.5,-5.2,2023
Juan Yepez,STL,65,60,11,8,1,0,2,5,2,0.183,0.246,0.3,0.546,0.243,51,0.117,0.237,80.0,25.2,0.075,0.25,113.8,0.25,0.6,0.15,0.125,0.4,0.275,0.325,0.325,0.425,0.25,0.083,0.246,0.369,0.298,0.062,0.308,0.2,0.418,0.657,0.511,0.652,0.855,0.754,0.389,0.677,0.125,0.151,1.8,-0.5,-1.0,4,-0.9,-0.5,-4.9,-2.6,-5.3,2023
Kevin Smith,OAK,146,135,25,16,4,0,5,15,11,0.185,0.22,0.326,0.546,0.236,49,0.141,0.253,88.0,13.7,0.09,0.36,109.3,0.429,0.429,0.14300000000000002,0.083,0.371,0.292,0.337,0.16899999999999998,0.539,0.292,0.139,0.18,0.335,0.237,0.034,0.349,0.1,0.433,0.643,0.522,0.5579999999999999,0.8170000000000001,0.6940000000000001,0.426,0.705,0.159,0.187,3.9,0.0,0.2,8,-0.4,-0.5,-9.4,-0.4,-4.8,2023
Jon Singleton,- - -,105,91,15,10,3,0,2,11,12,0.165,0.267,0.264,0.53,0.244,51,0.099,0.194,88.9,17.5,0.057999999999999996,0.435,109.3,0.348,0.478,0.174,0.152,0.42,0.36200000000000004,0.217,0.145,0.609,0.24600000000000002,0.061,0.216,0.363,0.298,0.124,0.21899999999999997,0.57,0.293,0.647,0.424,0.6409999999999999,0.8909999999999999,0.782,0.37,0.59,0.092,0.161,1.7,-0.2,-0.3,6,-0.6,-0.5,-6.9,-1.9,-5.2,2023
Brett Sullivan,SDP,86,81,17,13,3,0,1,7,6,0.21,0.244,0.284,0.528,0.232,45,0.074,0.258,86.9,16.3,0.016,0.28600000000000003,103.8,0.40299999999999997,0.419,0.177,0.077,0.444,0.317,0.23800000000000002,0.111,0.6829999999999999,0.20600000000000002,0.038,0.226,0.3,0.246,0.047,0.221,0.21,0.305,0.698,0.47,0.755,0.875,0.83,0.42,0.57,0.08,0.156,1.4,-0.1,0.0,4,0.2,-0.5,-5.7,-1.9,-4.7,2023
Franmil Reyes,KCR,65,59,11,9,0,0,2,5,7,0.186,0.231,0.288,0.519,0.227,35,0.102,0.257,93.0,-2.0,0.162,0.43200000000000005,113.4,0.541,0.297,0.162,0.0,0.514,0.405,0.081,0.162,0.568,0.27,0.182,0.176,0.34,0.263,0.062,0.369,0.17,0.33,0.728,0.485,0.49200000000000005,0.807,0.6759999999999999,0.389,0.49200000000000005,0.156,0.156,1.0,-0.1,0.0,3,-0.4,-0.5,-5.4,-2.0,-5.2,2023
Nick Gordon,MIN,93,91,16,8,5,1,2,13,7,0.176,0.185,0.319,0.503,0.213,27,0.143,0.179,89.1,9.3,0.049,0.37,105.4,0.46799999999999997,0.354,0.177,0.0,0.37,0.321,0.309,0.14800000000000002,0.519,0.33299999999999996,0.071,0.251,0.428,0.29,0.011000000000000001,0.11800000000000001,0.09,0.418,0.785,0.589,0.623,0.912,0.802,0.466,0.6559999999999999,0.11599999999999999,0.10300000000000001,4.1,-0.1,0.4,3,0.5,-0.5,-7.6,-0.6,-5.0,2023
Kyle Lewis,ARI,54,51,8,5,2,0,1,2,2,0.157,0.204,0.255,0.459,0.204,21,0.098,0.241,89.1,23.6,0.067,0.267,102.9,0.33299999999999996,0.5,0.16699999999999998,0.133,0.467,0.267,0.267,0.1,0.5,0.4,0.067,0.182,0.265,0.22,0.055999999999999994,0.389,0.14,0.28600000000000003,0.7240000000000001,0.47200000000000003,0.5529999999999999,0.732,0.67,0.424,0.63,0.156,0.177,0.1,-0.1,0.0,1,-0.1,-0.5,-5.4,-1.2,-4.7,2023
Jackie Bradley Jr.,KCR,113,105,14,8,5,0,1,10,6,0.133,0.188,0.21,0.397,0.18,3,0.076,0.173,88.1,5.3,0.078,0.35100000000000003,107.6,0.513,0.355,0.132,0.111,0.5579999999999999,0.299,0.14300000000000002,0.221,0.455,0.325,0.037000000000000005,0.187,0.324,0.246,0.044000000000000004,0.257,0.17,0.363,0.715,0.529,0.48700000000000004,0.797,0.685,0.473,0.637,0.16699999999999998,0.145,2.6,-0.1,0.4,1,-0.2,-0.5,-13.4,4.1,-5.4,2023
Tyler Stephenson,CIN,517,465,113,78,20,2,13,59,56,0.243,0.317,0.378,0.696,0.305,85,0.135,0.314,89.4,9.0,0.076,0.435,111.1,0.486,0.287,0.22699999999999998,0.042,0.39899999999999997,0.32899999999999996,0.272,0.11199999999999999,0.55,0.33799999999999997,0.13699999999999998,0.243,0.397,0.314,0.091,0.261,0.35,0.275,0.633,0.426,0.564,0.85,0.743,0.42100000000000004,0.634,0.109,0.191,2.7,-1.4,-1.9,57,-2.3,-0.6,-11.9,-11.3,-5.7,2023
Giancarlo Stanton,NYY,415,371,71,34,13,0,24,43,60,0.191,0.275,0.42,0.695,0.297,88,0.229,0.21,93.3,12.5,0.157,0.484,119.5,0.431,0.444,0.125,0.127,0.41100000000000003,0.36700000000000005,0.222,0.198,0.387,0.415,0.218,0.219,0.462,0.325,0.099,0.299,0.33,0.294,0.624,0.425,0.544,0.772,0.677,0.397,0.5489999999999999,0.13699999999999998,0.188,0.9,-0.6,-4.1,43,-2.8,-0.6,-8.9,-10.9,-5.7,2023
Alec Burleson,STL,347,315,77,48,20,1,8,34,36,0.244,0.3,0.39,0.691,0.3,89,0.146,0.261,89.9,12.4,0.057999999999999996,0.406,110.6,0.41200000000000003,0.36700000000000005,0.221,0.071,0.38799999999999996,0.35200000000000004,0.26,0.14300000000000002,0.546,0.311,0.08199999999999999,0.277,0.449,0.337,0.066,0.13,0.51,0.371,0.718,0.515,0.754,0.9109999999999999,0.845,0.41600000000000004,0.617,0.08,0.14400000000000002,3.4,-0.4,-2.6,37,-2.0,-0.6,-6.9,-11.1,-6.1,2023
Nick Pratto,KCR,345,306,71,48,16,0,7,33,35,0.232,0.307,0.353,0.66,0.292,80,0.121,0.388,87.5,13.4,0.081,0.419,107.6,0.366,0.366,0.267,0.127,0.395,0.36,0.244,0.18,0.47700000000000004,0.34299999999999997,0.111,0.209,0.339,0.278,0.084,0.4,0.21,0.301,0.608,0.43200000000000005,0.43200000000000005,0.825,0.6679999999999999,0.42700000000000005,0.632,0.14300000000000002,0.22,2.0,-0.9,-0.4,35,-1.4,-0.6,-9.5,-8.8,-6.5,2023
Corey Dickerson,WSN,152,144,36,26,7,1,2,12,17,0.25,0.283,0.354,0.637,0.277,71,0.104,0.296,88.1,9.4,0.034,0.27399999999999997,109.6,0.462,0.35,0.188,0.024,0.33299999999999996,0.402,0.265,0.128,0.573,0.299,0.049,0.257,0.375,0.29,0.046,0.184,0.25,0.506,0.732,0.604,0.682,0.884,0.787,0.431,0.6779999999999999,0.127,0.11800000000000001,2.8,-0.7,-1.4,13,-2.3,-0.6,-7.8,-3.5,-6.2,2023
Casey Schmitt,SFG,277,253,52,32,15,0,5,28,30,0.206,0.255,0.324,0.58,0.254,58,0.119,0.253,88.1,15.1,0.067,0.34,111.6,0.395,0.384,0.221,0.11,0.40700000000000003,0.34,0.253,0.155,0.557,0.289,0.068,0.234,0.359,0.282,0.047,0.235,0.2,0.414,0.738,0.5489999999999999,0.597,0.875,0.752,0.41600000000000004,0.635,0.135,0.146,3.4,-0.4,-1.3,19,-0.8,-0.6,-15.3,0.2,-5.6,2023
Lenyn Sosa,CHW,173,164,33,21,6,0,6,12,14,0.201,0.224,0.348,0.571,0.241,48,0.146,0.227,89.4,14.0,0.078,0.38299999999999995,107.5,0.39799999999999996,0.39,0.21100000000000002,0.10400000000000001,0.32,0.336,0.344,0.141,0.508,0.35200000000000004,0.125,0.25,0.413,0.29,0.028999999999999998,0.231,0.13,0.431,0.6629999999999999,0.529,0.682,0.863,0.777,0.42,0.6940000000000001,0.11800000000000001,0.172,1.2,-0.6,-0.3,10,-0.9,-0.6,-11.6,-0.6,-6.3,2023
Josh Harrison,PHI,114,103,21,16,3,0,2,8,10,0.204,0.263,0.291,0.554,0.248,50,0.087,0.229,86.6,10.7,0.024,0.259,104.6,0.494,0.306,0.2,0.154,0.41200000000000003,0.353,0.235,0.17600000000000002,0.5529999999999999,0.271,0.077,0.228,0.323,0.278,0.026000000000000002,0.175,0.15,0.332,0.701,0.508,0.735,0.809,0.784,0.47700000000000004,0.614,0.11,0.161,1.2,-0.2,0.3,7,0.2,-0.6,-6.9,-3.4,-6.4,2023
Michael Busch,LAD,81,72,12,7,3,0,2,9,7,0.167,0.247,0.292,0.539,0.241,47,0.125,0.227,89.1,4.7,0.065,0.5,108.3,0.5870000000000001,0.326,0.087,0.0,0.435,0.326,0.239,0.152,0.565,0.28300000000000003,0.133,0.182,0.341,0.264,0.099,0.33299999999999996,0.3,0.308,0.7340000000000001,0.47600000000000003,0.545,0.833,0.72,0.39399999999999996,0.568,0.133,0.14400000000000002,4.3,0.1,0.1,5,0.6,-0.6,-4.7,-3.7,-5.6,2023
Everson Pereira,NYY,103,93,14,10,4,0,0,6,10,0.151,0.233,0.194,0.427,0.202,22,0.043,0.264,91.9,10.0,0.075,0.547,111.8,0.47200000000000003,0.302,0.226,0.063,0.396,0.377,0.226,0.094,0.491,0.415,0.0,0.214,0.306,0.27,0.078,0.38799999999999996,0.2,0.324,0.795,0.526,0.361,0.727,0.598,0.428,0.6890000000000001,0.21100000000000002,0.11599999999999999,5.1,0.6,-0.2,3,0.5,-0.6,-9.1,-0.1,-5.7,2023
Tomas Nido,NYM,61,56,7,7,0,0,0,5,1,0.125,0.153,0.125,0.278,0.128,-25,0.0,0.179,85.0,5.8,0.0,0.195,107.7,0.541,0.27,0.18899999999999997,0.0,0.46299999999999997,0.341,0.195,0.171,0.732,0.098,0.0,0.156,0.196,0.168,0.033,0.295,0.11,0.524,0.77,0.616,0.523,0.825,0.664,0.374,0.6890000000000001,0.20600000000000002,0.095,2.6,-0.1,0.3,-2,-0.1,-0.6,-9.6,1.6,-5.9,2023
Miguel Cabrera,DET,370,334,86,62,20,0,4,21,34,0.257,0.322,0.353,0.675,0.299,88,0.096,0.317,89.1,7.4,0.042,0.376,111.5,0.502,0.285,0.213,0.107,0.369,0.361,0.27,0.141,0.54,0.319,0.053,0.247,0.365,0.302,0.084,0.2,0.42,0.32,0.7070000000000001,0.483,0.627,0.85,0.765,0.42200000000000004,0.6409999999999999,0.113,0.16,0.5,-0.7,-2.6,39,-4.2,-0.7,-9.5,-10.2,-7.1,2023
Rowdy Tellez,MIL,351,311,67,44,9,1,13,26,47,0.215,0.291,0.376,0.667,0.288,79,0.161,0.249,89.9,15.2,0.087,0.40399999999999997,114.8,0.374,0.43,0.196,0.10099999999999999,0.38299999999999995,0.4,0.217,0.17,0.5,0.33,0.131,0.239,0.377,0.308,0.1,0.245,0.41,0.271,0.5329999999999999,0.385,0.677,0.883,0.8009999999999999,0.43700000000000006,0.573,0.076,0.233,1.2,-0.6,-1.9,34,-2.1,-0.7,-11.1,-7.7,-6.9,2023
Pavin Smith,ARI,228,191,36,24,5,0,7,26,30,0.188,0.317,0.325,0.642,0.293,81,0.136,0.209,89.9,13.9,0.075,0.415,110.7,0.43200000000000005,0.377,0.192,0.109,0.336,0.466,0.19899999999999998,0.12300000000000001,0.527,0.349,0.127,0.225,0.388,0.328,0.154,0.19699999999999998,0.78,0.257,0.624,0.40299999999999997,0.622,0.93,0.812,0.39799999999999996,0.5529999999999999,0.076,0.19899999999999998,2.2,-0.7,-0.1,23,-0.5,-0.7,-5.9,-8.9,-7.1,2023
Jordan Diaz,OAK,293,272,60,41,9,0,10,20,27,0.221,0.273,0.364,0.637,0.278,77,0.143,0.258,90.0,5.4,0.064,0.436,111.8,0.529,0.299,0.172,0.098,0.42200000000000004,0.319,0.26,0.147,0.5539999999999999,0.299,0.16399999999999998,0.227,0.37,0.285,0.057999999999999996,0.235,0.25,0.419,0.76,0.56,0.513,0.8759999999999999,0.716,0.41200000000000003,0.6759999999999999,0.159,0.122,0.8,-0.9,-0.5,26,-1.2,-0.7,-9.2,-7.9,-7.1,2023
Mitch Haniger,SFG,229,211,44,24,13,1,6,27,28,0.209,0.266,0.365,0.631,0.274,72,0.156,0.27,91.0,15.9,0.109,0.469,108.4,0.354,0.435,0.21100000000000002,0.047,0.42200000000000004,0.306,0.272,0.11599999999999999,0.524,0.361,0.094,0.242,0.433,0.313,0.066,0.284,0.23,0.293,0.659,0.45799999999999996,0.557,0.833,0.736,0.451,0.6809999999999999,0.121,0.187,4.3,-0.1,0.5,20,-0.8,-0.7,-8.8,-5.6,-6.6,2023
Rodolfo Castro,- - -,256,227,48,35,7,0,6,21,24,0.211,0.297,0.322,0.618,0.277,69,0.11,0.284,87.2,7.6,0.078,0.35100000000000003,111.4,0.565,0.305,0.13,0.085,0.519,0.299,0.182,0.195,0.539,0.266,0.128,0.189,0.323,0.266,0.09,0.289,0.31,0.301,0.705,0.469,0.483,0.8059999999999999,0.685,0.41600000000000004,0.586,0.147,0.147,1.9,-2.0,-1.9,22,-2.0,-0.7,-11.8,-3.7,-6.8,2023
Jose Miranda,MIN,152,142,30,23,4,0,3,12,13,0.211,0.263,0.303,0.566,0.252,55,0.092,0.235,87.9,10.1,0.042,0.373,111.0,0.49200000000000005,0.305,0.203,0.16699999999999998,0.5,0.331,0.16899999999999998,0.153,0.568,0.28,0.083,0.242,0.345,0.281,0.059000000000000004,0.158,0.38,0.376,0.7490000000000001,0.517,0.669,0.858,0.773,0.38,0.625,0.11699999999999999,0.13,1.1,-0.3,0.0,10,0.1,-0.7,-8.2,-4.2,-7.1,2023
Wil Myers,CIN,141,127,24,18,3,0,3,11,12,0.189,0.257,0.283,0.541,0.243,43,0.094,0.273,87.6,10.9,0.062,0.29600000000000004,105.8,0.5,0.325,0.175,0.231,0.519,0.284,0.198,0.17300000000000001,0.556,0.272,0.115,0.189,0.297,0.249,0.085,0.34,0.25,0.326,0.563,0.431,0.51,0.775,0.664,0.444,0.546,0.145,0.201,2.9,-0.3,0.7,8,0.2,-0.7,-9.7,-2.0,-6.9,2023
Matt Mervis,CHC,99,90,15,10,2,0,3,8,11,0.167,0.242,0.289,0.531,0.239,47,0.122,0.218,91.0,8.4,0.138,0.5,111.8,0.466,0.345,0.19,0.1,0.552,0.32799999999999996,0.121,0.259,0.31,0.431,0.15,0.234,0.427,0.317,0.081,0.32299999999999995,0.25,0.307,0.75,0.504,0.493,0.807,0.701,0.444,0.586,0.151,0.141,1.1,-0.1,-1.1,6,-1.3,-0.7,-7.8,-2.1,-6.6,2023
A.J. Pollock,- - -,144,133,22,13,4,0,5,15,15,0.165,0.215,0.308,0.524,0.227,46,0.143,0.173,89.4,13.0,0.068,0.41700000000000004,108.1,0.485,0.408,0.107,0.11900000000000001,0.515,0.282,0.204,0.136,0.524,0.34,0.11900000000000001,0.201,0.359,0.267,0.063,0.222,0.28,0.387,0.6990000000000001,0.515,0.622,0.863,0.7559999999999999,0.41100000000000003,0.7290000000000001,0.125,0.14,2.5,-0.6,-0.3,7,-0.5,-0.7,-10.0,-2.3,-7.4,2023
Kolten Wong,- - -,250,224,41,31,6,0,4,25,27,0.183,0.256,0.263,0.519,0.236,50,0.08,0.218,85.6,13.9,0.017,0.27,107.9,0.43799999999999994,0.402,0.16,0.10300000000000001,0.46,0.282,0.259,0.161,0.586,0.253,0.059000000000000004,0.213,0.29,0.262,0.07200000000000001,0.212,0.34,0.3,0.695,0.473,0.596,0.92,0.804,0.43700000000000006,0.604,0.092,0.156,3.6,-0.7,-0.4,13,0.0,-0.7,-15.0,-0.7,-7.2,2023
Austin Barnes,LAD,200,178,32,25,5,0,2,15,11,0.18,0.256,0.242,0.498,0.229,39,0.062,0.222,84.8,6.1,0.028999999999999998,0.254,105.5,0.504,0.326,0.17,0.114,0.428,0.348,0.225,0.203,0.514,0.28300000000000003,0.045,0.214,0.309,0.273,0.085,0.215,0.4,0.233,0.675,0.436,0.6729999999999999,0.871,0.8140000000000001,0.45899999999999996,0.655,0.081,0.185,2.9,-0.4,-0.5,10,-1.4,-0.7,-16.4,2.6,-7.0,2023
Vidal Brujan,TBR,84,76,13,11,2,0,0,14,6,0.171,0.241,0.197,0.438,0.206,28,0.026,0.236,86.0,12.0,0.018000000000000002,0.23199999999999998,103.7,0.509,0.358,0.132,0.053,0.46399999999999997,0.268,0.268,0.161,0.6609999999999999,0.179,0.0,0.169,0.214,0.212,0.06,0.25,0.24,0.355,0.74,0.518,0.738,0.84,0.8,0.425,0.631,0.10400000000000001,0.14,5.4,-0.4,1.2,2,0.2,-0.7,-7.0,-2.9,-7.0,2023
Darick Hall,PHI,56,54,9,7,1,0,1,2,3,0.167,0.196,0.241,0.437,0.193,13,0.074,0.229,92.5,14.0,0.027999999999999997,0.389,112.7,0.41700000000000004,0.306,0.278,0.182,0.444,0.19399999999999998,0.361,0.139,0.583,0.278,0.091,0.215,0.299,0.237,0.036000000000000004,0.321,0.11,0.38799999999999996,0.7979999999999999,0.5660000000000001,0.667,0.887,0.802,0.434,0.5710000000000001,0.11199999999999999,0.11199999999999999,0.1,-0.1,-0.3,1,-1.2,-0.7,-7.2,-1.4,-6.7,2023
Cam Gallagher,CLE,149,143,18,12,6,0,0,6,7,0.126,0.154,0.168,0.322,0.145,-18,0.042,0.184,82.4,17.3,0.02,0.204,108.8,0.45799999999999996,0.396,0.146,0.184,0.418,0.35700000000000004,0.22399999999999998,0.235,0.5920000000000001,0.17300000000000001,0.0,0.154,0.207,0.173,0.027000000000000003,0.309,0.09,0.369,0.688,0.511,0.7170000000000001,0.8490000000000001,0.7959999999999999,0.444,0.664,0.10400000000000001,0.16399999999999998,1.2,-0.1,-0.8,-3,-0.2,-0.7,-21.2,9.1,-7.0,2023
Henry Davis,PIT,255,225,48,31,10,0,7,27,24,0.213,0.302,0.351,0.653,0.287,76,0.138,0.273,88.6,12.5,0.07,0.414,109.9,0.446,0.369,0.185,0.138,0.49,0.331,0.17800000000000002,0.185,0.433,0.382,0.121,0.223,0.344,0.291,0.098,0.271,0.36,0.318,0.642,0.446,0.5760000000000001,0.866,0.741,0.396,0.616,0.115,0.179,2.6,-2.0,-0.4,25,-2.7,-0.8,-10.3,-6.7,-8.3,2023
Trey Mancini,CHC,263,235,55,39,12,0,4,31,28,0.234,0.299,0.336,0.635,0.28,75,0.102,0.327,88.7,12.2,0.037000000000000005,0.401,109.1,0.475,0.33799999999999997,0.188,0.111,0.375,0.35,0.275,0.138,0.556,0.306,0.07400000000000001,0.213,0.329,0.272,0.08,0.297,0.27,0.33799999999999997,0.72,0.493,0.5670000000000001,0.8079999999999999,0.71,0.408,0.612,0.142,0.155,1.9,-0.5,-1.5,24,-2.2,-0.8,-10.5,-6.4,-7.9,2023
Mark Vientos,NYM,233,218,46,31,5,1,9,19,22,0.211,0.253,0.367,0.62,0.267,68,0.156,0.264,92.5,9.5,0.107,0.51,114.9,0.517,0.315,0.168,0.128,0.389,0.43,0.18100000000000002,0.14800000000000002,0.436,0.41600000000000004,0.191,0.236,0.422,0.304,0.043,0.305,0.14,0.39299999999999996,0.722,0.531,0.5539999999999999,0.7509999999999999,0.667,0.42,0.7170000000000001,0.177,0.161,3.2,-0.1,-2.3,19,-1.2,-0.8,-10.5,-5.2,-7.8,2023
Oswaldo Cabrera,NYY,330,298,63,47,11,0,5,35,29,0.211,0.275,0.299,0.574,0.256,59,0.087,0.26,87.8,13.4,0.035,0.325,106.8,0.45,0.395,0.155,0.08,0.39799999999999996,0.34600000000000003,0.255,0.19,0.541,0.268,0.057,0.211,0.309,0.259,0.076,0.218,0.35,0.312,0.74,0.501,0.629,0.877,0.7909999999999999,0.441,0.594,0.105,0.146,4.9,1.0,0.3,23,0.2,-0.8,-15.9,-3.3,-8.0,2023
Jesse Winker,MIL,197,166,33,27,5,0,1,16,23,0.199,0.32,0.247,0.567,0.269,67,0.048,0.278,86.8,13.6,0.043,0.319,107.1,0.38799999999999996,0.353,0.259,0.049,0.42200000000000004,0.353,0.22399999999999998,0.21600000000000003,0.474,0.31,0.024,0.206,0.298,0.289,0.132,0.259,0.51,0.239,0.698,0.426,0.6779999999999999,0.852,0.794,0.40700000000000003,0.589,0.087,0.172,1.1,-0.4,-2.4,16,-1.1,-0.8,-9.3,-5.2,-7.8,2023
Joey Wendle,MIA,318,297,63,42,16,3,2,33,20,0.212,0.248,0.306,0.554,0.242,46,0.094,0.264,89.2,3.8,0.034,0.39399999999999996,106.5,0.545,0.264,0.19,0.049,0.309,0.40299999999999997,0.28800000000000003,0.114,0.564,0.322,0.033,0.234,0.327,0.264,0.040999999999999995,0.21100000000000002,0.19,0.36700000000000005,0.617,0.47200000000000003,0.657,0.8759999999999999,0.777,0.42,0.626,0.10400000000000001,0.201,6.8,0.5,0.5,19,1.7,-0.8,-19.5,1.0,-7.7,2023
Danny Mendick,NYM,69,65,12,8,3,0,1,4,4,0.185,0.232,0.277,0.509,0.226,40,0.092,0.224,89.1,10.9,0.04,0.4,104.4,0.48,0.34,0.18,0.059000000000000004,0.32,0.38,0.3,0.14,0.62,0.24,0.059000000000000004,0.207,0.304,0.245,0.057999999999999996,0.217,0.27,0.259,0.639,0.442,0.622,0.8590000000000001,0.787,0.48200000000000004,0.71,0.094,0.207,3.4,0.1,-1.0,3,-0.9,-0.8,-6.1,-4.4,-8.1,2023
Masyn Winn,STL,137,122,21,17,2,0,2,8,12,0.172,0.23,0.238,0.467,0.211,29,0.066,0.196,86.0,12.8,0.02,0.366,103.9,0.469,0.39799999999999996,0.133,0.205,0.287,0.337,0.376,0.248,0.505,0.248,0.051,0.214,0.285,0.25,0.073,0.19,0.38,0.265,0.617,0.428,0.7240000000000001,0.863,0.8170000000000001,0.46399999999999997,0.591,0.079,0.215,2.8,-0.2,0.4,4,0.2,-0.8,-11.9,-0.9,-8.2,2023
David Hensley,HOU,94,84,10,8,1,0,1,12,3,0.119,0.213,0.167,0.379,0.184,9,0.048,0.188,90.8,2.4,0.040999999999999995,0.469,107.0,0.531,0.265,0.204,0.0,0.327,0.36700000000000005,0.306,0.204,0.469,0.327,0.077,0.182,0.28,0.252,0.106,0.37200000000000005,0.29,0.22,0.593,0.379,0.51,0.8240000000000001,0.7190000000000001,0.426,0.66,0.106,0.254,4.8,0.1,-0.1,1,0.2,-0.8,-10.0,-1.2,-8.1,2023
Elehuris Montero,COL,307,284,69,41,15,2,11,40,39,0.243,0.29,0.426,0.716,0.306,77,0.183,0.352,88.3,9.8,0.068,0.44299999999999995,110.5,0.449,0.375,0.17600000000000002,0.076,0.415,0.335,0.25,0.205,0.392,0.40299999999999997,0.16699999999999998,0.202,0.315,0.255,0.049,0.36200000000000004,0.14,0.455,0.66,0.53,0.469,0.816,0.628,0.368,0.684,0.19699999999999998,0.158,3.5,-0.5,0.2,34,-1.1,-0.9,-9.8,-9.5,-8.9,2023
Eduardo Escobar,- - -,309,288,65,48,6,5,6,32,31,0.226,0.269,0.344,0.613,0.267,66,0.118,0.286,86.3,14.4,0.038,0.3,108.9,0.434,0.368,0.198,0.10300000000000001,0.479,0.282,0.239,0.19699999999999998,0.596,0.207,0.077,0.202,0.298,0.243,0.057999999999999996,0.252,0.23,0.381,0.698,0.504,0.67,0.7879999999999999,0.7340000000000001,0.38799999999999996,0.631,0.134,0.157,5.4,-0.5,-0.7,24,-1.1,-0.9,-13.9,-5.3,-8.7,2023
Martin Maldonado,HOU,407,362,69,42,12,0,15,33,36,0.191,0.258,0.348,0.606,0.266,66,0.157,0.26,88.4,18.1,0.085,0.4,109.3,0.35200000000000004,0.434,0.215,0.158,0.46799999999999997,0.306,0.226,0.174,0.498,0.32799999999999996,0.158,0.187,0.357,0.267,0.07400000000000001,0.342,0.22,0.35600000000000004,0.6729999999999999,0.49,0.512,0.7959999999999999,0.6779999999999999,0.425,0.634,0.158,0.165,0.9,-0.6,-1.6,32,-1.7,-0.9,-18.3,-4.4,-8.8,2023
Jared Walsh,LAA,116,104,13,5,4,0,4,10,11,0.125,0.216,0.279,0.494,0.222,34,0.154,0.164,86.1,18.4,0.068,0.322,109.1,0.33299999999999996,0.509,0.158,0.034,0.5589999999999999,0.237,0.203,0.18600000000000003,0.525,0.28800000000000003,0.138,0.149,0.255,0.225,0.095,0.38799999999999996,0.24,0.299,0.6859999999999999,0.46,0.413,0.6559999999999999,0.564,0.41600000000000004,0.578,0.2,0.157,1.4,-0.1,-0.2,5,-0.1,-0.9,-9.3,-3.4,-8.8,2023
Austin Nola,SDP,154,130,19,15,3,0,1,9,8,0.146,0.26,0.192,0.452,0.22,36,0.046,0.184,85.8,15.1,0.01,0.252,106.1,0.406,0.42700000000000005,0.16699999999999998,0.049,0.39799999999999996,0.311,0.29100000000000004,0.165,0.602,0.233,0.024,0.2,0.263,0.263,0.11699999999999999,0.201,0.58,0.22399999999999998,0.5589999999999999,0.37799999999999995,0.662,0.9440000000000001,0.8540000000000001,0.45799999999999996,0.63,0.055,0.207,0.9,-0.3,0.8,6,-0.2,-0.9,-12.3,-2.0,-9.1,2023
Korey Lee,CHW,70,65,5,3,1,0,1,4,3,0.077,0.143,0.138,0.281,0.134,-26,0.062,0.091,85.3,8.3,0.044000000000000004,0.35600000000000004,105.4,0.511,0.35600000000000004,0.133,0.125,0.289,0.35600000000000004,0.35600000000000004,0.267,0.622,0.111,0.063,0.189,0.283,0.238,0.071,0.28600000000000003,0.25,0.342,0.7979999999999999,0.545,0.491,0.818,0.7040000000000001,0.444,0.629,0.161,0.111,1.6,-0.1,0.1,-2,-0.9,-0.9,-11.5,0.1,-8.9,2023
Nate Eaton,KCR,56,53,4,4,0,0,0,2,1,0.075,0.125,0.075,0.2,0.101,-52,0.0,0.125,84.3,10.5,0.0,0.281,102.6,0.531,0.281,0.188,0.444,0.406,0.281,0.313,0.281,0.469,0.25,0.0,0.177,0.217,0.2,0.036000000000000004,0.375,0.1,0.355,0.667,0.486,0.535,0.81,0.693,0.418,0.625,0.149,0.192,6.4,0.5,0.2,-3,0.5,-0.9,-9.7,-0.8,-8.6,2023
Oscar Colas,CHW,263,245,53,39,9,0,5,32,19,0.216,0.257,0.314,0.571,0.249,53,0.098,0.281,88.6,6.8,0.079,0.40399999999999997,114.2,0.514,0.324,0.162,0.125,0.303,0.376,0.32,0.21899999999999997,0.461,0.32,0.08900000000000001,0.225,0.341,0.264,0.046,0.27,0.17,0.441,0.695,0.537,0.574,0.825,0.6970000000000001,0.379,0.635,0.163,0.14400000000000002,4.2,-0.9,1.8,17,-0.5,-1.0,-15.2,-4.1,-10.3,2023
Tyler Soderstrom,OAK,138,125,20,16,1,0,3,9,7,0.16,0.232,0.24,0.472,0.216,34,0.08,0.213,89.3,5.7,0.06,0.39799999999999996,111.6,0.5539999999999999,0.301,0.145,0.08,0.42200000000000004,0.373,0.205,0.16899999999999998,0.506,0.325,0.12,0.215,0.339,0.276,0.08,0.312,0.26,0.34700000000000003,0.703,0.49700000000000005,0.49,0.812,0.682,0.42200000000000004,0.609,0.158,0.154,0.9,-0.2,-0.7,5,-0.3,-1.0,-11.2,-3.4,-9.9,2023
Enrique Hernandez,- - -,508,465,110,76,23,0,11,57,61,0.237,0.289,0.357,0.646,0.282,73,0.12,0.273,87.8,17.1,0.045,0.337,109.2,0.374,0.436,0.19,0.11699999999999999,0.366,0.374,0.259,0.174,0.561,0.265,0.067,0.224,0.337,0.271,0.067,0.191,0.35,0.307,0.6859999999999999,0.467,0.632,0.872,0.7809999999999999,0.42200000000000004,0.614,0.102,0.177,3.3,-0.5,-0.2,46,-0.9,-1.1,-17.5,-11.2,-11.5,2023
Nick Maton,DET,293,249,43,26,9,0,8,29,32,0.173,0.288,0.305,0.593,0.268,67,0.133,0.206,86.1,18.2,0.084,0.313,106.1,0.35600000000000004,0.48,0.16399999999999998,0.08199999999999999,0.38,0.402,0.218,0.156,0.5589999999999999,0.285,0.094,0.191,0.331,0.284,0.13,0.249,0.52,0.294,0.684,0.45,0.575,0.782,0.701,0.4,0.614,0.134,0.153,1.9,-1.2,0.4,24,-0.4,-1.1,-12.1,-8.8,-11.0,2023
Eric Haase,- - -,293,274,55,42,8,1,4,22,26,0.201,0.247,0.281,0.528,0.233,42,0.08,0.268,87.1,13.4,0.046,0.359,109.9,0.423,0.371,0.20600000000000002,0.153,0.436,0.33299999999999996,0.231,0.215,0.508,0.27699999999999997,0.055999999999999994,0.218,0.31,0.254,0.057999999999999996,0.276,0.21,0.40700000000000003,0.738,0.54,0.551,0.8190000000000001,0.6990000000000001,0.40299999999999997,0.645,0.162,0.138,4.1,-0.1,-1.3,15,-0.5,-1.1,-20.8,-0.1,-11.0,2023
Michael Toglia,COL,152,141,23,14,5,0,4,18,9,0.163,0.224,0.284,0.507,0.225,23,0.121,0.218,90.2,16.6,0.055,0.44,113.1,0.396,0.429,0.17600000000000002,0.026000000000000002,0.40700000000000003,0.297,0.297,0.077,0.5489999999999999,0.374,0.10300000000000001,0.203,0.313,0.255,0.066,0.32899999999999996,0.2,0.33399999999999996,0.742,0.498,0.319,0.85,0.637,0.402,0.638,0.18100000000000002,0.141,3.8,-0.4,0.3,7,-0.6,-1.1,-15.1,-1.5,-11.4,2023
Kris Bryant,COL,335,300,70,50,10,0,10,36,31,0.233,0.313,0.367,0.68,0.302,74,0.133,0.27,85.7,14.4,0.06,0.315,108.8,0.384,0.38799999999999996,0.228,0.078,0.491,0.345,0.16399999999999998,0.18100000000000002,0.491,0.32799999999999996,0.111,0.245,0.413,0.322,0.087,0.203,0.43,0.29,0.7340000000000001,0.45899999999999996,0.611,0.8690000000000001,0.769,0.382,0.5579999999999999,0.106,0.153,1.3,-0.7,-1.7,36,-2.0,-1.2,-12.7,-10.4,-11.7,2023
Jean Segura,MIA,326,301,66,56,5,2,3,25,21,0.219,0.277,0.279,0.556,0.25,51,0.06,0.251,88.0,2.9,0.035,0.38799999999999996,114.0,0.586,0.263,0.151,0.182,0.341,0.4,0.259,0.188,0.5329999999999999,0.278,0.045,0.239,0.34,0.28,0.067,0.14400000000000002,0.47,0.402,0.657,0.504,0.727,0.902,0.818,0.4,0.617,0.091,0.17600000000000002,4.4,-0.3,-0.6,21,-1.6,-1.2,-21.2,-2.2,-12.3,2023
Oscar Gonzalez,CLE,180,173,37,26,7,2,2,15,12,0.214,0.239,0.312,0.551,0.239,48,0.098,0.278,88.5,6.4,0.078,0.406,113.0,0.49200000000000005,0.297,0.21100000000000002,0.053,0.32,0.39799999999999996,0.281,0.141,0.555,0.305,0.053,0.237,0.362,0.271,0.027999999999999997,0.256,0.11,0.509,0.72,0.59,0.631,0.8140000000000001,0.716,0.38,0.6890000000000001,0.16699999999999998,0.134,3.5,-0.2,0.7,10,1.1,-1.4,-10.2,-10.5,-14.5,2023
Gavin Sheets,CHW,344,311,63,43,10,0,10,24,43,0.203,0.267,0.331,0.599,0.261,62,0.129,0.222,88.1,16.9,0.052000000000000005,0.325,109.5,0.37799999999999995,0.466,0.157,0.138,0.462,0.321,0.217,0.193,0.5379999999999999,0.26899999999999996,0.086,0.21,0.339,0.267,0.081,0.192,0.42,0.331,0.69,0.474,0.71,0.875,0.8059999999999999,0.39899999999999997,0.561,0.092,0.151,1.6,-0.3,-0.2,26,-1.0,-1.5,-16.8,-9.9,-15.0,2023
Harold Castro,COL,270,258,65,51,13,0,1,24,31,0.252,0.275,0.314,0.589,0.258,45,0.062,0.332,86.2,10.0,0.031,0.287,106.1,0.456,0.285,0.259,0.018000000000000002,0.369,0.359,0.272,0.10800000000000001,0.621,0.272,0.018000000000000002,0.242,0.339,0.263,0.033,0.244,0.14,0.45899999999999996,0.7090000000000001,0.561,0.585,0.872,0.733,0.408,0.6,0.15,0.142,2.6,-0.3,-0.2,19,-1.1,-1.5,-19.5,-4.5,-14.8,2023
Jurickson Profar,- - -,521,459,111,73,27,2,9,55,46,0.242,0.321,0.368,0.689,0.304,78,0.126,0.279,86.5,14.8,0.04,0.317,108.8,0.401,0.37200000000000005,0.22699999999999998,0.14400000000000002,0.447,0.337,0.217,0.195,0.473,0.332,0.065,0.248,0.349,0.306,0.096,0.17300000000000001,0.56,0.27699999999999997,0.7240000000000001,0.47100000000000003,0.664,0.897,0.8190000000000001,0.434,0.633,0.085,0.151,2.9,-0.8,-1.3,57,-2.4,-1.6,-17.0,-16.8,-16.1,2023
Aaron Judge,NYY,704,559,180,85,36,1,58,122,144,0.322,0.458,0.701,1.159,0.476,220,0.379,0.367,96.2,18.9,0.26899999999999996,0.611,117.5,0.305,0.462,0.233,0.055999999999999994,0.4,0.349,0.251,0.07200000000000001,0.451,0.47700000000000004,0.322,0.31,0.724,0.48,0.18899999999999997,0.243,0.78,0.213,0.7190000000000001,0.42,0.489,0.807,0.7120000000000001,0.41,0.518,0.121,0.146,3.9,0.4,2.3,176,-0.5,11.3,96.0,-9.6,109.8,2024
Bobby Witt Jr.,KCR,709,636,211,123,45,11,32,125,109,0.332,0.389,0.588,0.977,0.41,169,0.256,0.354,92.7,15.1,0.14300000000000002,0.483,116.9,0.37,0.444,0.18600000000000003,0.109,0.35100000000000003,0.385,0.264,0.147,0.5,0.353,0.134,0.315,0.576,0.407,0.08,0.15,0.54,0.354,0.748,0.512,0.7,0.884,0.8079999999999999,0.4,0.615,0.098,0.138,7.2,-0.1,3.0,140,4.5,10.5,60.6,17.5,101.6,2024
Shohei Ohtani,LAD,731,636,197,98,38,7,54,134,130,0.31,0.39,0.646,1.036,0.431,180,0.336,0.336,95.8,16.2,0.214,0.598,119.2,0.36,0.40399999999999997,0.23600000000000002,0.052000000000000005,0.424,0.34700000000000003,0.23,0.106,0.451,0.44299999999999995,0.28,0.314,0.66,0.442,0.111,0.222,0.5,0.305,0.705,0.47200000000000003,0.594,0.82,0.735,0.418,0.602,0.125,0.14400000000000002,8.1,8.8,1.9,156,9.7,8.9,79.4,-17.2,86.6,2024
Juan Soto,NYY,713,576,166,90,31,4,41,128,109,0.288,0.419,0.569,0.989,0.421,181,0.281,0.298,94.2,10.7,0.19699999999999998,0.568,115.7,0.436,0.36,0.204,0.085,0.451,0.34700000000000003,0.20199999999999999,0.126,0.445,0.43,0.25,0.317,0.647,0.463,0.18100000000000002,0.16699999999999998,1.08,0.213,0.601,0.369,0.674,0.8640000000000001,0.799,0.402,0.541,0.07400000000000001,0.18899999999999997,4.3,-2.0,-4.3,147,-3.9,8.3,62.2,-5.6,80.3,2024
Gunnar Henderson,BAL,719,630,177,102,31,7,37,118,92,0.281,0.364,0.529,0.893,0.381,154,0.248,0.32,92.8,9.2,0.11199999999999999,0.539,113.1,0.467,0.326,0.20600000000000002,0.077,0.392,0.377,0.23199999999999998,0.135,0.43200000000000005,0.434,0.239,0.283,0.492,0.373,0.10800000000000001,0.221,0.49,0.262,0.6859999999999999,0.442,0.623,0.858,0.778,0.426,0.556,0.098,0.16699999999999998,6.7,1.1,2.9,125,4.0,7.9,48.2,4.4,76.5,2024
Francisco Lindor,NYM,689,618,169,96,39,1,33,107,91,0.273,0.344,0.5,0.844,0.363,137,0.227,0.295,90.9,17.0,0.136,0.474,112.7,0.345,0.43200000000000005,0.223,0.075,0.45299999999999996,0.34,0.20600000000000002,0.12300000000000001,0.51,0.366,0.155,0.283,0.528,0.379,0.081,0.184,0.44,0.305,0.715,0.485,0.662,0.8540000000000001,0.7859999999999999,0.439,0.602,0.10300000000000001,0.153,5.7,2.9,2.2,110,4.0,7.7,34.4,17.4,74.9,2024
Jarren Duran,BOS,735,671,191,108,48,14,21,111,75,0.285,0.342,0.492,0.834,0.357,131,0.207,0.345,90.8,9.5,0.09300000000000001,0.439,113.9,0.466,0.35200000000000004,0.183,0.084,0.322,0.381,0.297,0.159,0.501,0.34,0.11699999999999999,0.271,0.448,0.338,0.073,0.218,0.34,0.312,0.708,0.48200000000000004,0.602,0.887,0.7809999999999999,0.429,0.585,0.105,0.161,8.0,2.6,2.1,114,8.3,6.8,34.2,7.7,66.3,2024
Elly De La Cruz,CIN,696,618,160,89,36,10,25,105,76,0.259,0.339,0.471,0.809,0.349,119,0.212,0.359,91.8,9.7,0.127,0.457,114.7,0.46299999999999997,0.33,0.207,0.053,0.439,0.342,0.218,0.094,0.536,0.37,0.191,0.24,0.428,0.328,0.099,0.313,0.32,0.297,0.624,0.429,0.498,0.805,0.679,0.40399999999999997,0.619,0.138,0.187,8.7,5.6,,103,7.5,6.6,23.5,16.7,63.4,2024
Jose Ramirez,CLE,682,620,173,93,39,2,39,114,118,0.279,0.335,0.537,0.872,0.364,141,0.258,0.265,89.2,19.6,0.086,0.396,116.6,0.342,0.489,0.16899999999999998,0.109,0.528,0.278,0.195,0.162,0.489,0.349,0.147,0.259,0.453,0.329,0.079,0.12,0.66,0.348,0.706,0.494,0.7829999999999999,0.922,0.8640000000000001,0.406,0.545,0.067,0.15,6.6,4.3,0.5,109,6.3,6.5,38.6,1.2,62.5,2024
Ketel Marte,ARI,583,504,147,86,23,2,36,93,95,0.292,0.372,0.56,0.932,0.391,152,0.268,0.299,94.1,9.4,0.12300000000000001,0.536,117.0,0.48100000000000004,0.34600000000000003,0.17300000000000001,0.079,0.518,0.31,0.172,0.10800000000000001,0.462,0.43,0.257,0.294,0.539,0.392,0.111,0.182,0.61,0.293,0.733,0.48100000000000004,0.674,0.88,0.8079999999999999,0.428,0.581,0.092,0.135,4.3,-0.2,2.0,106,0.9,6.3,36.9,4.8,61.2,2024
William Contreras,MIL,679,595,167,105,37,2,23,99,92,0.281,0.365,0.466,0.831,0.359,132,0.185,0.33,92.8,6.1,0.1,0.495,118.1,0.545,0.29,0.166,0.09,0.39399999999999996,0.35100000000000003,0.255,0.133,0.466,0.401,0.17300000000000001,0.269,0.471,0.358,0.115,0.205,0.56,0.29100000000000004,0.743,0.474,0.5720000000000001,0.8370000000000001,0.741,0.405,0.604,0.12300000000000001,0.136,4.4,-0.4,-0.3,106,-2.6,5.5,23.1,7.4,53.1,2024
Matt Chapman,SFG,647,575,142,74,39,2,27,98,78,0.247,0.328,0.463,0.79,0.34,121,0.216,0.293,93.2,16.2,0.126,0.48200000000000004,114.5,0.384,0.45299999999999996,0.162,0.163,0.389,0.377,0.23399999999999999,0.16699999999999998,0.45799999999999996,0.375,0.142,0.25,0.451,0.34,0.099,0.244,0.41,0.27699999999999997,0.6579999999999999,0.446,0.687,0.8490000000000001,0.7929999999999999,0.44299999999999995,0.6409999999999999,0.092,0.192,5.6,1.1,6.1,91,3.7,5.4,19.7,11.4,52.8,2024
Cal Raleigh,SEA,628,546,120,70,16,0,34,73,100,0.22,0.312,0.436,0.748,0.323,118,0.216,0.251,91.0,21.2,0.154,0.48100000000000004,113.9,0.311,0.519,0.17,0.128,0.489,0.293,0.218,0.165,0.441,0.39399999999999996,0.174,0.233,0.476,0.346,0.111,0.28,0.4,0.361,0.7609999999999999,0.522,0.58,0.8170000000000001,0.72,0.40399999999999997,0.635,0.146,0.11800000000000001,2.9,-0.3,-2.1,80,-2.6,5.4,10.0,21.6,52.4,2024
Vladimir Guerrero Jr.,TOR,697,616,199,124,44,1,30,98,103,0.323,0.396,0.544,0.94,0.398,164,0.221,0.342,93.8,7.4,0.13699999999999998,0.5479999999999999,117.6,0.48100000000000004,0.33399999999999996,0.185,0.063,0.353,0.395,0.252,0.122,0.466,0.41200000000000003,0.171,0.321,0.568,0.409,0.10300000000000001,0.138,0.75,0.306,0.71,0.48,0.667,0.878,0.8009999999999999,0.43,0.614,0.096,0.156,2.2,-1.9,-5.3,131,-5.6,5.3,45.8,-17.4,51.5,2024
Jackson Merrill,SDP,593,554,162,101,31,6,24,77,90,0.292,0.326,0.5,0.826,0.352,130,0.208,0.318,90.4,14.6,0.113,0.439,111.6,0.359,0.40299999999999997,0.239,0.038,0.32899999999999996,0.413,0.258,0.12300000000000001,0.522,0.355,0.13,0.303,0.534,0.372,0.049,0.17,0.29,0.38299999999999995,0.807,0.568,0.701,0.8759999999999999,0.81,0.435,0.654,0.10800000000000001,0.102,6.1,1.0,,89,3.7,5.3,24.7,7.2,51.8,2024
Yordan Alvarez,HOU,635,552,170,99,34,2,35,88,86,0.308,0.392,0.567,0.959,0.402,167,0.259,0.317,93.1,18.3,0.145,0.49700000000000005,117.0,0.33299999999999996,0.47600000000000003,0.191,0.059000000000000004,0.36700000000000005,0.375,0.258,0.124,0.466,0.41,0.16,0.304,0.596,0.411,0.109,0.15,0.73,0.335,0.691,0.47700000000000004,0.684,0.907,0.813,0.39899999999999997,0.584,0.08900000000000001,0.149,3.8,-0.1,-3.1,121,-2.9,5.2,45.8,-16.5,50.4,2024
Brent Rooker,OAK,614,546,160,93,26,2,39,82,112,0.293,0.365,0.562,0.927,0.392,164,0.269,0.362,91.9,18.9,0.166,0.496,113.4,0.332,0.456,0.212,0.08199999999999999,0.442,0.322,0.23600000000000002,0.139,0.475,0.386,0.22899999999999998,0.266,0.557,0.38,0.096,0.28800000000000003,0.33,0.341,0.748,0.502,0.462,0.8390000000000001,0.684,0.395,0.635,0.159,0.13,4.3,-0.2,0.7,112,0.8,5.1,45.5,-16.3,49.5,2024
Bryce Harper,PHI,631,550,157,85,42,0,30,85,87,0.285,0.373,0.525,0.898,0.38,144,0.24,0.331,91.0,13.5,0.10400000000000001,0.47700000000000004,113.8,0.377,0.396,0.22699999999999998,0.043,0.345,0.335,0.32,0.12300000000000001,0.48200000000000004,0.395,0.183,0.266,0.47,0.355,0.12,0.21899999999999997,0.55,0.366,0.805,0.528,0.581,0.883,0.7509999999999999,0.368,0.618,0.131,0.096,2.8,-1.4,-0.6,109,-0.5,5.1,32.5,-4.2,49.4,2024
Willy Adames,MIL,688,610,153,88,33,0,32,93,112,0.251,0.331,0.462,0.794,0.342,120,0.211,0.297,88.6,20.6,0.12,0.40700000000000003,112.3,0.314,0.498,0.18899999999999997,0.114,0.452,0.336,0.21100000000000002,0.16399999999999998,0.511,0.325,0.146,0.243,0.461,0.339,0.10800000000000001,0.251,0.43,0.315,0.732,0.494,0.5710000000000001,0.836,0.7390000000000001,0.429,0.596,0.129,0.141,4.4,1.3,0.5,98,1.2,4.8,17.9,6.0,46.9,2024
Marcell Ozuna,ATL,688,606,183,113,31,0,39,96,104,0.302,0.378,0.546,0.925,0.395,154,0.244,0.359,92.2,14.4,0.154,0.5329999999999999,114.8,0.38,0.384,0.23600000000000002,0.053,0.475,0.327,0.198,0.139,0.461,0.4,0.231,0.286,0.572,0.402,0.10800000000000001,0.247,0.44,0.29600000000000004,0.7490000000000001,0.46799999999999997,0.5489999999999999,0.8140000000000001,0.71,0.38,0.5770000000000001,0.136,0.138,1.7,-1.3,-1.6,127,-4.6,4.7,40.2,-17.5,45.7,2024
Corey Seager,TEX,533,475,132,81,21,0,30,68,74,0.278,0.353,0.512,0.864,0.365,142,0.234,0.291,92.1,13.5,0.152,0.507,113.3,0.41200000000000003,0.423,0.165,0.037000000000000005,0.436,0.33899999999999997,0.226,0.087,0.48,0.433,0.18600000000000003,0.286,0.558,0.387,0.099,0.18,0.55,0.317,0.8240000000000001,0.53,0.584,0.8909999999999999,0.784,0.42100000000000004,0.617,0.114,0.092,1.6,-1.2,-4.1,86,-5.2,4.6,20.3,6.9,45.0,2024
Mookie Betts,LAD,516,450,130,82,24,5,19,75,75,0.289,0.372,0.491,0.863,0.371,140,0.202,0.294,89.9,21.4,0.06,0.395,109.4,0.27,0.486,0.244,0.08800000000000001,0.35,0.40299999999999997,0.247,0.141,0.531,0.327,0.098,0.282,0.447,0.356,0.11800000000000001,0.11,1.07,0.22899999999999998,0.654,0.40399999999999997,0.6859999999999999,0.9490000000000001,0.861,0.41,0.609,0.055999999999999994,0.2,6.3,1.3,-1.4,86,0.6,4.3,25.0,-0.7,41.6,2024
Jurickson Profar,SDP,668,564,158,105,29,0,24,94,85,0.28,0.38,0.459,0.839,0.365,139,0.179,0.302,91.1,13.4,0.07200000000000001,0.444,110.3,0.42200000000000004,0.379,0.198,0.08,0.40399999999999997,0.359,0.237,0.15,0.529,0.321,0.136,0.282,0.444,0.364,0.114,0.151,0.75,0.26,0.7070000000000001,0.45299999999999996,0.72,0.905,0.845,0.433,0.6,0.07,0.154,3.6,-0.8,-3.5,108,-0.8,4.3,30.3,-10.6,42.0,2024
Corbin Carroll,ARI,684,589,136,78,22,14,22,121,74,0.231,0.322,0.428,0.749,0.325,107,0.197,0.256,89.3,11.7,0.07200000000000001,0.408,111.5,0.441,0.392,0.16699999999999998,0.20199999999999999,0.406,0.33799999999999997,0.257,0.204,0.465,0.331,0.12,0.243,0.394,0.326,0.107,0.19,0.56,0.27699999999999997,0.613,0.409,0.7190000000000001,0.884,0.816,0.39299999999999996,0.564,0.075,0.19399999999999998,8.7,2.5,5.2,88,11.1,4.3,16.9,2.3,42.0,2024
Marcus Semien,TEX,718,650,154,102,27,2,23,101,74,0.237,0.308,0.391,0.699,0.306,101,0.154,0.25,87.4,17.0,0.066,0.35200000000000004,112.1,0.396,0.425,0.179,0.138,0.504,0.293,0.203,0.168,0.505,0.326,0.099,0.251,0.391,0.313,0.08900000000000001,0.146,0.61,0.303,0.787,0.5,0.642,0.904,0.81,0.40700000000000003,0.603,0.095,0.135,4.3,-0.9,2.1,82,1.5,4.3,2.0,15.7,41.5,2024
Patrick Bailey,SFG,448,401,94,69,16,1,8,46,46,0.234,0.298,0.339,0.637,0.281,81,0.105,0.287,91.3,12.1,0.055,0.42700000000000005,110.1,0.391,0.345,0.263,0.048,0.379,0.379,0.243,0.1,0.599,0.301,0.076,0.258,0.398,0.319,0.087,0.223,0.39,0.27899999999999997,0.726,0.479,0.585,0.883,0.787,0.44799999999999995,0.618,0.102,0.149,3.8,-0.1,,42,0.5,4.3,-9.6,36.5,41.9,2024
Kyle Tucker,HOU,339,277,80,44,13,0,23,56,49,0.289,0.408,0.585,0.993,0.419,179,0.296,0.282,91.1,21.2,0.127,0.44299999999999995,108.1,0.28,0.524,0.196,0.076,0.42200000000000004,0.253,0.324,0.12,0.5329999999999999,0.34700000000000003,0.195,0.279,0.536,0.4,0.165,0.159,1.04,0.209,0.696,0.415,0.65,0.894,0.823,0.423,0.5429999999999999,0.073,0.155,4.6,1.4,-0.2,69,-0.3,4.2,30.4,-0.9,40.8,2024
Carlos Correa,MIN,367,319,99,63,20,2,14,55,54,0.31,0.388,0.517,0.905,0.385,154,0.207,0.343,90.3,9.0,0.091,0.445,113.9,0.435,0.363,0.20199999999999999,0.105,0.363,0.35100000000000003,0.28600000000000003,0.168,0.5,0.332,0.147,0.274,0.451,0.355,0.109,0.166,0.66,0.28600000000000003,0.6779999999999999,0.445,0.708,0.8809999999999999,0.815,0.40700000000000003,0.619,0.08199999999999999,0.183,2.8,-0.8,2.0,65,-0.6,4.2,22.2,6.5,40.8,2024
Rafael Devers,BOS,601,525,143,76,34,5,28,87,83,0.272,0.354,0.516,0.871,0.364,136,0.244,0.323,93.2,11.6,0.13,0.526,114.7,0.409,0.36700000000000005,0.22399999999999998,0.099,0.341,0.409,0.25,0.161,0.43,0.409,0.19899999999999998,0.271,0.507,0.363,0.111,0.245,0.46,0.33299999999999996,0.757,0.509,0.652,0.76,0.7190000000000001,0.415,0.597,0.14300000000000002,0.12300000000000001,4.7,-0.4,-1.3,96,-0.9,4.2,23.7,-2.6,41.0,2024
Steven Kwan,CLE,540,480,140,107,16,3,14,83,44,0.292,0.368,0.425,0.793,0.349,131,0.133,0.304,86.3,14.9,0.026000000000000002,0.237,105.6,0.363,0.39399999999999996,0.242,0.054000000000000006,0.318,0.36,0.32299999999999995,0.142,0.608,0.251,0.084,0.284,0.385,0.333,0.098,0.094,1.04,0.222,0.597,0.389,0.831,0.972,0.9279999999999999,0.447,0.5870000000000001,0.027999999999999997,0.231,5.1,-0.9,1.8,80,0.2,4.2,19.3,3.3,40.5,2024
Alex Bregman,HOU,634,581,151,93,30,2,26,79,75,0.26,0.315,0.453,0.768,0.331,117,0.193,0.264,89.1,18.2,0.062,0.40299999999999997,109.1,0.365,0.45299999999999996,0.182,0.128,0.39899999999999997,0.345,0.257,0.182,0.519,0.299,0.115,0.257,0.417,0.319,0.069,0.136,0.51,0.265,0.691,0.449,0.8029999999999999,0.927,0.8859999999999999,0.43200000000000005,0.634,0.051,0.188,3.4,-0.9,-4.4,85,-2.3,4.2,10.2,9.1,40.2,2024
Dansby Swanson,CHC,593,534,129,84,27,2,16,82,66,0.242,0.312,0.39,0.701,0.307,97,0.148,0.3,89.4,10.3,0.092,0.42700000000000005,109.8,0.499,0.33299999999999996,0.168,0.084,0.461,0.35100000000000003,0.188,0.15,0.539,0.31,0.122,0.244,0.416,0.32,0.091,0.243,0.38,0.282,0.74,0.48700000000000004,0.5770000000000001,0.802,0.73,0.449,0.619,0.131,0.147,5.8,1.5,2.7,68,4.4,4.2,2.6,18.4,40.8,2024
Freddie Freeman,LAD,638,542,153,94,35,2,22,81,89,0.282,0.378,0.476,0.854,0.365,136,0.194,0.306,89.4,14.3,0.091,0.418,112.3,0.387,0.387,0.22699999999999998,0.028999999999999998,0.353,0.336,0.311,0.124,0.551,0.324,0.126,0.276,0.463,0.364,0.122,0.157,0.78,0.307,0.765,0.494,0.753,0.86,0.821,0.408,0.597,0.08800000000000001,0.122,4.1,-0.4,-0.2,103,-1.5,4.0,25.8,-8.9,38.2,2024
Jazz Chisholm Jr.,- - -,621,562,144,95,21,4,24,74,73,0.256,0.324,0.436,0.76,0.327,111,0.18,0.309,89.7,11.4,0.09699999999999999,0.41,110.1,0.489,0.35100000000000003,0.16,0.085,0.444,0.376,0.18,0.141,0.519,0.34,0.16899999999999998,0.24,0.415,0.316,0.085,0.245,0.35,0.316,0.6779999999999999,0.467,0.623,0.799,0.73,0.418,0.596,0.126,0.153,6.3,2.8,2.6,81,6.2,4.0,13.8,4.3,38.8,2024
Julio Rodriguez,SEA,613,567,155,118,17,0,20,76,68,0.273,0.325,0.409,0.734,0.321,116,0.136,0.344,91.7,10.5,0.102,0.484,114.5,0.44299999999999995,0.35100000000000003,0.20600000000000002,0.083,0.35600000000000004,0.366,0.278,0.14300000000000002,0.49200000000000005,0.366,0.138,0.275,0.463,0.344,0.062,0.254,0.24,0.405,0.763,0.5429999999999999,0.586,0.8220000000000001,0.7140000000000001,0.385,0.62,0.155,0.114,4.7,1.5,0.7,77,2.0,4.0,13.3,4.7,38.3,2024
Riley Greene,DET,584,512,134,77,27,6,24,82,74,0.262,0.348,0.479,0.827,0.355,134,0.217,0.329,91.3,12.2,0.134,0.462,114.0,0.436,0.34600000000000003,0.218,0.04,0.397,0.363,0.24,0.087,0.578,0.335,0.19399999999999998,0.253,0.479,0.353,0.11,0.267,0.41,0.264,0.6829999999999999,0.441,0.605,0.8320000000000001,0.754,0.424,0.603,0.11,0.171,4.9,-1.1,0.2,90,-0.2,3.9,22.4,-3.6,38.1,2024
Trea Turner,PHI,539,505,149,103,25,0,21,88,62,0.295,0.338,0.469,0.807,0.349,123,0.174,0.331,89.1,11.6,0.069,0.402,110.6,0.473,0.365,0.162,0.07400000000000001,0.461,0.319,0.221,0.135,0.527,0.33799999999999997,0.141,0.263,0.419,0.317,0.05,0.182,0.28,0.38299999999999995,0.764,0.537,0.563,0.8959999999999999,0.755,0.406,0.6659999999999999,0.132,0.125,5.3,1.1,1.8,80,2.6,3.9,17.3,2.0,37.4,2024
Jackson Chourio,MIL,573,528,145,91,29,4,21,80,79,0.275,0.327,0.464,0.791,0.339,118,0.189,0.32,89.7,7.6,0.078,0.449,111.6,0.483,0.315,0.20199999999999999,0.047,0.363,0.40700000000000003,0.22899999999999998,0.156,0.485,0.359,0.16399999999999998,0.274,0.43,0.328,0.068,0.21100000000000002,0.32,0.34,0.6809999999999999,0.488,0.599,0.862,0.758,0.434,0.647,0.11800000000000001,0.17600000000000002,6.1,0.5,,80,4.0,3.9,16.3,2.6,38.0,2024
Jose Altuve,HOU,682,628,185,134,31,0,20,94,65,0.295,0.35,0.439,0.79,0.344,127,0.145,0.337,86.5,14.1,0.065,0.312,108.4,0.419,0.335,0.24600000000000002,0.078,0.556,0.303,0.141,0.161,0.5539999999999999,0.285,0.12,0.262,0.399,0.316,0.069,0.174,0.39,0.396,0.6970000000000001,0.51,0.701,0.8859999999999999,0.7959999999999999,0.37799999999999995,0.645,0.10400000000000001,0.147,4.4,0.1,-0.4,98,-0.7,3.9,20.1,-5.4,37.4,2024
Nico Hoerner,CHC,641,582,159,116,35,1,7,86,48,0.273,0.335,0.373,0.708,0.313,102,0.1,0.297,85.7,10.3,0.012,0.276,110.1,0.44299999999999995,0.316,0.24100000000000002,0.128,0.341,0.368,0.29100000000000004,0.2,0.595,0.204,0.043,0.28,0.353,0.313,0.069,0.10300000000000001,0.67,0.35200000000000004,0.653,0.48100000000000004,0.812,0.951,0.893,0.431,0.6509999999999999,0.051,0.19,5.7,2.4,3.2,76,5.0,3.9,6.4,9.8,37.7,2024
Eugenio Suarez,ARI,640,571,146,86,28,2,30,90,101,0.256,0.319,0.469,0.788,0.337,115,0.214,0.309,89.2,19.4,0.113,0.424,111.4,0.32799999999999996,0.436,0.23600000000000002,0.102,0.517,0.256,0.22699999999999998,0.14800000000000002,0.488,0.365,0.16899999999999998,0.248,0.45,0.331,0.077,0.275,0.28,0.305,0.69,0.47200000000000003,0.507,0.856,0.728,0.435,0.652,0.128,0.166,3.4,-1.1,1.9,89,-1.1,3.8,10.7,5.2,37.3,2024
Colton Cowser,BAL,561,499,121,70,24,3,24,77,69,0.242,0.321,0.447,0.768,0.331,119,0.204,0.317,90.5,13.0,0.136,0.461,113.6,0.435,0.392,0.17300000000000001,0.016,0.4,0.35200000000000004,0.248,0.106,0.527,0.36700000000000005,0.18600000000000003,0.23,0.437,0.326,0.09300000000000001,0.307,0.3,0.276,0.6629999999999999,0.44299999999999995,0.5,0.8290000000000001,0.7120000000000001,0.43,0.581,0.128,0.188,5.0,-0.8,,75,1.1,3.8,13.1,5.5,37.2,2024
Byron Buxton,MIN,388,355,99,51,27,3,18,62,56,0.279,0.335,0.524,0.859,0.366,140,0.245,0.338,91.7,19.8,0.132,0.48100000000000004,113.2,0.295,0.465,0.24,0.15,0.49200000000000005,0.32899999999999996,0.17800000000000002,0.163,0.465,0.37200000000000005,0.15,0.264,0.502,0.353,0.052000000000000005,0.255,0.2,0.368,0.778,0.54,0.524,0.805,0.6940000000000001,0.42,0.662,0.165,0.11900000000000001,6.2,0.0,1.8,63,2.8,3.7,20.7,2.1,35.7,2024
Ezequiel Tovar,COL,695,655,176,101,45,4,26,83,78,0.269,0.295,0.469,0.763,0.324,94,0.2,0.344,88.8,18.9,0.09,0.397,110.6,0.32799999999999996,0.45899999999999996,0.213,0.10400000000000001,0.38799999999999996,0.353,0.259,0.131,0.507,0.36200000000000004,0.12300000000000001,0.234,0.402,0.289,0.033,0.28800000000000003,0.12,0.48100000000000004,0.826,0.619,0.524,0.835,0.69,0.401,0.679,0.192,0.095,4.2,-1.8,0.0,89,0.1,3.7,-4.6,16.8,35.4,2024
Ian Happ,CHC,657,569,138,77,34,2,25,89,86,0.243,0.341,0.441,0.782,0.341,121,0.199,0.299,90.8,15.1,0.11699999999999999,0.452,114.0,0.391,0.418,0.192,0.071,0.4,0.33,0.27,0.154,0.469,0.377,0.149,0.243,0.446,0.345,0.122,0.256,0.48,0.271,0.7,0.45799999999999996,0.602,0.8170000000000001,0.745,0.436,0.612,0.11699999999999999,0.157,4.9,0.5,0.2,93,1.3,3.6,17.5,-5.0,34.5,2024
Oneil Cruz,PIT,599,541,140,82,34,3,21,72,76,0.259,0.324,0.449,0.773,0.331,110,0.19,0.347,95.5,9.8,0.157,0.5489999999999999,121.5,0.478,0.33799999999999997,0.184,0.106,0.42,0.33,0.25,0.11800000000000001,0.467,0.415,0.171,0.264,0.463,0.341,0.085,0.302,0.28,0.335,0.6559999999999999,0.46299999999999997,0.532,0.782,0.6729999999999999,0.39899999999999997,0.638,0.151,0.17800000000000002,6.2,3.0,1.8,80,5.3,3.6,12.7,2.1,34.8,2024
Brenton Doyle,COL,603,542,141,90,24,4,23,82,72,0.26,0.317,0.446,0.764,0.328,97,0.186,0.316,89.1,13.1,0.105,0.41100000000000003,110.1,0.41,0.39,0.2,0.071,0.389,0.364,0.247,0.13699999999999998,0.496,0.36700000000000005,0.149,0.254,0.437,0.329,0.076,0.254,0.3,0.337,0.77,0.51,0.51,0.87,0.728,0.39899999999999997,0.643,0.139,0.135,6.9,2.9,,79,5.4,3.6,3.0,11.4,34.5,2024
Masyn Winn,STL,637,587,157,105,32,5,15,85,57,0.267,0.314,0.416,0.73,0.315,104,0.148,0.303,87.0,13.2,0.037000000000000005,0.327,111.1,0.406,0.374,0.22,0.11199999999999999,0.354,0.36200000000000004,0.284,0.193,0.5429999999999999,0.263,0.084,0.256,0.358,0.292,0.064,0.171,0.38,0.33,0.642,0.466,0.715,0.91,0.8320000000000001,0.434,0.62,0.078,0.18899999999999997,5.5,-1.0,,77,2.2,3.6,5.1,8.5,34.9,2024
Seiya Suzuki,CHC,585,512,145,91,27,6,21,74,73,0.283,0.366,0.482,0.848,0.365,137,0.199,0.37,91.7,16.2,0.115,0.49200000000000005,115.5,0.337,0.469,0.19399999999999998,0.07200000000000001,0.337,0.43799999999999994,0.225,0.14,0.475,0.385,0.126,0.255,0.453,0.346,0.10800000000000001,0.27399999999999997,0.39,0.23600000000000002,0.627,0.396,0.628,0.857,0.777,0.41,0.5760000000000001,0.08800000000000001,0.20600000000000002,5.8,-0.5,-1.5,94,-0.8,3.5,24.9,-11.0,33.4,2024
Manny Machado,SDP,643,593,163,104,30,0,29,77,105,0.275,0.325,0.472,0.797,0.34,122,0.197,0.302,92.5,12.7,0.11,0.488,115.6,0.439,0.381,0.18,0.133,0.374,0.406,0.22,0.133,0.495,0.37200000000000005,0.161,0.272,0.461,0.338,0.07,0.193,0.36,0.335,0.752,0.516,0.626,0.87,0.7809999999999999,0.434,0.63,0.113,0.142,3.6,0.3,0.3,90,-0.4,3.5,16.3,-3.6,34.2,2024
Zach Neto,LAA,602,542,135,77,34,1,23,70,77,0.249,0.318,0.443,0.761,0.33,115,0.194,0.295,88.5,12.3,0.084,0.38799999999999996,111.3,0.441,0.386,0.17300000000000001,0.091,0.504,0.3,0.19699999999999998,0.138,0.536,0.327,0.149,0.236,0.414,0.317,0.065,0.233,0.28,0.35,0.6779999999999999,0.486,0.594,0.85,0.742,0.414,0.621,0.125,0.16399999999999998,5.4,0.9,,80,1.8,3.5,12.0,2.3,34.3,2024
Austin Wells,NYY,414,354,81,49,18,1,13,42,55,0.229,0.322,0.395,0.718,0.315,107,0.167,0.261,88.4,17.1,0.091,0.389,111.2,0.36700000000000005,0.433,0.2,0.10300000000000001,0.40399999999999997,0.327,0.26899999999999996,0.16399999999999998,0.498,0.33799999999999997,0.111,0.242,0.429,0.339,0.114,0.21,0.54,0.298,0.75,0.491,0.595,0.84,0.755,0.428,0.597,0.12,0.134,2.3,-1.4,,50,-1.8,3.5,1.3,18.7,33.6,2024
Anthony Volpe,NYY,689,637,155,109,27,7,12,90,60,0.243,0.293,0.364,0.657,0.287,87,0.121,0.303,87.7,8.4,0.039,0.353,108.7,0.502,0.287,0.21100000000000002,0.095,0.321,0.40299999999999997,0.276,0.158,0.595,0.247,0.08800000000000001,0.238,0.332,0.278,0.061,0.226,0.27,0.324,0.659,0.475,0.669,0.8640000000000001,0.792,0.452,0.611,0.099,0.18600000000000003,7.1,1.5,,68,5.0,3.5,-5.0,16.0,33.8,2024
Teoscar Hernandez,LAD,652,589,160,93,32,2,33,84,99,0.272,0.339,0.501,0.84,0.36,132,0.229,0.344,90.6,10.2,0.149,0.467,114.1,0.465,0.366,0.16899999999999998,0.054000000000000006,0.361,0.361,0.27899999999999997,0.139,0.498,0.363,0.22399999999999998,0.25,0.486,0.346,0.081,0.28800000000000003,0.28,0.32799999999999996,0.763,0.511,0.513,0.787,0.685,0.42,0.644,0.161,0.133,4.4,0.0,0.8,102,0.6,3.4,25.6,-14.3,33.1,2024
Alec Bohm,PHI,606,554,155,94,44,2,15,62,97,0.28,0.332,0.448,0.779,0.335,113,0.168,0.305,90.5,9.8,0.065,0.451,110.8,0.46,0.32899999999999996,0.21100000000000002,0.071,0.361,0.371,0.268,0.13699999999999998,0.498,0.365,0.096,0.289,0.442,0.341,0.066,0.142,0.47,0.31,0.728,0.49700000000000005,0.701,0.9229999999999999,0.846,0.447,0.607,0.076,0.145,3.4,-0.9,-2.7,83,-2.6,3.4,7.1,5.9,33.3,2024
Isaac Paredes,- - -,641,542,129,84,25,1,19,64,80,0.238,0.346,0.393,0.739,0.327,116,0.155,0.259,85.0,22.4,0.045,0.271,107.3,0.305,0.45799999999999996,0.237,0.207,0.537,0.289,0.174,0.212,0.544,0.244,0.094,0.22,0.337,0.304,0.11900000000000001,0.16399999999999998,0.72,0.29600000000000004,0.674,0.447,0.736,0.9059999999999999,0.8390000000000001,0.39899999999999997,0.627,0.07200000000000001,0.185,2.0,-1.6,-2.1,84,-0.8,3.4,11.1,0.2,32.6,2024
Kyle Schwarber,PHI,692,573,142,82,22,0,38,110,104,0.248,0.366,0.485,0.851,0.366,134,0.237,0.301,93.6,15.0,0.156,0.5489999999999999,115.6,0.41700000000000004,0.401,0.182,0.149,0.505,0.33299999999999996,0.161,0.159,0.39799999999999996,0.44299999999999995,0.247,0.256,0.511,0.379,0.153,0.285,0.54,0.24,0.626,0.4,0.522,0.802,0.7040000000000001,0.413,0.562,0.11800000000000001,0.183,2.9,-1.7,-0.1,112,-2.4,3.3,25.7,-16.5,32.3,2024
Fernando Tatis Jr.,SDP,438,398,110,67,21,1,21,64,49,0.276,0.34,0.492,0.833,0.359,135,0.216,0.316,93.5,10.0,0.145,0.5579999999999999,116.7,0.462,0.34,0.198,0.078,0.406,0.327,0.267,0.109,0.502,0.389,0.204,0.298,0.538,0.387,0.073,0.21899999999999997,0.33,0.325,0.7559999999999999,0.51,0.5710000000000001,0.8490000000000001,0.748,0.43,0.63,0.128,0.128,4.9,0.1,1.5,68,0.0,3.3,18.1,-1.1,31.6,2024
Salvador Perez,KCR,652,590,160,105,28,0,27,58,104,0.271,0.33,0.456,0.786,0.335,117,0.185,0.302,91.1,19.0,0.122,0.447,113.3,0.33399999999999996,0.445,0.221,0.10099999999999999,0.495,0.287,0.218,0.13699999999999998,0.501,0.36200000000000004,0.13,0.275,0.522,0.36,0.067,0.198,0.34,0.46399999999999997,0.7759999999999999,0.578,0.623,0.865,0.741,0.364,0.652,0.149,0.1,0.6,-1.2,-6.5,89,-5.6,3.3,6.7,3.4,31.8,2024
Anthony Santander,BAL,665,595,140,69,25,2,44,91,102,0.235,0.308,0.506,0.814,0.345,128,0.271,0.225,89.8,22.8,0.11699999999999999,0.41600000000000004,114.4,0.308,0.5479999999999999,0.14400000000000002,0.16699999999999998,0.44799999999999995,0.316,0.23600000000000002,0.18899999999999997,0.461,0.35,0.171,0.228,0.445,0.324,0.087,0.19399999999999998,0.45,0.375,0.688,0.49700000000000005,0.765,0.871,0.8220000000000001,0.392,0.614,0.08800000000000001,0.156,3.2,-0.6,-1.1,97,-2.7,3.2,18.8,-9.7,31.1,2024
JJ Bleday,OAK,642,572,139,72,43,4,20,74,60,0.243,0.324,0.437,0.762,0.33,120,0.194,0.279,88.5,18.6,0.083,0.36200000000000004,113.3,0.341,0.478,0.182,0.122,0.42,0.35,0.23,0.174,0.498,0.32799999999999996,0.094,0.24,0.397,0.316,0.10400000000000001,0.195,0.54,0.284,0.698,0.451,0.589,0.87,0.764,0.40299999999999997,0.614,0.106,0.16399999999999998,3.2,-1.9,-2.1,85,-2.6,3.2,12.1,-2.4,31.0,2024
Brendan Donovan,STL,652,587,163,112,34,3,14,65,73,0.278,0.342,0.417,0.759,0.332,115,0.14,0.3,88.7,13.2,0.055,0.376,108.7,0.418,0.369,0.213,0.11199999999999999,0.364,0.358,0.278,0.166,0.526,0.307,0.075,0.277,0.419,0.335,0.07200000000000001,0.124,0.58,0.267,0.647,0.43700000000000006,0.735,0.932,0.866,0.44799999999999995,0.597,0.059000000000000004,0.192,3.2,-2.4,-0.8,88,-1.8,3.2,10.0,-1.1,30.8,2024
Joey Ortiz,MIL,511,440,105,63,25,6,11,58,60,0.239,0.329,0.398,0.726,0.319,105,0.159,0.283,87.8,9.9,0.046,0.384,111.5,0.488,0.368,0.14400000000000002,0.08800000000000001,0.358,0.341,0.301,0.185,0.514,0.301,0.08800000000000001,0.234,0.343,0.305,0.11,0.20199999999999999,0.54,0.266,0.555,0.392,0.737,0.922,0.851,0.436,0.583,0.057999999999999996,0.23600000000000002,5.6,-1.2,,63,-0.2,3.2,2.7,11.1,30.8,2024
Nolan Arenado,STL,635,578,157,118,23,0,16,70,71,0.272,0.325,0.394,0.719,0.314,103,0.123,0.296,86.3,17.0,0.032,0.316,107.5,0.396,0.391,0.213,0.155,0.465,0.35100000000000003,0.185,0.187,0.542,0.272,0.083,0.255,0.356,0.295,0.069,0.145,0.48,0.335,0.6459999999999999,0.46799999999999997,0.737,0.919,0.8440000000000001,0.42700000000000005,0.614,0.073,0.185,2.0,-1.7,-0.4,76,-2.1,3.2,-0.1,9.7,30.8,2024
Victor Robles,- - -,295,254,78,54,20,0,4,44,28,0.307,0.381,0.433,0.814,0.357,141,0.126,0.37,86.7,14.8,0.062,0.28600000000000003,109.8,0.405,0.353,0.242,0.149,0.495,0.3,0.205,0.152,0.595,0.252,0.06,0.257,0.389,0.326,0.071,0.18,0.4,0.34600000000000003,0.7759999999999999,0.522,0.589,0.873,0.7609999999999999,0.408,0.698,0.124,0.114,7.0,5.3,1.1,46,6.9,3.1,20.7,-0.1,30.3,2024
Lawrence Butler,OAK,451,412,108,60,24,2,22,63,57,0.262,0.317,0.49,0.807,0.345,130,0.228,0.301,91.1,11.3,0.11,0.474,113.1,0.43799999999999994,0.377,0.185,0.052000000000000005,0.321,0.39899999999999997,0.27899999999999997,0.127,0.503,0.37,0.19,0.258,0.468,0.339,0.078,0.239,0.32,0.308,0.7120000000000001,0.47600000000000003,0.61,0.838,0.752,0.41700000000000004,0.5720000000000001,0.11800000000000001,0.159,6.4,2.9,,65,3.8,3.1,19.3,-4.0,30.3,2024
Christian Walker,ARI,552,479,120,68,26,0,26,72,84,0.251,0.335,0.468,0.803,0.343,120,0.217,0.287,91.3,16.7,0.133,0.48,113.9,0.379,0.469,0.153,0.127,0.42100000000000004,0.353,0.226,0.14400000000000002,0.469,0.387,0.157,0.247,0.458,0.352,0.1,0.24100000000000002,0.41,0.28300000000000003,0.7659999999999999,0.48100000000000004,0.58,0.857,0.7609999999999999,0.41100000000000003,0.5720000000000001,0.115,0.134,2.2,-1.4,1.4,79,-3.2,3.1,9.7,1.4,29.6,2024
Tyler Stephenson,CIN,515,457,118,72,26,1,19,69,66,0.258,0.338,0.444,0.782,0.339,113,0.186,0.307,90.2,10.9,0.091,0.439,111.0,0.474,0.336,0.19,0.087,0.386,0.365,0.249,0.14300000000000002,0.5379999999999999,0.319,0.165,0.241,0.403,0.322,0.09300000000000001,0.22699999999999998,0.41,0.27399999999999997,0.653,0.433,0.589,0.904,0.789,0.42,0.619,0.091,0.175,2.9,-0.8,-2.7,72,-3.4,3.1,4.6,7.8,29.6,2024
Wilyer Abreu,BOS,447,399,101,51,33,2,15,59,58,0.253,0.322,0.459,0.781,0.336,116,0.206,0.326,91.6,19.1,0.10800000000000001,0.502,114.4,0.337,0.473,0.19,0.121,0.452,0.308,0.24,0.161,0.495,0.344,0.114,0.231,0.421,0.32,0.08900000000000001,0.28,0.32,0.314,0.7020000000000001,0.478,0.618,0.812,0.738,0.424,0.611,0.125,0.157,5.0,-0.4,,61,1.2,3.1,9.3,5.6,29.7,2024
Wyatt Langford,TEX,557,499,126,81,25,4,16,74,74,0.253,0.325,0.415,0.74,0.321,111,0.162,0.296,89.6,16.6,0.09300000000000001,0.434,111.9,0.40299999999999997,0.41600000000000004,0.18100000000000002,0.149,0.46799999999999997,0.305,0.22699999999999998,0.183,0.46799999999999997,0.349,0.099,0.254,0.423,0.328,0.092,0.20600000000000002,0.44,0.27,0.657,0.429,0.685,0.86,0.795,0.41,0.607,0.08800000000000001,0.184,6.4,1.5,,70,4.4,3.1,11.6,-0.3,29.8,2024
Daulton Varsho,TOR,513,459,98,52,21,7,18,73,58,0.214,0.293,0.407,0.7,0.304,99,0.194,0.262,86.1,24.4,0.062,0.34,110.2,0.322,0.529,0.15,0.175,0.515,0.253,0.231,0.222,0.48100000000000004,0.29600000000000004,0.10800000000000001,0.187,0.317,0.262,0.094,0.267,0.35,0.295,0.7140000000000001,0.474,0.642,0.8270000000000001,0.7609999999999999,0.428,0.626,0.114,0.157,7.3,0.4,2.4,58,1.6,3.1,0.8,12.7,30.5,2024
Christian Yelich,MIL,315,270,85,59,12,3,11,44,42,0.315,0.406,0.504,0.909,0.391,154,0.189,0.366,91.1,5.2,0.079,0.465,113.2,0.545,0.265,0.19,0.018000000000000002,0.40700000000000003,0.336,0.257,0.16399999999999998,0.47700000000000004,0.36,0.196,0.294,0.471,0.373,0.127,0.184,0.69,0.29100000000000004,0.721,0.455,0.667,0.885,0.799,0.382,0.5429999999999999,0.091,0.142,7.0,3.0,0.7,57,4.7,3.0,24.9,-6.2,29.2,2024
Joc Pederson,ARI,449,367,101,60,17,1,23,62,64,0.275,0.393,0.515,0.908,0.391,152,0.24,0.322,92.2,17.0,0.125,0.45399999999999996,114.1,0.392,0.40299999999999997,0.205,0.142,0.5,0.35700000000000004,0.14300000000000002,0.135,0.489,0.376,0.217,0.264,0.481,0.378,0.122,0.23399999999999999,0.52,0.315,0.619,0.435,0.682,0.846,0.774,0.39299999999999996,0.514,0.098,0.19,3.9,-1.3,-1.6,82,-1.1,3.0,26.6,-12.6,28.9,2024
Tyler Fitzgerald,SFG,341,314,88,52,19,2,15,53,34,0.28,0.334,0.497,0.831,0.357,132,0.217,0.38,87.7,20.2,0.08199999999999999,0.319,107.3,0.327,0.446,0.228,0.033,0.498,0.271,0.23199999999999998,0.145,0.618,0.237,0.16699999999999998,0.227,0.378,0.292,0.065,0.317,0.2,0.294,0.688,0.466,0.523,0.8,0.7020000000000001,0.43700000000000006,0.6509999999999999,0.139,0.17600000000000002,6.8,1.2,,53,3.9,3.0,16.9,0.7,29.0,2024
Yainer Diaz,HOU,619,585,175,127,29,3,16,70,84,0.299,0.325,0.441,0.766,0.329,116,0.142,0.338,90.2,8.9,0.076,0.475,111.4,0.512,0.263,0.22399999999999998,0.086,0.409,0.379,0.212,0.11900000000000001,0.562,0.319,0.125,0.3,0.459,0.339,0.039,0.17300000000000001,0.22,0.457,0.7959999999999999,0.588,0.655,0.887,0.7759999999999999,0.387,0.669,0.132,0.10400000000000001,3.4,-0.8,-3.4,82,-1.6,3.0,9.7,-1.5,28.7,2024
Luis Garcia Jr.,WSN,528,500,141,97,25,1,18,58,70,0.282,0.318,0.444,0.762,0.328,110,0.162,0.31,89.1,8.3,0.08,0.41700000000000004,110.7,0.474,0.325,0.2,0.045,0.304,0.424,0.272,0.149,0.5329999999999999,0.318,0.135,0.278,0.452,0.331,0.051,0.163,0.31,0.385,0.698,0.514,0.7070000000000001,0.895,0.812,0.41200000000000003,0.653,0.09699999999999999,0.155,4.9,1.4,-1.1,69,0.5,3.0,7.0,4.6,29.2,2024
Jake McCarthy,ARI,495,442,126,98,13,7,8,66,56,0.285,0.349,0.4,0.749,0.329,110,0.115,0.329,84.4,9.1,0.027000000000000003,0.245,106.6,0.504,0.29100000000000004,0.205,0.049,0.368,0.39,0.242,0.156,0.645,0.19899999999999998,0.078,0.264,0.359,0.311,0.063,0.158,0.4,0.33399999999999996,0.674,0.485,0.659,0.9420000000000001,0.8340000000000001,0.445,0.655,0.081,0.172,7.5,1.4,1.9,65,4.5,3.0,10.5,1.8,28.9,2024
Mark Vientos,NYM,454,413,110,61,22,0,27,58,71,0.266,0.322,0.516,0.837,0.356,132,0.249,0.324,91.2,11.4,0.141,0.466,113.2,0.442,0.36,0.198,0.098,0.41700000000000004,0.382,0.201,0.18,0.456,0.364,0.265,0.246,0.463,0.331,0.073,0.297,0.24,0.359,0.695,0.499,0.537,0.784,0.68,0.41700000000000004,0.648,0.159,0.151,1.2,-0.8,-1.7,70,-2.0,2.9,15.5,-2.8,27.9,2024
Nathaniel Lowe,TEX,565,486,129,96,16,1,16,62,69,0.265,0.361,0.401,0.762,0.337,123,0.136,0.324,88.9,7.7,0.057999999999999996,0.4,111.8,0.47700000000000004,0.293,0.23,0.09300000000000001,0.29600000000000004,0.395,0.31,0.18100000000000002,0.523,0.29600000000000004,0.15,0.252,0.38,0.328,0.126,0.221,0.57,0.271,0.639,0.42700000000000005,0.6679999999999999,0.895,0.812,0.424,0.6,0.08,0.17600000000000002,2.6,-0.9,-0.3,78,-0.8,2.9,13.8,-4.2,28.3,2024
Jonathan India,CIN,637,533,132,87,28,2,15,84,58,0.248,0.357,0.392,0.75,0.333,109,0.144,0.293,87.2,13.5,0.077,0.365,110.8,0.42200000000000004,0.361,0.217,0.107,0.42,0.376,0.204,0.17300000000000001,0.53,0.297,0.1,0.266,0.412,0.352,0.126,0.196,0.64,0.213,0.598,0.382,0.6709999999999999,0.898,0.8270000000000001,0.44,0.598,0.066,0.213,5.0,0.4,1.2,86,-0.1,2.9,6.8,0.1,28.2,2024
Carlos Santana,MIN,594,521,124,75,26,0,23,63,71,0.238,0.328,0.42,0.749,0.326,113,0.182,0.252,89.2,16.1,0.073,0.39899999999999997,113.6,0.387,0.441,0.172,0.155,0.5329999999999999,0.302,0.165,0.198,0.467,0.335,0.12300000000000001,0.246,0.415,0.33,0.109,0.16699999999999998,0.66,0.27,0.667,0.434,0.67,0.8540000000000001,0.787,0.41200000000000003,0.5660000000000001,0.092,0.17,2.7,-0.3,-0.9,77,-1.0,2.9,7.8,0.8,28.3,2024
Josh Smith,TEX,592,523,135,91,30,1,13,67,62,0.258,0.337,0.394,0.731,0.323,112,0.136,0.311,87.8,15.4,0.037000000000000005,0.371,108.0,0.387,0.377,0.237,0.099,0.442,0.359,0.19899999999999998,0.162,0.5720000000000001,0.265,0.086,0.242,0.352,0.304,0.078,0.204,0.38,0.3,0.6679999999999999,0.465,0.6579999999999999,0.879,0.8,0.44799999999999995,0.649,0.09300000000000001,0.17300000000000001,4.5,0.2,-1.9,75,-0.6,2.9,7.8,0.8,28.2,2024
Willi Castro,MIN,635,558,138,90,31,5,12,89,60,0.247,0.331,0.385,0.717,0.317,106,0.138,0.315,87.4,13.6,0.07,0.368,112.3,0.40299999999999997,0.37799999999999995,0.21899999999999997,0.071,0.395,0.35100000000000003,0.254,0.15,0.5379999999999999,0.312,0.078,0.244,0.381,0.32,0.08,0.23600000000000002,0.34,0.359,0.731,0.512,0.54,0.868,0.732,0.41200000000000003,0.65,0.13699999999999998,0.142,5.9,-2.1,3.2,78,-0.6,2.9,4.0,3.3,28.3,2024
Miguel Rojas,LAD,337,307,87,60,21,0,6,41,36,0.283,0.337,0.41,0.748,0.327,110,0.127,0.301,85.0,9.7,0.025,0.278,109.1,0.48200000000000004,0.287,0.23199999999999998,0.115,0.408,0.321,0.271,0.20600000000000002,0.57,0.22399999999999998,0.077,0.279,0.36,0.31,0.068,0.10099999999999999,0.68,0.301,0.6779999999999999,0.462,0.7879999999999999,0.9259999999999999,0.875,0.429,0.579,0.057999999999999996,0.17600000000000002,4.2,0.1,1.5,44,-0.3,2.8,3.7,11.8,26.8,2024
Taylor Ward,LAA,663,585,144,91,26,2,25,73,75,0.246,0.323,0.426,0.748,0.325,112,0.179,0.294,90.9,17.4,0.13,0.423,109.4,0.326,0.451,0.223,0.052000000000000005,0.34,0.349,0.312,0.091,0.509,0.4,0.129,0.251,0.458,0.344,0.095,0.24600000000000002,0.39,0.233,0.684,0.43200000000000005,0.569,0.848,0.764,0.441,0.614,0.102,0.192,3.3,-1.7,1.2,86,-2.6,2.8,6.3,-0.9,27.4,2024
Brandon Nimmo,NYM,663,571,128,77,25,3,23,88,90,0.224,0.327,0.399,0.727,0.321,108,0.175,0.267,91.9,11.2,0.091,0.474,111.5,0.42100000000000004,0.38,0.2,0.057,0.382,0.368,0.25,0.132,0.512,0.35600000000000004,0.146,0.245,0.409,0.335,0.11599999999999999,0.23800000000000002,0.49,0.276,0.677,0.44799999999999995,0.607,0.884,0.787,0.428,0.59,0.095,0.162,5.7,1.7,-1.2,83,2.5,2.8,9.1,-4.4,26.9,2024
Alejandro Kirk,TOR,386,340,86,61,19,1,5,23,54,0.253,0.319,0.359,0.677,0.297,93,0.106,0.276,89.4,10.8,0.067,0.409,112.9,0.45299999999999996,0.32899999999999996,0.218,0.17300000000000001,0.342,0.342,0.315,0.161,0.49700000000000005,0.342,0.051,0.257,0.392,0.324,0.091,0.132,0.69,0.31,0.69,0.466,0.769,0.927,0.865,0.41,0.627,0.063,0.179,1.0,-0.8,-4.9,41,-3.5,2.8,-6.4,20.2,26.7,2024
Andres Gimenez,CLE,633,583,147,115,22,1,9,64,63,0.252,0.298,0.34,0.638,0.281,83,0.087,0.286,86.3,8.8,0.027999999999999997,0.285,109.6,0.503,0.292,0.205,0.092,0.4,0.34700000000000003,0.253,0.19,0.57,0.24,0.063,0.262,0.355,0.296,0.040999999999999995,0.153,0.27,0.408,0.7490000000000001,0.556,0.669,0.878,0.792,0.435,0.626,0.11599999999999999,0.124,5.4,2.8,-0.1,59,2.2,2.8,-9.9,15.7,26.7,2024
Willson Contreras,STL,358,301,79,47,17,0,15,48,36,0.262,0.38,0.468,0.848,0.37,141,0.206,0.337,91.6,14.2,0.11199999999999999,0.46799999999999997,115.3,0.415,0.371,0.215,0.158,0.376,0.35600000000000004,0.268,0.166,0.449,0.385,0.19699999999999998,0.258,0.455,0.365,0.126,0.268,0.47,0.33,0.736,0.49700000000000005,0.444,0.8140000000000001,0.67,0.41200000000000003,0.606,0.16399999999999998,0.13699999999999998,3.3,-0.4,1.1,59,-1.7,2.7,15.7,-1.9,25.8,2024
Jordan Westburg,BAL,447,416,110,61,26,5,18,57,63,0.264,0.312,0.481,0.792,0.34,124,0.216,0.305,91.1,13.1,0.11800000000000001,0.461,111.2,0.419,0.38799999999999996,0.19399999999999998,0.073,0.41100000000000003,0.355,0.23399999999999999,0.125,0.46399999999999997,0.41100000000000003,0.145,0.281,0.491,0.353,0.049,0.217,0.23,0.337,0.737,0.509,0.5720000000000001,0.8420000000000001,0.74,0.431,0.647,0.132,0.156,5.6,-0.7,,63,0.3,2.7,12.7,-1.3,26.2,2024
Adley Rutschman,BAL,638,571,143,102,21,1,19,68,79,0.25,0.318,0.391,0.709,0.309,103,0.14,0.272,88.2,18.8,0.061,0.366,109.3,0.345,0.429,0.225,0.10800000000000001,0.42100000000000004,0.358,0.221,0.156,0.5579999999999999,0.28600000000000003,0.09300000000000001,0.255,0.393,0.315,0.091,0.161,0.56,0.324,0.61,0.445,0.777,0.897,0.846,0.42200000000000004,0.596,0.068,0.205,2.1,-1.1,-0.3,74,-3.0,2.7,-1.0,6.2,26.4,2024
Jeremy Pena,HOU,650,602,160,115,28,2,15,78,70,0.266,0.308,0.394,0.701,0.305,99,0.128,0.301,88.2,7.4,0.054000000000000006,0.38799999999999996,109.5,0.494,0.315,0.192,0.096,0.42,0.376,0.204,0.18600000000000003,0.5479999999999999,0.266,0.096,0.263,0.394,0.31,0.038,0.171,0.23,0.392,0.745,0.535,0.583,0.9159999999999999,0.7709999999999999,0.40700000000000003,0.675,0.122,0.14,5.4,0.4,3.4,73,2.2,2.7,1.5,3.4,26.5,2024
Jacob Young,WSN,521,468,120,92,24,1,3,75,36,0.256,0.316,0.331,0.648,0.29,84,0.075,0.321,85.8,4.0,0.016,0.289,106.7,0.526,0.243,0.231,0.07200000000000001,0.301,0.34299999999999997,0.35600000000000004,0.17300000000000001,0.622,0.205,0.036000000000000004,0.253,0.317,0.286,0.057999999999999996,0.196,0.29,0.28600000000000003,0.597,0.43,0.72,0.894,0.8320000000000001,0.46299999999999997,0.645,0.07200000000000001,0.20800000000000002,6.7,1.5,,52,4.3,2.7,-5.5,13.9,25.8,2024
Tyler O'Neill,BOS,473,411,99,50,18,0,31,74,61,0.241,0.336,0.511,0.847,0.36,133,0.27,0.305,90.9,20.2,0.17300000000000001,0.488,113.1,0.358,0.469,0.17300000000000001,0.151,0.52,0.315,0.165,0.154,0.5,0.34600000000000003,0.261,0.213,0.48,0.339,0.11199999999999999,0.336,0.33,0.289,0.684,0.446,0.522,0.778,0.6779999999999999,0.39799999999999996,0.613,0.14400000000000002,0.16399999999999998,3.6,0.0,-1.8,74,-0.8,2.6,16.9,-7.9,24.7,2024
Matt Olson,ATL,685,600,148,81,37,1,29,78,98,0.247,0.333,0.457,0.79,0.339,117,0.21,0.293,91.5,16.1,0.124,0.474,113.9,0.359,0.43,0.21100000000000002,0.075,0.386,0.354,0.26,0.149,0.49200000000000005,0.359,0.155,0.247,0.448,0.34,0.10400000000000001,0.248,0.42,0.33299999999999996,0.732,0.49700000000000005,0.701,0.807,0.765,0.41,0.599,0.11699999999999999,0.132,1.6,-1.2,-3.9,96,-3.6,2.6,10.6,-8.3,25.2,2024
Will Smith,LAD,544,476,118,72,24,2,20,77,75,0.248,0.327,0.433,0.76,0.326,109,0.185,0.273,89.4,18.7,0.10800000000000001,0.42,109.1,0.331,0.47600000000000003,0.193,0.039,0.33899999999999997,0.386,0.275,0.114,0.542,0.344,0.111,0.24,0.443,0.331,0.094,0.193,0.49,0.299,0.687,0.462,0.713,0.8809999999999999,0.818,0.42100000000000004,0.603,0.084,0.168,3.2,-1.2,0.2,70,-1.2,2.6,4.7,2.3,25.3,2024
Ha-seong Kim,SDP,470,403,94,64,16,3,11,60,47,0.233,0.33,0.37,0.7,0.308,101,0.136,0.261,87.9,15.1,0.048,0.354,107.9,0.39799999999999996,0.426,0.17600000000000002,0.145,0.43200000000000005,0.345,0.222,0.18600000000000003,0.562,0.252,0.08,0.245,0.352,0.313,0.12300000000000001,0.16399999999999998,0.75,0.215,0.581,0.37799999999999995,0.779,0.895,0.8590000000000001,0.44799999999999995,0.611,0.053,0.237,6.2,1.4,0.3,54,2.3,2.6,2.7,7.1,25.5,2024
Pete Crow-Armstrong,CHC,410,372,88,59,13,6,10,46,47,0.237,0.286,0.384,0.67,0.289,86,0.148,0.292,88.9,17.2,0.07400000000000001,0.368,107.2,0.375,0.425,0.19899999999999998,0.081,0.435,0.33,0.235,0.13699999999999998,0.611,0.253,0.09,0.223,0.367,0.281,0.051,0.239,0.21,0.435,0.79,0.5920000000000001,0.645,0.7929999999999999,0.732,0.44299999999999995,0.7070000000000001,0.158,0.099,8.5,3.5,,41,4.9,2.6,-2.0,13.5,25.3,2024
Brice Turang,MIL,619,559,142,107,24,4,7,72,57,0.254,0.316,0.349,0.665,0.294,88,0.095,0.3,87.0,6.1,0.024,0.297,107.8,0.525,0.261,0.214,0.086,0.264,0.39399999999999996,0.342,0.154,0.5870000000000001,0.26,0.06,0.261,0.34,0.297,0.081,0.17,0.48,0.317,0.644,0.466,0.8059999999999999,0.924,0.88,0.45399999999999996,0.625,0.055999999999999994,0.184,7.2,6.3,,64,7.2,2.6,-1.5,5.5,24.7,2024
Jose Iglesias,NYM,291,270,91,70,16,1,4,39,26,0.337,0.381,0.448,0.83,0.362,136,0.111,0.382,85.8,9.0,0.022000000000000002,0.306,109.8,0.48700000000000004,0.276,0.237,0.125,0.31,0.384,0.306,0.18100000000000002,0.565,0.254,0.063,0.285,0.369,0.314,0.040999999999999995,0.134,0.31,0.43700000000000006,0.636,0.525,0.779,0.924,0.856,0.44,0.632,0.075,0.183,4.7,-0.3,1.4,46,-0.2,2.5,12.4,2.5,24.6,2024
Gabriel Moreno,ARI,351,305,81,57,18,1,5,39,45,0.266,0.353,0.38,0.734,0.325,107,0.115,0.303,90.0,8.8,0.066,0.41,111.1,0.496,0.32,0.184,0.098,0.305,0.395,0.301,0.145,0.527,0.32799999999999996,0.061,0.255,0.384,0.324,0.11699999999999999,0.14800000000000002,0.79,0.265,0.601,0.41200000000000003,0.737,0.8909999999999999,0.835,0.43700000000000006,0.561,0.068,0.21600000000000003,3.6,-0.6,-0.9,45,0.1,2.5,3.0,9.7,24.5,2024
Otto Lopez,MIA,434,403,109,79,23,1,6,49,39,0.27,0.313,0.377,0.69,0.302,92,0.107,0.318,88.0,5.4,0.051,0.387,108.8,0.536,0.255,0.209,0.071,0.358,0.395,0.247,0.166,0.524,0.31,0.071,0.274,0.394,0.313,0.057999999999999996,0.17300000000000001,0.33,0.35700000000000004,0.7120000000000001,0.511,0.636,0.9079999999999999,0.8,0.433,0.652,0.102,0.16399999999999998,5.5,1.6,1.4,48,2.4,2.5,-2.0,11.6,24.2,2024
Kerry Carpenter,DET,296,264,75,36,16,5,18,37,57,0.284,0.345,0.587,0.932,0.39,158,0.303,0.328,90.4,17.7,0.16899999999999998,0.451,109.6,0.375,0.44799999999999995,0.177,0.09300000000000001,0.43200000000000005,0.32799999999999996,0.24,0.12,0.547,0.33299999999999996,0.209,0.267,0.56,0.378,0.07400000000000001,0.253,0.29,0.36200000000000004,0.7040000000000001,0.501,0.5479999999999999,0.847,0.72,0.408,0.625,0.14,0.14400000000000002,4.0,-1.3,-1.8,54,-1.7,2.4,18.1,-4.8,23.1,2024
Austin Riley,ATL,469,425,109,62,26,2,19,63,56,0.256,0.322,0.461,0.783,0.338,116,0.205,0.31,93.3,15.9,0.149,0.534,114.7,0.359,0.43,0.21,0.068,0.37200000000000005,0.369,0.259,0.129,0.45,0.42100000000000004,0.14300000000000002,0.267,0.505,0.361,0.079,0.252,0.31,0.314,0.747,0.501,0.551,0.8490000000000001,0.743,0.43200000000000005,0.629,0.129,0.139,2.7,-0.8,0.8,65,-1.2,2.4,8.0,-0.5,23.2,2024
Dylan Moore,SEA,441,368,74,37,23,4,10,53,42,0.201,0.32,0.367,0.687,0.306,106,0.166,0.267,88.4,22.6,0.08800000000000001,0.363,109.1,0.29600000000000004,0.512,0.192,0.141,0.51,0.307,0.183,0.147,0.546,0.307,0.078,0.201,0.325,0.298,0.12,0.27899999999999997,0.43,0.223,0.68,0.423,0.595,0.858,0.78,0.43700000000000006,0.605,0.09300000000000001,0.185,8.0,3.2,0.9,50,4.1,2.4,7.0,1.7,23.3,2024
Max Muncy,LAD,293,237,55,23,17,0,15,47,48,0.232,0.358,0.494,0.852,0.362,133,0.262,0.265,90.2,26.6,0.10800000000000001,0.434,110.0,0.253,0.542,0.205,0.14400000000000002,0.48200000000000004,0.319,0.19899999999999998,0.157,0.512,0.331,0.16699999999999998,0.229,0.448,0.349,0.154,0.263,0.58,0.242,0.652,0.406,0.52,0.81,0.7070000000000001,0.401,0.584,0.11900000000000001,0.175,3.0,-0.4,0.4,46,-0.5,2.3,11.2,1.3,22.3,2024
Heliot Ramos,SFG,518,475,128,80,23,3,22,54,72,0.269,0.322,0.469,0.792,0.339,120,0.2,0.329,91.5,10.5,0.145,0.474,111.8,0.43,0.369,0.201,0.071,0.314,0.39,0.297,0.166,0.517,0.317,0.17300000000000001,0.251,0.482,0.339,0.071,0.261,0.27,0.33,0.754,0.503,0.539,0.85,0.7290000000000001,0.408,0.612,0.136,0.14300000000000002,4.2,-0.1,-1.0,73,-0.6,2.3,11.6,-6.5,22.4,2024
Luke Raley,SEA,455,404,98,55,19,2,22,58,58,0.243,0.32,0.463,0.783,0.339,129,0.22,0.305,90.1,13.5,0.11,0.418,115.4,0.441,0.37200000000000005,0.188,0.09300000000000001,0.44299999999999995,0.33,0.22699999999999998,0.168,0.509,0.322,0.22699999999999998,0.22,0.418,0.316,0.059000000000000004,0.297,0.2,0.32799999999999996,0.767,0.517,0.444,0.7979999999999999,0.67,0.43,0.611,0.17,0.124,5.9,0.6,-0.5,64,0.4,2.3,15.6,-8.7,22.0,2024
Josh Naylor,CLE,633,563,137,79,27,0,31,84,108,0.243,0.32,0.456,0.776,0.332,118,0.213,0.246,89.9,11.0,0.084,0.408,110.9,0.46799999999999997,0.361,0.171,0.10800000000000001,0.41600000000000004,0.374,0.21,0.16,0.526,0.314,0.18600000000000003,0.257,0.443,0.334,0.092,0.166,0.55,0.355,0.737,0.503,0.698,0.867,0.794,0.38799999999999996,0.599,0.10400000000000001,0.126,3.2,-0.7,-1.9,85,-2.5,2.3,10.8,-9.9,21.9,2024
Brandon Marsh,PHI,476,418,104,68,17,3,16,55,60,0.249,0.328,0.419,0.747,0.326,107,0.17,0.348,91.6,13.8,0.1,0.474,110.1,0.382,0.37799999999999995,0.24,0.05,0.389,0.311,0.3,0.096,0.522,0.381,0.158,0.236,0.406,0.324,0.105,0.324,0.32,0.268,0.631,0.41100000000000003,0.5660000000000001,0.867,0.748,0.39299999999999996,0.597,0.10300000000000001,0.193,6.1,1.6,2.1,62,2.9,2.3,6.9,-0.9,22.0,2024
Matt Vierling,DET,567,518,133,84,28,5,16,80,57,0.257,0.312,0.423,0.735,0.317,107,0.166,0.303,89.7,11.7,0.075,0.4,111.2,0.42100000000000004,0.37799999999999995,0.201,0.099,0.386,0.358,0.256,0.172,0.55,0.27899999999999997,0.106,0.254,0.391,0.308,0.07200000000000001,0.213,0.34,0.256,0.649,0.42700000000000005,0.675,0.902,0.825,0.436,0.578,0.075,0.20199999999999999,5.7,-0.2,1.5,70,2.8,2.3,7.3,-3.5,22.7,2024
Xavier Edwards,MIA,303,265,87,69,12,5,1,39,26,0.328,0.397,0.423,0.82,0.359,129,0.094,0.398,86.1,6.7,0.018000000000000002,0.243,102.7,0.507,0.265,0.22699999999999998,0.018000000000000002,0.284,0.39399999999999996,0.321,0.11,0.624,0.266,0.018000000000000002,0.252,0.321,0.296,0.109,0.172,0.63,0.261,0.73,0.46799999999999997,0.757,0.89,0.848,0.441,0.601,0.071,0.152,8.2,3.8,,47,6.2,2.2,16.8,-5.4,21.6,2024
Bryan Reynolds,PIT,692,622,171,115,29,3,24,73,88,0.275,0.344,0.447,0.791,0.343,118,0.172,0.33,89.9,9.4,0.096,0.45399999999999996,111.6,0.45799999999999996,0.322,0.22,0.033,0.386,0.348,0.267,0.13,0.525,0.345,0.159,0.27,0.463,0.35,0.08199999999999999,0.225,0.37,0.345,0.76,0.504,0.578,0.84,0.7290000000000001,0.38299999999999995,0.626,0.136,0.129,4.2,-0.2,2.8,99,1.0,2.2,16.1,-18.2,21.0,2024
Brandon Lowe,TBR,425,385,94,51,19,3,21,56,58,0.244,0.311,0.473,0.783,0.335,123,0.229,0.287,89.8,14.5,0.124,0.447,111.0,0.36700000000000005,0.418,0.215,0.10400000000000001,0.433,0.382,0.185,0.156,0.465,0.37799999999999995,0.183,0.252,0.482,0.343,0.078,0.264,0.29,0.358,0.805,0.552,0.49700000000000005,0.8140000000000001,0.698,0.433,0.638,0.16699999999999998,0.1,5.1,-0.1,1.7,58,0.7,2.2,12.0,-4.4,21.7,2024
Michael Busch,CHC,567,496,123,72,28,2,21,73,65,0.248,0.335,0.44,0.775,0.336,118,0.192,0.322,89.9,17.2,0.11199999999999999,0.39899999999999997,109.3,0.392,0.40399999999999997,0.205,0.11,0.429,0.325,0.24600000000000002,0.145,0.547,0.308,0.154,0.217,0.418,0.319,0.111,0.28600000000000003,0.39,0.27399999999999997,0.71,0.45,0.556,0.8540000000000001,0.745,0.40399999999999997,0.608,0.115,0.159,3.4,-1.1,,78,-1.6,2.2,10.3,-8.0,21.3,2024
Parker Meadows,DET,298,270,66,39,12,6,9,39,28,0.244,0.31,0.433,0.743,0.321,110,0.189,0.306,86.8,18.9,0.071,0.311,110.0,0.325,0.479,0.196,0.172,0.38799999999999996,0.38299999999999995,0.23,0.204,0.51,0.28600000000000003,0.09699999999999999,0.226,0.372,0.292,0.084,0.255,0.33,0.28600000000000003,0.669,0.45299999999999996,0.531,0.867,0.747,0.436,0.601,0.114,0.171,7.0,-0.3,,37,3.0,2.2,6.2,4.8,20.9,2024
Jake Rogers,DET,337,310,61,34,16,1,10,43,36,0.197,0.255,0.352,0.607,0.264,70,0.155,0.251,89.1,16.0,0.099,0.418,107.1,0.408,0.42700000000000005,0.16399999999999998,0.055,0.479,0.366,0.155,0.127,0.526,0.34700000000000003,0.11,0.22,0.417,0.3,0.065,0.294,0.22,0.306,0.7020000000000001,0.47600000000000003,0.514,0.797,0.693,0.429,0.605,0.146,0.172,4.1,-0.3,1.5,27,-0.6,2.2,-12.4,22.0,20.8,2024
Ivan Herrera,STL,259,229,69,51,12,1,5,37,27,0.301,0.372,0.428,0.8,0.351,128,0.127,0.37,89.3,9.1,0.08900000000000001,0.419,112.4,0.433,0.298,0.27,0.038,0.36,0.365,0.275,0.16899999999999998,0.47200000000000003,0.36,0.094,0.293,0.453,0.366,0.09699999999999999,0.205,0.47,0.294,0.617,0.435,0.637,0.875,0.785,0.43799999999999994,0.6409999999999999,0.094,0.191,5.5,0.4,3.2,39,1.9,2.1,10.5,1.4,20.6,2024
Pete Alonso,NYM,695,608,146,81,31,0,34,91,88,0.24,0.329,0.459,0.788,0.34,121,0.219,0.276,89.8,14.4,0.132,0.46399999999999997,116.3,0.42100000000000004,0.42100000000000004,0.157,0.10300000000000001,0.428,0.303,0.26899999999999996,0.157,0.494,0.349,0.184,0.243,0.462,0.343,0.10099999999999999,0.247,0.41,0.294,0.629,0.429,0.618,0.88,0.773,0.401,0.573,0.09699999999999999,0.192,2.8,-0.7,-1.6,98,-4.2,2.1,13.5,-16.8,19.9,2024
Lourdes Gurriel Jr.,ARI,553,513,143,101,22,2,18,72,75,0.279,0.322,0.435,0.757,0.327,108,0.156,0.313,88.4,15.7,0.067,0.4,110.6,0.379,0.41,0.21100000000000002,0.08800000000000001,0.41700000000000004,0.307,0.276,0.18,0.499,0.321,0.105,0.267,0.421,0.319,0.052000000000000005,0.183,0.29,0.354,0.725,0.51,0.6809999999999999,0.899,0.812,0.42100000000000004,0.642,0.096,0.157,4.6,-0.1,1.8,72,-0.7,2.1,4.8,-2.7,20.6,2024
Cody Bellinger,CHC,569,516,137,93,23,3,18,72,78,0.266,0.325,0.426,0.751,0.322,108,0.161,0.287,87.8,17.4,0.063,0.32899999999999996,109.2,0.37,0.461,0.16899999999999998,0.085,0.426,0.33799999999999997,0.23600000000000002,0.174,0.5529999999999999,0.273,0.09,0.242,0.391,0.301,0.079,0.156,0.51,0.35100000000000003,0.6890000000000001,0.498,0.7,0.8640000000000001,0.799,0.435,0.583,0.1,0.16,4.8,-0.1,0.1,72,1.4,2.1,6.7,-5.6,20.1,2024
Jake Cronenworth,SDP,656,577,139,90,29,3,17,72,83,0.241,0.324,0.39,0.714,0.315,105,0.149,0.274,88.6,13.9,0.077,0.365,110.9,0.435,0.37,0.196,0.065,0.32799999999999996,0.384,0.287,0.166,0.525,0.309,0.1,0.259,0.42,0.335,0.09300000000000001,0.18,0.52,0.265,0.6679999999999999,0.446,0.7140000000000001,0.914,0.8490000000000001,0.449,0.579,0.068,0.177,3.8,-1.1,1.5,79,0.1,2.1,4.0,-5.9,20.0,2024
Logan O'Hoppe,LAA,522,479,117,79,17,1,20,64,56,0.244,0.303,0.409,0.712,0.311,102,0.165,0.318,90.4,15.3,0.12,0.46299999999999997,111.6,0.37799999999999995,0.37799999999999995,0.243,0.081,0.445,0.33399999999999996,0.221,0.126,0.485,0.39,0.163,0.252,0.455,0.331,0.063,0.297,0.21,0.379,0.74,0.521,0.5329999999999999,0.807,0.6859999999999999,0.39299999999999996,0.642,0.163,0.139,2.8,-1.8,-0.1,61,-4.7,2.1,-3.8,7.3,20.8,2024
Cedric Mullins,BAL,499,444,104,67,16,3,18,69,54,0.234,0.305,0.405,0.71,0.31,104,0.171,0.261,87.1,21.5,0.048,0.33,106.4,0.337,0.488,0.174,0.155,0.426,0.35100000000000003,0.223,0.203,0.5489999999999999,0.249,0.107,0.227,0.355,0.291,0.08199999999999999,0.196,0.42,0.307,0.7390000000000001,0.499,0.688,0.895,0.8240000000000001,0.445,0.615,0.08800000000000001,0.131,7.2,3.1,1.1,58,3.2,2.1,5.4,-1.3,20.6,2024
Ernie Clement,TOR,452,434,114,78,21,3,12,48,51,0.263,0.284,0.408,0.692,0.297,94,0.145,0.266,85.5,16.3,0.038,0.249,109.4,0.382,0.41700000000000004,0.201,0.134,0.47100000000000003,0.332,0.196,0.20199999999999999,0.552,0.247,0.073,0.256,0.377,0.286,0.024,0.091,0.27,0.465,0.705,0.5670000000000001,0.8190000000000001,0.9259999999999999,0.8759999999999999,0.426,0.706,0.07,0.16699999999999998,5.3,0.5,-1.6,48,0.7,2.1,-2.6,8.2,20.6,2024
Isiah Kiner-Falefa,- - -,496,465,125,95,18,4,8,53,43,0.269,0.306,0.376,0.683,0.299,93,0.108,0.307,86.1,9.1,0.023,0.29600000000000004,107.9,0.474,0.318,0.20800000000000002,0.12300000000000001,0.36200000000000004,0.38799999999999996,0.25,0.17300000000000001,0.5660000000000001,0.26,0.066,0.251,0.346,0.283,0.032,0.157,0.21,0.32799999999999996,0.626,0.46,0.772,0.94,0.873,0.442,0.607,0.057999999999999996,0.218,5.8,0.4,1.6,54,2.2,2.1,-2.3,5.6,19.9,2024
Matt Wallner,MIN,261,220,57,26,17,1,13,26,37,0.259,0.372,0.523,0.894,0.385,154,0.264,0.389,92.8,21.6,0.175,0.532,116.8,0.302,0.47600000000000003,0.222,0.11699999999999999,0.47600000000000003,0.35700000000000004,0.16699999999999998,0.20600000000000002,0.389,0.405,0.217,0.234,0.468,0.358,0.092,0.364,0.25,0.289,0.755,0.478,0.48,0.7240000000000001,0.636,0.405,0.613,0.174,0.13699999999999998,4.3,0.1,0.6,46,-0.1,2.0,16.1,-4.9,19.8,2024
J.T. Realmuto,PHI,413,380,101,68,18,1,14,50,47,0.266,0.322,0.429,0.751,0.326,107,0.163,0.328,89.2,9.4,0.10400000000000001,0.466,109.7,0.44799999999999995,0.33299999999999996,0.21899999999999997,0.09699999999999999,0.405,0.369,0.226,0.151,0.491,0.358,0.151,0.268,0.459,0.339,0.065,0.247,0.26,0.348,0.7120000000000001,0.505,0.618,0.8759999999999999,0.775,0.43,0.617,0.113,0.153,2.9,-1.2,-1.5,54,-0.5,2.0,3.1,2.1,19.0,2024
Shea Langeliers,OAK,534,482,108,59,18,2,29,58,80,0.224,0.288,0.45,0.739,0.315,109,0.226,0.252,91.3,16.3,0.128,0.44,113.7,0.373,0.44,0.187,0.139,0.466,0.376,0.157,0.175,0.461,0.364,0.192,0.241,0.456,0.328,0.077,0.272,0.28,0.344,0.711,0.495,0.588,0.836,0.7340000000000001,0.41,0.6459999999999999,0.131,0.154,3.5,-0.8,-1.7,65,-2.8,2.0,3.0,-1.7,19.0,2024
Michael Harris II,ATL,470,440,116,83,14,3,16,58,48,0.264,0.304,0.418,0.722,0.312,99,0.155,0.3,90.5,7.5,0.1,0.47,114.7,0.494,0.299,0.207,0.115,0.42100000000000004,0.35200000000000004,0.226,0.17800000000000002,0.45799999999999996,0.364,0.154,0.284,0.461,0.344,0.049,0.2,0.24,0.426,0.7070000000000001,0.5489999999999999,0.67,0.8390000000000001,0.765,0.43799999999999994,0.643,0.129,0.142,5.0,-1.3,1.3,56,-1.4,2.0,-1.9,5.5,19.3,2024
Randy Arozarena,- - -,648,549,120,67,33,0,20,77,60,0.219,0.332,0.388,0.72,0.32,114,0.169,0.275,90.4,13.2,0.083,0.435,112.1,0.446,0.41,0.14400000000000002,0.146,0.47100000000000003,0.326,0.203,0.16699999999999998,0.49200000000000005,0.341,0.127,0.216,0.377,0.321,0.113,0.261,0.43,0.273,0.617,0.41,0.6459999999999999,0.785,0.7290000000000001,0.397,0.625,0.111,0.203,4.2,-1.3,0.3,81,-1.2,2.0,9.4,-11.7,19.2,2024
Geraldo Perdomo,ARI,388,337,92,66,21,2,3,61,37,0.273,0.344,0.374,0.718,0.317,102,0.101,0.317,87.1,16.7,0.031,0.258,109.8,0.413,0.39899999999999997,0.188,0.136,0.37799999999999995,0.344,0.278,0.165,0.584,0.251,0.027000000000000003,0.231,0.314,0.282,0.09300000000000001,0.149,0.62,0.221,0.606,0.395,0.7909999999999999,0.9470000000000001,0.899,0.452,0.621,0.04,0.225,6.2,0.6,2.3,48,2.8,2.0,3.7,3.0,19.6,2024
Xander Bogaerts,SDP,463,428,113,86,15,1,11,50,44,0.264,0.307,0.381,0.688,0.3,95,0.117,0.297,88.1,10.9,0.051,0.332,111.3,0.479,0.344,0.177,0.08199999999999999,0.414,0.4,0.18600000000000003,0.138,0.5920000000000001,0.27,0.09,0.263,0.383,0.306,0.06,0.171,0.35,0.29,0.619,0.442,0.693,0.912,0.8340000000000001,0.461,0.665,0.073,0.22,4.7,0.5,2.7,50,2.6,2.0,-0.2,4.3,19.5,2024
Garrett Mitchell,MIL,224,196,50,27,12,3,8,33,21,0.255,0.342,0.469,0.812,0.351,127,0.214,0.359,88.8,2.8,0.087,0.37,111.0,0.5579999999999999,0.225,0.217,0.07400000000000001,0.386,0.37,0.244,0.165,0.5429999999999999,0.29100000000000004,0.29600000000000004,0.232,0.374,0.312,0.11199999999999999,0.317,0.35,0.22699999999999998,0.706,0.435,0.43,0.7809999999999999,0.6779999999999999,0.435,0.616,0.14,0.163,7.6,0.2,1.0,34,2.2,1.9,9.3,1.2,18.1,2024
Spencer Horwitz,TOR,381,328,87,56,19,0,12,46,40,0.265,0.357,0.433,0.79,0.344,127,0.168,0.3,88.2,13.7,0.08,0.366,108.1,0.42700000000000005,0.363,0.21,0.11599999999999999,0.382,0.294,0.324,0.153,0.5379999999999999,0.309,0.126,0.254,0.419,0.338,0.11,0.184,0.6,0.301,0.664,0.46,0.7440000000000001,0.8809999999999999,0.831,0.44,0.591,0.078,0.17800000000000002,1.3,-0.8,,55,-3.7,1.9,7.9,-2.6,18.0,2024
Yandy Diaz,TBR,621,563,158,112,31,1,14,55,65,0.281,0.341,0.414,0.755,0.331,120,0.133,0.314,92.2,5.0,0.076,0.48700000000000004,117.4,0.547,0.28,0.174,0.152,0.292,0.41100000000000003,0.297,0.159,0.48100000000000004,0.36,0.106,0.277,0.423,0.336,0.081,0.153,0.53,0.256,0.665,0.439,0.7709999999999999,0.9259999999999999,0.8759999999999999,0.446,0.583,0.054000000000000006,0.182,1.1,-1.3,-2.0,83,-3.6,1.9,10.8,-12.8,18.6,2024
CJ Abrams,WSN,602,541,133,78,29,6,20,79,65,0.246,0.314,0.433,0.747,0.322,106,0.187,0.285,88.2,15.1,0.069,0.40700000000000003,110.0,0.4,0.41700000000000004,0.182,0.10300000000000001,0.469,0.313,0.218,0.177,0.488,0.335,0.115,0.247,0.409,0.319,0.066,0.213,0.31,0.38799999999999996,0.7170000000000001,0.531,0.679,0.8370000000000001,0.772,0.435,0.628,0.121,0.138,7.1,0.3,0.7,76,1.6,1.9,6.1,-8.3,18.0,2024
Victor Caratini,HOU,274,245,66,49,8,1,8,30,30,0.269,0.336,0.408,0.744,0.324,113,0.139,0.31,91.2,9.2,0.055999999999999994,0.431,111.1,0.49700000000000005,0.297,0.205,0.017,0.431,0.33799999999999997,0.231,0.077,0.631,0.292,0.138,0.262,0.395,0.321,0.084,0.193,0.43,0.301,0.6920000000000001,0.473,0.631,0.87,0.784,0.43799999999999994,0.584,0.102,0.16399999999999998,2.2,-1.0,-3.6,35,-3.4,1.9,0.6,8.6,18.3,2024
Edmundo Sosa,PHI,274,249,64,41,12,4,7,39,31,0.257,0.313,0.422,0.734,0.318,102,0.165,0.32,89.1,12.6,0.086,0.406,113.7,0.44,0.364,0.196,0.134,0.419,0.33899999999999997,0.242,0.161,0.46799999999999997,0.371,0.10400000000000001,0.244,0.388,0.303,0.047,0.24100000000000002,0.2,0.44,0.762,0.565,0.565,0.8290000000000001,0.703,0.38799999999999996,0.6459999999999999,0.168,0.11699999999999999,7.8,0.5,1.8,34,1.8,1.9,2.5,6.4,18.1,2024
Ryan McMahon,COL,645,567,137,89,28,0,20,68,65,0.242,0.325,0.397,0.722,0.315,88,0.155,0.32,92.1,10.0,0.10800000000000001,0.49200000000000005,113.0,0.49,0.315,0.195,0.040999999999999995,0.358,0.345,0.298,0.106,0.505,0.389,0.165,0.242,0.413,0.324,0.107,0.287,0.37,0.304,0.6709999999999999,0.46799999999999997,0.57,0.807,0.722,0.44799999999999995,0.603,0.13,0.163,1.9,-2.9,3.1,78,-2.7,1.9,-11.7,8.6,18.5,2024
Francisco Alvarez,NYM,342,308,73,46,14,2,11,39,47,0.237,0.307,0.403,0.71,0.31,101,0.166,0.291,88.8,6.9,0.067,0.42,114.8,0.522,0.317,0.161,0.113,0.348,0.366,0.28600000000000003,0.179,0.513,0.308,0.155,0.22,0.358,0.288,0.08800000000000001,0.251,0.35,0.322,0.6559999999999999,0.461,0.57,0.845,0.732,0.415,0.626,0.12300000000000001,0.17600000000000002,3.4,-0.8,-3.0,40,-2.1,1.9,-1.6,8.4,18.2,2024
Freddy Fermin,KCR,368,339,92,72,14,0,6,40,36,0.271,0.319,0.366,0.685,0.3,92,0.094,0.319,88.2,11.1,0.032,0.33899999999999997,108.1,0.489,0.31,0.201,0.18100000000000002,0.48,0.314,0.20600000000000002,0.14400000000000002,0.599,0.256,0.07200000000000001,0.244,0.334,0.279,0.063,0.179,0.35,0.354,0.735,0.509,0.6409999999999999,0.9,0.7929999999999999,0.40700000000000003,0.6579999999999999,0.105,0.14400000000000002,2.9,-0.4,1.0,40,-0.5,1.9,-3.7,10.2,18.7,2024
Jake Meyers,HOU,513,461,101,65,20,3,13,51,61,0.219,0.286,0.36,0.646,0.285,85,0.141,0.263,88.2,14.4,0.068,0.37,110.0,0.43,0.389,0.18100000000000002,0.09,0.436,0.348,0.217,0.145,0.556,0.299,0.098,0.235,0.383,0.304,0.068,0.228,0.3,0.32799999999999996,0.711,0.485,0.5329999999999999,0.883,0.7440000000000001,0.41100000000000003,0.6920000000000001,0.124,0.16,5.3,0.1,2.3,49,2.2,1.9,-6.7,8.6,18.9,2024
Josh Rojas,SEA,476,422,95,66,19,2,8,48,31,0.225,0.304,0.336,0.641,0.286,92,0.111,0.282,88.2,15.5,0.055999999999999994,0.379,108.4,0.39399999999999996,0.42200000000000004,0.184,0.053,0.369,0.401,0.23,0.142,0.5579999999999999,0.3,0.06,0.223,0.35,0.292,0.09699999999999999,0.22699999999999998,0.43,0.256,0.685,0.451,0.5660000000000001,0.868,0.775,0.455,0.634,0.10099999999999999,0.175,4.7,-0.5,-1.3,46,-1.6,1.9,-6.3,8.8,18.3,2024
Jose Caballero,TBR,483,441,100,66,24,1,9,53,44,0.227,0.283,0.347,0.63,0.277,83,0.12,0.301,83.7,15.9,0.051,0.252,109.9,0.39899999999999997,0.369,0.233,0.126,0.5379999999999999,0.317,0.14400000000000002,0.20800000000000002,0.526,0.266,0.081,0.214,0.311,0.264,0.055999999999999994,0.275,0.2,0.377,0.6729999999999999,0.493,0.5920000000000001,0.848,0.7290000000000001,0.392,0.6629999999999999,0.133,0.18,6.2,1.5,,44,2.9,1.9,-6.6,9.2,18.6,2024
Travis d'Arnaud,ATL,341,307,73,42,16,0,15,40,48,0.238,0.302,0.436,0.739,0.319,103,0.199,0.28,89.9,11.6,0.10400000000000001,0.41,109.8,0.46399999999999997,0.35600000000000004,0.18,0.076,0.38299999999999995,0.324,0.293,0.13,0.547,0.32299999999999995,0.19,0.235,0.433,0.321,0.07,0.261,0.27,0.317,0.768,0.508,0.583,0.778,0.708,0.424,0.66,0.14800000000000002,0.136,2.4,-0.4,-0.6,42,-1.2,1.8,0.2,6.3,17.9,2024
Gleyber Torres,NYY,665,587,151,110,26,0,15,80,63,0.257,0.33,0.378,0.709,0.313,105,0.121,0.306,88.6,15.0,0.063,0.354,111.2,0.36700000000000005,0.40399999999999997,0.22899999999999998,0.086,0.341,0.33799999999999997,0.321,0.141,0.59,0.26899999999999996,0.081,0.24,0.368,0.307,0.098,0.205,0.48,0.26,0.7170000000000001,0.457,0.696,0.843,0.795,0.43,0.63,0.094,0.16399999999999998,2.6,-1.8,-2.1,79,-4.6,1.8,-0.7,-3.7,17.6,2024
Paul DeJong,- - -,482,445,101,60,17,0,24,54,56,0.227,0.276,0.427,0.703,0.302,96,0.2,0.285,87.8,20.0,0.102,0.415,111.5,0.316,0.456,0.228,0.149,0.449,0.31,0.24100000000000002,0.18600000000000003,0.48100000000000004,0.332,0.179,0.218,0.395,0.291,0.048,0.324,0.15,0.386,0.826,0.58,0.496,0.7759999999999999,0.672,0.441,0.633,0.19,0.105,2.3,-1.1,-0.5,53,-2.4,1.8,-4.7,6.0,17.2,2024
Carson Kelly,- - -,313,281,67,48,9,1,9,32,37,0.238,0.313,0.374,0.687,0.304,98,0.135,0.266,87.6,13.6,0.066,0.392,107.7,0.46299999999999997,0.392,0.145,0.135,0.414,0.374,0.21100000000000002,0.19399999999999998,0.47100000000000003,0.335,0.10099999999999999,0.236,0.403,0.315,0.08,0.17600000000000002,0.45,0.27899999999999997,0.705,0.45399999999999996,0.602,0.893,0.7879999999999999,0.41100000000000003,0.613,0.095,0.18100000000000002,2.0,-0.6,-2.9,35,-3.0,1.8,-3.6,10.4,17.1,2024
Bryson Stott,PHI,571,506,124,92,19,2,11,65,57,0.245,0.315,0.356,0.671,0.296,87,0.111,0.275,87.1,14.1,0.036000000000000004,0.308,109.8,0.431,0.369,0.2,0.084,0.332,0.365,0.303,0.17300000000000001,0.547,0.28,0.071,0.255,0.365,0.307,0.09300000000000001,0.163,0.57,0.321,0.591,0.439,0.799,0.894,0.855,0.436,0.629,0.064,0.21,6.1,4.0,1.6,60,4.6,1.8,-4.3,2.4,17.2,2024
Jose Siri,TBR,448,402,75,40,16,1,18,50,47,0.187,0.255,0.366,0.62,0.271,78,0.179,0.261,87.5,15.4,0.146,0.413,111.0,0.396,0.43,0.174,0.099,0.387,0.353,0.261,0.139,0.508,0.353,0.17800000000000002,0.2,0.409,0.296,0.069,0.379,0.18,0.385,0.6709999999999999,0.503,0.483,0.7,0.602,0.413,0.6809999999999999,0.2,0.165,5.4,-0.7,2.5,38,1.5,1.8,-9.6,12.4,17.7,2024
David Fry,CLE,392,335,88,55,18,1,14,44,51,0.263,0.356,0.448,0.804,0.347,129,0.185,0.307,88.3,19.6,0.07400000000000001,0.374,108.5,0.335,0.441,0.22399999999999998,0.107,0.47100000000000003,0.314,0.21600000000000003,0.165,0.525,0.31,0.125,0.246,0.394,0.326,0.107,0.214,0.5,0.32299999999999995,0.725,0.491,0.621,0.865,0.772,0.418,0.622,0.11199999999999999,0.152,3.7,-0.4,,58,-1.3,1.7,11.9,-8.1,16.8,2024
Lars Nootbaar,STL,405,348,85,52,18,3,12,39,45,0.244,0.342,0.417,0.758,0.331,114,0.172,0.281,91.8,6.0,0.099,0.495,113.5,0.517,0.303,0.18100000000000002,0.037000000000000005,0.377,0.40299999999999997,0.22,0.161,0.451,0.38799999999999996,0.146,0.264,0.455,0.355,0.128,0.195,0.66,0.204,0.573,0.37200000000000005,0.7190000000000001,0.8909999999999999,0.84,0.45399999999999996,0.563,0.06,0.237,4.4,-0.6,1.0,54,1.0,1.7,7.8,-4.8,16.6,2024
Mike Yastrzemski,SFG,474,428,99,56,16,9,18,60,57,0.231,0.302,0.437,0.739,0.319,106,0.206,0.282,90.4,19.1,0.105,0.408,108.2,0.359,0.45799999999999996,0.183,0.11599999999999999,0.493,0.31,0.196,0.15,0.513,0.337,0.13,0.219,0.397,0.301,0.08,0.262,0.31,0.267,0.6579999999999999,0.43799999999999994,0.612,0.84,0.762,0.43700000000000006,0.563,0.10400000000000001,0.18100000000000002,5.5,-1.0,0.6,59,1.8,1.7,5.4,-4.7,16.5,2024
Colt Keith,DET,556,516,134,102,15,4,13,54,61,0.26,0.309,0.38,0.689,0.301,95,0.12,0.306,87.9,11.7,0.055999999999999994,0.35,109.4,0.444,0.34299999999999997,0.213,0.057,0.355,0.377,0.267,0.157,0.564,0.27899999999999997,0.09300000000000001,0.268,0.396,0.313,0.065,0.198,0.33,0.327,0.698,0.486,0.608,0.8959999999999999,0.785,0.43,0.617,0.105,0.17,4.5,-0.1,,61,0.3,1.7,-2.6,0.9,16.7,2024
Jose Trevino,NYY,234,209,45,32,5,0,8,26,28,0.215,0.288,0.354,0.642,0.284,85,0.139,0.228,88.1,9.9,0.053,0.35100000000000003,107.8,0.45299999999999996,0.382,0.165,0.092,0.392,0.374,0.23399999999999999,0.158,0.608,0.23399999999999999,0.12300000000000001,0.203,0.312,0.267,0.085,0.175,0.49,0.316,0.535,0.40399999999999997,0.746,0.912,0.8340000000000001,0.40299999999999997,0.65,0.067,0.231,2.8,-0.2,-0.4,22,-0.9,1.7,-5.0,13.4,16.1,2024
Randal Grichuk,ARI,279,254,74,40,20,2,12,40,46,0.291,0.348,0.528,0.875,0.373,139,0.236,0.313,90.7,17.0,0.11,0.47600000000000003,112.3,0.36700000000000005,0.452,0.18100000000000002,0.2,0.452,0.36700000000000005,0.18100000000000002,0.157,0.44799999999999995,0.395,0.126,0.282,0.491,0.364,0.07200000000000001,0.165,0.43,0.31,0.7020000000000001,0.474,0.653,0.919,0.818,0.419,0.588,0.086,0.16,2.9,-0.5,1.9,47,0.6,1.6,13.8,-7.7,15.4,2024
Ryan O'Hearn,BAL,494,443,117,78,21,3,15,60,59,0.264,0.334,0.427,0.761,0.33,118,0.163,0.282,89.6,12.0,0.069,0.401,108.8,0.406,0.401,0.19399999999999998,0.073,0.387,0.345,0.268,0.162,0.499,0.34,0.099,0.278,0.461,0.351,0.09300000000000001,0.14,0.67,0.292,0.701,0.467,0.698,0.92,0.841,0.428,0.5529999999999999,0.07400000000000001,0.16,4.0,-0.8,0.3,66,-0.3,1.6,9.6,-10.8,15.3,2024
Kyle Higashioka,SDP,263,246,54,26,10,1,17,29,45,0.22,0.263,0.476,0.739,0.314,104,0.256,0.237,88.4,20.7,0.109,0.374,107.2,0.281,0.526,0.193,0.1,0.517,0.305,0.17800000000000002,0.161,0.44299999999999995,0.397,0.18899999999999997,0.22,0.43,0.298,0.057,0.281,0.2,0.315,0.648,0.45899999999999996,0.6,0.855,0.7559999999999999,0.431,0.605,0.11199999999999999,0.19399999999999998,3.9,0.1,-1.0,32,-1.1,1.6,0.2,6.1,15.1,2024
Ryan Jeffers,MIN,465,412,93,50,22,0,21,56,64,0.226,0.3,0.432,0.732,0.317,106,0.206,0.238,86.9,16.3,0.083,0.33799999999999997,113.9,0.39299999999999996,0.433,0.17300000000000001,0.121,0.385,0.391,0.225,0.23399999999999999,0.449,0.317,0.15,0.227,0.386,0.304,0.069,0.20199999999999999,0.34,0.368,0.659,0.484,0.674,0.872,0.782,0.4,0.624,0.106,0.17600000000000002,3.3,-0.2,-0.6,57,-0.8,1.6,2.3,-2.6,15.1,2024
Jesus Sanchez,MIA,537,489,123,79,25,1,18,60,64,0.252,0.313,0.417,0.731,0.317,101,0.166,0.315,92.5,7.7,0.122,0.511,117.2,0.503,0.294,0.203,0.09699999999999999,0.35,0.35,0.299,0.145,0.47,0.385,0.175,0.264,0.468,0.343,0.076,0.261,0.29,0.392,0.747,0.53,0.573,0.8340000000000001,0.716,0.38799999999999996,0.67,0.151,0.13,4.9,1.4,-1.5,66,0.7,1.6,1.6,-4.0,15.5,2024
Spencer Steer,CIN,656,574,129,71,34,4,20,74,92,0.225,0.319,0.402,0.721,0.316,98,0.178,0.26,88.0,17.4,0.064,0.39899999999999997,108.0,0.374,0.44299999999999995,0.183,0.16,0.444,0.317,0.239,0.182,0.485,0.33299999999999996,0.10300000000000001,0.235,0.379,0.314,0.11,0.209,0.53,0.287,0.667,0.445,0.602,0.903,0.79,0.41700000000000004,0.604,0.09300000000000001,0.177,6.0,2.6,1.7,80,4.5,1.6,2.7,-9.6,15.0,2024
David Hamilton,BOS,317,294,73,47,17,1,8,47,28,0.248,0.303,0.395,0.697,0.305,94,0.146,0.316,87.0,15.8,0.055999999999999994,0.322,108.8,0.368,0.426,0.20600000000000002,0.055999999999999994,0.41100000000000003,0.318,0.271,0.11699999999999999,0.631,0.252,0.09,0.231,0.346,0.281,0.069,0.252,0.28,0.281,0.657,0.449,0.546,0.8909999999999999,0.772,0.446,0.647,0.102,0.187,7.7,4.4,,36,6.1,1.6,4.0,1.4,15.9,2024
Blake Perkins,MIL,434,383,92,71,13,2,6,54,43,0.24,0.316,0.332,0.647,0.288,84,0.091,0.313,88.8,12.0,0.039,0.377,106.8,0.474,0.36700000000000005,0.159,0.071,0.342,0.395,0.263,0.135,0.584,0.281,0.061,0.218,0.311,0.275,0.09699999999999999,0.249,0.39,0.273,0.598,0.41200000000000003,0.607,0.8420000000000001,0.752,0.426,0.647,0.102,0.218,6.3,1.7,,43,2.4,1.6,-5.8,6.4,15.1,2024
J.P. Crawford,SEA,451,392,79,52,16,2,9,55,37,0.202,0.304,0.321,0.625,0.283,90,0.12,0.248,87.5,13.2,0.065,0.37799999999999995,110.7,0.457,0.363,0.18,0.086,0.326,0.41200000000000003,0.261,0.192,0.519,0.289,0.086,0.227,0.363,0.309,0.115,0.226,0.51,0.21600000000000003,0.648,0.41,0.715,0.872,0.826,0.44799999999999995,0.603,0.071,0.201,5.0,0.1,1.0,43,1.4,1.6,-3.9,4.7,15.8,2024
Bo Naylor,CLE,389,354,71,46,10,2,13,39,39,0.201,0.264,0.35,0.614,0.269,74,0.15,0.262,88.8,19.9,0.081,0.377,109.0,0.35,0.474,0.175,0.126,0.436,0.35600000000000004,0.20800000000000002,0.17800000000000002,0.542,0.28,0.11699999999999999,0.196,0.326,0.26,0.075,0.314,0.24,0.312,0.664,0.46799999999999997,0.601,0.816,0.736,0.442,0.612,0.124,0.17,4.7,-0.6,-0.6,32,-1.0,1.6,-12.5,15.0,15.4,2024
Luis Rengifo,LAA,304,283,85,65,13,1,6,41,30,0.3,0.347,0.417,0.763,0.335,118,0.117,0.339,87.0,6.7,0.025,0.325,110.2,0.5479999999999999,0.247,0.205,0.136,0.396,0.379,0.225,0.15,0.55,0.3,0.102,0.262,0.352,0.295,0.053,0.145,0.36,0.402,0.797,0.56,0.659,0.89,0.7909999999999999,0.4,0.6709999999999999,0.11699999999999999,0.10099999999999999,6.3,1.3,0.7,42,2.1,1.5,8.4,-4.1,14.4,2024
Vinnie Pasquantino,KCR,554,496,130,79,30,2,19,64,97,0.262,0.315,0.446,0.76,0.325,109,0.183,0.265,91.0,14.6,0.071,0.465,112.2,0.395,0.429,0.17600000000000002,0.10099999999999999,0.47200000000000003,0.353,0.175,0.146,0.48100000000000004,0.374,0.10099999999999999,0.266,0.438,0.331,0.07200000000000001,0.128,0.56,0.33799999999999997,0.674,0.47700000000000004,0.7809999999999999,0.943,0.875,0.41200000000000003,0.596,0.059000000000000004,0.166,2.8,-0.8,-1.4,71,-1.4,1.5,4.4,-8.2,14.6,2024
Michael Massey,KCR,356,332,86,53,17,2,14,45,45,0.259,0.294,0.449,0.743,0.317,104,0.19,0.271,89.2,16.8,0.071,0.369,110.0,0.385,0.43200000000000005,0.183,0.083,0.539,0.29100000000000004,0.17,0.124,0.5429999999999999,0.33299999999999996,0.11699999999999999,0.258,0.414,0.309,0.042,0.157,0.27,0.39799999999999996,0.7,0.52,0.725,0.9359999999999999,0.8390000000000001,0.40299999999999997,0.6459999999999999,0.083,0.165,3.7,-0.4,1.6,43,0.5,1.5,2.0,1.2,15.0,2024
Sal Frelick,MIL,524,475,123,95,22,4,2,66,32,0.259,0.32,0.335,0.655,0.292,87,0.076,0.306,83.4,9.7,0.006999999999999999,0.19399999999999998,106.6,0.47700000000000004,0.336,0.187,0.145,0.313,0.418,0.27,0.24,0.578,0.183,0.015,0.247,0.305,0.279,0.07400000000000001,0.149,0.5,0.29600000000000004,0.563,0.41200000000000003,0.802,0.94,0.884,0.434,0.611,0.048,0.22699999999999998,6.3,1.3,,54,3.3,1.5,-5.1,2.3,14.7,2024
Kyle Isbel,KCR,426,384,88,59,13,8,8,62,42,0.229,0.287,0.367,0.654,0.286,82,0.138,0.276,88.1,9.0,0.039,0.363,109.6,0.498,0.332,0.16899999999999998,0.11199999999999999,0.402,0.327,0.271,0.18,0.552,0.268,0.08199999999999999,0.234,0.333,0.281,0.063,0.207,0.31,0.34299999999999997,0.61,0.45799999999999996,0.684,0.9420000000000001,0.831,0.429,0.594,0.077,0.19699999999999998,8.0,0.7,3.8,42,4.0,1.5,-4.6,5.0,14.5,2024
Rob Refsnyder,BOS,307,272,77,49,16,1,11,32,40,0.283,0.359,0.471,0.83,0.358,132,0.188,0.359,89.5,10.8,0.09699999999999999,0.429,111.5,0.456,0.32799999999999996,0.215,0.125,0.374,0.374,0.251,0.2,0.49700000000000005,0.303,0.172,0.252,0.412,0.326,0.091,0.254,0.36,0.275,0.684,0.45899999999999996,0.56,0.835,0.745,0.45,0.642,0.11699999999999999,0.17800000000000002,2.7,-1.0,-1.6,48,-1.2,1.4,10.0,-7.0,13.1,2024
Trevor Larnach,MIN,400,355,92,60,17,0,15,59,52,0.259,0.338,0.434,0.771,0.336,119,0.175,0.304,92.0,12.5,0.10099999999999999,0.451,113.2,0.44,0.373,0.187,0.04,0.414,0.354,0.231,0.09300000000000001,0.522,0.384,0.15,0.256,0.455,0.342,0.1,0.223,0.45,0.281,0.6609999999999999,0.441,0.498,0.879,0.738,0.42100000000000004,0.5529999999999999,0.115,0.175,3.6,-0.4,-1.7,55,-1.7,1.4,7.2,-6.4,14.0,2024
Jesse Winker,- - -,508,430,109,72,23,0,14,63,58,0.253,0.36,0.405,0.764,0.338,118,0.151,0.304,88.6,14.0,0.076,0.374,109.2,0.451,0.33299999999999996,0.21600000000000003,0.12,0.359,0.35600000000000004,0.28600000000000003,0.201,0.489,0.31,0.13,0.245,0.384,0.329,0.124,0.209,0.59,0.22899999999999998,0.675,0.431,0.667,0.8759999999999999,0.816,0.45299999999999996,0.618,0.079,0.172,4.1,0.1,-1.0,71,-2.8,1.4,7.9,-11.5,13.4,2024
Jake Burger,MIA,579,535,134,81,23,1,29,68,76,0.25,0.301,0.46,0.76,0.325,107,0.209,0.292,91.3,13.0,0.12300000000000001,0.46799999999999997,115.5,0.442,0.406,0.152,0.12,0.447,0.355,0.198,0.157,0.465,0.37799999999999995,0.184,0.256,0.476,0.338,0.054000000000000006,0.259,0.21,0.413,0.698,0.524,0.5710000000000001,0.848,0.715,0.389,0.6579999999999999,0.149,0.152,2.4,-1.1,-0.1,75,-0.7,1.4,4.2,-9.7,13.9,2024
Ryan Mountcastle,BAL,507,473,128,83,30,2,13,54,63,0.271,0.308,0.425,0.733,0.316,107,0.154,0.327,90.8,10.4,0.08800000000000001,0.452,113.5,0.444,0.34,0.21600000000000003,0.081,0.27899999999999997,0.386,0.33399999999999996,0.14,0.526,0.33399999999999996,0.105,0.272,0.445,0.332,0.053,0.225,0.24,0.405,0.779,0.561,0.653,0.857,0.7709999999999999,0.41700000000000004,0.639,0.128,0.124,3.6,-0.3,-4.0,61,-0.8,1.4,3.5,-6.4,13.9,2024
Lane Thomas,- - -,528,472,112,68,26,3,15,65,63,0.237,0.309,0.4,0.709,0.309,99,0.163,0.298,88.8,17.0,0.07400000000000001,0.406,111.0,0.385,0.406,0.209,0.196,0.426,0.32899999999999996,0.244,0.20600000000000002,0.45899999999999996,0.335,0.109,0.242,0.377,0.307,0.083,0.259,0.32,0.267,0.665,0.43799999999999994,0.653,0.87,0.795,0.429,0.623,0.09,0.19699999999999998,6.5,-0.2,2.9,61,4.0,1.4,3.4,-7.7,13.3,2024
Yasmani Grandal,PIT,243,215,49,30,10,0,9,26,27,0.228,0.304,0.4,0.704,0.308,95,0.172,0.248,91.1,11.1,0.098,0.428,108.0,0.45899999999999996,0.365,0.17600000000000002,0.065,0.451,0.364,0.185,0.133,0.509,0.358,0.145,0.246,0.419,0.325,0.099,0.18899999999999997,0.52,0.302,0.523,0.40299999999999997,0.742,0.865,0.815,0.46,0.5760000000000001,0.075,0.23199999999999998,2.4,-0.2,-0.3,28,-1.1,1.4,-2.5,7.5,13.1,2024
Gavin Lux,LAD,487,439,110,74,24,2,10,59,50,0.251,0.32,0.383,0.703,0.31,98,0.132,0.312,88.3,9.0,0.06,0.41100000000000003,108.7,0.486,0.299,0.215,0.10099999999999999,0.381,0.402,0.218,0.19,0.508,0.302,0.10099999999999999,0.256,0.382,0.315,0.09,0.226,0.4,0.27399999999999997,0.684,0.451,0.64,0.872,0.792,0.43,0.63,0.094,0.17600000000000002,4.3,-0.8,2.9,57,0.8,1.4,-0.2,-2.2,13.9,2024
Kevin Newman,ARI,311,288,80,59,17,1,3,41,28,0.278,0.311,0.375,0.686,0.298,89,0.097,0.322,85.6,9.8,0.016,0.23399999999999999,104.7,0.48100000000000004,0.299,0.22,0.09699999999999999,0.359,0.355,0.28600000000000003,0.157,0.633,0.21,0.042,0.257,0.323,0.272,0.048,0.154,0.31,0.321,0.6920000000000001,0.48700000000000004,0.705,0.9209999999999999,0.843,0.447,0.63,0.077,0.184,5.7,0.6,2.4,33,0.9,1.4,-3.1,6.5,13.9,2024
Zack Gelof,OAK,547,497,105,66,20,2,17,60,49,0.211,0.27,0.362,0.632,0.276,82,0.151,0.296,89.2,14.3,0.08800000000000001,0.37200000000000005,109.1,0.424,0.379,0.196,0.11,0.467,0.32799999999999996,0.205,0.10400000000000001,0.612,0.284,0.14400000000000002,0.199,0.347,0.271,0.069,0.344,0.2,0.32799999999999996,0.745,0.513,0.455,0.763,0.653,0.44299999999999995,0.654,0.17800000000000002,0.147,6.4,2.9,,49,4.3,1.4,-6.9,2.5,13.8,2024
Ben Rortvedt,TBR,328,290,66,50,13,0,3,27,31,0.228,0.317,0.303,0.621,0.283,87,0.076,0.317,86.2,11.9,0.035,0.307,109.3,0.46299999999999997,0.32799999999999996,0.209,0.152,0.342,0.391,0.267,0.183,0.55,0.267,0.045,0.203,0.288,0.267,0.10400000000000001,0.268,0.39,0.305,0.5920000000000001,0.426,0.588,0.852,0.742,0.42100000000000004,0.561,0.11,0.198,2.0,-0.5,0.4,31,-1.1,1.4,-6.0,8.3,13.2,2024
Joey Bart,PIT,282,253,67,43,11,0,13,38,45,0.265,0.337,0.462,0.799,0.347,121,0.198,0.321,88.1,10.5,0.094,0.387,111.5,0.475,0.34299999999999997,0.182,0.065,0.475,0.348,0.177,0.177,0.49200000000000005,0.331,0.21,0.247,0.431,0.33,0.078,0.259,0.3,0.298,0.608,0.435,0.588,0.861,0.757,0.442,0.645,0.105,0.193,1.6,-0.6,0.7,41,-1.5,1.3,5.6,-2.2,12.8,2024
James Wood,WSN,336,295,78,52,13,4,9,43,41,0.264,0.354,0.427,0.781,0.342,120,0.163,0.365,92.8,2.5,0.106,0.52,111.6,0.556,0.222,0.222,0.023,0.318,0.369,0.313,0.146,0.455,0.39899999999999997,0.205,0.265,0.435,0.348,0.11599999999999999,0.289,0.4,0.22899999999999998,0.58,0.382,0.519,0.8370000000000001,0.73,0.43700000000000006,0.622,0.10300000000000001,0.225,6.4,-1.2,,48,0.4,1.3,8.3,-6.8,12.7,2024
LaMonte Wade Jr.,SFG,401,331,86,62,16,0,8,45,34,0.26,0.38,0.381,0.761,0.337,119,0.121,0.331,90.6,12.8,0.094,0.441,110.8,0.39899999999999997,0.38299999999999995,0.218,0.043,0.43700000000000006,0.322,0.24100000000000002,0.11,0.551,0.33899999999999997,0.086,0.259,0.428,0.354,0.155,0.22399999999999998,0.69,0.23199999999999998,0.6509999999999999,0.408,0.545,0.895,0.78,0.42100000000000004,0.536,0.09,0.18600000000000003,2.2,-1.0,1.3,56,-2.0,1.3,7.1,-7.6,12.8,2024
Michael Conforto,SFG,488,438,104,54,27,3,20,56,66,0.237,0.309,0.45,0.759,0.327,112,0.212,0.277,90.2,14.8,0.11800000000000001,0.45799999999999996,113.6,0.418,0.406,0.17600000000000002,0.13699999999999998,0.42100000000000004,0.344,0.235,0.17600000000000002,0.461,0.36200000000000004,0.153,0.257,0.479,0.35,0.086,0.242,0.36,0.289,0.665,0.44799999999999995,0.643,0.848,0.772,0.423,0.596,0.102,0.182,2.8,-1.2,-1.0,64,-1.7,1.3,5.1,-8.6,12.7,2024
Andy Pages,LAD,443,403,100,63,23,1,13,65,46,0.248,0.305,0.407,0.712,0.31,98,0.159,0.304,88.6,20.8,0.107,0.4,112.0,0.321,0.455,0.22399999999999998,0.096,0.418,0.32799999999999996,0.254,0.18100000000000002,0.485,0.33399999999999996,0.096,0.251,0.423,0.321,0.065,0.244,0.27,0.336,0.727,0.51,0.639,0.858,0.777,0.444,0.637,0.113,0.145,3.3,-1.4,,52,-0.5,1.3,-1.4,-1.3,12.2,2024
Nick Gonzales,PIT,387,359,97,68,19,3,7,42,49,0.27,0.311,0.398,0.709,0.307,94,0.128,0.319,87.9,13.1,0.079,0.369,110.4,0.42200000000000004,0.349,0.228,0.079,0.431,0.324,0.245,0.134,0.5589999999999999,0.307,0.069,0.27,0.407,0.317,0.047,0.191,0.24,0.384,0.7959999999999999,0.562,0.594,0.879,0.769,0.433,0.659,0.13,0.10800000000000001,4.8,-0.9,,44,0.2,1.3,-2.5,2.4,12.9,2024
Ozzie Albies,ATL,435,399,100,60,29,1,10,52,53,0.251,0.303,0.404,0.707,0.307,96,0.153,0.274,88.4,18.4,0.062,0.32,113.7,0.385,0.435,0.18,0.163,0.488,0.331,0.18,0.142,0.565,0.293,0.068,0.246,0.387,0.302,0.062,0.149,0.42,0.37,0.851,0.565,0.711,0.868,0.807,0.406,0.63,0.109,0.09,4.9,0.5,-0.1,50,0.3,1.3,-2.0,0.1,12.7,2024
Jeff McNeil,NYM,472,424,101,63,26,0,12,57,44,0.238,0.308,0.384,0.692,0.304,97,0.146,0.256,87.0,14.9,0.031,0.311,107.7,0.39299999999999996,0.413,0.19399999999999998,0.109,0.442,0.37200000000000005,0.18600000000000003,0.192,0.503,0.306,0.08199999999999999,0.235,0.336,0.288,0.07400000000000001,0.14400000000000002,0.51,0.349,0.802,0.5489999999999999,0.703,0.9159999999999999,0.84,0.442,0.606,0.087,0.111,3.7,-0.2,-3.0,53,-1.9,1.3,-3.7,0.1,12.2,2024
Richie Palacios,TBR,316,264,59,45,8,1,5,46,21,0.223,0.346,0.318,0.664,0.303,101,0.095,0.28,86.2,14.1,0.035,0.302,108.5,0.379,0.354,0.268,0.18600000000000003,0.465,0.364,0.172,0.217,0.5760000000000001,0.207,0.071,0.249,0.342,0.325,0.142,0.212,0.67,0.264,0.7390000000000001,0.466,0.624,0.851,0.777,0.425,0.598,0.10400000000000001,0.138,6.7,2.7,1.8,35,3.1,1.3,3.4,-1.2,12.6,2024
Max Schuemann,OAK,459,396,87,66,14,0,7,55,34,0.22,0.311,0.308,0.619,0.281,85,0.088,0.292,89.0,16.6,0.055999999999999994,0.374,105.4,0.36,0.42100000000000004,0.21899999999999997,0.128,0.364,0.381,0.255,0.122,0.615,0.262,0.06,0.222,0.338,0.296,0.102,0.259,0.39,0.24600000000000002,0.642,0.418,0.535,0.841,0.7390000000000001,0.434,0.608,0.109,0.198,5.0,1.4,,43,2.2,1.3,-5.5,3.2,12.9,2024
Alex Call,WSN,113,99,34,22,9,0,3,15,14,0.343,0.425,0.525,0.95,0.412,167,0.182,0.403,88.0,12.5,0.05,0.325,107.9,0.43799999999999994,0.35,0.213,0.14300000000000002,0.413,0.313,0.275,0.163,0.5,0.33799999999999997,0.107,0.242,0.362,0.314,0.106,0.168,0.63,0.235,0.649,0.424,0.778,0.863,0.8370000000000001,0.456,0.6459999999999999,0.069,0.191,4.4,0.3,-0.3,22,0.4,1.2,9.4,-1.8,11.3,2024
Justin Turner,- - -,539,460,119,84,24,0,11,59,55,0.259,0.354,0.383,0.737,0.327,116,0.124,0.299,87.2,17.8,0.046,0.325,106.8,0.325,0.419,0.255,0.09,0.409,0.344,0.247,0.145,0.562,0.293,0.071,0.252,0.383,0.328,0.109,0.17600000000000002,0.62,0.28600000000000003,0.674,0.45399999999999996,0.768,0.895,0.85,0.434,0.575,0.068,0.174,1.6,-2.0,-0.4,70,-4.6,1.2,5.6,-12.3,11.2,2024
Paul Goldschmidt,STL,654,599,147,91,33,1,22,70,65,0.245,0.302,0.414,0.716,0.31,100,0.169,0.308,91.2,13.1,0.106,0.491,111.4,0.43,0.35700000000000004,0.213,0.07200000000000001,0.414,0.327,0.259,0.11,0.491,0.4,0.14400000000000002,0.255,0.45,0.329,0.07200000000000001,0.265,0.27,0.32299999999999995,0.672,0.47600000000000003,0.6559999999999999,0.8059999999999999,0.7490000000000001,0.43700000000000006,0.639,0.11900000000000001,0.179,4.5,1.1,1.7,76,-0.1,1.2,0.0,-10.7,11.2,2024
Harrison Bader,NYM,437,402,95,64,19,0,12,57,51,0.236,0.284,0.373,0.657,0.285,85,0.137,0.276,87.2,11.9,0.064,0.355,111.7,0.428,0.361,0.21100000000000002,0.159,0.47,0.364,0.166,0.192,0.5429999999999999,0.265,0.106,0.243,0.378,0.295,0.048,0.217,0.22,0.36,0.618,0.466,0.632,0.894,0.774,0.409,0.611,0.105,0.19899999999999998,5.2,-0.6,-0.1,42,-1.6,1.2,-9.6,7.0,12.0,2024
Leody Taveras,TEX,529,480,110,78,17,3,12,59,44,0.229,0.289,0.352,0.641,0.282,84,0.123,0.272,89.0,14.7,0.059000000000000004,0.355,110.1,0.39799999999999996,0.41200000000000003,0.19,0.105,0.304,0.373,0.32299999999999995,0.17600000000000002,0.539,0.285,0.079,0.24,0.368,0.295,0.079,0.212,0.38,0.317,0.7090000000000001,0.484,0.595,0.856,0.758,0.426,0.628,0.11699999999999999,0.149,6.1,1.2,1.2,50,1.6,1.2,-8.2,2.2,11.6,2024
Maikel Garcia,KCR,626,575,133,94,27,5,7,84,58,0.231,0.281,0.332,0.614,0.27,71,0.101,0.268,90.4,6.4,0.037000000000000005,0.428,108.6,0.493,0.307,0.201,0.09699999999999999,0.32799999999999996,0.387,0.285,0.12300000000000001,0.5760000000000001,0.301,0.048,0.26,0.366,0.3,0.067,0.165,0.41,0.248,0.652,0.431,0.732,0.914,0.856,0.452,0.657,0.062,0.20600000000000002,8.0,5.5,2.8,53,8.1,1.2,-12.8,4.1,12.1,2024
Jonah Bride,MIA,272,232,64,43,10,0,11,30,39,0.276,0.357,0.461,0.818,0.351,124,0.185,0.306,87.1,11.8,0.054000000000000006,0.337,105.9,0.473,0.364,0.163,0.209,0.495,0.272,0.23399999999999999,0.212,0.505,0.28300000000000003,0.16399999999999998,0.224,0.334,0.297,0.11,0.20199999999999999,0.55,0.258,0.536,0.38,0.762,0.897,0.845,0.43799999999999994,0.6579999999999999,0.059000000000000004,0.245,1.2,-1.0,-0.8,41,-1.6,1.1,6.3,-5.1,10.3,2024
Jorge Soler,- - -,574,493,119,63,34,1,21,84,64,0.241,0.338,0.442,0.78,0.34,120,0.201,0.293,90.5,17.9,0.125,0.43700000000000006,115.4,0.379,0.461,0.16,0.14,0.441,0.326,0.233,0.154,0.47200000000000003,0.374,0.128,0.245,0.448,0.347,0.11800000000000001,0.24600000000000002,0.48,0.298,0.665,0.44299999999999995,0.539,0.857,0.728,0.396,0.5870000000000001,0.121,0.168,3.1,-0.9,-3.6,81,-4.4,1.1,9.0,-18.0,10.3,2024
Connor Wong,BOS,487,447,125,87,24,1,13,54,52,0.28,0.333,0.425,0.758,0.33,112,0.145,0.348,86.5,12.9,0.063,0.345,109.1,0.435,0.359,0.207,0.161,0.423,0.318,0.259,0.19,0.539,0.271,0.11,0.231,0.355,0.288,0.057,0.23399999999999999,0.25,0.33299999999999996,0.741,0.514,0.545,0.8420000000000001,0.735,0.444,0.6509999999999999,0.136,0.14300000000000002,3.5,-2.2,2.4,65,-0.2,1.1,6.5,-11.7,10.9,2024
Royce Lewis,MIN,325,292,68,36,16,0,16,40,47,0.233,0.295,0.452,0.747,0.317,106,0.219,0.251,87.1,16.8,0.11199999999999999,0.377,111.6,0.36,0.45899999999999996,0.18,0.17600000000000002,0.48,0.341,0.179,0.20199999999999999,0.45299999999999996,0.345,0.157,0.243,0.433,0.319,0.086,0.228,0.38,0.36200000000000004,0.758,0.519,0.607,0.857,0.752,0.396,0.634,0.129,0.135,1.4,-0.5,0.1,40,-1.1,1.1,1.3,-1.1,11.0,2024
Luis Arraez,- - -,672,637,200,161,32,3,4,83,46,0.314,0.346,0.392,0.739,0.323,109,0.078,0.324,86.3,13.7,0.016,0.237,108.4,0.414,0.321,0.265,0.055999999999999994,0.327,0.375,0.298,0.152,0.619,0.22899999999999998,0.021,0.31,0.4,0.325,0.036000000000000004,0.043,0.83,0.368,0.647,0.495,0.907,0.966,0.9420000000000001,0.45299999999999996,0.61,0.028999999999999998,0.198,4.4,-0.9,1.4,85,-1.0,1.1,6.4,-18.1,10.8,2024
George Springer,TOR,614,545,120,79,19,3,19,74,56,0.22,0.303,0.371,0.674,0.298,94,0.15,0.245,87.5,9.4,0.092,0.37200000000000005,110.6,0.507,0.32899999999999996,0.16399999999999998,0.106,0.39799999999999996,0.373,0.22899999999999998,0.171,0.525,0.303,0.134,0.244,0.402,0.322,0.098,0.187,0.52,0.284,0.753,0.49,0.615,0.8440000000000001,0.769,0.44,0.653,0.113,0.145,5.7,1.7,1.6,66,3.4,1.1,-0.4,-9.7,10.2,2024
Mauricio Dubon,HOU,428,402,108,79,25,0,4,45,47,0.269,0.296,0.361,0.657,0.286,86,0.092,0.299,86.1,14.6,0.027999999999999997,0.265,108.3,0.425,0.365,0.21,0.11,0.34600000000000003,0.344,0.31,0.18899999999999997,0.569,0.242,0.031,0.248,0.33,0.272,0.037000000000000005,0.129,0.29,0.445,0.815,0.599,0.7879999999999999,0.8690000000000001,0.8340000000000001,0.414,0.664,0.099,0.114,2.9,-1.0,0.1,42,-1.6,1.1,-8.5,5.0,10.7,2024
Brayan Rocchio,CLE,442,383,79,53,18,0,8,50,36,0.206,0.298,0.316,0.614,0.276,79,0.11,0.245,84.6,9.4,0.04,0.223,108.1,0.457,0.34600000000000003,0.19699999999999998,0.06,0.41700000000000004,0.363,0.22,0.183,0.583,0.233,0.08,0.21,0.302,0.275,0.1,0.204,0.49,0.326,0.6779999999999999,0.466,0.6709999999999999,0.871,0.7859999999999999,0.397,0.636,0.099,0.158,4.0,-1.3,,39,-2.2,1.1,-12.7,8.3,10.2,2024
Johan Rojas,PHI,363,338,82,64,12,3,3,47,32,0.243,0.279,0.322,0.601,0.265,66,0.08,0.297,85.7,4.8,0.025,0.27399999999999997,110.6,0.5710000000000001,0.314,0.115,0.159,0.39,0.39399999999999996,0.217,0.235,0.534,0.231,0.037000000000000005,0.225,0.292,0.25,0.036000000000000004,0.19,0.19,0.35700000000000004,0.627,0.473,0.6859999999999999,0.866,0.7879999999999999,0.428,0.711,0.1,0.20199999999999999,8.1,2.7,,29,4.8,1.1,-9.8,8.5,10.8,2024
Michael Siani,STL,334,298,68,57,7,2,2,42,20,0.228,0.285,0.285,0.57,0.257,64,0.057,0.322,84.4,5.1,0.023,0.225,104.8,0.5710000000000001,0.255,0.17300000000000001,0.06,0.36200000000000004,0.317,0.321,0.17,0.647,0.183,0.04,0.205,0.265,0.243,0.063,0.275,0.23,0.325,0.64,0.475,0.589,0.8140000000000001,0.7340000000000001,0.47700000000000004,0.6559999999999999,0.126,0.192,7.5,2.1,0.4,25,2.8,1.1,-11.4,10.7,10.4,2024
Jose Miranda,MIN,429,401,114,73,28,4,9,44,49,0.284,0.322,0.441,0.763,0.328,114,0.157,0.318,88.9,15.5,0.059000000000000004,0.389,110.7,0.38299999999999995,0.425,0.192,0.111,0.425,0.38299999999999995,0.192,0.18899999999999997,0.534,0.27699999999999997,0.063,0.259,0.399,0.306,0.042,0.154,0.27,0.384,0.731,0.523,0.669,0.9,0.7979999999999999,0.39899999999999997,0.627,0.106,0.142,3.7,-1.2,-2.7,56,-3.6,1.0,3.2,-7.5,10.0,2024
Mike Tauchman,CHC,350,298,74,54,12,1,7,50,29,0.248,0.357,0.366,0.723,0.325,110,0.117,0.302,89.0,15.4,0.07400000000000001,0.41,110.3,0.397,0.415,0.188,0.07400000000000001,0.332,0.341,0.32799999999999996,0.188,0.515,0.297,0.07400000000000001,0.238,0.377,0.327,0.134,0.2,0.67,0.257,0.731,0.45899999999999996,0.6809999999999999,0.865,0.8059999999999999,0.42700000000000005,0.623,0.08900000000000001,0.14400000000000002,4.7,-0.4,1.5,45,0.0,1.0,4.3,-5.8,10.1,2024
Jake Fraley,CIN,382,350,97,71,19,2,5,44,26,0.277,0.33,0.386,0.716,0.314,96,0.109,0.331,84.3,11.1,0.032,0.247,108.7,0.442,0.314,0.244,0.11199999999999999,0.445,0.34299999999999997,0.212,0.247,0.537,0.21600000000000003,0.055999999999999994,0.245,0.323,0.285,0.068,0.183,0.37,0.366,0.836,0.58,0.679,0.862,0.799,0.455,0.6729999999999999,0.11599999999999999,0.09300000000000001,6.0,1.2,-1.0,46,1.6,1.0,-0.3,-2.9,9.6,2024
Tyrone Taylor,NYM,345,319,79,47,22,3,7,47,35,0.248,0.299,0.401,0.701,0.304,97,0.154,0.309,87.3,16.8,0.071,0.353,110.7,0.38,0.405,0.215,0.16699999999999998,0.465,0.315,0.22,0.183,0.506,0.311,0.073,0.249,0.389,0.301,0.055,0.23199999999999998,0.24,0.361,0.665,0.494,0.649,0.8909999999999999,0.792,0.43799999999999994,0.617,0.10300000000000001,0.184,6.9,0.8,0.0,39,0.5,1.0,-0.7,-1.1,9.7,2024
Josh Lowe,TBR,387,353,85,54,19,2,10,37,34,0.241,0.302,0.391,0.693,0.299,98,0.15,0.338,90.8,16.9,0.10300000000000001,0.461,109.3,0.36200000000000004,0.418,0.22,0.08199999999999999,0.353,0.32799999999999996,0.319,0.151,0.522,0.32799999999999996,0.10300000000000001,0.228,0.388,0.295,0.083,0.318,0.26,0.368,0.703,0.513,0.614,0.809,0.7290000000000001,0.431,0.589,0.139,0.139,6.6,3.9,-1.1,42,3.3,1.0,2.4,-5.7,9.5,2024
Wenceel Perez,DET,425,389,94,63,16,6,9,51,37,0.242,0.3,0.383,0.683,0.299,94,0.141,0.294,88.4,18.0,0.043,0.303,109.1,0.348,0.419,0.233,0.145,0.413,0.38299999999999995,0.203,0.16699999999999998,0.54,0.293,0.073,0.242,0.356,0.292,0.075,0.21600000000000003,0.35,0.32899999999999996,0.647,0.46,0.721,0.877,0.8109999999999999,0.41200000000000003,0.628,0.087,0.179,6.2,-1.0,,46,1.5,1.0,-1.4,-2.6,10.0,2024
Ceddanne Rafaela,BOS,571,544,134,91,23,5,15,70,75,0.246,0.274,0.39,0.664,0.286,81,0.143,0.312,86.6,14.9,0.075,0.369,108.2,0.42,0.369,0.21100000000000002,0.172,0.41200000000000003,0.344,0.244,0.196,0.55,0.254,0.10300000000000001,0.229,0.368,0.273,0.026000000000000002,0.264,0.1,0.495,0.787,0.615,0.584,0.797,0.696,0.41100000000000003,0.7040000000000001,0.187,0.10800000000000001,6.6,-1.1,,56,0.6,1.0,-11.9,2.9,10.0,2024
Oswaldo Cabrera,NYY,326,299,74,55,11,0,8,47,36,0.247,0.296,0.365,0.661,0.29,89,0.117,0.286,88.2,12.5,0.037000000000000005,0.349,107.2,0.43,0.36700000000000005,0.203,0.115,0.386,0.386,0.228,0.17800000000000002,0.552,0.27,0.092,0.25,0.336,0.287,0.064,0.193,0.33,0.332,0.685,0.474,0.6829999999999999,0.925,0.823,0.401,0.589,0.084,0.16899999999999998,4.1,-0.6,1.7,33,-0.5,1.0,-4.6,3.0,9.3,2024
Zach McKinstry,DET,325,297,64,41,14,5,4,32,23,0.215,0.277,0.337,0.614,0.27,74,0.121,0.265,88.0,18.7,0.043,0.326,108.1,0.32799999999999996,0.424,0.249,0.040999999999999995,0.391,0.374,0.235,0.122,0.591,0.287,0.040999999999999995,0.239,0.365,0.295,0.07400000000000001,0.212,0.35,0.31,0.679,0.473,0.657,0.888,0.804,0.442,0.625,0.09300000000000001,0.17600000000000002,8.2,2.7,0.9,28,5.0,1.0,-4.7,3.7,9.8,2024
Pavin Smith,ARI,158,137,37,17,11,0,9,26,36,0.27,0.348,0.547,0.896,0.377,142,0.277,0.28,90.2,13.1,0.147,0.44,112.1,0.431,0.376,0.193,0.098,0.45,0.376,0.174,0.128,0.486,0.385,0.22,0.29,0.525,0.392,0.114,0.196,0.58,0.21899999999999997,0.601,0.384,0.595,0.89,0.7929999999999999,0.429,0.557,0.079,0.21100000000000002,3.4,-0.1,-1.9,27,-1.6,0.9,6.4,-2.8,9.0,2024
Mike Trout,LAA,126,109,24,11,1,2,10,17,14,0.22,0.325,0.541,0.867,0.365,140,0.321,0.194,89.2,25.2,0.171,0.415,114.5,0.244,0.561,0.195,0.087,0.39,0.268,0.341,0.207,0.451,0.341,0.217,0.271,0.591,0.405,0.127,0.214,0.59,0.214,0.6779999999999999,0.425,0.642,0.898,0.828,0.455,0.579,0.073,0.16699999999999998,7.1,0.6,-0.3,20,1.2,0.9,7.0,-2.2,8.9,2024
Jacob Stallings,COL,281,243,64,37,17,1,9,31,36,0.263,0.357,0.453,0.81,0.353,113,0.189,0.324,86.6,12.8,0.07200000000000001,0.344,107.2,0.45299999999999996,0.358,0.19,0.109,0.39399999999999996,0.36700000000000005,0.239,0.172,0.494,0.33299999999999996,0.141,0.235,0.381,0.318,0.096,0.231,0.42,0.28800000000000003,0.67,0.452,0.574,0.841,0.7440000000000001,0.43,0.609,0.115,0.17800000000000002,2.2,-0.6,-2.1,42,-3.5,0.9,1.0,-1.6,8.8,2024
Masataka Yoshida,BOS,421,378,106,75,21,0,10,45,56,0.28,0.349,0.415,0.765,0.336,116,0.135,0.302,88.0,10.6,0.055,0.375,111.1,0.42700000000000005,0.35700000000000004,0.21600000000000003,0.094,0.35700000000000004,0.39,0.253,0.171,0.506,0.32299999999999995,0.085,0.258,0.394,0.322,0.064,0.124,0.52,0.292,0.6559999999999999,0.45399999999999996,0.747,0.9359999999999999,0.8690000000000001,0.447,0.544,0.06,0.18600000000000003,2.6,-0.5,-3.3,58,-2.5,0.9,5.4,-10.9,8.4,2024
Ramon Laureano,- - -,309,286,74,46,16,1,11,35,33,0.259,0.311,0.437,0.748,0.324,108,0.178,0.35,89.2,13.3,0.126,0.408,110.7,0.387,0.37200000000000005,0.24100000000000002,0.042,0.435,0.314,0.251,0.115,0.5710000000000001,0.314,0.155,0.235,0.43,0.311,0.049,0.311,0.16,0.35,0.75,0.523,0.532,0.8140000000000001,0.7070000000000001,0.431,0.67,0.153,0.138,4.8,-0.2,0.4,40,-0.8,0.9,2.4,-4.1,8.6,2024
Ramon Urias,BAL,301,272,69,47,9,2,11,39,37,0.254,0.322,0.423,0.745,0.325,114,0.169,0.28,88.3,12.8,0.087,0.385,109.5,0.44,0.39,0.17,0.153,0.36700000000000005,0.376,0.257,0.165,0.541,0.294,0.129,0.248,0.429,0.328,0.076,0.183,0.42,0.307,0.7509999999999999,0.496,0.644,0.818,0.7559999999999999,0.426,0.6679999999999999,0.121,0.139,3.7,-0.8,0.2,39,-0.6,0.9,4.3,-5.6,8.7,2024
Ronald Acuna Jr.,ATL,222,192,48,35,8,1,4,38,15,0.25,0.351,0.365,0.716,0.322,106,0.115,0.326,92.2,8.6,0.094,0.48200000000000004,114.2,0.511,0.273,0.21600000000000003,0.079,0.46,0.331,0.209,0.115,0.511,0.374,0.105,0.261,0.427,0.35,0.122,0.239,0.51,0.268,0.746,0.47,0.657,0.8,0.753,0.42200000000000004,0.644,0.11599999999999999,0.127,7.3,1.5,0.4,28,2.6,0.9,4.0,-2.3,9.1,2024
Max Kepler,MIN,399,368,93,63,21,1,8,43,42,0.253,0.302,0.38,0.682,0.298,93,0.128,0.3,88.9,16.8,0.062,0.366,115.4,0.35200000000000004,0.43799999999999994,0.21,0.071,0.426,0.309,0.265,0.141,0.56,0.299,0.063,0.247,0.381,0.301,0.055,0.201,0.28,0.35600000000000004,0.76,0.521,0.613,0.893,0.78,0.409,0.632,0.115,0.131,3.0,-0.5,1.0,43,-0.9,0.9,-4.1,0.1,9.2,2024
Nicky Lopez,CHW,445,398,96,80,12,3,1,40,21,0.241,0.312,0.294,0.606,0.275,77,0.053,0.288,85.0,5.6,0.015,0.16899999999999998,106.5,0.561,0.262,0.177,0.057999999999999996,0.303,0.386,0.312,0.142,0.68,0.17800000000000002,0.012,0.227,0.288,0.268,0.083,0.151,0.55,0.322,0.6890000000000001,0.48200000000000004,0.6859999999999999,0.902,0.82,0.435,0.631,0.087,0.161,3.7,-2.8,3.1,40,-0.5,0.9,-12.0,5.9,8.7,2024
Giancarlo Stanton,NYY,459,417,97,50,20,0,27,49,72,0.233,0.298,0.475,0.773,0.33,117,0.242,0.281,94.6,14.8,0.207,0.551,120.0,0.38799999999999996,0.43799999999999994,0.174,0.174,0.435,0.355,0.21,0.18100000000000002,0.377,0.442,0.223,0.249,0.509,0.352,0.083,0.312,0.27,0.344,0.6509999999999999,0.46799999999999997,0.5529999999999999,0.785,0.684,0.405,0.584,0.14800000000000002,0.17,0.8,-0.7,-4.1,61,-4.4,0.8,4.7,-11.8,8.1,2024
Donovan Solano,SDP,309,283,81,60,13,0,8,31,35,0.286,0.343,0.417,0.76,0.333,117,0.131,0.346,87.3,13.6,0.037000000000000005,0.374,107.6,0.44299999999999995,0.32899999999999996,0.228,0.083,0.34700000000000003,0.41100000000000003,0.242,0.146,0.5660000000000001,0.28800000000000003,0.111,0.257,0.378,0.307,0.071,0.21,0.34,0.332,0.645,0.47200000000000003,0.624,0.8909999999999999,0.787,0.447,0.634,0.1,0.19899999999999998,2.3,-0.7,-3.1,42,-3.2,0.8,3.2,-6.0,7.5,2024
Brendan Rodgers,COL,539,501,134,91,29,1,13,67,54,0.267,0.314,0.407,0.721,0.314,87,0.14,0.338,89.3,4.9,0.055999999999999994,0.43799999999999994,111.1,0.561,0.256,0.183,0.042,0.36,0.414,0.226,0.14,0.57,0.29,0.13699999999999998,0.248,0.378,0.296,0.057999999999999996,0.245,0.23,0.32,0.721,0.493,0.563,0.879,0.763,0.43200000000000005,0.664,0.11699999999999999,0.159,3.0,-0.8,0.0,65,-0.9,0.8,-9.2,-1.5,7.3,2024
Tommy Edman,LAD,153,139,33,21,5,1,6,20,20,0.237,0.294,0.417,0.711,0.307,97,0.18,0.257,87.6,11.4,0.036000000000000004,0.35100000000000003,105.5,0.45,0.37799999999999995,0.171,0.071,0.396,0.33299999999999996,0.27,0.162,0.505,0.33299999999999996,0.14300000000000002,0.217,0.316,0.266,0.07200000000000001,0.196,0.37,0.284,0.688,0.46,0.626,0.865,0.782,0.436,0.608,0.10099999999999999,0.16,6.8,0.9,1.6,18,1.7,0.8,1.1,1.8,8.0,2024
Jason Heyward,- - -,258,228,48,24,12,2,10,33,37,0.211,0.288,0.412,0.7,0.3,93,0.202,0.226,88.0,10.4,0.055999999999999994,0.413,108.4,0.517,0.331,0.152,0.11900000000000001,0.562,0.298,0.14,0.174,0.5670000000000001,0.258,0.16899999999999998,0.233,0.346,0.29,0.085,0.205,0.42,0.354,0.6940000000000001,0.495,0.618,0.895,0.779,0.415,0.632,0.109,0.154,6.4,0.6,3.0,28,2.6,0.8,0.5,-0.9,8.1,2024
Mark Canha,- - -,462,393,95,68,20,0,7,46,42,0.242,0.344,0.346,0.69,0.31,101,0.104,0.298,88.4,9.6,0.033,0.374,107.0,0.493,0.33799999999999997,0.16899999999999998,0.11800000000000001,0.47700000000000004,0.318,0.205,0.136,0.593,0.272,0.069,0.212,0.306,0.288,0.11,0.20800000000000002,0.53,0.266,0.612,0.41600000000000004,0.7290000000000001,0.846,0.804,0.435,0.613,0.08199999999999999,0.21600000000000003,3.8,0.4,1.9,54,0.9,0.8,1.6,-8.8,8.2,2024
Jorge Mateo,BAL,208,192,44,23,14,2,5,30,18,0.229,0.267,0.401,0.668,0.286,87,0.172,0.275,88.1,14.1,0.04,0.349,109.2,0.434,0.386,0.179,0.161,0.396,0.38299999999999995,0.221,0.168,0.523,0.309,0.08900000000000001,0.228,0.339,0.271,0.048,0.231,0.21,0.369,0.706,0.507,0.618,0.899,0.779,0.41100000000000003,0.62,0.11199999999999999,0.156,8.7,1.5,1.6,20,3.8,0.8,0.6,-0.2,7.3,2024
Luis Torrens,NYM,130,118,27,16,8,0,3,14,15,0.229,0.292,0.373,0.665,0.292,89,0.144,0.273,89.6,13.0,0.066,0.462,108.6,0.429,0.308,0.264,0.14300000000000002,0.374,0.374,0.253,0.121,0.484,0.396,0.107,0.259,0.4,0.318,0.069,0.215,0.32,0.298,0.679,0.46299999999999997,0.6509999999999999,0.887,0.8009999999999999,0.433,0.5920000000000001,0.092,0.184,2.2,-0.6,-0.4,13,-1.0,0.8,-2.7,6.1,7.7,2024
Sean Murphy,ATL,264,233,45,29,5,1,10,19,25,0.193,0.284,0.352,0.636,0.281,78,0.159,0.223,88.0,10.5,0.096,0.365,112.6,0.539,0.335,0.126,0.161,0.521,0.311,0.168,0.18,0.515,0.305,0.179,0.216,0.402,0.31,0.102,0.254,0.4,0.306,0.6459999999999999,0.456,0.5710000000000001,0.818,0.726,0.441,0.6629999999999999,0.125,0.19,1.4,-0.5,0.7,25,-0.4,0.8,-7.2,6.5,8.1,2024
Orlando Arcia,ATL,602,551,120,79,24,0,17,50,46,0.218,0.271,0.354,0.625,0.273,72,0.136,0.249,88.2,8.6,0.053,0.37799999999999995,107.8,0.491,0.358,0.151,0.182,0.503,0.309,0.188,0.195,0.49200000000000005,0.313,0.11,0.206,0.323,0.261,0.068,0.213,0.32,0.312,0.731,0.49,0.597,0.862,0.765,0.425,0.645,0.115,0.15,2.0,-0.6,-0.9,52,-1.1,0.8,-20.9,8.8,8.0,2024
Jonny DeLuca,TBR,362,332,72,50,12,4,6,29,31,0.217,0.278,0.331,0.609,0.269,77,0.114,0.265,84.6,16.3,0.039,0.28,109.4,0.37200000000000005,0.424,0.204,0.17,0.455,0.307,0.237,0.23,0.502,0.268,0.057,0.23,0.318,0.272,0.066,0.213,0.31,0.397,0.746,0.535,0.687,0.8640000000000001,0.784,0.395,0.674,0.115,0.138,6.3,0.2,,30,0.6,0.8,-8.9,5.1,8.2,2024
Rece Hinds,CIN,51,46,12,2,4,1,5,9,11,0.261,0.333,0.717,1.051,0.433,176,0.457,0.28,91.6,18.9,0.2,0.4,112.7,0.3,0.5670000000000001,0.133,0.0,0.36700000000000005,0.33299999999999996,0.3,0.1,0.5329999999999999,0.36700000000000005,0.294,0.247,0.609,0.388,0.078,0.314,0.25,0.445,0.7659999999999999,0.557,0.434,0.878,0.647,0.35,0.706,0.196,0.114,8.6,0.3,,11,1.1,0.7,5.8,-0.6,6.8,2024
Adrian Del Castillo,ARI,87,80,25,16,5,0,4,12,19,0.313,0.368,0.525,0.893,0.384,147,0.213,0.438,87.6,18.4,0.115,0.34600000000000003,106.3,0.353,0.451,0.196,0.043,0.40399999999999997,0.28800000000000003,0.308,0.135,0.5379999999999999,0.327,0.174,0.215,0.389,0.293,0.08,0.322,0.25,0.342,0.731,0.49700000000000005,0.594,0.8059999999999999,0.7190000000000001,0.39899999999999997,0.644,0.139,0.172,2.6,-0.4,,15,-0.8,0.7,4.0,0.3,7.2,2024
Nathan Lukes,TOR,91,76,23,16,4,2,1,13,10,0.303,0.371,0.447,0.818,0.351,132,0.145,0.319,88.9,13.6,0.042,0.278,104.3,0.391,0.348,0.261,0.0,0.278,0.292,0.431,0.125,0.6809999999999999,0.19399999999999998,0.042,0.284,0.389,0.326,0.11,0.099,1.11,0.34,0.732,0.508,0.826,0.893,0.867,0.43,0.648,0.067,0.126,6.4,0.0,,14,0.5,0.7,3.7,-0.3,6.5,2024
Sam Hilliard,COL,158,138,33,17,5,1,10,26,27,0.239,0.305,0.507,0.812,0.342,106,0.268,0.311,94.7,15.7,0.14800000000000002,0.511,111.3,0.386,0.434,0.18100000000000002,0.083,0.364,0.39799999999999996,0.239,0.102,0.489,0.409,0.278,0.216,0.407,0.3,0.08900000000000001,0.354,0.25,0.33399999999999996,0.657,0.466,0.43799999999999994,0.736,0.609,0.409,0.551,0.182,0.157,6.8,0.0,0.6,23,0.7,0.7,1.8,-0.6,6.6,2024
Dane Myers,MIA,108,95,25,15,6,1,3,17,19,0.263,0.333,0.442,0.775,0.335,113,0.179,0.379,89.9,11.3,0.115,0.475,106.4,0.44299999999999995,0.377,0.18,0.0,0.262,0.45899999999999996,0.27899999999999997,0.14800000000000002,0.49200000000000005,0.361,0.13,0.236,0.4,0.317,0.07400000000000001,0.33299999999999996,0.22,0.304,0.5760000000000001,0.431,0.652,0.789,0.738,0.466,0.574,0.113,0.207,7.6,0.2,,15,0.1,0.7,1.8,1.0,6.4,2024
Alec Burleson,STL,595,547,147,106,20,0,21,71,78,0.269,0.314,0.42,0.735,0.319,106,0.152,0.276,89.7,13.6,0.065,0.415,111.0,0.41700000000000004,0.368,0.215,0.114,0.337,0.397,0.266,0.134,0.5710000000000001,0.295,0.12,0.273,0.435,0.329,0.059000000000000004,0.128,0.46,0.387,0.782,0.556,0.742,0.888,0.83,0.42700000000000005,0.635,0.094,0.11699999999999999,3.4,-1.0,-1.0,74,-3.0,0.7,1.2,-14.7,6.4,2024
Trevor Story,BOS,106,94,24,15,7,0,2,8,10,0.255,0.34,0.394,0.733,0.318,103,0.138,0.373,86.1,18.7,0.066,0.295,105.2,0.344,0.426,0.23,0.077,0.361,0.32799999999999996,0.311,0.16399999999999998,0.623,0.213,0.077,0.193,0.29,0.255,0.10400000000000001,0.311,0.33,0.40700000000000003,0.682,0.523,0.534,0.879,0.723,0.42100000000000004,0.66,0.145,0.147,3.8,-0.2,-1.0,13,-0.1,0.7,0.3,2.6,6.4,2024
Junior Caminero,TBR,177,165,41,25,9,1,6,15,18,0.248,0.299,0.424,0.724,0.309,105,0.176,0.289,89.7,6.7,0.11800000000000001,0.457,116.3,0.48,0.386,0.134,0.163,0.37,0.39399999999999996,0.23600000000000002,0.22,0.488,0.29100000000000004,0.122,0.238,0.405,0.301,0.062,0.215,0.29,0.386,0.644,0.47700000000000004,0.605,0.8109999999999999,0.703,0.353,0.627,0.141,0.179,4.2,0.1,,21,-0.1,0.7,1.0,-0.4,6.4,2024
Nolan Schanuel,LAA,607,519,130,98,19,0,13,62,54,0.25,0.343,0.362,0.706,0.315,105,0.112,0.285,86.1,10.3,0.035,0.253,105.9,0.461,0.306,0.233,0.039,0.40399999999999997,0.376,0.221,0.138,0.615,0.24600000000000002,0.10099999999999999,0.254,0.355,0.318,0.11199999999999999,0.17,0.66,0.255,0.64,0.415,0.789,0.912,0.868,0.41700000000000004,0.623,0.055,0.2,3.6,0.2,,74,-3.5,0.7,-0.2,-13.1,6.8,2024
Kevin Pillar,- - -,314,284,65,40,16,1,8,38,45,0.229,0.291,0.377,0.667,0.293,89,0.148,0.271,84.6,17.9,0.037000000000000005,0.297,108.8,0.353,0.45899999999999996,0.188,0.12,0.47,0.32,0.21,0.21899999999999997,0.479,0.301,0.08,0.221,0.329,0.275,0.051,0.22,0.23,0.392,0.716,0.522,0.628,0.905,0.7809999999999999,0.40299999999999997,0.615,0.114,0.156,6.2,0.7,2.2,32,1.4,0.7,-2.7,-1.5,6.3,2024
Andy Ibanez,DET,244,224,54,39,9,1,5,30,32,0.241,0.295,0.357,0.652,0.287,86,0.116,0.31,88.4,21.0,0.049,0.325,108.6,0.337,0.44799999999999995,0.215,0.21899999999999997,0.41100000000000003,0.319,0.27,0.196,0.49700000000000005,0.307,0.068,0.214,0.326,0.269,0.061,0.258,0.24,0.364,0.75,0.526,0.562,0.8440000000000001,0.73,0.419,0.594,0.142,0.13699999999999998,4.0,-1.3,1.7,24,-0.2,0.7,-4.2,3.1,7.0,2024
Gio Urshela,- - -,461,432,108,79,19,1,9,34,52,0.25,0.286,0.361,0.647,0.281,80,0.111,0.278,86.4,10.5,0.049,0.282,109.0,0.45899999999999996,0.305,0.23600000000000002,0.054000000000000006,0.345,0.37799999999999995,0.27699999999999997,0.175,0.581,0.244,0.081,0.264,0.389,0.302,0.05,0.156,0.32,0.39799999999999996,0.741,0.544,0.7490000000000001,0.8740000000000001,0.8220000000000001,0.426,0.6829999999999999,0.09699999999999999,0.146,1.3,-0.8,0.0,43,-2.7,0.7,-13.1,4.3,6.5,2024
Abraham Toro,OAK,364,337,81,57,17,1,6,34,26,0.24,0.293,0.35,0.643,0.283,87,0.11,0.279,87.2,12.2,0.043,0.29600000000000004,109.9,0.444,0.364,0.193,0.09,0.408,0.365,0.22699999999999998,0.17300000000000001,0.578,0.249,0.06,0.245,0.365,0.291,0.055,0.17,0.32,0.348,0.6579999999999999,0.478,0.727,0.94,0.85,0.419,0.5710000000000001,0.07200000000000001,0.17800000000000002,3.6,-0.6,1.2,35,0.6,0.7,-4.9,-0.5,6.7,2024
Christian Vazquez,MIN,315,294,65,48,10,0,7,29,27,0.221,0.248,0.327,0.575,0.25,59,0.105,0.257,88.5,16.1,0.038,0.366,108.8,0.392,0.401,0.207,0.14,0.387,0.37799999999999995,0.235,0.14300000000000002,0.563,0.294,0.075,0.232,0.348,0.265,0.035,0.20600000000000002,0.17,0.38799999999999996,0.6920000000000001,0.516,0.71,0.898,0.8170000000000001,0.423,0.6920000000000001,0.095,0.171,3.3,-0.3,-1.5,22,-2.5,0.7,-17.3,13.9,7.1,2024
Rafael Marchan,PHI,56,51,15,8,4,0,3,8,6,0.294,0.345,0.549,0.894,0.382,145,0.255,0.3,85.8,16.6,0.068,0.273,102.8,0.302,0.37200000000000005,0.326,0.0,0.364,0.341,0.295,0.205,0.523,0.273,0.188,0.326,0.499,0.383,0.054000000000000006,0.14300000000000002,0.38,0.276,0.649,0.462,0.7040000000000001,0.9209999999999999,0.856,0.49700000000000005,0.643,0.067,0.21,1.6,-0.1,-0.6,10,-0.5,0.6,2.5,1.3,5.7,2024
Triston Casas,BOS,243,212,51,30,8,0,13,28,32,0.241,0.337,0.462,0.8,0.342,120,0.222,0.311,90.2,10.5,0.133,0.452,112.0,0.42200000000000004,0.385,0.193,0.077,0.385,0.385,0.23,0.126,0.5329999999999999,0.341,0.25,0.22,0.454,0.332,0.12300000000000001,0.317,0.39,0.281,0.6559999999999999,0.445,0.5670000000000001,0.757,0.6890000000000001,0.43700000000000006,0.58,0.138,0.177,1.2,-0.9,-1.2,35,-2.2,0.6,3.5,-5.3,6.2,2024
Will Wagner,TOR,86,82,25,17,6,0,2,8,11,0.305,0.337,0.451,0.788,0.342,125,0.146,0.359,90.6,5.2,0.091,0.5,109.1,0.53,0.22699999999999998,0.242,0.0,0.379,0.39399999999999996,0.22699999999999998,0.152,0.53,0.318,0.133,0.321,0.487,0.364,0.047,0.18600000000000003,0.25,0.317,0.6990000000000001,0.47,0.609,0.951,0.813,0.401,0.616,0.08800000000000001,0.198,0.9,-0.2,,12,-0.4,0.6,2.0,0.9,5.8,2024
Jhonkensy Noel,CLE,198,179,39,18,7,1,13,25,28,0.218,0.288,0.486,0.774,0.331,118,0.268,0.25,88.6,19.3,0.145,0.368,115.9,0.35,0.48700000000000004,0.162,0.228,0.5379999999999999,0.27399999999999997,0.188,0.265,0.444,0.29100000000000004,0.228,0.218,0.435,0.323,0.066,0.318,0.21,0.469,0.672,0.541,0.514,0.8909999999999999,0.6809999999999999,0.358,0.7020000000000001,0.172,0.163,2.7,-0.3,,26,-0.6,0.6,3.5,-4.1,6.0,2024
J.D. Martinez,NYM,495,434,102,61,24,1,16,46,69,0.235,0.32,0.406,0.725,0.318,107,0.171,0.308,91.0,14.4,0.147,0.455,110.8,0.38299999999999995,0.42,0.19699999999999998,0.073,0.369,0.353,0.278,0.122,0.505,0.373,0.129,0.256,0.472,0.351,0.099,0.285,0.35,0.32,0.72,0.483,0.466,0.853,0.7020000000000001,0.409,0.6459999999999999,0.14400000000000002,0.14800000000000002,1.4,-0.9,-0.8,61,-2.3,0.6,1.8,-12.6,5.7,2024
Starling Marte,NYM,370,335,90,67,13,3,7,46,40,0.269,0.327,0.388,0.715,0.313,103,0.119,0.333,89.8,4.3,0.069,0.429,110.9,0.504,0.228,0.268,0.035,0.425,0.34,0.23600000000000002,0.11199999999999999,0.625,0.263,0.12300000000000001,0.287,0.425,0.337,0.073,0.21899999999999997,0.33,0.33,0.7040000000000001,0.498,0.55,0.8590000000000001,0.746,0.449,0.659,0.126,0.163,6.8,2.0,2.6,44,2.1,0.6,3.6,-10.2,5.8,2024
Danny Jansen,- - -,324,278,57,35,13,0,9,35,24,0.205,0.309,0.349,0.658,0.294,90,0.144,0.227,86.6,21.8,0.064,0.295,107.2,0.305,0.532,0.16399999999999998,0.162,0.523,0.3,0.177,0.182,0.536,0.282,0.077,0.202,0.333,0.29,0.12300000000000001,0.188,0.66,0.237,0.6459999999999999,0.408,0.66,0.8909999999999999,0.813,0.419,0.62,0.078,0.196,1.4,-0.6,0.4,34,-1.1,0.6,-4.7,-0.7,5.3,2024
Luis Robert Jr.,CHW,425,393,88,55,19,0,14,47,35,0.224,0.278,0.379,0.657,0.285,84,0.155,0.31,90.1,13.5,0.098,0.406,113.0,0.387,0.41100000000000003,0.20199999999999999,0.067,0.34,0.387,0.273,0.146,0.551,0.303,0.135,0.212,0.367,0.279,0.066,0.332,0.2,0.389,0.7490000000000001,0.53,0.491,0.8140000000000001,0.669,0.392,0.7040000000000001,0.175,0.13699999999999998,5.2,1.5,0.1,41,0.9,0.6,-6.7,-2.1,5.4,2024
Enrique Hernandez,LAD,393,362,83,55,16,0,12,44,42,0.229,0.281,0.373,0.654,0.285,82,0.144,0.257,89.6,17.1,0.048,0.415,112.7,0.36,0.444,0.196,0.094,0.37,0.377,0.253,0.125,0.522,0.353,0.094,0.233,0.362,0.285,0.069,0.196,0.35,0.3,0.722,0.488,0.6509999999999999,0.851,0.7829999999999999,0.446,0.639,0.106,0.17800000000000002,1.6,-0.6,3.3,38,0.5,0.6,-8.1,0.9,5.9,2024
Alex Verdugo,NYY,621,559,130,88,28,1,13,74,61,0.233,0.291,0.356,0.647,0.283,85,0.123,0.253,88.3,9.9,0.055999999999999994,0.349,110.7,0.493,0.33799999999999997,0.16899999999999998,0.069,0.37200000000000005,0.34299999999999997,0.285,0.14400000000000002,0.542,0.314,0.081,0.25,0.374,0.302,0.079,0.15,0.53,0.28300000000000003,0.629,0.444,0.737,0.932,0.866,0.467,0.62,0.06,0.2,2.9,-1.1,-1.0,59,-2.5,0.6,-13.5,-1.3,5.8,2024
Miguel Amaya,CHC,363,328,76,53,13,2,8,32,47,0.232,0.288,0.357,0.644,0.283,82,0.125,0.261,88.4,11.1,0.047,0.33899999999999997,111.3,0.434,0.363,0.20199999999999999,0.113,0.369,0.32799999999999996,0.303,0.16399999999999998,0.54,0.29600000000000004,0.08199999999999999,0.252,0.373,0.301,0.063,0.171,0.37,0.377,0.757,0.5379999999999999,0.642,0.894,0.7929999999999999,0.425,0.6609999999999999,0.111,0.134,2.2,-0.6,,35,-2.7,0.6,-10.7,4.3,5.8,2024
Brett Wisely,SFG,272,252,60,42,13,1,4,25,31,0.238,0.278,0.345,0.623,0.272,75,0.107,0.301,86.8,16.2,0.052000000000000005,0.313,107.0,0.409,0.419,0.172,0.077,0.385,0.365,0.25,0.16699999999999998,0.578,0.255,0.051,0.215,0.313,0.255,0.048,0.239,0.2,0.326,0.6920000000000001,0.488,0.626,0.904,0.8009999999999999,0.444,0.621,0.09699999999999999,0.17,3.2,-1.3,,24,-1.2,0.6,-9.3,5.6,5.4,2024
Nick Fortes,MIA,335,308,70,50,16,0,4,28,29,0.227,0.259,0.318,0.577,0.252,58,0.091,0.246,84.3,15.4,0.013999999999999999,0.226,109.2,0.43200000000000005,0.402,0.165,0.252,0.452,0.315,0.233,0.24,0.545,0.215,0.037000000000000005,0.226,0.291,0.246,0.033,0.122,0.27,0.34299999999999997,0.644,0.478,0.807,0.922,0.877,0.45,0.713,0.059000000000000004,0.182,1.8,-0.9,-0.5,24,-2.3,0.6,-19.1,13.4,5.6,2024
David Peralta,SDP,260,236,63,44,11,0,8,35,28,0.267,0.335,0.415,0.75,0.329,115,0.148,0.316,88.1,9.0,0.055,0.423,111.6,0.473,0.308,0.22,0.071,0.379,0.379,0.242,0.159,0.522,0.319,0.14300000000000002,0.259,0.376,0.313,0.085,0.20800000000000002,0.41,0.34700000000000003,0.733,0.509,0.5710000000000001,0.875,0.754,0.418,0.696,0.125,0.14400000000000002,3.5,-0.1,-1.9,34,-0.6,0.5,4.0,-8.2,4.5,2024
Andrew McCutchen,PIT,515,448,104,65,18,1,20,66,50,0.232,0.328,0.411,0.739,0.325,106,0.179,0.283,88.4,14.3,0.11699999999999999,0.366,109.8,0.41,0.42,0.17,0.128,0.41600000000000004,0.382,0.20199999999999999,0.18,0.479,0.341,0.15,0.227,0.421,0.327,0.113,0.258,0.44,0.21600000000000003,0.679,0.42,0.5589999999999999,0.809,0.737,0.442,0.629,0.11,0.193,3.2,-1.2,-1.4,66,-2.9,0.5,0.8,-13.1,4.9,2024
Dairon Blanco,KCR,132,120,31,23,4,0,4,37,13,0.258,0.308,0.392,0.699,0.306,96,0.133,0.318,89.0,8.5,0.077,0.374,107.4,0.469,0.42,0.111,0.11800000000000001,0.3,0.478,0.222,0.16699999999999998,0.489,0.344,0.11800000000000001,0.212,0.37,0.279,0.061,0.242,0.25,0.325,0.758,0.508,0.512,0.789,0.687,0.423,0.614,0.159,0.126,7.0,3.1,2.7,15,4.1,0.5,3.5,-3.0,4.9,2024
Will Brennan,CLE,353,330,87,64,13,2,8,37,30,0.264,0.309,0.388,0.697,0.303,98,0.124,0.287,86.1,13.3,0.046,0.325,109.0,0.41600000000000004,0.36700000000000005,0.217,0.11699999999999999,0.392,0.353,0.254,0.21600000000000003,0.527,0.258,0.078,0.269,0.374,0.302,0.054000000000000006,0.136,0.4,0.38799999999999996,0.7509999999999999,0.546,0.77,0.8909999999999999,0.8420000000000001,0.435,0.6459999999999999,0.086,0.131,4.0,-0.7,-0.3,39,-0.4,0.5,-1.2,-6.0,4.5,2024
Elias Diaz,- - -,351,325,86,60,20,0,6,27,39,0.265,0.313,0.382,0.695,0.303,81,0.117,0.317,87.1,7.6,0.047,0.345,110.5,0.519,0.298,0.182,0.13,0.41100000000000003,0.368,0.221,0.171,0.5539999999999999,0.275,0.078,0.242,0.343,0.28,0.057,0.19699999999999998,0.29,0.377,0.779,0.5379999999999999,0.5720000000000001,0.852,0.735,0.401,0.652,0.14300000000000002,0.126,0.8,-0.6,-1.9,39,-2.9,0.5,-11.0,3.9,4.6,2024
Connor Joe,PIT,416,364,83,51,22,1,9,49,36,0.228,0.32,0.368,0.688,0.305,93,0.14,0.278,85.3,16.3,0.047,0.327,109.4,0.429,0.42200000000000004,0.149,0.19,0.418,0.302,0.28,0.215,0.5529999999999999,0.233,0.078,0.206,0.308,0.277,0.106,0.21899999999999997,0.48,0.24600000000000002,0.6779999999999999,0.431,0.578,0.865,0.7709999999999999,0.429,0.642,0.099,0.18600000000000003,3.0,-1.2,0.8,47,-0.4,0.5,-4.0,-4.9,5.0,2024
Leo Jimenez,TOR,210,179,41,26,11,0,4,18,19,0.229,0.329,0.358,0.686,0.308,101,0.128,0.311,87.6,12.3,0.081,0.33299999999999996,107.0,0.413,0.37200000000000005,0.215,0.044000000000000004,0.374,0.341,0.285,0.163,0.512,0.325,0.08900000000000001,0.228,0.361,0.311,0.057,0.281,0.2,0.314,0.6509999999999999,0.462,0.604,0.8220000000000001,0.7390000000000001,0.439,0.652,0.12,0.192,1.3,-0.4,,24,-1.5,0.5,-1.1,-0.8,5.1,2024
Jarred Kelenic,ATL,449,412,95,60,18,2,15,49,45,0.231,0.286,0.393,0.679,0.294,87,0.163,0.3,89.8,15.9,0.099,0.452,110.7,0.35100000000000003,0.401,0.248,0.09699999999999999,0.449,0.34600000000000003,0.205,0.141,0.466,0.392,0.133,0.241,0.412,0.308,0.071,0.29600000000000004,0.24,0.331,0.7120000000000001,0.498,0.505,0.799,0.6890000000000001,0.43799999999999994,0.657,0.155,0.158,4.6,-0.1,1.1,47,1.8,0.5,-5.2,-4.6,5.1,2024
Trent Grisham,NYY,209,179,34,17,8,0,9,21,31,0.19,0.29,0.385,0.675,0.295,93,0.196,0.217,90.4,20.4,0.11900000000000001,0.46,107.7,0.364,0.508,0.127,0.1,0.496,0.304,0.2,0.128,0.568,0.304,0.15,0.199,0.385,0.302,0.105,0.273,0.39,0.157,0.5920000000000001,0.364,0.529,0.855,0.7809999999999999,0.47700000000000004,0.617,0.08,0.23199999999999998,2.1,-0.5,-2.1,22,-1.1,0.5,-2.8,1.0,5.1,2024
Pedro Pages,STL,218,202,48,36,3,2,7,19,27,0.238,0.281,0.376,0.657,0.286,84,0.139,0.295,89.0,11.8,0.048,0.401,109.7,0.43200000000000005,0.377,0.192,0.109,0.354,0.395,0.252,0.14300000000000002,0.551,0.306,0.127,0.224,0.347,0.279,0.06,0.266,0.22,0.381,0.6709999999999999,0.509,0.613,0.8759999999999999,0.7659999999999999,0.441,0.693,0.11900000000000001,0.179,4.6,0.0,,21,-0.4,0.5,-4.6,2.0,4.6,2024
Kyle Farmer,MIN,242,215,46,27,13,1,5,26,25,0.214,0.293,0.353,0.647,0.285,84,0.14,0.252,87.7,17.9,0.054000000000000006,0.298,108.7,0.363,0.452,0.185,0.039,0.39899999999999997,0.369,0.23199999999999998,0.13699999999999998,0.56,0.304,0.066,0.225,0.361,0.292,0.079,0.20199999999999999,0.39,0.34299999999999997,0.6659999999999999,0.485,0.657,0.903,0.8059999999999999,0.441,0.632,0.094,0.183,4.1,-1.8,-0.9,23,-3.2,0.5,-7.7,4.6,5.0,2024
Dylan Crews,WSN,132,119,26,17,5,1,3,12,8,0.218,0.288,0.353,0.641,0.283,80,0.134,0.253,89.0,8.7,0.064,0.447,109.6,0.574,0.319,0.106,0.16699999999999998,0.40399999999999997,0.436,0.16,0.17,0.532,0.298,0.1,0.253,0.418,0.325,0.083,0.19699999999999998,0.42,0.295,0.66,0.446,0.6,0.887,0.7759999999999999,0.413,0.591,0.1,0.179,6.9,1.0,,13,1.6,0.5,-1.7,1.6,4.4,2024
Austin Barnes,LAD,156,140,37,33,3,0,1,12,11,0.264,0.331,0.307,0.638,0.289,85,0.043,0.35,86.3,9.5,0.019,0.311,108.5,0.49,0.28800000000000003,0.221,0.2,0.377,0.358,0.264,0.18899999999999997,0.585,0.226,0.033,0.229,0.292,0.27,0.09,0.231,0.39,0.233,0.7390000000000001,0.469,0.568,0.887,0.802,0.465,0.615,0.09300000000000001,0.165,3.6,0.2,0.1,16,0.1,0.5,-2.8,2.4,4.8,2024
Brett Baty,NYM,171,153,35,28,3,0,4,15,16,0.229,0.306,0.327,0.633,0.282,83,0.098,0.29,86.6,10.3,0.054000000000000006,0.33,112.0,0.536,0.318,0.145,0.114,0.446,0.366,0.188,0.188,0.58,0.23199999999999998,0.114,0.211,0.344,0.282,0.094,0.24600000000000002,0.38,0.366,0.682,0.502,0.643,0.8590000000000001,0.77,0.433,0.637,0.115,0.16,1.0,-0.3,1.6,16,0.1,0.5,-3.4,2.3,4.6,2024
Whit Merrifield,- - -,335,293,65,49,9,3,4,44,15,0.222,0.311,0.314,0.625,0.283,79,0.092,0.257,84.0,13.0,0.024,0.212,104.6,0.45,0.34600000000000003,0.204,0.084,0.36700000000000005,0.331,0.302,0.20800000000000002,0.5589999999999999,0.233,0.048,0.239,0.314,0.293,0.10400000000000001,0.155,0.67,0.27699999999999997,0.6890000000000001,0.451,0.69,0.907,0.83,0.423,0.636,0.077,0.179,7.1,1.5,0.5,32,3.1,0.5,-5.3,-1.5,4.4,2024
Garrett Hampson,KCR,231,213,49,35,13,1,0,16,16,0.23,0.275,0.3,0.576,0.255,60,0.07,0.314,86.0,16.2,0.044000000000000004,0.304,109.1,0.364,0.43700000000000006,0.19899999999999998,0.16699999999999998,0.386,0.31,0.304,0.23399999999999999,0.5,0.266,0.0,0.206,0.282,0.242,0.061,0.255,0.24,0.285,0.665,0.46299999999999997,0.634,0.8690000000000001,0.792,0.467,0.623,0.096,0.19,5.0,0.2,0.0,17,1.4,0.5,-9.1,6.1,4.7,2024
Nick Ahmed,- - -,228,210,48,39,6,1,2,20,17,0.229,0.267,0.295,0.562,0.248,59,0.067,0.288,84.9,13.4,0.03,0.23,104.2,0.439,0.389,0.172,0.115,0.4,0.424,0.17600000000000002,0.17600000000000002,0.63,0.19399999999999998,0.033,0.228,0.321,0.26,0.048,0.22399999999999998,0.22,0.392,0.71,0.541,0.685,0.812,0.763,0.467,0.715,0.128,0.16,4.0,-0.4,-0.2,15,-0.5,0.5,-11.8,8.9,4.8,2024
Eguy Rosario,SDP,57,53,13,4,6,0,3,5,6,0.245,0.286,0.528,0.814,0.345,125,0.283,0.333,89.2,12.9,0.147,0.47100000000000003,107.7,0.364,0.455,0.182,0.067,0.47100000000000003,0.324,0.20600000000000002,0.08800000000000001,0.618,0.294,0.2,0.196,0.392,0.274,0.035,0.35100000000000003,0.1,0.38,0.584,0.46,0.365,0.8270000000000001,0.596,0.39399999999999996,0.632,0.18600000000000003,0.195,0.6,-0.1,-0.7,8,-0.9,0.4,0.8,1.4,4.1,2024
Griffin Conine,MIA,89,82,22,14,4,1,3,14,12,0.268,0.326,0.451,0.777,0.337,115,0.183,0.373,89.1,7.0,0.07400000000000001,0.40700000000000003,112.5,0.556,0.278,0.16699999999999998,0.067,0.46299999999999997,0.37,0.16699999999999998,0.13,0.574,0.29600000000000004,0.2,0.219,0.373,0.289,0.067,0.315,0.21,0.353,0.748,0.527,0.606,0.836,0.75,0.44,0.596,0.132,0.147,4.5,-0.2,,12,-0.5,0.4,1.0,-0.4,3.6,2024
Michael Toglia,COL,458,399,87,45,14,3,25,62,55,0.218,0.311,0.456,0.767,0.329,98,0.238,0.27,92.2,15.0,0.172,0.5,112.0,0.361,0.424,0.21600000000000003,0.037000000000000005,0.4,0.392,0.20800000000000002,0.13699999999999998,0.41200000000000003,0.451,0.231,0.245,0.505,0.359,0.11800000000000001,0.321,0.37,0.29100000000000004,0.6920000000000001,0.449,0.457,0.8029999999999999,0.667,0.39399999999999996,0.609,0.149,0.165,6.1,0.8,1.7,61,1.1,0.4,-0.2,-11.4,3.7,2024
Juan Yepez,WSN,249,226,64,43,15,0,6,32,26,0.283,0.335,0.429,0.764,0.331,112,0.146,0.32,86.6,8.5,0.059000000000000004,0.35600000000000004,112.2,0.513,0.294,0.193,0.127,0.436,0.314,0.25,0.18100000000000002,0.5479999999999999,0.271,0.109,0.253,0.353,0.297,0.07200000000000001,0.16899999999999998,0.43,0.359,0.733,0.501,0.693,0.8959999999999999,0.8059999999999999,0.38,0.602,0.09699999999999999,0.142,3.1,-0.5,-0.7,33,-1.6,0.4,2.1,-6.7,3.8,2024
Casey Schmitt,SFG,113,107,27,16,4,1,6,11,16,0.252,0.283,0.477,0.76,0.323,109,0.224,0.273,89.2,16.5,0.084,0.361,109.7,0.386,0.446,0.16899999999999998,0.027000000000000003,0.45799999999999996,0.313,0.22899999999999998,0.157,0.48200000000000004,0.361,0.162,0.244,0.441,0.306,0.035,0.221,0.16,0.408,0.6859999999999999,0.524,0.607,0.888,0.76,0.41700000000000004,0.708,0.126,0.174,2.5,-0.2,,14,0.4,0.4,1.6,-1.5,3.9,2024
Jonathan Aranda,TBR,143,128,30,17,7,0,6,22,14,0.234,0.308,0.43,0.737,0.32,113,0.195,0.264,91.9,11.1,0.165,0.485,110.4,0.505,0.35100000000000003,0.14400000000000002,0.059000000000000004,0.515,0.289,0.196,0.113,0.41200000000000003,0.474,0.17600000000000002,0.257,0.518,0.36,0.084,0.22399999999999998,0.38,0.29,0.6559999999999999,0.45399999999999996,0.6629999999999999,0.893,0.812,0.447,0.713,0.085,0.195,2.3,-0.2,0.8,18,-1.3,0.4,0.8,-1.7,3.8,2024
Gary Sanchez,MIL,280,245,54,35,7,1,11,30,37,0.22,0.307,0.392,0.699,0.307,97,0.171,0.267,90.0,16.3,0.105,0.442,114.4,0.401,0.413,0.18600000000000003,0.085,0.47700000000000004,0.40700000000000003,0.11599999999999999,0.151,0.517,0.331,0.155,0.219,0.399,0.309,0.096,0.271,0.36,0.298,0.5720000000000001,0.40700000000000003,0.601,0.8170000000000001,0.722,0.397,0.586,0.113,0.225,2.2,-0.5,0.4,32,-1.3,0.4,-2.4,-3.4,3.6,2024
Miguel Andujar,OAK,319,302,86,67,14,1,4,31,30,0.285,0.32,0.377,0.697,0.306,103,0.093,0.319,86.1,9.2,0.027000000000000003,0.337,110.8,0.502,0.318,0.18,0.145,0.402,0.326,0.272,0.24100000000000002,0.552,0.207,0.048,0.26,0.337,0.282,0.040999999999999995,0.132,0.31,0.384,0.677,0.505,0.748,0.948,0.858,0.41100000000000003,0.633,0.071,0.16699999999999998,3.4,-0.9,-0.5,36,-2.1,0.4,-1.0,-5.4,4.2,2024
Ryan Bliss,SEA,71,63,14,8,3,1,2,10,9,0.222,0.29,0.397,0.687,0.3,101,0.175,0.308,88.5,6.8,0.09300000000000001,0.465,107.0,0.425,0.35,0.225,0.14300000000000002,0.302,0.512,0.18600000000000003,0.233,0.512,0.256,0.14300000000000002,0.217,0.426,0.31,0.07,0.31,0.23,0.262,0.763,0.49,0.45899999999999996,0.7440000000000001,0.6609999999999999,0.456,0.6759999999999999,0.165,0.131,8.3,-0.3,,8,0.0,0.4,0.1,1.7,4.2,2024
Trey Sweeney,DET,119,110,24,15,5,0,4,11,17,0.218,0.269,0.373,0.642,0.279,80,0.155,0.267,90.8,12.6,0.076,0.44299999999999995,109.0,0.456,0.405,0.139,0.094,0.38,0.506,0.114,0.10099999999999999,0.532,0.36700000000000005,0.125,0.203,0.381,0.281,0.059000000000000004,0.26899999999999996,0.22,0.359,0.675,0.5,0.42700000000000005,0.8370000000000001,0.674,0.446,0.63,0.163,0.154,3.9,0.2,,11,-0.3,0.4,-3.0,3.0,4.0,2024
Nasim Nunez,WSN,78,61,15,14,1,0,0,14,1,0.246,0.37,0.262,0.632,0.3,91,0.016,0.326,83.3,-2.0,0.0,0.21600000000000003,103.0,0.684,0.184,0.132,0.0,0.255,0.373,0.373,0.157,0.765,0.078,0.0,0.184,0.223,0.265,0.154,0.192,0.8,0.242,0.599,0.391,0.5870000000000001,0.951,0.82,0.419,0.615,0.07,0.196,6.6,0.6,,8,-0.3,0.4,-1.1,1.9,3.4,2024
Tyler Freeman,CLE,383,330,69,47,14,1,7,48,32,0.209,0.305,0.321,0.626,0.283,84,0.112,0.227,87.7,12.9,0.032,0.34600000000000003,109.2,0.452,0.38,0.168,0.113,0.413,0.35,0.237,0.18,0.5720000000000001,0.247,0.066,0.236,0.338,0.302,0.073,0.138,0.53,0.313,0.6629999999999999,0.46399999999999997,0.743,0.924,0.855,0.43200000000000005,0.621,0.067,0.18899999999999997,5.4,-1.0,1.5,36,-0.3,0.4,-7.2,-1.9,3.6,2024
Davis Schneider,TOR,454,397,76,43,19,1,13,48,46,0.191,0.282,0.343,0.625,0.277,80,0.151,0.257,88.6,21.4,0.12,0.38,109.3,0.298,0.496,0.205,0.109,0.469,0.271,0.26,0.14300000000000002,0.519,0.337,0.102,0.199,0.359,0.291,0.10400000000000001,0.317,0.33,0.257,0.682,0.425,0.5589999999999999,0.8059999999999999,0.716,0.397,0.579,0.121,0.191,4.7,0.5,,41,-0.4,0.4,-10.9,-0.6,3.5,2024
Jared Triolo,PIT,446,394,85,65,10,1,9,41,46,0.216,0.296,0.315,0.611,0.275,72,0.099,0.279,88.4,13.4,0.053,0.391,108.0,0.41600000000000004,0.39399999999999996,0.19,0.055,0.406,0.342,0.253,0.142,0.5770000000000001,0.281,0.08199999999999999,0.227,0.336,0.292,0.094,0.265,0.36,0.29100000000000004,0.715,0.474,0.562,0.848,0.748,0.43200000000000005,0.677,0.12,0.155,4.2,0.3,,39,0.0,0.4,-14.8,3.8,4.0,2024
Thairo Estrada,SFG,381,364,79,53,15,2,9,43,47,0.217,0.247,0.343,0.59,0.256,64,0.126,0.249,86.2,10.5,0.048,0.317,108.6,0.47200000000000003,0.34,0.188,0.153,0.469,0.317,0.214,0.207,0.51,0.28300000000000003,0.092,0.226,0.338,0.263,0.026000000000000002,0.19899999999999998,0.13,0.39399999999999996,0.6759999999999999,0.512,0.6629999999999999,0.919,0.804,0.418,0.693,0.1,0.18,4.2,-0.9,1.5,28,0.1,0.4,-16.1,7.2,3.8,2024
Michael A. Taylor,PIT,300,269,52,37,9,1,5,35,21,0.193,0.253,0.29,0.543,0.242,50,0.097,0.288,89.3,13.7,0.11599999999999999,0.401,111.8,0.414,0.364,0.222,0.085,0.45899999999999996,0.39,0.151,0.105,0.541,0.355,0.085,0.205,0.334,0.27,0.077,0.35,0.22,0.324,0.705,0.486,0.41100000000000003,0.7609999999999999,0.627,0.425,0.6629999999999999,0.18100000000000002,0.153,6.8,1.5,3.2,19,2.6,0.4,-15.2,9.3,4.1,2024
Austin Hedges,CLE,146,132,20,15,3,0,2,12,15,0.152,0.203,0.22,0.422,0.191,20,0.068,0.22,84.8,21.4,0.011000000000000001,0.24100000000000002,103.2,0.33299999999999996,0.519,0.14800000000000002,0.14300000000000002,0.529,0.253,0.218,0.149,0.598,0.253,0.048,0.127,0.179,0.166,0.040999999999999995,0.342,0.12,0.321,0.767,0.53,0.452,0.792,0.6829999999999999,0.47,0.63,0.168,0.131,4.8,0.2,-0.3,3,-0.7,0.4,-14.0,13.1,3.9,2024
Weston Wilson,PHI,98,88,25,14,7,1,3,13,10,0.284,0.347,0.489,0.836,0.358,129,0.205,0.386,89.7,19.2,0.15,0.5,108.6,0.36700000000000005,0.433,0.2,0.231,0.41700000000000004,0.233,0.35,0.217,0.33299999999999996,0.45,0.115,0.224,0.417,0.312,0.08199999999999999,0.29600000000000004,0.28,0.308,0.6709999999999999,0.45899999999999996,0.441,0.868,0.701,0.41700000000000004,0.5820000000000001,0.13699999999999998,0.16399999999999998,7.0,0.4,,15,0.4,0.3,3.8,-3.9,3.1,2024
Austin Shenton,TBR,50,42,9,3,5,0,1,3,3,0.214,0.34,0.405,0.745,0.33,120,0.19,0.296,83.9,15.5,0.036000000000000004,0.25,103.7,0.321,0.39299999999999996,0.28600000000000003,0.0,0.28600000000000003,0.28600000000000003,0.429,0.14300000000000002,0.607,0.25,0.091,0.2,0.294,0.288,0.16,0.28,0.57,0.217,0.608,0.396,0.56,0.746,0.69,0.45799999999999996,0.58,0.122,0.20199999999999999,0.3,-0.1,,7,-0.2,0.3,0.9,0.0,2.6,2024
Heston Kjerstad,BAL,114,99,25,19,2,0,4,8,14,0.253,0.351,0.394,0.745,0.327,115,0.141,0.339,90.2,10.2,0.061,0.439,108.5,0.455,0.348,0.19699999999999998,0.087,0.28800000000000003,0.439,0.273,0.182,0.53,0.28800000000000003,0.174,0.214,0.349,0.295,0.08800000000000001,0.289,0.3,0.386,0.799,0.556,0.521,0.863,0.723,0.41100000000000003,0.623,0.154,0.11599999999999999,2.2,-0.1,,15,-0.2,0.3,1.8,-2.8,2.8,2024
Tyler Soderstrom,OAK,213,189,44,25,10,0,9,18,26,0.233,0.315,0.429,0.743,0.322,114,0.196,0.273,91.9,9.6,0.146,0.496,112.1,0.489,0.38,0.131,0.057999999999999996,0.336,0.423,0.24100000000000002,0.08800000000000001,0.5329999999999999,0.38,0.17300000000000001,0.24,0.48,0.348,0.094,0.249,0.38,0.321,0.71,0.48700000000000004,0.507,0.845,0.7170000000000001,0.426,0.615,0.13699999999999998,0.139,0.5,-0.4,,27,-2.1,0.3,1.4,-5.6,2.9,2024
Josh Jung,TEX,188,178,47,34,5,1,7,19,16,0.264,0.298,0.421,0.719,0.311,104,0.157,0.323,86.2,12.2,0.099,0.397,108.3,0.435,0.35100000000000003,0.214,0.109,0.344,0.366,0.29,0.153,0.519,0.32799999999999996,0.152,0.241,0.397,0.292,0.043,0.255,0.17,0.37799999999999995,0.706,0.519,0.557,0.82,0.711,0.431,0.6759999999999999,0.15,0.16,5.3,0.5,-0.8,22,0.3,0.3,1.1,-4.0,3.3,2024
TJ Friedl,CIN,341,297,67,48,5,1,13,35,55,0.226,0.31,0.38,0.69,0.305,90,0.155,0.229,86.0,16.7,0.032,0.315,108.9,0.371,0.45399999999999996,0.175,0.128,0.48200000000000004,0.299,0.21899999999999997,0.21100000000000002,0.5379999999999999,0.251,0.11900000000000001,0.228,0.318,0.292,0.076,0.152,0.5,0.271,0.634,0.431,0.682,0.922,0.838,0.44,0.551,0.07,0.193,5.0,0.7,1.1,38,2.0,0.3,-2.1,-6.7,2.5,2024
Bligh Madris,DET,75,67,18,14,3,0,1,8,5,0.269,0.324,0.358,0.683,0.301,96,0.09,0.362,87.1,23.6,0.102,0.34700000000000003,108.3,0.271,0.479,0.25,0.13,0.313,0.313,0.375,0.22899999999999998,0.5,0.271,0.043,0.228,0.363,0.287,0.08,0.267,0.3,0.266,0.769,0.48700000000000004,0.585,0.7959999999999999,0.731,0.44,0.68,0.13,0.138,1.4,-0.2,0.1,8,-0.1,0.3,-0.4,1.0,3.1,2024
Daniel Schneemann,CLE,221,193,42,25,10,2,5,17,22,0.218,0.303,0.368,0.671,0.295,93,0.15,0.306,88.5,11.1,0.048,0.381,108.3,0.429,0.349,0.222,0.045,0.397,0.405,0.198,0.111,0.5479999999999999,0.341,0.114,0.209,0.307,0.277,0.113,0.317,0.36,0.29100000000000004,0.767,0.491,0.579,0.8029999999999999,0.726,0.42,0.643,0.134,0.136,4.4,-0.6,,23,-2.8,0.3,-4.6,0.1,2.9,2024
Nolan Gorman,STL,402,365,74,40,15,0,19,42,50,0.203,0.271,0.4,0.671,0.29,87,0.197,0.279,88.5,20.3,0.16699999999999998,0.384,111.0,0.324,0.491,0.185,0.10400000000000001,0.41700000000000004,0.41700000000000004,0.16699999999999998,0.18100000000000002,0.495,0.324,0.179,0.208,0.431,0.305,0.085,0.376,0.23,0.34700000000000003,0.723,0.509,0.465,0.743,0.635,0.43200000000000005,0.627,0.185,0.145,3.5,0.2,0.8,41,-0.7,0.3,-6.9,-3.5,3.1,2024
Jon Berti,NYY,74,66,18,17,0,0,1,10,6,0.273,0.342,0.318,0.661,0.3,96,0.045,0.333,84.2,11.0,0.019,0.302,110.7,0.40399999999999997,0.327,0.26899999999999996,0.0,0.226,0.358,0.415,0.226,0.528,0.245,0.059000000000000004,0.274,0.335,0.307,0.081,0.18899999999999997,0.43,0.204,0.6509999999999999,0.41700000000000004,0.759,0.8809999999999999,0.85,0.47600000000000003,0.649,0.063,0.203,5.6,0.4,0.7,8,1.0,0.3,0.6,-0.5,2.6,2024
Emmanuel Rivera,- - -,302,265,63,47,9,2,5,24,29,0.238,0.312,0.343,0.656,0.291,86,0.106,0.296,89.7,8.7,0.079,0.441,109.2,0.522,0.318,0.159,0.031,0.317,0.42100000000000004,0.262,0.129,0.485,0.386,0.078,0.25,0.383,0.318,0.086,0.228,0.38,0.32299999999999995,0.7240000000000001,0.484,0.55,0.8540000000000001,0.732,0.402,0.636,0.129,0.154,3.8,-0.2,-0.7,31,-0.8,0.3,-6.0,-0.9,3.2,2024
Stuart Fairchild,CIN,233,209,45,29,8,0,8,33,30,0.215,0.286,0.368,0.654,0.288,79,0.153,0.261,85.5,20.5,0.079,0.368,110.8,0.37200000000000005,0.49700000000000005,0.131,0.18100000000000002,0.474,0.303,0.22399999999999998,0.25,0.441,0.309,0.111,0.215,0.376,0.293,0.073,0.258,0.28,0.294,0.76,0.49200000000000005,0.45799999999999996,0.7929999999999999,0.679,0.426,0.618,0.158,0.129,6.5,1.8,-0.2,23,1.1,0.3,-4.8,-0.5,2.4,2024
Jorge Polanco,SEA,469,417,89,62,11,0,16,43,45,0.213,0.296,0.355,0.651,0.287,93,0.141,0.274,88.3,17.9,0.08900000000000001,0.37200000000000005,110.7,0.33799999999999997,0.42100000000000004,0.24100000000000002,0.043,0.486,0.319,0.195,0.142,0.55,0.309,0.13699999999999998,0.226,0.399,0.309,0.098,0.292,0.34,0.289,0.6709999999999999,0.446,0.595,0.823,0.736,0.41100000000000003,0.597,0.11800000000000001,0.17,2.4,-0.9,0.2,46,-1.5,0.3,-5.5,-6.9,3.1,2024
Nick Sogard,BOS,86,77,21,17,4,0,0,13,8,0.273,0.326,0.325,0.65,0.289,83,0.052,0.389,87.4,15.7,0.019,0.315,101.6,0.302,0.321,0.377,0.11800000000000001,0.40700000000000003,0.444,0.14800000000000002,0.09300000000000001,0.648,0.259,0.0,0.279,0.363,0.309,0.081,0.29100000000000004,0.28,0.326,0.677,0.483,0.5870000000000001,0.867,0.762,0.445,0.6859999999999999,0.115,0.172,5.8,0.4,,9,0.4,0.3,-1.3,1.6,3.1,2024
Chadwick Tromp,ATL,54,52,13,7,6,0,0,3,6,0.25,0.259,0.365,0.625,0.266,68,0.115,0.361,88.1,6.0,0.027999999999999997,0.361,107.6,0.444,0.306,0.25,0.0,0.41700000000000004,0.361,0.222,0.111,0.556,0.33299999999999996,0.0,0.244,0.327,0.252,0.019,0.315,0.06,0.452,0.654,0.5379999999999999,0.511,0.804,0.6629999999999999,0.429,0.63,0.18100000000000002,0.159,0.9,-0.1,0.4,4,0.0,0.3,-2.1,2.9,2.7,2024
Drew Millas,WSN,62,57,14,12,1,0,1,7,1,0.246,0.306,0.316,0.622,0.28,78,0.07,0.325,88.0,2.7,0.024,0.341,105.7,0.462,0.308,0.231,0.0,0.22,0.512,0.268,0.146,0.561,0.293,0.083,0.224,0.307,0.268,0.081,0.258,0.31,0.307,0.677,0.452,0.638,0.8959999999999999,0.789,0.39299999999999996,0.6940000000000001,0.095,0.16699999999999998,5.7,0.7,,6,1.0,0.3,-0.6,1.0,2.4,2024
Bo Bichette,TOR,336,311,70,49,16,1,4,29,31,0.225,0.277,0.322,0.598,0.264,70,0.096,0.269,89.2,7.2,0.044000000000000004,0.43,111.2,0.478,0.301,0.221,0.067,0.281,0.365,0.353,0.18100000000000002,0.514,0.305,0.053,0.251,0.37,0.299,0.06,0.19,0.31,0.405,0.7909999999999999,0.564,0.6459999999999999,0.9209999999999999,0.805,0.41100000000000003,0.6729999999999999,0.109,0.11800000000000001,4.4,0.0,0.2,27,-0.4,0.3,-11.9,3.6,2.8,2024
Garrett Stubbs,PHI,187,164,34,28,4,1,1,18,11,0.207,0.296,0.262,0.558,0.258,61,0.055,0.289,79.7,19.4,0.0,0.095,98.9,0.299,0.41100000000000003,0.29,0.159,0.435,0.304,0.261,0.27,0.6,0.13,0.023,0.192,0.238,0.246,0.091,0.267,0.34,0.341,0.667,0.479,0.639,0.862,0.77,0.42200000000000004,0.69,0.11,0.17800000000000002,6.1,0.6,0.9,14,1.6,0.3,-7.1,3.9,3.1,2024
Eric Haase,MIL,69,66,18,12,1,0,5,10,14,0.273,0.304,0.515,0.819,0.35,126,0.242,0.394,90.0,11.5,0.132,0.395,109.6,0.45899999999999996,0.324,0.21600000000000003,0.083,0.474,0.395,0.132,0.158,0.368,0.474,0.41700000000000004,0.226,0.465,0.308,0.043,0.406,0.11,0.318,0.7070000000000001,0.485,0.449,0.7559999999999999,0.6409999999999999,0.43,0.6809999999999999,0.174,0.207,1.5,-0.1,-1.5,10,-1.8,0.2,0.3,-0.3,2.3,2024
Nick Castellanos,PHI,659,606,154,97,30,4,23,80,86,0.254,0.311,0.431,0.742,0.321,104,0.177,0.294,88.3,15.1,0.079,0.377,113.1,0.375,0.38799999999999996,0.237,0.044000000000000004,0.386,0.371,0.243,0.128,0.542,0.33,0.126,0.27,0.438,0.333,0.062,0.21100000000000002,0.29,0.408,0.821,0.58,0.535,0.8540000000000001,0.7240000000000001,0.41700000000000004,0.698,0.16,0.10099999999999999,4.5,-0.8,-1.5,83,-3.8,0.2,-0.9,-18.7,2.4,2024
Romy Gonzalez,BOS,216,199,53,36,10,1,6,25,29,0.266,0.306,0.417,0.723,0.311,98,0.151,0.338,92.3,3.7,0.083,0.51,112.3,0.556,0.268,0.17600000000000002,0.105,0.317,0.414,0.26899999999999996,0.152,0.42100000000000004,0.428,0.158,0.255,0.415,0.313,0.055999999999999994,0.26899999999999996,0.21,0.40399999999999997,0.775,0.5529999999999999,0.563,0.857,0.7290000000000001,0.40299999999999997,0.6990000000000001,0.15,0.128,6.0,0.6,-0.4,25,-0.3,0.2,-0.7,-4.2,2.3,2024
Rhys Hoskins,MIL,517,449,96,56,14,0,26,59,82,0.214,0.303,0.419,0.722,0.313,101,0.205,0.25,88.7,20.7,0.127,0.419,109.6,0.34,0.484,0.17600000000000002,0.135,0.546,0.271,0.183,0.17,0.461,0.369,0.17600000000000002,0.202,0.387,0.301,0.10300000000000001,0.28800000000000003,0.36,0.281,0.615,0.428,0.6659999999999999,0.8320000000000001,0.7709999999999999,0.439,0.615,0.098,0.201,2.7,-0.3,-4.4,62,-3.3,0.2,-2.6,-12.7,1.9,2024
Austin Hays,- - -,255,235,60,37,18,0,5,26,20,0.255,0.303,0.396,0.699,0.303,97,0.14,0.318,88.9,14.9,0.067,0.402,109.9,0.41,0.38799999999999996,0.20199999999999999,0.11599999999999999,0.508,0.29100000000000004,0.201,0.17300000000000001,0.469,0.358,0.07200000000000001,0.234,0.363,0.287,0.035,0.231,0.15,0.38799999999999996,0.743,0.544,0.536,0.852,0.726,0.441,0.6779999999999999,0.149,0.142,2.8,-0.8,0.5,28,-0.1,0.2,-1.1,-5.7,1.6,2024
Luis Urias,SEA,109,94,18,7,7,0,4,11,16,0.191,0.303,0.394,0.696,0.309,108,0.202,0.25,87.1,19.1,0.11699999999999999,0.35,106.6,0.317,0.483,0.2,0.207,0.5,0.36700000000000005,0.133,0.233,0.5,0.267,0.138,0.206,0.4,0.318,0.083,0.312,0.26,0.33799999999999997,0.6509999999999999,0.467,0.733,0.843,0.7959999999999999,0.41200000000000003,0.6509999999999999,0.095,0.17800000000000002,1.4,-0.2,0.3,13,-0.4,0.2,0.6,-2.3,1.9,2024
Dominic Smith,- - -,307,275,64,36,22,0,6,33,34,0.233,0.313,0.378,0.691,0.306,94,0.145,0.301,89.3,13.1,0.106,0.387,109.1,0.40700000000000003,0.392,0.201,0.038,0.41700000000000004,0.35700000000000004,0.226,0.131,0.5529999999999999,0.317,0.077,0.219,0.383,0.302,0.091,0.248,0.37,0.304,0.664,0.45299999999999996,0.6509999999999999,0.853,0.774,0.415,0.6579999999999999,0.102,0.174,2.2,-0.7,0.2,35,-1.9,0.2,-3.9,-4.3,2.0,2024
Kyle McCann,OAK,157,140,33,24,4,0,5,13,15,0.236,0.318,0.371,0.69,0.304,102,0.136,0.368,89.6,12.6,0.12300000000000001,0.38299999999999995,111.4,0.457,0.358,0.185,0.069,0.395,0.37,0.235,0.16,0.519,0.321,0.172,0.184,0.351,0.274,0.102,0.376,0.27,0.27899999999999997,0.6970000000000001,0.45899999999999996,0.34700000000000003,0.6859999999999999,0.568,0.431,0.599,0.198,0.151,0.7,-0.3,,18,-2.7,0.2,-2.4,-1.1,1.7,2024
Derek Hill,- - -,172,162,39,26,4,2,7,19,25,0.241,0.271,0.42,0.69,0.296,89,0.179,0.32,88.3,9.9,0.11,0.36700000000000005,111.3,0.452,0.317,0.231,0.03,0.321,0.40399999999999997,0.275,0.138,0.55,0.312,0.212,0.241,0.396,0.294,0.028999999999999998,0.326,0.09,0.39799999999999996,0.713,0.54,0.444,0.821,0.669,0.452,0.657,0.179,0.149,6.9,0.1,0.6,18,0.3,0.2,-1.9,-1.6,2.2,2024
Amed Rosario,- - -,346,332,93,69,18,3,3,29,32,0.28,0.306,0.38,0.686,0.299,96,0.099,0.35,86.9,4.6,0.046,0.36200000000000004,108.9,0.512,0.27699999999999997,0.212,0.111,0.335,0.381,0.285,0.2,0.55,0.25,0.042,0.25,0.359,0.28,0.026000000000000002,0.21100000000000002,0.12,0.423,0.741,0.551,0.654,0.889,0.7809999999999999,0.402,0.642,0.12,0.14400000000000002,5.6,-0.1,1.2,37,0.7,0.2,-1.0,-8.3,2.1,2024
James McCann,BAL,233,214,50,33,9,0,8,27,31,0.234,0.279,0.388,0.667,0.288,88,0.154,0.273,87.4,14.4,0.086,0.377,110.5,0.38799999999999996,0.406,0.20600000000000002,0.092,0.32899999999999996,0.391,0.28,0.18,0.5710000000000001,0.248,0.12300000000000001,0.245,0.418,0.313,0.055999999999999994,0.24,0.23,0.36700000000000005,0.7040000000000001,0.515,0.578,0.845,0.738,0.44,0.618,0.135,0.146,3.0,-0.2,-1.4,23,-1.5,0.2,-4.6,-1.6,1.5,2024
Jose Herrera,ARI,114,97,22,16,4,1,1,11,13,0.227,0.29,0.32,0.609,0.271,71,0.093,0.3,84.4,8.2,0.0,0.231,104.5,0.47100000000000003,0.28600000000000003,0.243,0.1,0.5379999999999999,0.282,0.179,0.192,0.59,0.218,0.05,0.216,0.27,0.252,0.079,0.237,0.33,0.244,0.611,0.409,0.612,0.877,0.79,0.451,0.588,0.086,0.21,3.4,-0.2,-1.2,10,-0.3,0.2,-4.3,2.1,1.7,2024
Ezequiel Duran,TEX,285,268,66,52,11,0,3,26,20,0.246,0.288,0.321,0.609,0.27,75,0.075,0.31,87.1,8.9,0.034,0.359,111.8,0.46799999999999997,0.376,0.156,0.13,0.316,0.408,0.27699999999999997,0.184,0.5529999999999999,0.262,0.039,0.215,0.309,0.251,0.049,0.221,0.22,0.414,0.752,0.555,0.63,0.871,0.7659999999999999,0.419,0.674,0.129,0.127,2.0,-1.1,1.1,24,-0.9,0.2,-9.0,1.4,1.8,2024
Christian Bethancourt,- - -,147,139,29,17,7,0,5,18,22,0.209,0.241,0.367,0.608,0.263,66,0.158,0.245,89.1,12.3,0.076,0.419,110.9,0.475,0.39399999999999996,0.131,0.10300000000000001,0.419,0.36200000000000004,0.21899999999999997,0.124,0.581,0.295,0.128,0.218,0.36,0.267,0.034,0.245,0.14,0.484,0.782,0.601,0.612,0.81,0.713,0.391,0.721,0.172,0.10099999999999999,5.5,0.4,1.2,12,0.5,0.2,-5.5,2.6,2.0,2024
Reese McGuire,BOS,158,139,29,23,3,0,3,10,18,0.209,0.28,0.295,0.575,0.259,62,0.086,0.26,84.0,12.4,0.067,0.26899999999999996,105.8,0.43,0.39,0.18,0.077,0.385,0.365,0.25,0.25,0.5,0.25,0.077,0.222,0.341,0.282,0.08199999999999999,0.247,0.33,0.327,0.625,0.45,0.598,0.904,0.774,0.41200000000000003,0.608,0.102,0.18899999999999997,3.4,0.3,-0.4,12,-0.2,0.2,-7.2,3.7,1.7,2024
Kevin Kiermaier,- - -,281,259,51,34,9,3,5,31,26,0.197,0.237,0.313,0.55,0.241,54,0.116,0.272,86.4,7.3,0.039,0.298,105.9,0.544,0.304,0.152,0.077,0.40299999999999997,0.34299999999999997,0.254,0.149,0.597,0.254,0.096,0.196,0.279,0.233,0.043,0.306,0.14,0.34600000000000003,0.779,0.539,0.49200000000000005,0.773,0.6729999999999999,0.445,0.648,0.177,0.11699999999999999,6.9,0.0,1.7,17,-0.1,0.2,-15.2,8.1,2.3,2024
Mason McCoy,SDP,57,49,10,8,2,0,0,7,3,0.204,0.278,0.245,0.523,0.241,55,0.041,0.333,82.9,9.3,0.0,0.152,100.1,0.536,0.214,0.25,0.0,0.273,0.33299999999999996,0.39399999999999996,0.212,0.636,0.152,0.0,0.202,0.241,0.242,0.08800000000000001,0.33299999999999996,0.26,0.354,0.5589999999999999,0.444,0.5429999999999999,0.877,0.728,0.44,0.772,0.121,0.22,5.1,0.1,,3,0.8,0.2,-2.2,2.1,1.7,2024
Connor Norby,- - -,194,178,42,24,9,0,9,32,20,0.236,0.294,0.438,0.732,0.316,101,0.202,0.311,86.2,17.0,0.14800000000000002,0.391,107.5,0.33899999999999997,0.409,0.252,0.021,0.48700000000000004,0.278,0.235,0.191,0.452,0.35700000000000004,0.191,0.228,0.439,0.316,0.077,0.33,0.23,0.389,0.823,0.5760000000000001,0.53,0.792,0.691,0.431,0.737,0.17800000000000002,0.10400000000000001,4.2,-0.9,,24,-1.9,0.1,-1.6,-4.0,0.9,2024
Kody Clemens,PHI,120,114,25,10,9,1,5,17,18,0.219,0.258,0.447,0.706,0.301,90,0.228,0.25,89.4,19.1,0.071,0.424,108.4,0.365,0.48200000000000004,0.153,0.098,0.435,0.353,0.212,0.2,0.47100000000000003,0.32899999999999996,0.122,0.192,0.345,0.251,0.042,0.242,0.17,0.37200000000000005,0.638,0.491,0.75,0.851,0.809,0.449,0.583,0.094,0.175,4.0,-0.1,-0.7,13,-0.2,0.1,-1.5,-1.5,1.0,2024
Andres Chaparro,WSN,132,121,26,10,12,0,4,12,15,0.215,0.28,0.413,0.694,0.301,92,0.198,0.237,87.8,16.6,0.062,0.33,107.1,0.381,0.485,0.134,0.128,0.423,0.361,0.21600000000000003,0.18600000000000003,0.495,0.32,0.085,0.226,0.392,0.301,0.053,0.182,0.29,0.353,0.79,0.535,0.593,0.902,0.7829999999999999,0.41700000000000004,0.6970000000000001,0.11599999999999999,0.11599999999999999,2.7,-0.4,,14,-0.9,0.1,-2.1,-1.7,0.6,2024
Hunter Renfroe,KCR,424,385,88,55,18,0,15,44,52,0.229,0.297,0.392,0.689,0.302,93,0.164,0.254,88.5,16.7,0.066,0.39399999999999996,112.0,0.39399999999999996,0.46,0.146,0.129,0.503,0.321,0.175,0.225,0.47,0.305,0.10800000000000001,0.223,0.362,0.291,0.085,0.198,0.43,0.297,0.647,0.444,0.649,0.8640000000000001,0.7809999999999999,0.42,0.606,0.09699999999999999,0.19399999999999998,1.8,-0.9,-1.2,47,-3.6,0.1,-6.9,-6.2,1.0,2024
Jo Adell,LAA,451,405,84,47,15,2,20,54,62,0.207,0.28,0.402,0.682,0.296,91,0.195,0.244,89.8,15.8,0.11699999999999999,0.445,115.6,0.355,0.461,0.184,0.146,0.42200000000000004,0.337,0.24100000000000002,0.177,0.507,0.316,0.154,0.224,0.418,0.312,0.078,0.27899999999999997,0.28,0.345,0.731,0.49700000000000005,0.5870000000000001,0.8190000000000001,0.721,0.39299999999999996,0.63,0.139,0.132,5.3,-1.7,0.0,48,-3.1,0.1,-7.7,-6.1,1.2,2024
Joshua Palacios,PIT,78,67,15,11,2,0,2,10,9,0.224,0.333,0.343,0.677,0.307,94,0.119,0.245,89.8,3.4,0.036000000000000004,0.473,108.4,0.618,0.255,0.127,0.214,0.436,0.29100000000000004,0.273,0.218,0.455,0.327,0.14300000000000002,0.264,0.388,0.342,0.128,0.154,0.83,0.254,0.7140000000000001,0.44299999999999995,0.674,0.833,0.779,0.41,0.564,0.09699999999999999,0.139,4.0,0.0,0.0,9,0.0,0.1,-0.6,-0.9,1.1,2024
Spencer Torkelson,DET,381,342,75,43,21,1,10,45,37,0.219,0.295,0.374,0.669,0.295,91,0.155,0.285,89.0,20.2,0.067,0.39299999999999996,109.0,0.34,0.508,0.151,0.149,0.475,0.303,0.223,0.193,0.563,0.244,0.083,0.209,0.351,0.282,0.087,0.276,0.31,0.267,0.6940000000000001,0.46,0.541,0.861,0.76,0.45299999999999996,0.606,0.111,0.171,2.5,-0.6,-1.5,40,-1.2,0.1,-5.2,-6.7,0.8,2024
Jace Jung,DET,94,79,19,14,5,0,0,14,3,0.241,0.362,0.304,0.665,0.308,100,0.063,0.38,86.0,11.4,0.04,0.32,107.4,0.52,0.26,0.22,0.0,0.32,0.32,0.36,0.14,0.58,0.28,0.0,0.22,0.289,0.287,0.16,0.309,0.52,0.311,0.665,0.456,0.563,0.8190000000000001,0.716,0.409,0.5429999999999999,0.13,0.174,2.6,-0.6,,11,-0.4,0.1,-0.4,-2.1,0.6,2024
Jake Bauers,MIL,346,302,60,37,9,2,12,45,43,0.199,0.301,0.361,0.662,0.294,88,0.162,0.279,89.4,22.6,0.10300000000000001,0.429,110.1,0.287,0.49700000000000005,0.215,0.08900000000000001,0.5,0.31,0.19,0.179,0.484,0.337,0.133,0.201,0.379,0.302,0.113,0.341,0.33,0.231,0.7190000000000001,0.457,0.433,0.8390000000000001,0.7290000000000001,0.46399999999999997,0.627,0.124,0.16899999999999998,6.9,1.6,-0.7,36,1.1,0.1,-3.9,-6.9,0.8,2024
Dominic Canzone,SEA,188,168,33,18,7,0,8,20,17,0.196,0.271,0.381,0.652,0.28,88,0.185,0.229,89.9,9.1,0.111,0.444,110.5,0.444,0.42700000000000005,0.128,0.04,0.35,0.42700000000000005,0.222,0.205,0.48700000000000004,0.308,0.16,0.215,0.426,0.307,0.096,0.282,0.34,0.40700000000000003,0.6890000000000001,0.522,0.542,0.81,0.6859999999999999,0.40700000000000003,0.7070000000000001,0.16399999999999998,0.154,2.8,-0.1,,17,0.1,0.1,-2.6,-3.1,0.6,2024
Mickey Moniak,LAA,418,392,86,53,17,2,14,48,49,0.219,0.266,0.38,0.646,0.281,80,0.161,0.272,88.1,19.8,0.09300000000000001,0.344,112.8,0.35700000000000004,0.455,0.188,0.16699999999999998,0.484,0.308,0.20800000000000002,0.19399999999999998,0.484,0.32299999999999995,0.111,0.221,0.379,0.283,0.05,0.273,0.18,0.42200000000000004,0.763,0.5589999999999999,0.619,0.8140000000000001,0.726,0.40399999999999997,0.677,0.153,0.129,5.1,-0.6,-1.6,39,-1.3,0.1,-10.8,-1.8,1.2,2024
Lenyn Sosa,CHW,369,351,89,68,13,0,8,28,35,0.254,0.283,0.359,0.642,0.28,81,0.105,0.303,89.0,12.3,0.061,0.41200000000000003,110.7,0.396,0.364,0.24,0.12,0.34299999999999997,0.361,0.29600000000000004,0.191,0.531,0.278,0.08,0.278,0.419,0.316,0.033,0.209,0.16,0.413,0.6809999999999999,0.527,0.741,0.887,0.821,0.423,0.631,0.094,0.16899999999999998,2.4,-0.5,0.2,34,-0.7,0.1,-8.9,-2.4,0.9,2024
Jung Hoo Lee,SFG,158,145,38,32,4,0,2,15,8,0.262,0.31,0.331,0.641,0.284,83,0.069,0.273,89.1,9.2,0.045,0.418,108.9,0.47,0.34299999999999997,0.187,0.065,0.35100000000000003,0.366,0.284,0.157,0.545,0.299,0.043,0.278,0.404,0.319,0.063,0.08199999999999999,0.77,0.31,0.579,0.436,0.851,0.955,0.915,0.467,0.614,0.037000000000000005,0.223,2.4,-1.2,,15,-0.2,0.1,-3.3,-1.0,1.0,2024
David Dahl,PHI,62,58,12,7,2,0,3,6,8,0.207,0.242,0.397,0.638,0.273,71,0.19,0.257,86.8,12.1,0.079,0.184,105.6,0.447,0.368,0.184,0.0,0.526,0.289,0.184,0.079,0.5529999999999999,0.368,0.214,0.198,0.363,0.259,0.048,0.33899999999999997,0.14,0.41600000000000004,0.75,0.541,0.493,0.867,0.688,0.376,0.581,0.16899999999999998,0.105,1.1,-0.1,0.1,5,-0.1,0.1,-2.2,1.3,1.2,2024
Evan Carter,TEX,162,144,27,14,6,2,5,23,15,0.188,0.272,0.361,0.633,0.278,81,0.174,0.227,86.0,13.9,0.059000000000000004,0.324,108.7,0.41200000000000003,0.441,0.147,0.08900000000000001,0.42200000000000004,0.363,0.21600000000000003,0.235,0.451,0.314,0.111,0.208,0.332,0.281,0.09300000000000001,0.265,0.35,0.21600000000000003,0.581,0.38299999999999995,0.5529999999999999,0.878,0.778,0.457,0.599,0.085,0.22,7.2,0.2,,15,1.2,0.1,-2.3,-2.0,1.1,2024
Jonatan Clase,- - -,66,61,15,12,2,0,1,7,5,0.246,0.303,0.328,0.631,0.283,87,0.082,0.326,87.9,15.1,0.0,0.295,105.6,0.395,0.512,0.09300000000000001,0.0,0.386,0.43200000000000005,0.182,0.091,0.591,0.318,0.045,0.169,0.243,0.209,0.045,0.258,0.18,0.318,0.6990000000000001,0.479,0.653,0.848,0.773,0.423,0.727,0.10800000000000001,0.16399999999999998,4.9,0.1,,6,0.4,0.1,-0.5,-1.0,0.7,2024
Estevan Florial,CLE,111,98,17,6,6,2,3,11,11,0.173,0.264,0.367,0.631,0.277,80,0.194,0.259,88.7,12.9,0.10300000000000001,0.414,110.7,0.439,0.368,0.193,0.095,0.5,0.31,0.19,0.172,0.517,0.31,0.14300000000000002,0.166,0.283,0.247,0.099,0.369,0.27,0.306,0.789,0.504,0.43200000000000005,0.6709999999999999,0.586,0.41100000000000003,0.595,0.20800000000000002,0.126,6.3,-0.1,1.0,10,0.9,0.1,-1.6,-1.4,0.6,2024
Cavan Biggio,- - -,224,188,37,27,5,0,5,27,19,0.197,0.314,0.303,0.617,0.285,84,0.106,0.288,82.0,21.2,0.025,0.16699999999999998,104.7,0.342,0.40399999999999997,0.254,0.196,0.364,0.40700000000000003,0.22899999999999998,0.237,0.602,0.161,0.109,0.179,0.239,0.256,0.107,0.321,0.33,0.195,0.581,0.37799999999999995,0.561,0.871,0.787,0.474,0.6609999999999999,0.081,0.23800000000000002,3.9,-0.1,0.9,22,0.4,0.1,-3.9,-2.5,1.0,2024
Joey Loperfido,- - -,262,243,52,31,13,4,4,24,25,0.214,0.264,0.35,0.614,0.268,73,0.136,0.331,88.3,12.9,0.04,0.34700000000000003,110.1,0.405,0.331,0.264,0.08199999999999999,0.46,0.313,0.22699999999999998,0.127,0.647,0.22699999999999998,0.08199999999999999,0.204,0.311,0.254,0.05,0.363,0.14,0.37200000000000005,0.7240000000000001,0.521,0.498,0.8009999999999999,0.6759999999999999,0.423,0.6559999999999999,0.171,0.14400000000000002,6.2,-0.4,,22,-0.4,0.1,-8.4,0.3,0.6,2024
Leo Rivas,SEA,86,73,17,15,1,1,0,10,8,0.233,0.333,0.274,0.607,0.282,89,0.041,0.347,87.2,12.6,0.02,0.275,102.1,0.348,0.28300000000000003,0.37,0.077,0.451,0.41200000000000003,0.13699999999999998,0.13699999999999998,0.569,0.294,0.0,0.244,0.312,0.301,0.11599999999999999,0.27899999999999997,0.42,0.163,0.604,0.364,0.485,0.833,0.748,0.456,0.581,0.092,0.221,7.5,0.4,,8,0.3,0.1,-0.8,-1.5,0.5,2024
Oliver Dunn,MIL,104,95,21,16,2,2,1,11,7,0.221,0.282,0.316,0.597,0.266,69,0.095,0.37,89.1,6.6,0.054000000000000006,0.46399999999999997,110.7,0.48100000000000004,0.278,0.24100000000000002,0.133,0.48200000000000004,0.33899999999999997,0.179,0.14300000000000002,0.518,0.33899999999999997,0.067,0.207,0.318,0.263,0.057999999999999996,0.385,0.15,0.242,0.65,0.44,0.423,0.795,0.69,0.486,0.596,0.136,0.20800000000000002,7.8,0.4,,8,0.8,0.1,-3.0,0.9,1.4,2024
Luis Guillorme,- - -,187,161,33,23,9,1,0,14,10,0.205,0.301,0.273,0.574,0.263,67,0.068,0.26,85.5,5.8,0.023,0.21100000000000002,108.5,0.528,0.252,0.22,0.063,0.258,0.39799999999999996,0.344,0.16399999999999998,0.648,0.188,0.0,0.223,0.29,0.279,0.12300000000000001,0.193,0.64,0.259,0.627,0.418,0.737,0.912,0.851,0.431,0.519,0.062,0.196,4.5,-0.4,0.4,15,0.1,0.1,-7.0,2.1,1.2,2024
Ke'Bryan Hayes,PIT,396,365,85,72,9,0,4,38,25,0.233,0.283,0.29,0.573,0.256,60,0.058,0.279,88.9,4.8,0.024,0.429,110.4,0.527,0.282,0.19,0.084,0.289,0.405,0.306,0.218,0.544,0.23800000000000002,0.048,0.244,0.327,0.279,0.057999999999999996,0.18899999999999997,0.31,0.315,0.626,0.44799999999999995,0.6990000000000001,0.9390000000000001,0.8420000000000001,0.426,0.624,0.071,0.19699999999999998,4.4,0.6,2.5,29,0.4,0.1,-18.7,6.5,1.1,2024
Brooks Baldwin,CHW,121,114,24,16,6,0,2,9,8,0.211,0.25,0.316,0.566,0.249,59,0.105,0.272,87.4,26.2,0.048,0.321,105.9,0.253,0.532,0.215,0.19,0.35700000000000004,0.369,0.27399999999999997,0.179,0.56,0.262,0.048,0.216,0.343,0.262,0.05,0.256,0.19,0.395,0.7909999999999999,0.569,0.691,0.831,0.777,0.44,0.7020000000000001,0.127,0.122,4.7,0.6,,8,1.3,0.1,-4.4,1.1,0.7,2024
Brandon Crawford,STL,80,71,12,6,5,0,1,5,4,0.169,0.263,0.282,0.544,0.248,58,0.113,0.25,89.7,13.5,0.067,0.33299999999999996,108.4,0.42200000000000004,0.35600000000000004,0.222,0.063,0.556,0.311,0.133,0.133,0.578,0.289,0.063,0.21,0.313,0.279,0.1,0.325,0.31,0.33299999999999996,0.736,0.514,0.39,0.821,0.667,0.449,0.688,0.171,0.15,0.8,-0.1,-0.1,5,0.1,0.1,-3.9,2.6,1.4,2024
Tomas Nido,- - -,140,130,25,17,4,0,4,14,12,0.192,0.219,0.315,0.534,0.231,48,0.123,0.226,89.8,14.1,0.12,0.44,108.4,0.41700000000000004,0.41700000000000004,0.16699999999999998,0.075,0.39,0.31,0.3,0.1,0.57,0.33,0.1,0.217,0.41,0.282,0.036000000000000004,0.25,0.14,0.442,0.8029999999999999,0.601,0.528,0.7879999999999999,0.6809999999999999,0.441,0.721,0.192,0.111,1.9,-0.2,-0.2,7,-0.6,0.1,-9.4,5.9,1.2,2024
Charlie Blackmon,COL,499,449,115,74,24,5,12,59,52,0.256,0.329,0.412,0.741,0.323,93,0.156,0.293,84.8,16.4,0.052000000000000005,0.272,107.6,0.366,0.41,0.223,0.141,0.451,0.35200000000000004,0.198,0.228,0.486,0.28600000000000003,0.081,0.247,0.364,0.305,0.086,0.172,0.5,0.331,0.675,0.479,0.72,0.894,0.826,0.431,0.619,0.083,0.165,5.1,-0.6,-0.5,63,-0.5,0.0,-4.5,-11.9,0.3,2024
Ben Gamel,- - -,99,81,20,15,4,0,1,22,4,0.247,0.384,0.333,0.717,0.327,114,0.086,0.339,89.1,12.8,0.105,0.368,110.5,0.429,0.33899999999999997,0.23199999999999998,0.053,0.42100000000000004,0.35100000000000003,0.228,0.175,0.544,0.281,0.053,0.259,0.368,0.343,0.182,0.242,0.75,0.20600000000000002,0.605,0.381,0.409,0.802,0.6829999999999999,0.43799999999999994,0.525,0.12,0.196,4.6,-0.1,0.2,13,-0.7,0.0,0.8,-4.0,0.1,2024
Kyle Manzardo,CLE,156,145,34,17,12,0,5,11,15,0.234,0.282,0.421,0.703,0.303,98,0.186,0.29,89.1,22.0,0.095,0.4,109.8,0.295,0.5329999999999999,0.171,0.054000000000000006,0.381,0.34299999999999997,0.276,0.133,0.524,0.34299999999999997,0.08900000000000001,0.197,0.377,0.271,0.057999999999999996,0.263,0.22,0.313,0.6579999999999999,0.467,0.545,0.845,0.7340000000000001,0.447,0.66,0.124,0.182,0.5,-0.2,,17,0.0,0.0,-0.3,-4.6,0.3,2024
Willie Calhoun,LAA,254,229,56,35,16,0,5,26,20,0.245,0.315,0.38,0.695,0.305,97,0.135,0.263,89.0,12.4,0.03,0.377,109.6,0.43200000000000005,0.37200000000000005,0.196,0.162,0.392,0.377,0.231,0.166,0.5379999999999999,0.29600000000000004,0.068,0.258,0.354,0.305,0.091,0.122,0.74,0.27399999999999997,0.654,0.436,0.76,0.94,0.8759999999999999,0.428,0.606,0.054000000000000006,0.177,1.6,-0.9,-1.5,29,-1.8,0.0,-2.7,-6.0,-0.3,2024
Eric Wagaman,LAA,74,72,18,11,5,0,2,6,10,0.25,0.27,0.403,0.673,0.29,87,0.153,0.302,91.7,8.3,0.055,0.4,111.7,0.418,0.364,0.218,0.1,0.29100000000000004,0.4,0.309,0.145,0.455,0.4,0.1,0.267,0.412,0.302,0.027000000000000003,0.23,0.12,0.345,0.727,0.517,0.588,0.909,0.7909999999999999,0.45,0.649,0.10800000000000001,0.149,0.9,-0.1,,7,0.1,0.0,-1.0,-1.5,-0.1,2024
Jose Tena,- - -,168,161,43,35,5,0,3,14,15,0.267,0.298,0.354,0.652,0.286,82,0.087,0.342,91.2,7.6,0.083,0.49200000000000005,109.4,0.48700000000000004,0.299,0.214,0.057,0.275,0.358,0.36700000000000005,0.15,0.5,0.35,0.086,0.254,0.417,0.305,0.042,0.244,0.17,0.33899999999999997,0.698,0.498,0.622,0.885,0.785,0.44299999999999995,0.643,0.107,0.166,4.1,0.5,,16,0.4,0.0,-3.1,-2.3,0.2,2024
Santiago Espinal,CIN,391,357,88,67,12,0,9,32,45,0.246,0.295,0.356,0.65,0.285,76,0.109,0.265,85.9,15.0,0.019,0.24100000000000002,105.9,0.38799999999999996,0.368,0.244,0.106,0.392,0.289,0.318,0.16699999999999998,0.627,0.20600000000000002,0.08,0.258,0.344,0.288,0.061,0.138,0.44,0.306,0.7140000000000001,0.48700000000000004,0.738,0.941,0.87,0.444,0.601,0.063,0.16,4.0,1.1,-1.5,38,0.9,0.0,-10.3,-2.5,0.3,2024
Yuli Gurriel,KCR,65,54,13,10,3,0,0,7,6,0.241,0.338,0.296,0.635,0.289,84,0.056,0.317,90.3,7.5,0.024,0.537,106.0,0.439,0.293,0.268,0.083,0.561,0.366,0.073,0.122,0.512,0.366,0.0,0.254,0.328,0.316,0.138,0.231,0.6,0.284,0.652,0.431,0.6459999999999999,0.89,0.7929999999999999,0.39899999999999997,0.523,0.08900000000000001,0.196,4.0,0.1,0.4,6,0.1,0.0,-1.1,-1.5,-0.4,2024
Angel Martinez,CLE,169,151,35,25,7,0,3,16,11,0.232,0.298,0.338,0.635,0.282,83,0.106,0.274,86.5,14.9,0.017,0.322,106.2,0.43200000000000005,0.40700000000000003,0.161,0.125,0.413,0.42100000000000004,0.165,0.165,0.5870000000000001,0.248,0.063,0.223,0.304,0.271,0.08900000000000001,0.195,0.45,0.369,0.642,0.48200000000000004,0.728,0.905,0.825,0.41200000000000003,0.639,0.084,0.18600000000000003,3.5,-0.1,,16,0.6,0.0,-2.6,-3.4,-0.4,2024
Avisail Garcia,MIA,51,50,12,9,1,0,2,4,2,0.24,0.255,0.38,0.635,0.274,73,0.14,0.286,86.6,2.1,0.081,0.297,107.0,0.649,0.21600000000000003,0.135,0.0,0.405,0.37799999999999995,0.21600000000000003,0.18899999999999997,0.486,0.324,0.25,0.25,0.405,0.293,0.02,0.255,0.08,0.4,0.895,0.602,0.455,0.897,0.723,0.409,0.647,0.165,0.07400000000000001,0.7,-0.1,-0.3,4,0.0,0.0,-1.7,0.0,0.0,2024
Jacob Wilson,OAK,103,92,23,19,2,2,0,11,3,0.25,0.314,0.315,0.629,0.281,86,0.065,0.277,85.4,9.5,0.0,0.19,104.6,0.518,0.265,0.217,0.045,0.345,0.41700000000000004,0.23800000000000002,0.11900000000000001,0.643,0.23800000000000002,0.0,0.266,0.31,0.287,0.078,0.09699999999999999,0.8,0.39,0.664,0.493,0.8240000000000001,0.943,0.884,0.375,0.631,0.057,0.16899999999999998,4.2,-0.2,,10,-0.3,0.0,-2.0,-1.1,0.4,2024
Zach DeLoach,CHW,75,67,14,8,5,0,1,10,5,0.209,0.293,0.328,0.622,0.279,80,0.119,0.289,87.4,3.1,0.0,0.326,104.4,0.5329999999999999,0.222,0.244,0.0,0.326,0.348,0.326,0.13,0.674,0.196,0.1,0.213,0.27,0.263,0.107,0.28,0.38,0.267,0.73,0.49700000000000005,0.425,0.861,0.743,0.49700000000000005,0.64,0.127,0.147,2.9,-0.5,,7,-0.5,0.0,-2.3,-0.2,0.0,2024
Edouard Julien,MIN,301,266,53,36,9,0,8,36,21,0.199,0.292,0.323,0.616,0.278,79,0.124,0.288,87.8,11.8,0.098,0.37799999999999995,110.2,0.439,0.32299999999999995,0.23800000000000002,0.0,0.37200000000000005,0.32899999999999996,0.299,0.146,0.579,0.27399999999999997,0.151,0.197,0.351,0.285,0.11,0.33899999999999997,0.32,0.226,0.642,0.405,0.491,0.821,0.716,0.43,0.611,0.115,0.198,4.6,0.6,,27,-0.2,0.0,-7.6,-2.7,-0.3,2024
Ildemaro Vargas,WSN,303,272,67,50,16,0,1,21,30,0.246,0.295,0.316,0.611,0.271,72,0.07,0.269,87.0,4.0,0.012,0.319,108.5,0.523,0.282,0.195,0.07400000000000001,0.486,0.32299999999999995,0.191,0.16699999999999998,0.594,0.239,0.015,0.255,0.322,0.28,0.063,0.102,0.61,0.326,0.631,0.455,0.794,0.9540000000000001,0.888,0.42200000000000004,0.614,0.051,0.193,3.6,-0.4,-0.3,26,-0.7,0.0,-11.0,1.0,0.1,2024
Aaron Schunk,COL,98,94,22,17,3,0,2,14,7,0.234,0.265,0.33,0.595,0.257,49,0.096,0.328,85.5,11.7,0.048,0.317,108.8,0.387,0.371,0.242,0.043,0.413,0.317,0.27,0.14300000000000002,0.556,0.302,0.087,0.197,0.299,0.229,0.040999999999999995,0.316,0.13,0.45,0.752,0.5710000000000001,0.62,0.83,0.731,0.402,0.6729999999999999,0.154,0.121,3.3,-0.6,,7,-0.6,0.0,-6.6,3.6,0.2,2024
Jackson Holliday,BAL,208,190,36,25,4,2,5,28,23,0.189,0.255,0.311,0.565,0.251,62,0.121,0.265,89.3,8.6,0.08199999999999999,0.451,109.2,0.5489999999999999,0.35200000000000004,0.098,0.023,0.39299999999999996,0.361,0.24600000000000002,0.12300000000000001,0.451,0.426,0.11599999999999999,0.191,0.326,0.258,0.07200000000000001,0.332,0.22,0.306,0.6559999999999999,0.456,0.521,0.815,0.703,0.43,0.596,0.135,0.17300000000000001,7.6,0.5,,14,0.8,0.0,-8.2,0.8,-0.5,2024
Thomas Saggese,STL,52,49,10,7,2,0,1,5,4,0.204,0.25,0.306,0.556,0.247,58,0.102,0.265,85.7,11.3,0.028999999999999998,0.257,108.4,0.371,0.371,0.257,0.0,0.2,0.34299999999999997,0.457,0.2,0.5710000000000001,0.22899999999999998,0.077,0.202,0.312,0.248,0.038,0.26899999999999996,0.14,0.449,0.659,0.54,0.688,0.87,0.784,0.434,0.75,0.11599999999999999,0.185,1.8,-0.1,,3,-0.1,0.0,-2.7,0.5,-0.5,2024
Cristian Pache,- - -,183,165,33,23,8,1,1,13,16,0.2,0.273,0.279,0.552,0.25,56,0.079,0.317,90.3,9.6,0.049,0.382,109.2,0.505,0.34299999999999997,0.152,0.028999999999999998,0.382,0.34299999999999997,0.275,0.10800000000000001,0.539,0.353,0.028999999999999998,0.199,0.29,0.254,0.09300000000000001,0.35,0.27,0.272,0.742,0.478,0.5479999999999999,0.755,0.6890000000000001,0.43799999999999994,0.645,0.14800000000000002,0.142,3.8,-0.1,-1.0,12,0.3,0.0,-9.4,2.9,-0.3,2024
Jacob Hurtubise,CIN,68,54,10,8,1,1,0,7,4,0.185,0.297,0.241,0.538,0.253,55,0.056,0.27,82.8,20.6,0.0,0.146,99.6,0.25,0.47200000000000003,0.278,0.11800000000000001,0.341,0.366,0.293,0.146,0.78,0.073,0.0,0.192,0.25,0.265,0.08800000000000001,0.265,0.33,0.268,0.617,0.42700000000000005,0.7559999999999999,0.861,0.825,0.456,0.735,0.075,0.203,8.1,0.3,,5,0.7,0.0,-2.9,0.2,-0.4,2024
Bryce Johnson,SDP,73,63,13,11,2,0,0,9,4,0.206,0.286,0.238,0.524,0.243,57,0.032,0.255,86.1,7.5,0.0,0.24100000000000002,103.9,0.467,0.289,0.244,0.0,0.40700000000000003,0.37,0.222,0.09300000000000001,0.722,0.185,0.0,0.258,0.307,0.291,0.096,0.16399999999999998,0.58,0.294,0.773,0.494,0.644,0.9179999999999999,0.823,0.418,0.7120000000000001,0.087,0.133,3.8,-0.3,0.0,5,-0.3,0.0,-4.0,1.1,-0.5,2024
Jose Azocar,SDP,79,73,16,14,2,0,0,13,2,0.219,0.269,0.247,0.516,0.235,51,0.027,0.296,86.5,9.8,0.036000000000000004,0.309,108.4,0.47200000000000003,0.321,0.20800000000000002,0.059000000000000004,0.218,0.418,0.364,0.2,0.636,0.16399999999999998,0.0,0.231,0.306,0.264,0.063,0.24100000000000002,0.26,0.514,0.7759999999999999,0.619,0.6,0.867,0.733,0.39899999999999997,0.6459999999999999,0.16399999999999998,0.096,6.4,0.4,1.0,4,1.0,0.0,-3.6,1.0,0.0,2024
Josh Bell,- - -,603,538,134,90,23,2,19,62,71,0.249,0.319,0.405,0.725,0.317,101,0.156,0.286,88.9,10.5,0.075,0.397,111.2,0.496,0.33,0.17300000000000001,0.065,0.423,0.321,0.257,0.152,0.525,0.32299999999999995,0.13699999999999998,0.235,0.391,0.307,0.085,0.19899999999999998,0.43,0.314,0.7509999999999999,0.486,0.622,0.86,0.767,0.39399999999999996,0.5870000000000001,0.113,0.127,2.0,-1.6,-2.5,74,-4.1,-0.1,-3.0,-17.9,-0.7,2024
Jon Singleton,HOU,405,355,83,56,13,1,13,46,42,0.234,0.321,0.386,0.707,0.312,104,0.152,0.299,88.7,12.8,0.08900000000000001,0.37200000000000005,115.4,0.397,0.41700000000000004,0.18600000000000003,0.057999999999999996,0.397,0.36,0.243,0.17800000000000002,0.563,0.259,0.126,0.228,0.383,0.311,0.11599999999999999,0.27399999999999997,0.42,0.258,0.619,0.40700000000000003,0.534,0.826,0.7170000000000001,0.41100000000000003,0.565,0.115,0.195,2.0,-0.8,-3.2,48,-3.9,-0.1,-2.1,-12.4,-1.1,2024
Jerar Encarnacion,SFG,119,113,28,18,5,0,5,13,19,0.248,0.277,0.425,0.702,0.301,94,0.177,0.307,95.0,6.7,0.15,0.588,115.0,0.488,0.275,0.23800000000000002,0.045,0.35,0.35,0.3,0.063,0.5,0.43799999999999994,0.22699999999999998,0.279,0.505,0.352,0.042,0.28600000000000003,0.15,0.38,0.626,0.484,0.593,0.86,0.738,0.42,0.723,0.127,0.196,3.2,0.0,-0.1,13,-1.1,-0.1,-1.9,-3.0,-0.9,2024
Andrew Vaughn,CHW,619,570,140,90,30,1,19,55,70,0.246,0.297,0.402,0.699,0.304,97,0.156,0.285,90.3,16.6,0.09300000000000001,0.433,112.2,0.381,0.45799999999999996,0.16,0.153,0.35700000000000004,0.386,0.257,0.174,0.494,0.332,0.094,0.244,0.441,0.32,0.061,0.213,0.29,0.36200000000000004,0.6829999999999999,0.494,0.659,0.903,0.7979999999999999,0.413,0.643,0.1,0.168,2.5,-0.7,-0.5,69,-2.5,-0.1,-4.3,-17.5,-1.3,2024
Andrew Benintendi,CHW,522,477,109,69,20,0,20,50,64,0.229,0.289,0.396,0.685,0.298,93,0.168,0.245,88.0,16.1,0.063,0.344,109.5,0.385,0.424,0.191,0.07400000000000001,0.445,0.344,0.21100000000000002,0.154,0.539,0.307,0.12300000000000001,0.243,0.389,0.303,0.079,0.184,0.43,0.27899999999999997,0.711,0.47700000000000004,0.7120000000000001,0.871,0.82,0.45799999999999996,0.609,0.086,0.159,2.1,-1.1,0.5,56,-1.9,-0.1,-5.9,-12.7,-1.3,2024
Adolis Garcia,TEX,637,580,130,78,27,0,25,68,85,0.224,0.284,0.4,0.684,0.296,94,0.176,0.273,91.0,15.0,0.122,0.479,116.1,0.379,0.428,0.193,0.12,0.39899999999999997,0.318,0.284,0.171,0.465,0.364,0.14300000000000002,0.227,0.413,0.306,0.071,0.278,0.25,0.371,0.76,0.52,0.539,0.7879999999999999,0.6779999999999999,0.384,0.645,0.16699999999999998,0.127,3.5,-0.8,-1.9,67,-0.7,-0.1,-5.4,-17.0,-1.4,2024
Tommy Pham,- - -,478,440,109,77,20,3,9,49,39,0.248,0.305,0.368,0.674,0.297,92,0.12,0.307,90.4,11.0,0.07200000000000001,0.42700000000000005,112.9,0.442,0.337,0.221,0.115,0.37,0.34299999999999997,0.287,0.146,0.534,0.319,0.08,0.263,0.407,0.319,0.073,0.222,0.33,0.221,0.624,0.405,0.602,0.865,0.787,0.457,0.619,0.086,0.21600000000000003,4.6,-0.7,-1.1,51,-3.2,-0.1,-7.8,-8.6,-0.6,2024
Blaze Alexander,ARI,185,166,41,31,7,0,3,19,21,0.247,0.321,0.343,0.664,0.298,89,0.096,0.333,88.5,8.5,0.034,0.34700000000000003,110.6,0.517,0.32799999999999996,0.155,0.105,0.271,0.33899999999999997,0.39,0.161,0.525,0.314,0.079,0.204,0.281,0.258,0.081,0.265,0.31,0.336,0.767,0.513,0.57,0.866,0.7509999999999999,0.409,0.584,0.127,0.12300000000000001,3.5,-0.2,,20,0.1,-0.1,-2.4,-4.5,-0.7,2024
Jared Walsh,TEX,60,53,12,9,2,0,1,9,7,0.226,0.317,0.321,0.637,0.289,88,0.094,0.355,84.2,21.6,0.094,0.313,112.5,0.281,0.43799999999999994,0.281,0.14300000000000002,0.313,0.406,0.281,0.125,0.5,0.375,0.071,0.241,0.4,0.324,0.11699999999999999,0.35,0.33,0.225,0.642,0.41600000000000004,0.43799999999999994,0.675,0.606,0.45799999999999996,0.5329999999999999,0.16399999999999998,0.187,2.3,-0.1,-0.3,6,-1.0,-0.1,-1.8,-1.5,-1.3,2024
Matt Thaiss,LAA,186,157,32,21,9,0,2,14,16,0.204,0.323,0.299,0.622,0.286,84,0.096,0.306,86.6,12.9,0.08,0.4,109.7,0.40399999999999997,0.384,0.212,0.132,0.37,0.37,0.26,0.22,0.55,0.23,0.053,0.194,0.323,0.291,0.151,0.312,0.48,0.249,0.716,0.447,0.435,0.716,0.626,0.424,0.613,0.16699999999999998,0.15,3.4,0.2,-1.6,18,-1.4,-0.1,-4.8,-2.8,-1.4,2024
Jasson Dominguez,NYY,67,56,10,7,1,0,2,8,4,0.179,0.313,0.304,0.617,0.285,86,0.125,0.229,89.4,5.1,0.10800000000000001,0.45899999999999996,109.3,0.622,0.21600000000000003,0.162,0.375,0.541,0.27,0.18899999999999997,0.21600000000000003,0.405,0.37799999999999995,0.25,0.209,0.344,0.313,0.16399999999999998,0.284,0.58,0.321,0.733,0.493,0.635,0.871,0.7809999999999999,0.41700000000000004,0.716,0.10800000000000001,0.129,5.7,0.9,,6,-0.1,-0.1,-1.2,-2.4,-1.4,2024
Miguel Sano,LAA,95,83,17,12,3,0,2,9,6,0.205,0.295,0.313,0.608,0.275,76,0.108,0.326,93.8,9.0,0.10400000000000001,0.542,114.9,0.479,0.271,0.25,0.077,0.479,0.271,0.25,0.083,0.375,0.542,0.154,0.244,0.383,0.315,0.095,0.379,0.25,0.305,0.687,0.46,0.397,0.7859999999999999,0.632,0.405,0.589,0.16899999999999998,0.146,1.3,-0.2,-0.3,8,-0.6,-0.1,-3.2,-0.7,-0.8,2024
Jonah Heim,TEX,491,459,101,75,12,1,13,45,59,0.22,0.267,0.336,0.602,0.265,72,0.115,0.246,88.5,14.6,0.059000000000000004,0.364,109.8,0.424,0.4,0.17600000000000002,0.115,0.418,0.345,0.237,0.132,0.5529999999999999,0.315,0.08800000000000001,0.228,0.356,0.277,0.053,0.183,0.29,0.364,0.777,0.5429999999999999,0.701,0.8959999999999999,0.8220000000000001,0.433,0.65,0.096,0.12300000000000001,2.4,-1.0,-0.2,40,-2.9,-0.1,-18.6,1.7,-0.6,2024
Anthony Rendon,LAA,238,206,45,35,10,0,0,21,14,0.218,0.307,0.267,0.574,0.264,69,0.049,0.257,87.9,14.0,0.023,0.371,108.9,0.429,0.406,0.166,0.141,0.349,0.366,0.28600000000000003,0.18899999999999997,0.514,0.297,0.0,0.224,0.313,0.286,0.09699999999999999,0.147,0.66,0.21899999999999997,0.605,0.402,0.77,0.943,0.893,0.47200000000000003,0.693,0.043,0.22699999999999998,4.2,0.3,1.4,19,1.2,-0.1,-7.4,-1.2,-0.7,2024
Tyler Black,MIL,57,49,10,8,2,0,0,4,2,0.204,0.316,0.245,0.561,0.265,69,0.041,0.313,83.0,16.4,0.0,0.156,102.6,0.375,0.43799999999999994,0.188,0.071,0.344,0.344,0.313,0.188,0.563,0.25,0.0,0.191,0.231,0.256,0.12300000000000001,0.298,0.41,0.237,0.7,0.431,0.636,0.857,0.7859999999999999,0.418,0.614,0.092,0.184,4.9,0.5,,5,0.6,-0.1,-1.6,-1.0,-0.7,2024
Danny Mendick,CHW,141,132,26,16,7,0,3,13,8,0.197,0.243,0.318,0.561,0.247,58,0.121,0.245,83.8,13.9,0.061,0.22399999999999998,108.1,0.4,0.41100000000000003,0.18899999999999997,0.154,0.429,0.316,0.255,0.19399999999999998,0.561,0.245,0.077,0.206,0.328,0.256,0.043,0.248,0.17,0.309,0.675,0.478,0.6779999999999999,0.774,0.74,0.461,0.61,0.124,0.177,5.8,1.0,-0.7,9,0.9,-0.1,-5.9,-0.2,-1.4,2024
Dillon Dingler,DET,87,84,14,6,5,2,1,2,11,0.167,0.195,0.31,0.505,0.217,36,0.143,0.245,89.8,9.6,0.037000000000000005,0.48100000000000004,107.9,0.426,0.33299999999999996,0.24100000000000002,0.111,0.426,0.29600000000000004,0.278,0.185,0.426,0.389,0.055999999999999994,0.241,0.378,0.28,0.034,0.345,0.1,0.409,0.7240000000000001,0.547,0.6709999999999999,0.8290000000000001,0.762,0.43799999999999994,0.667,0.13,0.157,2.6,-0.1,,4,0.2,-0.1,-6.1,2.5,-0.7,2024
Alex Jackson,TBR,155,139,17,7,7,0,3,17,12,0.122,0.201,0.237,0.439,0.2,29,0.115,0.167,86.7,20.2,0.091,0.318,110.2,0.402,0.494,0.10300000000000001,0.163,0.386,0.42,0.193,0.193,0.545,0.261,0.07,0.138,0.262,0.223,0.077,0.342,0.23,0.39799999999999996,0.721,0.522,0.49700000000000005,0.746,0.629,0.385,0.69,0.193,0.139,4.5,0.0,0.6,4,0.6,-0.1,-12.1,5.8,-1.1,2024
Matt Carpenter,STL,157,137,32,21,7,0,4,15,15,0.234,0.314,0.372,0.686,0.303,95,0.139,0.333,85.8,24.2,0.067,0.281,106.5,0.267,0.465,0.267,0.15,0.39799999999999996,0.364,0.239,0.22699999999999998,0.489,0.284,0.1,0.211,0.35,0.287,0.096,0.325,0.29,0.237,0.662,0.42200000000000004,0.5329999999999999,0.833,0.738,0.433,0.535,0.11,0.195,1.8,-1.1,-1.3,17,-2.2,-0.2,-3.1,-4.2,-2.0,2024
MJ Melendez,KCR,451,412,85,42,23,3,17,44,44,0.206,0.273,0.4,0.674,0.292,86,0.194,0.241,91.1,14.7,0.083,0.45,112.9,0.42100000000000004,0.41100000000000003,0.16699999999999998,0.106,0.465,0.314,0.221,0.14400000000000002,0.512,0.344,0.138,0.239,0.425,0.317,0.078,0.251,0.31,0.33,0.79,0.523,0.638,0.794,0.737,0.419,0.632,0.138,0.125,4.0,-1.4,-0.1,46,-1.2,-0.2,-8.3,-9.0,-2.3,2024
Austin Martin,MIN,257,233,59,39,18,1,1,41,16,0.253,0.318,0.352,0.67,0.297,92,0.099,0.314,87.2,12.7,0.011000000000000001,0.335,108.8,0.424,0.31,0.266,0.053,0.479,0.35100000000000003,0.17,0.106,0.622,0.271,0.018000000000000002,0.259,0.341,0.297,0.078,0.183,0.43,0.242,0.708,0.451,0.5920000000000001,0.902,0.81,0.44799999999999995,0.623,0.086,0.16899999999999998,5.9,-0.3,,27,1.0,-0.2,-1.3,-9.4,-2.2,2024
Esteury Ruiz,OAK,65,55,11,6,2,1,2,10,8,0.2,0.27,0.382,0.652,0.281,85,0.182,0.257,87.7,17.1,0.10300000000000001,0.359,109.8,0.324,0.486,0.18899999999999997,0.222,0.308,0.513,0.179,0.179,0.513,0.308,0.111,0.181,0.341,0.281,0.062,0.308,0.2,0.359,0.6829999999999999,0.496,0.47100000000000003,0.8590000000000001,0.6970000000000001,0.423,0.631,0.15,0.171,8.2,-0.7,0.2,6,-1.1,-0.2,-2.2,-2.3,-2.3,2024
Zach Dezenzo,HOU,65,62,15,11,2,0,2,5,8,0.242,0.277,0.371,0.648,0.283,83,0.129,0.342,87.5,10.4,0.1,0.4,112.2,0.475,0.35,0.175,0.14300000000000002,0.375,0.375,0.25,0.15,0.525,0.325,0.14300000000000002,0.223,0.435,0.298,0.046,0.33799999999999997,0.14,0.348,0.708,0.514,0.609,0.75,0.698,0.461,0.569,0.155,0.16699999999999998,0.7,-0.1,,6,0.0,-0.2,-1.2,-3.2,-2.3,2024
Anthony Rizzo,NYY,375,337,77,57,12,0,8,38,35,0.228,0.301,0.335,0.637,0.285,85,0.107,0.259,86.7,14.3,0.04,0.332,110.7,0.43799999999999994,0.34700000000000003,0.215,0.18899999999999997,0.449,0.27699999999999997,0.27399999999999997,0.201,0.5579999999999999,0.24100000000000002,0.084,0.24,0.34,0.297,0.07200000000000001,0.17300000000000001,0.42,0.365,0.675,0.491,0.69,0.9309999999999999,0.825,0.406,0.6,0.086,0.165,1.5,-0.7,-1.5,36,-2.8,-0.2,-9.0,-5.2,-1.8,2024
Patrick Wisdom,CHC,174,158,27,10,7,2,8,16,23,0.171,0.237,0.392,0.629,0.271,74,0.222,0.207,90.9,28.1,0.158,0.485,112.7,0.25,0.66,0.09,0.121,0.35600000000000004,0.317,0.327,0.23800000000000002,0.475,0.287,0.121,0.184,0.419,0.288,0.057,0.33899999999999997,0.17,0.285,0.733,0.491,0.46299999999999997,0.826,0.7120000000000001,0.45899999999999996,0.638,0.141,0.151,7.3,0.8,-2.0,15,0.7,-0.2,-4.8,-3.2,-2.2,2024
Manuel Margot,MIN,343,315,75,53,17,1,4,37,31,0.238,0.289,0.337,0.626,0.276,78,0.098,0.273,88.2,13.8,0.049,0.336,111.2,0.41,0.406,0.184,0.113,0.321,0.434,0.245,0.18100000000000002,0.536,0.28300000000000003,0.038,0.261,0.379,0.308,0.061,0.157,0.39,0.331,0.706,0.49200000000000005,0.7,0.884,0.8140000000000001,0.43,0.621,0.092,0.166,4.8,0.4,0.2,31,0.9,-0.2,-7.9,-5.5,-2.0,2024
D.J. Stewart,NYM,194,158,28,19,4,0,5,16,19,0.177,0.325,0.297,0.622,0.29,88,0.12,0.217,89.7,19.2,0.081,0.396,110.9,0.324,0.486,0.18899999999999997,0.13,0.523,0.297,0.18,0.207,0.45,0.342,0.09300000000000001,0.212,0.346,0.326,0.16,0.247,0.65,0.187,0.706,0.408,0.451,0.813,0.718,0.426,0.598,0.115,0.17,2.2,-0.2,-1.7,20,0.0,-0.2,-2.8,-5.7,-2.0,2024
Niko Kavadas,LAA,106,93,17,11,2,0,4,11,8,0.183,0.283,0.333,0.616,0.278,78,0.151,0.271,91.7,27.4,0.115,0.40399999999999997,107.9,0.17300000000000001,0.5770000000000001,0.25,0.1,0.385,0.28800000000000003,0.327,0.135,0.48100000000000004,0.385,0.133,0.185,0.371,0.292,0.10400000000000001,0.387,0.27,0.18899999999999997,0.635,0.391,0.396,0.784,0.6809999999999999,0.45399999999999996,0.6890000000000001,0.125,0.239,3.4,0.0,,10,-0.6,-0.2,-3.3,-2.2,-2.0,2024
Joey Gallo,WSN,260,223,36,17,9,0,10,24,27,0.161,0.277,0.336,0.613,0.276,75,0.175,0.232,90.5,26.1,0.131,0.434,109.0,0.273,0.529,0.198,0.172,0.5489999999999999,0.254,0.19699999999999998,0.18899999999999997,0.418,0.39299999999999996,0.156,0.173,0.348,0.284,0.12300000000000001,0.392,0.31,0.249,0.7240000000000001,0.452,0.45799999999999996,0.718,0.636,0.428,0.585,0.16399999999999998,0.151,3.0,-0.2,-1.1,23,-0.9,-0.2,-8.7,-1.8,-1.8,2024
Gabriel Arias,CLE,161,153,34,21,9,1,3,15,15,0.222,0.255,0.353,0.608,0.263,70,0.131,0.316,89.7,5.6,0.079,0.366,113.4,0.515,0.248,0.23800000000000002,0.2,0.376,0.386,0.23800000000000002,0.168,0.515,0.317,0.12,0.221,0.368,0.274,0.037000000000000005,0.32899999999999996,0.11,0.44,0.8079999999999999,0.602,0.47200000000000003,0.752,0.638,0.441,0.696,0.218,0.099,5.7,0.0,-0.5,13,-1.0,-0.2,-6.4,-1.2,-2.4,2024
Alek Thomas,ARI,103,95,18,9,5,1,3,13,17,0.189,0.245,0.358,0.603,0.262,65,0.168,0.2,91.3,1.0,0.076,0.46799999999999997,109.1,0.605,0.237,0.158,0.0,0.43,0.36700000000000005,0.203,0.10099999999999999,0.48100000000000004,0.418,0.16699999999999998,0.278,0.446,0.337,0.068,0.165,0.41,0.332,0.6759999999999999,0.489,0.5820000000000001,0.852,0.753,0.457,0.6409999999999999,0.121,0.18,7.6,0.3,0.2,8,0.8,-0.2,-3.5,-1.8,-1.8,2024
Trey Cabbage,HOU,91,86,18,9,8,0,1,12,8,0.209,0.253,0.337,0.59,0.258,66,0.128,0.333,92.8,7.7,0.154,0.5379999999999999,113.4,0.49,0.353,0.157,0.055999999999999994,0.385,0.423,0.192,0.096,0.48100000000000004,0.423,0.055999999999999994,0.194,0.353,0.26,0.044000000000000004,0.374,0.12,0.385,0.748,0.527,0.36700000000000005,0.8059999999999999,0.61,0.39,0.615,0.205,0.122,4.3,-0.3,,7,-0.1,-0.2,-3.6,-1.2,-1.8,2024
Austin Slater,- - -,212,177,37,31,4,0,2,24,18,0.209,0.321,0.266,0.586,0.273,76,0.056,0.294,88.2,7.2,0.033,0.37200000000000005,105.4,0.504,0.214,0.282,0.04,0.33899999999999997,0.331,0.331,0.11599999999999999,0.5870000000000001,0.298,0.08,0.232,0.319,0.303,0.12300000000000001,0.28300000000000003,0.43,0.228,0.6759999999999999,0.424,0.611,0.774,0.725,0.43799999999999994,0.618,0.11699999999999999,0.17800000000000002,3.4,-0.7,0.4,19,-0.8,-0.2,-6.8,-2.0,-1.7,2024
David Hensley,MIA,58,52,11,9,1,0,1,9,4,0.212,0.293,0.288,0.582,0.265,66,0.077,0.294,84.0,-7.7,0.028999999999999998,0.257,109.5,0.706,0.17600000000000002,0.11800000000000001,0.0,0.34299999999999997,0.314,0.34299999999999997,0.2,0.5429999999999999,0.257,0.16699999999999998,0.153,0.216,0.209,0.10300000000000001,0.293,0.35,0.20800000000000002,0.525,0.336,0.452,0.83,0.69,0.40399999999999997,0.603,0.10400000000000001,0.255,5.3,0.1,0.9,5,0.2,-0.2,-2.1,-1.7,-1.8,2024
Chas McCormick,HOU,267,242,51,39,6,1,5,32,27,0.211,0.271,0.306,0.576,0.257,65,0.095,0.274,86.2,15.2,0.075,0.32799999999999996,110.2,0.43799999999999994,0.373,0.18899999999999997,0.095,0.36200000000000004,0.425,0.213,0.161,0.552,0.287,0.079,0.223,0.355,0.285,0.064,0.27,0.24,0.35600000000000004,0.774,0.526,0.601,0.764,0.6990000000000001,0.40700000000000003,0.607,0.158,0.134,6.1,0.3,-0.7,20,-0.5,-0.2,-11.1,0.1,-2.2,2024
Andruw Monasterio,MIL,142,125,26,20,5,0,1,14,16,0.208,0.303,0.272,0.575,0.266,69,0.064,0.298,88.1,14.9,0.094,0.41200000000000003,107.0,0.39299999999999996,0.41700000000000004,0.19,0.057,0.341,0.424,0.235,0.11800000000000001,0.541,0.341,0.028999999999999998,0.211,0.342,0.291,0.113,0.282,0.4,0.235,0.655,0.41700000000000004,0.628,0.8420000000000001,0.774,0.434,0.62,0.094,0.195,4.5,0.1,,12,0.9,-0.2,-4.3,-2.8,-2.4,2024
Luke Williams,ATL,52,46,9,6,3,0,0,8,4,0.196,0.275,0.261,0.535,0.246,54,0.065,0.273,89.6,18.7,0.028999999999999998,0.294,104.6,0.364,0.515,0.121,0.059000000000000004,0.441,0.294,0.265,0.08800000000000001,0.47100000000000003,0.441,0.0,0.166,0.266,0.234,0.077,0.25,0.31,0.33299999999999996,0.75,0.517,0.563,0.8420000000000001,0.742,0.442,0.654,0.134,0.14,7.0,0.5,-0.4,3,-0.2,-0.2,-3.1,-0.3,-1.6,2024
Taylor Walls,TBR,252,218,40,31,5,3,1,27,14,0.183,0.282,0.248,0.529,0.245,60,0.064,0.255,86.1,18.2,0.032,0.24,104.4,0.36200000000000004,0.45399999999999996,0.184,0.145,0.41600000000000004,0.364,0.221,0.182,0.565,0.253,0.013999999999999999,0.184,0.259,0.252,0.12300000000000001,0.266,0.46,0.244,0.715,0.447,0.606,0.846,0.772,0.433,0.599,0.102,0.154,7.7,1.1,1.5,16,1.2,-0.2,-10.2,0.3,-1.6,2024
Nick Loftin,KCR,171,148,28,23,4,0,1,15,14,0.189,0.282,0.236,0.519,0.242,51,0.047,0.216,83.6,9.9,0.031,0.26,104.9,0.46799999999999997,0.365,0.16699999999999998,0.109,0.409,0.36200000000000004,0.228,0.26,0.5670000000000001,0.17300000000000001,0.022000000000000002,0.225,0.305,0.283,0.111,0.14,0.79,0.263,0.679,0.429,0.687,0.9590000000000001,0.858,0.39799999999999996,0.649,0.061,0.174,2.9,-0.1,,11,0.1,-0.2,-9.4,1.8,-1.9,2024
Travis Jankowski,TEX,207,190,38,32,5,0,1,19,12,0.2,0.266,0.242,0.508,0.234,50,0.042,0.255,85.4,5.9,0.006999999999999999,0.247,105.1,0.608,0.273,0.11900000000000001,0.10300000000000001,0.32899999999999996,0.342,0.32899999999999996,0.19899999999999998,0.596,0.205,0.026000000000000002,0.207,0.252,0.241,0.057999999999999996,0.213,0.27,0.245,0.664,0.44299999999999995,0.604,0.887,0.804,0.473,0.618,0.087,0.201,5.7,1.4,1.0,11,1.8,-0.2,-10.1,0.8,-2.4,2024
Brian Serven,TOR,71,63,10,6,4,0,0,6,3,0.159,0.243,0.222,0.465,0.217,37,0.063,0.244,84.7,20.6,0.024,0.16699999999999998,105.0,0.325,0.425,0.25,0.17600000000000002,0.452,0.31,0.23800000000000002,0.23800000000000002,0.5,0.262,0.0,0.172,0.265,0.239,0.07,0.31,0.23,0.317,0.6809999999999999,0.47700000000000004,0.652,0.831,0.764,0.43799999999999994,0.5920000000000001,0.11199999999999999,0.198,2.0,-0.1,0.5,3,0.1,-0.2,-5.0,1.1,-1.6,2024
Ali Sanchez,MIA,96,84,14,12,2,0,0,5,4,0.167,0.211,0.19,0.402,0.184,12,0.024,0.23,86.8,7.6,0.045,0.358,105.1,0.525,0.295,0.18,0.111,0.32799999999999996,0.40299999999999997,0.26899999999999996,0.149,0.5670000000000001,0.284,0.0,0.177,0.256,0.213,0.042,0.25,0.17,0.345,0.6409999999999999,0.491,0.6779999999999999,0.86,0.795,0.494,0.708,0.10099999999999999,0.198,3.7,-0.1,0.0,1,-0.2,-0.2,-10.3,5.0,-2.1,2024
Jeimer Candelario,CIN,463,427,96,51,23,2,20,47,56,0.225,0.279,0.429,0.707,0.304,89,0.204,0.257,86.9,12.4,0.08199999999999999,0.345,108.2,0.415,0.402,0.184,0.071,0.484,0.313,0.203,0.158,0.56,0.282,0.157,0.221,0.364,0.28,0.057999999999999996,0.24600000000000002,0.24,0.371,0.732,0.517,0.611,0.828,0.736,0.40700000000000003,0.6459999999999999,0.136,0.13699999999999998,3.6,-1.1,-2.1,52,-0.8,-0.3,-7.0,-11.0,-2.5,2024
Jake Cave,COL,346,323,81,53,16,5,7,42,37,0.251,0.29,0.396,0.686,0.295,75,0.146,0.335,87.5,7.5,0.052000000000000005,0.371,106.8,0.45799999999999996,0.28600000000000003,0.256,0.015,0.341,0.389,0.271,0.14400000000000002,0.5329999999999999,0.32299999999999995,0.10800000000000001,0.233,0.357,0.277,0.052000000000000005,0.28300000000000003,0.18,0.386,0.7190000000000001,0.525,0.632,0.8270000000000001,0.7440000000000001,0.418,0.633,0.134,0.146,6.4,-0.4,1.3,36,0.5,-0.3,-10.0,-4.7,-3.2,2024
Seth Brown,OAK,400,372,86,60,11,1,14,32,44,0.231,0.283,0.379,0.662,0.289,91,0.148,0.291,90.0,14.6,0.084,0.406,110.9,0.39799999999999996,0.41700000000000004,0.185,0.102,0.395,0.35200000000000004,0.253,0.184,0.483,0.33299999999999996,0.13,0.232,0.387,0.294,0.063,0.28,0.22,0.344,0.764,0.519,0.511,0.8690000000000001,0.731,0.418,0.625,0.14,0.129,3.0,-0.7,-0.5,40,-0.6,-0.3,-4.7,-11.9,-3.3,2024
Alex Kirilloff,MIN,178,159,32,16,8,3,5,20,20,0.201,0.27,0.384,0.653,0.282,82,0.182,0.245,91.3,13.2,0.113,0.409,107.1,0.478,0.391,0.13,0.044000000000000004,0.4,0.348,0.252,0.096,0.496,0.409,0.111,0.219,0.422,0.312,0.084,0.264,0.32,0.319,0.73,0.49200000000000005,0.52,0.8370000000000001,0.718,0.42100000000000004,0.584,0.139,0.156,4.2,-0.3,0.7,17,0.1,-0.3,-3.6,-5.5,-3.3,2024
Jack Lopez,LAA,71,67,17,13,3,0,1,4,6,0.254,0.286,0.343,0.629,0.277,77,0.09,0.39,87.3,10.0,0.023,0.326,104.1,0.512,0.268,0.22,0.273,0.395,0.37200000000000005,0.233,0.18600000000000003,0.6509999999999999,0.163,0.091,0.178,0.236,0.201,0.027999999999999997,0.35200000000000004,0.08,0.447,0.677,0.5579999999999999,0.508,0.833,0.6990000000000001,0.485,0.7040000000000001,0.168,0.16399999999999998,1.3,-0.5,0.2,6,-0.1,-0.3,-1.9,-2.9,-2.5,2024
Riley Adams,WSN,130,116,26,18,5,1,2,10,8,0.224,0.292,0.336,0.629,0.275,75,0.112,0.296,89.9,13.6,0.07200000000000001,0.434,110.1,0.494,0.325,0.18100000000000002,0.14800000000000002,0.373,0.373,0.253,0.16899999999999998,0.602,0.22899999999999998,0.07400000000000001,0.222,0.344,0.284,0.077,0.26899999999999996,0.29,0.348,0.6859999999999999,0.493,0.6,0.86,0.7559999999999999,0.431,0.569,0.121,0.154,4.3,0.0,-0.8,12,-0.4,-0.3,-4.4,-2.6,-2.6,2024
Vidal Brujan,MIA,278,248,55,37,14,2,2,32,16,0.222,0.303,0.319,0.622,0.276,74,0.097,0.276,85.1,8.0,0.015,0.226,104.7,0.513,0.307,0.18,0.155,0.4,0.33299999999999996,0.267,0.195,0.6,0.205,0.034,0.216,0.282,0.262,0.09,0.19399999999999998,0.46,0.33,0.7609999999999999,0.514,0.6629999999999999,0.863,0.79,0.428,0.6509999999999999,0.10800000000000001,0.133,4.8,-1.9,1.1,25,-1.0,-0.3,-9.8,-2.3,-2.9,2024
Keibert Ruiz,WSN,485,459,105,71,21,0,13,46,57,0.229,0.26,0.359,0.619,0.268,70,0.131,0.232,85.4,19.9,0.032,0.256,107.9,0.35,0.462,0.188,0.159,0.512,0.341,0.146,0.195,0.556,0.249,0.069,0.251,0.35,0.279,0.033,0.111,0.3,0.405,0.6890000000000001,0.523,0.83,0.935,0.887,0.415,0.647,0.059000000000000004,0.17,2.9,-0.5,-0.6,40,-1.1,-0.3,-18.5,-0.7,-3.0,2024
Grant McCray,SFG,130,124,25,15,3,2,5,13,10,0.202,0.238,0.379,0.617,0.266,71,0.177,0.317,90.2,5.4,0.11800000000000001,0.441,108.9,0.484,0.344,0.172,0.045,0.382,0.353,0.265,0.162,0.456,0.382,0.22699999999999998,0.192,0.346,0.252,0.046,0.431,0.11,0.34,0.785,0.528,0.373,0.733,0.599,0.42200000000000004,0.608,0.212,0.131,7.9,0.8,,11,1.8,-0.3,-2.8,-4.2,-2.6,2024
Ben Rice,NYY,178,152,26,13,6,0,7,20,23,0.171,0.264,0.349,0.613,0.269,74,0.178,0.186,90.0,17.7,0.156,0.36700000000000005,110.8,0.358,0.44,0.20199999999999999,0.10400000000000001,0.45899999999999996,0.321,0.22,0.138,0.47700000000000004,0.385,0.146,0.237,0.462,0.342,0.11199999999999999,0.27,0.42,0.25,0.75,0.46,0.552,0.873,0.772,0.42,0.584,0.105,0.146,2.1,-0.7,,15,-0.5,-0.3,-5.7,-2.7,-2.5,2024
Addison Barger,TOR,225,208,41,23,11,0,7,20,28,0.197,0.25,0.351,0.601,0.262,69,0.154,0.239,88.3,12.1,0.087,0.38,110.7,0.423,0.36200000000000004,0.215,0.185,0.38299999999999995,0.336,0.282,0.215,0.43,0.35600000000000004,0.13,0.228,0.387,0.291,0.062,0.267,0.23,0.354,0.594,0.46,0.635,0.858,0.762,0.441,0.64,0.109,0.205,3.3,0.1,,18,0.5,-0.3,-7.4,-3.3,-3.2,2024
Brooks Lee,MIN,185,172,38,28,6,1,3,9,27,0.221,0.265,0.32,0.585,0.252,61,0.099,0.243,85.8,12.4,0.040999999999999995,0.245,107.4,0.415,0.381,0.204,0.125,0.415,0.36700000000000005,0.218,0.218,0.537,0.245,0.054000000000000006,0.243,0.34,0.274,0.059000000000000004,0.146,0.41,0.38299999999999995,0.7140000000000001,0.523,0.684,0.9079999999999999,0.813,0.42200000000000004,0.605,0.098,0.163,4.0,0.3,,13,0.0,-0.3,-8.3,-0.7,-2.9,2024
Daniel Vogelbach,TOR,79,70,13,7,5,0,1,5,8,0.186,0.278,0.3,0.578,0.262,69,0.114,0.231,90.9,8.0,0.094,0.434,109.0,0.491,0.302,0.20800000000000002,0.0,0.45299999999999996,0.396,0.151,0.132,0.434,0.434,0.063,0.273,0.466,0.36,0.114,0.215,0.53,0.174,0.47600000000000003,0.298,0.722,0.9420000000000001,0.867,0.41200000000000003,0.48100000000000004,0.040999999999999995,0.293,0.7,-0.1,-0.9,6,-0.6,-0.3,-3.4,-2.4,-3.2,2024
Curtis Mead,TBR,132,122,29,25,3,0,1,10,7,0.238,0.282,0.287,0.569,0.255,67,0.049,0.304,88.8,16.3,0.043,0.36200000000000004,112.4,0.355,0.39799999999999996,0.247,0.162,0.387,0.28,0.33299999999999996,0.172,0.527,0.301,0.027000000000000003,0.24,0.349,0.28,0.045,0.22699999999999998,0.2,0.41200000000000003,0.7140000000000001,0.525,0.76,0.856,0.809,0.373,0.621,0.1,0.131,3.7,0.1,,10,0.2,-0.3,-4.7,-2.4,-2.8,2024
Cole Tucker,LAA,57,50,9,4,4,1,0,3,3,0.18,0.263,0.3,0.563,0.25,59,0.12,0.265,90.2,7.8,0.0,0.441,104.9,0.529,0.265,0.20600000000000002,0.0,0.353,0.47100000000000003,0.17600000000000002,0.028999999999999998,0.706,0.265,0.0,0.197,0.269,0.256,0.105,0.298,0.35,0.252,0.66,0.435,0.455,0.8859999999999999,0.748,0.447,0.596,0.11,0.16899999999999998,6.9,0.1,-0.1,4,0.8,-0.3,-1.9,-3.3,-3.3,2024
Alika Williams,PIT,96,87,18,12,4,2,0,13,5,0.207,0.242,0.299,0.541,0.237,47,0.092,0.277,87.2,15.7,0.043,0.271,108.5,0.4,0.32299999999999995,0.27699999999999997,0.14300000000000002,0.35700000000000004,0.35700000000000004,0.28600000000000003,0.114,0.6709999999999999,0.214,0.0,0.226,0.306,0.251,0.031,0.22899999999999998,0.14,0.337,0.6709999999999999,0.5,0.638,0.855,0.78,0.488,0.7290000000000001,0.11,0.182,7.4,0.1,,6,-0.5,-0.3,-6.6,0.4,-3.0,2024
Brett Harris,OAK,123,103,15,9,3,0,3,15,12,0.146,0.276,0.262,0.539,0.252,65,0.117,0.158,87.4,12.8,0.051,0.36700000000000005,107.1,0.436,0.462,0.10300000000000001,0.139,0.38,0.38,0.24100000000000002,0.203,0.532,0.266,0.083,0.184,0.278,0.274,0.138,0.203,0.68,0.22699999999999998,0.626,0.39799999999999996,0.625,0.871,0.7909999999999999,0.428,0.618,0.083,0.191,3.2,-1.4,,9,-1.4,-0.3,-6.4,-0.3,-2.6,2024
Tyler Wade,SDP,156,138,30,27,3,0,0,28,8,0.217,0.285,0.239,0.524,0.242,56,0.022,0.275,83.7,14.5,0.018000000000000002,0.175,104.9,0.41600000000000004,0.327,0.257,0.061,0.442,0.31,0.248,0.177,0.6459999999999999,0.177,0.0,0.244,0.31,0.281,0.071,0.18600000000000003,0.38,0.276,0.632,0.426,0.67,0.904,0.816,0.42100000000000004,0.615,0.078,0.19,6.3,0.9,1.9,10,1.7,-0.3,-6.5,-1.8,-3.1,2024
James Outman,LAD,156,136,20,12,4,0,4,12,11,0.147,0.256,0.265,0.521,0.242,53,0.118,0.208,87.6,15.4,0.049,0.38299999999999995,110.7,0.321,0.40700000000000003,0.272,0.152,0.40700000000000003,0.321,0.272,0.17300000000000001,0.43200000000000005,0.395,0.121,0.198,0.319,0.282,0.10300000000000001,0.353,0.29,0.305,0.715,0.475,0.451,0.7929999999999999,0.664,0.415,0.6729999999999999,0.159,0.17300000000000001,3.0,-0.3,0.2,10,-0.3,-0.3,-9.1,0.5,-3.4,2024
Akil Baddoo,DET,82,73,10,4,2,2,2,7,5,0.137,0.22,0.301,0.521,0.23,45,0.164,0.178,91.1,21.0,0.128,0.46799999999999997,109.3,0.34,0.489,0.17,0.174,0.511,0.40399999999999997,0.085,0.191,0.46799999999999997,0.34,0.087,0.197,0.397,0.297,0.098,0.32899999999999996,0.3,0.317,0.6809999999999999,0.47200000000000003,0.5,0.815,0.693,0.425,0.622,0.145,0.16699999999999998,6.5,0.1,0.4,4,0.8,-0.3,-4.4,-1.1,-2.7,2024
Jacob Amaya,- - -,72,68,12,11,1,0,0,4,3,0.176,0.222,0.191,0.413,0.19,18,0.015,0.3,87.8,6.3,0.025,0.325,104.6,0.525,0.25,0.225,0.0,0.325,0.375,0.3,0.2,0.575,0.225,0.0,0.179,0.222,0.202,0.055999999999999994,0.389,0.14,0.23800000000000002,0.535,0.365,0.46299999999999997,0.884,0.727,0.429,0.722,0.099,0.245,3.6,0.1,,1,0.2,-0.3,-6.6,1.1,-3.1,2024
Rowdy Tellez,PIT,421,383,93,62,18,0,13,38,56,0.243,0.299,0.392,0.691,0.301,90,0.149,0.28,89.4,17.0,0.08,0.365,115.5,0.375,0.431,0.19399999999999998,0.132,0.405,0.318,0.278,0.187,0.512,0.301,0.10099999999999999,0.237,0.394,0.302,0.07400000000000001,0.21100000000000002,0.35,0.295,0.609,0.43200000000000005,0.606,0.91,0.7929999999999999,0.43700000000000006,0.57,0.08900000000000001,0.205,1.8,-0.5,0.7,46,-2.3,-0.4,-7.3,-10.9,-4.2,2024
J.D. Davis,- - -,157,142,31,22,5,0,4,13,6,0.218,0.293,0.338,0.631,0.282,86,0.12,0.273,89.1,2.8,0.087,0.43700000000000006,111.8,0.6409999999999999,0.243,0.11699999999999999,0.08,0.408,0.369,0.223,0.155,0.5529999999999999,0.29100000000000004,0.16,0.212,0.347,0.284,0.076,0.248,0.31,0.3,0.759,0.514,0.564,0.76,0.6990000000000001,0.467,0.6559999999999999,0.154,0.141,1.0,-0.3,-0.4,15,-0.9,-0.4,-3.4,-5.9,-4.1,2024
Mitch Garver,SEA,430,367,63,31,17,0,15,37,51,0.172,0.286,0.341,0.627,0.281,89,0.169,0.216,89.9,18.2,0.084,0.397,108.7,0.363,0.485,0.152,0.10400000000000001,0.46799999999999997,0.36700000000000005,0.165,0.14800000000000002,0.54,0.312,0.13,0.18,0.335,0.285,0.12300000000000001,0.309,0.4,0.237,0.596,0.387,0.53,0.825,0.7190000000000001,0.41700000000000004,0.619,0.109,0.221,0.9,-0.7,-0.5,40,-2.0,-0.4,-7.7,-10.3,-3.7,2024
Tyler Nevin,OAK,278,245,50,33,10,0,7,22,20,0.204,0.288,0.331,0.618,0.276,82,0.127,0.243,89.8,10.7,0.087,0.408,107.9,0.429,0.375,0.196,0.043,0.315,0.353,0.332,0.136,0.62,0.245,0.10099999999999999,0.216,0.365,0.296,0.09,0.23,0.39,0.29600000000000004,0.716,0.47200000000000003,0.617,0.865,0.774,0.41700000000000004,0.5760000000000001,0.106,0.17,2.0,-0.3,-0.5,25,-0.7,-0.4,-6.4,-7.2,-4.3,2024
Korey Lee,CHW,394,377,79,52,14,1,12,36,37,0.21,0.244,0.347,0.591,0.257,65,0.138,0.276,88.3,9.6,0.075,0.376,110.0,0.48200000000000004,0.359,0.159,0.078,0.396,0.341,0.263,0.149,0.529,0.322,0.133,0.212,0.338,0.255,0.043,0.31,0.14,0.38299999999999995,0.825,0.586,0.48100000000000004,0.768,0.667,0.46,0.69,0.195,0.098,4.1,-0.6,1.3,29,0.9,-0.4,-15.0,-1.7,-3.7,2024
Daz Cameron,OAK,186,170,34,23,5,1,5,22,15,0.2,0.258,0.329,0.587,0.258,70,0.129,0.25,91.6,8.6,0.083,0.488,112.6,0.475,0.392,0.133,0.043,0.405,0.38799999999999996,0.207,0.11599999999999999,0.512,0.37200000000000005,0.106,0.222,0.353,0.282,0.07,0.27399999999999997,0.25,0.285,0.708,0.484,0.45399999999999996,0.857,0.731,0.47,0.597,0.13,0.163,6.6,0.7,0.4,14,0.5,-0.4,-6.0,-3.9,-3.7,2024
Bryan Ramos,CHW,108,99,20,13,4,0,3,13,11,0.202,0.252,0.333,0.586,0.257,64,0.131,0.227,90.1,11.7,0.063,0.456,106.4,0.423,0.41,0.16699999999999998,0.031,0.397,0.423,0.179,0.115,0.526,0.359,0.094,0.231,0.357,0.282,0.065,0.204,0.32,0.265,0.652,0.435,0.565,0.8079999999999999,0.725,0.44,0.657,0.11900000000000001,0.20199999999999999,3.1,-1.0,,8,-0.6,-0.4,-5.0,-2.7,-4.2,2024
Garrett Cooper,- - -,116,107,22,15,5,1,1,6,11,0.206,0.267,0.299,0.566,0.253,58,0.093,0.296,85.9,12.7,0.09699999999999999,0.361,109.9,0.40299999999999997,0.33299999999999996,0.264,0.042,0.361,0.34700000000000003,0.292,0.18100000000000002,0.542,0.278,0.042,0.261,0.412,0.321,0.06,0.302,0.2,0.361,0.62,0.467,0.615,0.833,0.733,0.409,0.638,0.124,0.2,2.4,-0.2,-0.1,8,-0.3,-0.4,-5.8,-1.6,-3.5,2024
Michael Stefanic,LAA,124,110,24,20,4,0,0,8,8,0.218,0.301,0.255,0.555,0.258,64,0.036,0.267,85.1,7.0,0.011000000000000001,0.264,104.0,0.584,0.292,0.124,0.154,0.319,0.385,0.297,0.154,0.648,0.198,0.0,0.205,0.256,0.254,0.081,0.161,0.5,0.261,0.5670000000000001,0.409,0.738,0.985,0.904,0.483,0.669,0.039,0.255,1.0,-0.3,-0.2,9,-0.4,-0.4,-5.5,-2.1,-3.5,2024
Curt Casali,SFG,125,108,21,17,3,0,1,12,8,0.194,0.293,0.25,0.543,0.254,62,0.056,0.235,83.0,20.0,0.011000000000000001,0.17,104.5,0.376,0.435,0.188,0.162,0.44299999999999995,0.35200000000000004,0.205,0.21600000000000003,0.602,0.182,0.027000000000000003,0.206,0.267,0.265,0.10400000000000001,0.17600000000000002,0.59,0.231,0.6809999999999999,0.42700000000000005,0.726,0.879,0.833,0.436,0.672,0.071,0.174,1.6,-0.3,-0.2,9,-0.2,-0.4,-5.8,-2.4,-4.0,2024
Victor Scott II,STL,155,145,26,15,9,0,2,14,10,0.179,0.219,0.283,0.502,0.221,40,0.103,0.233,88.4,12.1,0.057,0.33299999999999996,107.1,0.434,0.40399999999999997,0.162,0.15,0.429,0.36200000000000004,0.21,0.18100000000000002,0.514,0.305,0.05,0.205,0.309,0.246,0.039,0.271,0.14,0.32299999999999995,0.6940000000000001,0.488,0.5489999999999999,0.8740000000000001,0.755,0.444,0.652,0.12,0.151,5.5,0.4,,7,0.9,-0.4,-10.3,0.8,-4.3,2024
Tucker Barnhart,ARI,96,81,14,11,3,0,0,13,6,0.173,0.287,0.21,0.497,0.239,49,0.037,0.28,83.4,1.6,0.038,0.212,101.6,0.489,0.23399999999999999,0.27699999999999997,0.091,0.423,0.423,0.154,0.154,0.6920000000000001,0.154,0.0,0.164,0.216,0.241,0.135,0.32299999999999995,0.42,0.251,0.579,0.395,0.604,0.8109999999999999,0.736,0.43700000000000006,0.635,0.10400000000000001,0.213,4.6,0.0,1.4,6,0.1,-0.4,-5.8,-1.8,-4.3,2024
Miles Mastrobuoni,CHC,106,98,19,16,3,0,0,9,4,0.194,0.245,0.224,0.47,0.214,35,0.031,0.232,87.4,13.9,0.024,0.317,107.6,0.43200000000000005,0.358,0.21,0.034,0.268,0.451,0.28,0.134,0.622,0.244,0.0,0.261,0.358,0.29,0.066,0.16,0.41,0.294,0.5770000000000001,0.415,0.7190000000000001,0.872,0.81,0.428,0.5660000000000001,0.079,0.223,4.5,0.2,0.5,4,0.8,-0.4,-7.4,0.1,-3.8,2024
Zack Short,- - -,88,70,9,6,3,0,0,11,5,0.129,0.282,0.171,0.454,0.228,44,0.043,0.196,88.6,21.2,0.040999999999999995,0.265,108.9,0.311,0.5329999999999999,0.156,0.083,0.327,0.327,0.34700000000000003,0.122,0.633,0.245,0.0,0.169,0.25,0.271,0.159,0.273,0.58,0.16,0.659,0.396,0.667,0.762,0.742,0.473,0.648,0.102,0.17600000000000002,4.8,-0.2,0.9,5,0.2,-0.4,-5.8,-1.2,-4.1,2024
Drew Romo,COL,53,51,9,6,3,0,0,4,6,0.176,0.208,0.235,0.443,0.197,8,0.059,0.273,82.2,14.7,0.03,0.152,101.0,0.485,0.424,0.091,0.071,0.39399999999999996,0.39399999999999996,0.212,0.091,0.6970000000000001,0.212,0.0,0.148,0.202,0.173,0.038,0.34,0.11,0.441,0.69,0.556,0.5329999999999999,0.867,0.7240000000000001,0.46,0.774,0.153,0.159,2.9,-0.5,,1,-0.5,-0.4,-6.3,0.7,-3.8,2024
Justyn-Henry Malloy,DET,230,202,41,25,7,1,8,18,21,0.203,0.291,0.366,0.658,0.291,88,0.163,0.297,87.5,18.8,0.109,0.37,107.9,0.361,0.45399999999999996,0.185,0.0,0.462,0.28600000000000003,0.252,0.126,0.546,0.32799999999999996,0.14800000000000002,0.177,0.326,0.267,0.1,0.37,0.27,0.245,0.685,0.43799999999999994,0.441,0.772,0.6679999999999999,0.439,0.596,0.145,0.192,2.8,-0.6,,23,-0.8,-0.5,-3.9,-8.8,-5.1,2024
Luis Campusano,SDP,299,277,63,42,13,0,8,37,40,0.227,0.281,0.361,0.642,0.282,83,0.134,0.24,87.7,9.9,0.046,0.342,110.8,0.46,0.354,0.18600000000000003,0.083,0.405,0.401,0.19399999999999998,0.18600000000000003,0.5489999999999999,0.266,0.095,0.242,0.35,0.289,0.067,0.13699999999999998,0.49,0.353,0.7,0.51,0.7020000000000001,0.88,0.812,0.452,0.639,0.096,0.15,1.9,-0.5,0.4,28,-0.5,-0.5,-6.7,-7.8,-4.5,2024
Nick Martini,CIN,163,146,31,20,4,2,5,23,24,0.212,0.272,0.37,0.641,0.279,72,0.158,0.245,87.4,14.9,0.071,0.33899999999999997,107.8,0.405,0.414,0.18,0.13,0.46799999999999997,0.297,0.23399999999999999,0.207,0.568,0.225,0.109,0.214,0.34,0.276,0.055,0.233,0.24,0.337,0.6859999999999999,0.495,0.643,0.8759999999999999,0.79,0.45399999999999996,0.6559999999999999,0.10400000000000001,0.17300000000000001,6.1,-1.3,0.7,15,-0.9,-0.5,-6.3,-4.0,-4.9,2024
Nelson Velazquez,KCR,230,205,41,24,8,1,8,31,27,0.2,0.274,0.366,0.64,0.28,78,0.166,0.237,88.2,17.5,0.08800000000000001,0.381,111.0,0.374,0.483,0.14300000000000002,0.127,0.435,0.293,0.272,0.177,0.51,0.313,0.113,0.214,0.396,0.304,0.083,0.265,0.31,0.29100000000000004,0.7340000000000001,0.465,0.45,0.815,0.6759999999999999,0.392,0.617,0.15,0.14800000000000002,5.3,0.0,1.0,21,0.5,-0.5,-5.3,-6.9,-4.6,2024
Mitch Haniger,SEA,423,380,79,55,12,0,12,42,44,0.208,0.286,0.334,0.62,0.277,85,0.126,0.276,90.5,13.7,0.09,0.45899999999999996,112.0,0.424,0.365,0.212,0.10800000000000001,0.439,0.349,0.212,0.153,0.498,0.349,0.129,0.216,0.364,0.292,0.095,0.298,0.32,0.268,0.672,0.44,0.515,0.7959999999999999,0.698,0.42700000000000005,0.622,0.133,0.17300000000000001,1.3,-0.8,-0.7,38,-1.6,-0.5,-8.6,-10.4,-5.0,2024
Robbie Grossman,- - -,245,208,44,33,8,0,3,21,16,0.212,0.322,0.293,0.616,0.283,83,0.082,0.275,86.3,13.3,0.033,0.276,107.0,0.434,0.32899999999999996,0.237,0.14,0.48,0.309,0.21100000000000002,0.11800000000000001,0.618,0.263,0.06,0.214,0.298,0.292,0.139,0.237,0.59,0.18,0.602,0.363,0.6759999999999999,0.848,0.799,0.434,0.588,0.073,0.225,3.2,0.1,0.5,23,-0.2,-0.5,-4.8,-8.6,-5.3,2024
Nick Senzel,- - -,267,236,46,28,11,0,7,25,18,0.195,0.283,0.331,0.614,0.273,73,0.136,0.232,84.0,15.5,0.055999999999999994,0.266,106.9,0.414,0.397,0.19,0.145,0.35200000000000004,0.42,0.22699999999999998,0.205,0.506,0.29,0.10099999999999999,0.229,0.355,0.298,0.105,0.228,0.46,0.278,0.6970000000000001,0.469,0.599,0.8590000000000001,0.775,0.456,0.629,0.105,0.18100000000000002,2.0,-1.5,1.0,23,-0.7,-0.5,-9.2,-5.0,-5.3,2024
Sean Bouchard,COL,108,91,17,9,7,0,1,14,8,0.187,0.29,0.297,0.586,0.266,55,0.11,0.271,89.8,10.7,0.049,0.344,109.0,0.483,0.36700000000000005,0.15,0.045,0.508,0.262,0.23,0.098,0.557,0.344,0.045,0.167,0.281,0.258,0.111,0.306,0.36,0.24600000000000002,0.6829999999999999,0.43200000000000005,0.525,0.784,0.6990000000000001,0.425,0.6759999999999999,0.13,0.192,6.2,0.6,-0.3,9,0.5,-0.5,-5.3,-3.4,-5.1,2024
Adam Frazier,KCR,294,262,53,38,10,1,4,35,22,0.202,0.282,0.294,0.576,0.261,65,0.092,0.246,84.5,15.3,0.028999999999999998,0.228,106.3,0.38299999999999995,0.363,0.254,0.068,0.40299999999999997,0.33,0.267,0.18899999999999997,0.573,0.23800000000000002,0.055,0.238,0.318,0.286,0.075,0.201,0.37,0.305,0.682,0.469,0.6729999999999999,0.9059999999999999,0.82,0.436,0.616,0.084,0.188,5.1,0.1,2.0,23,0.2,-0.5,-11.7,-3.1,-5.0,2024
DJ LeMahieu,NYY,228,201,41,34,5,0,2,19,26,0.204,0.269,0.259,0.527,0.239,53,0.055,0.229,88.5,1.9,0.057999999999999996,0.376,108.4,0.564,0.285,0.151,0.061,0.301,0.451,0.249,0.15,0.555,0.295,0.040999999999999995,0.244,0.365,0.299,0.083,0.154,0.54,0.322,0.596,0.444,0.7090000000000001,0.946,0.851,0.445,0.61,0.066,0.213,1.7,-0.8,-0.9,14,-2.2,-0.5,-14.5,2.4,-4.5,2024
Darell Hernaiz,OAK,135,120,23,19,3,0,1,8,12,0.192,0.261,0.242,0.503,0.23,50,0.05,0.234,87.1,10.8,0.01,0.33299999999999996,107.7,0.495,0.366,0.14,0.059000000000000004,0.24,0.479,0.281,0.125,0.6559999999999999,0.21899999999999997,0.028999999999999998,0.228,0.283,0.271,0.081,0.2,0.41,0.29600000000000004,0.665,0.465,0.634,0.865,0.785,0.457,0.57,0.1,0.18,2.0,-0.4,,7,-0.7,-0.5,-8.5,-0.6,-4.6,2024
Kyren Paris,LAA,59,51,6,3,2,0,1,4,5,0.118,0.224,0.216,0.44,0.207,29,0.098,0.152,87.8,6.2,0.057,0.34299999999999997,110.3,0.529,0.324,0.147,0.0,0.294,0.41200000000000003,0.294,0.147,0.618,0.235,0.091,0.182,0.31,0.262,0.11900000000000001,0.28800000000000003,0.41,0.23,0.7170000000000001,0.436,0.484,0.8590000000000001,0.745,0.423,0.61,0.11,0.161,3.9,0.1,,2,0.2,-0.5,-4.6,-2.0,-4.7,2024
Aaron Hicks,LAA,63,57,8,7,0,0,1,6,5,0.14,0.222,0.193,0.415,0.196,21,0.053,0.212,87.5,4.6,0.059000000000000004,0.353,105.0,0.588,0.265,0.147,0.111,0.529,0.294,0.17600000000000002,0.235,0.41200000000000003,0.353,0.111,0.192,0.272,0.248,0.095,0.365,0.26,0.281,0.6579999999999999,0.43700000000000006,0.574,0.779,0.7020000000000001,0.41200000000000003,0.603,0.13,0.19399999999999998,1.9,-0.1,0.6,2,0.2,-0.5,-5.6,-1.5,-5.0,2024
Ryan Kreidler,DET,65,59,7,6,0,0,1,9,2,0.119,0.2,0.169,0.369,0.177,8,0.051,0.154,82.0,13.2,0.05,0.225,105.9,0.447,0.395,0.158,0.133,0.5,0.275,0.225,0.2,0.575,0.225,0.067,0.17,0.252,0.231,0.092,0.292,0.32,0.258,0.7140000000000001,0.452,0.59,0.775,0.7140000000000001,0.426,0.677,0.129,0.163,6.0,-0.3,0.5,1,0.0,-0.5,-6.9,-0.5,-5.2,2024
Chuckie Robinson,CHW,76,70,9,9,0,0,0,2,0,0.129,0.197,0.129,0.326,0.159,-4,0.0,0.18,81.4,1.1,0.02,0.22,107.1,0.6,0.28,0.12,0.14300000000000002,0.36,0.4,0.24,0.34,0.52,0.14,0.0,0.172,0.213,0.21,0.066,0.263,0.25,0.401,0.784,0.55,0.616,0.813,0.726,0.389,0.684,0.151,0.128,0.4,-0.1,0.0,0,-0.3,-0.5,-9.3,1.6,-5.2,2024
Will Benson,CIN,388,343,64,29,19,2,14,41,43,0.187,0.274,0.376,0.65,0.285,76,0.19,0.282,89.4,18.2,0.115,0.401,110.7,0.363,0.442,0.195,0.048,0.5,0.318,0.182,0.115,0.547,0.33899999999999997,0.16699999999999998,0.18,0.333,0.268,0.10300000000000001,0.397,0.26,0.262,0.74,0.474,0.405,0.748,0.642,0.44299999999999995,0.603,0.16899999999999998,0.147,6.1,-0.2,-2.1,38,-1.6,-0.6,-12.6,-6.1,-5.6,2024
Enmanuel Valdez,BOS,223,201,43,25,12,0,6,23,28,0.214,0.27,0.363,0.633,0.275,73,0.149,0.253,89.4,19.3,0.092,0.418,110.8,0.33799999999999997,0.47700000000000004,0.185,0.139,0.45799999999999996,0.32,0.222,0.163,0.529,0.307,0.083,0.234,0.407,0.304,0.076,0.23800000000000002,0.32,0.3,0.629,0.43700000000000006,0.669,0.88,0.7959999999999999,0.419,0.628,0.08900000000000001,0.205,2.4,-0.5,,20,-0.2,-0.6,-7.0,-6.1,-5.7,2024
Jordan Walker,STL,178,164,33,17,10,1,5,16,20,0.201,0.253,0.366,0.619,0.268,72,0.165,0.252,91.2,9.4,0.095,0.431,115.5,0.509,0.42200000000000004,0.069,0.061,0.414,0.36200000000000004,0.22399999999999998,0.16399999999999998,0.474,0.36200000000000004,0.102,0.211,0.363,0.278,0.055999999999999994,0.281,0.2,0.348,0.7090000000000001,0.496,0.489,0.846,0.6990000000000001,0.41100000000000003,0.6629999999999999,0.149,0.161,4.2,0.0,,15,0.4,-0.6,-5.5,-6.7,-6.3,2024
Harold Ramirez,- - -,246,238,62,52,7,1,2,28,29,0.261,0.28,0.324,0.604,0.265,72,0.063,0.321,87.0,-0.2,0.032,0.33899999999999997,110.9,0.63,0.201,0.16899999999999998,0.079,0.307,0.317,0.376,0.212,0.5710000000000001,0.217,0.053,0.236,0.311,0.251,0.02,0.203,0.1,0.486,0.688,0.562,0.605,0.833,0.71,0.376,0.6990000000000001,0.163,0.149,5.3,-0.1,0.9,20,0.6,-0.6,-7.3,-6.7,-5.9,2024
Chris Taylor,LAD,246,213,43,31,7,1,4,28,23,0.202,0.298,0.3,0.598,0.272,73,0.099,0.289,85.9,16.9,0.071,0.28600000000000003,108.5,0.413,0.377,0.21,0.077,0.379,0.35,0.271,0.2,0.479,0.321,0.077,0.218,0.343,0.297,0.114,0.309,0.37,0.249,0.758,0.474,0.552,0.7609999999999999,0.7,0.44299999999999995,0.659,0.142,0.134,5.3,0.1,-2.6,21,-1.1,-0.6,-9.1,-4.7,-5.6,2024
Corey Julks,CHW,189,173,37,27,7,0,3,17,14,0.214,0.275,0.306,0.581,0.26,66,0.092,0.281,84.9,15.0,0.032,0.29,108.5,0.387,0.419,0.19399999999999998,0.115,0.34700000000000003,0.355,0.298,0.218,0.54,0.242,0.057999999999999996,0.213,0.306,0.265,0.079,0.265,0.3,0.33899999999999997,0.62,0.45799999999999996,0.62,0.866,0.7609999999999999,0.42200000000000004,0.63,0.109,0.19,3.8,-0.1,,14,-0.3,-0.6,-7.6,-4.4,-5.7,2024
Nick Madrigal,CHC,94,86,19,16,3,0,0,5,10,0.221,0.28,0.256,0.535,0.245,56,0.035,0.25,85.1,3.4,0.0,0.182,105.1,0.605,0.21100000000000002,0.184,0.125,0.28600000000000003,0.325,0.39,0.16899999999999998,0.662,0.16899999999999998,0.0,0.243,0.291,0.27,0.043,0.106,0.4,0.38299999999999995,0.674,0.5,0.8290000000000001,0.948,0.894,0.402,0.596,0.053,0.17600000000000002,3.0,0.0,-2.8,6,-1.6,-0.6,-6.5,-2.7,-6.1,2024
Christian Encarnacion-Strand,CIN,123,116,22,14,6,0,2,13,16,0.19,0.22,0.293,0.513,0.223,35,0.103,0.247,87.8,15.5,0.084,0.373,113.3,0.48200000000000004,0.337,0.18100000000000002,0.179,0.42200000000000004,0.349,0.22899999999999998,0.205,0.506,0.289,0.071,0.24,0.432,0.299,0.033,0.285,0.11,0.43700000000000006,0.74,0.5589999999999999,0.5760000000000001,0.866,0.73,0.401,0.634,0.151,0.146,2.4,-0.1,,6,0.1,-0.6,-9.4,-0.9,-6.3,2024
Ryan Noda,OAK,111,95,13,8,4,0,1,8,4,0.137,0.255,0.211,0.465,0.223,44,0.074,0.211,86.2,16.0,0.051,0.33899999999999997,108.0,0.439,0.368,0.193,0.28600000000000003,0.542,0.254,0.203,0.203,0.525,0.271,0.048,0.158,0.263,0.25,0.126,0.33299999999999996,0.38,0.217,0.679,0.419,0.426,0.797,0.6890000000000001,0.43700000000000006,0.5589999999999999,0.13,0.184,1.2,-0.2,,5,-1.0,-0.6,-8.0,-1.2,-5.6,2024
Nick Allen,OAK,105,97,17,12,4,0,1,6,4,0.175,0.216,0.247,0.463,0.207,33,0.072,0.211,84.4,8.9,0.013000000000000001,0.175,104.6,0.5539999999999999,0.284,0.162,0.095,0.425,0.28800000000000003,0.28800000000000003,0.2,0.65,0.15,0.048,0.202,0.246,0.22,0.048,0.19,0.25,0.315,0.657,0.48,0.621,0.92,0.8190000000000001,0.483,0.61,0.087,0.188,1.0,-0.1,-0.5,4,-0.6,-0.6,-8.6,-0.6,-5.7,2024
Mike Ford,CIN,62,60,9,7,0,1,1,2,4,0.15,0.177,0.233,0.411,0.18,6,0.083,0.182,86.4,17.5,0.022000000000000002,0.33299999999999996,107.0,0.444,0.42200000000000004,0.133,0.158,0.35600000000000004,0.4,0.244,0.222,0.5329999999999999,0.244,0.053,0.207,0.299,0.234,0.032,0.242,0.13,0.34600000000000003,0.708,0.498,0.696,0.838,0.7809999999999999,0.419,0.677,0.109,0.157,2.6,-0.1,-0.3,1,-0.2,-0.6,-7.2,-1.0,-6.1,2024
Andrew Knizner,TEX,93,90,15,13,1,0,1,5,9,0.167,0.183,0.211,0.394,0.174,8,0.044,0.206,87.3,11.9,0.043,0.348,106.8,0.435,0.304,0.261,0.14300000000000002,0.348,0.377,0.275,0.174,0.594,0.23199999999999998,0.048,0.232,0.324,0.248,0.011000000000000001,0.237,0.05,0.43799999999999994,0.723,0.55,0.677,0.863,0.773,0.392,0.72,0.125,0.15,1.2,-0.1,0.0,1,-0.3,-0.6,-10.1,1.1,-5.9,2024
Nick Gordon,MIA,275,260,59,39,11,1,8,29,32,0.227,0.258,0.369,0.627,0.271,70,0.142,0.271,86.2,6.5,0.061,0.29600000000000004,107.9,0.505,0.28600000000000003,0.209,0.054000000000000006,0.408,0.38799999999999996,0.204,0.168,0.5820000000000001,0.25,0.14300000000000002,0.218,0.351,0.263,0.04,0.244,0.16,0.45,0.797,0.595,0.551,0.8220000000000001,0.703,0.42,0.68,0.177,0.1,4.3,-1.4,-1.2,23,-2.8,-0.7,-12.6,-3.2,-6.6,2024
Kyle Stowers,- - -,209,192,40,24,11,2,3,15,24,0.208,0.268,0.333,0.601,0.265,68,0.125,0.319,91.0,12.3,0.109,0.513,109.7,0.496,0.32799999999999996,0.17600000000000002,0.128,0.387,0.429,0.185,0.126,0.504,0.37,0.077,0.22,0.365,0.288,0.062,0.354,0.18,0.375,0.809,0.545,0.524,0.768,0.6659999999999999,0.391,0.612,0.18100000000000002,0.105,3.5,-0.7,0.5,17,-0.1,-0.7,-8.2,-5.7,-7.0,2024
Wilmer Flores,SFG,242,214,44,28,12,0,4,19,26,0.206,0.277,0.318,0.595,0.262,68,0.112,0.22,83.5,21.4,0.059000000000000004,0.27399999999999997,107.1,0.32799999999999996,0.462,0.21,0.209,0.409,0.387,0.204,0.247,0.505,0.247,0.047,0.221,0.339,0.285,0.083,0.136,0.61,0.312,0.622,0.439,0.8029999999999999,0.9390000000000001,0.882,0.409,0.591,0.052000000000000005,0.213,1.1,-0.4,-2.5,19,-1.0,-0.7,-10.2,-4.2,-6.4,2024
Marco Luciano,SFG,81,76,16,10,5,1,0,10,3,0.211,0.259,0.303,0.562,0.248,59,0.092,0.333,87.9,12.4,0.063,0.45799999999999996,108.1,0.354,0.396,0.25,0.0,0.20800000000000002,0.41700000000000004,0.375,0.20800000000000002,0.5,0.292,0.0,0.241,0.356,0.285,0.062,0.34600000000000003,0.18,0.188,0.6709999999999999,0.418,0.469,0.8270000000000001,0.743,0.47700000000000004,0.716,0.10800000000000001,0.215,5.5,-0.5,,5,-0.2,-0.7,-4.2,-5.2,-6.7,2024
Luke Maile,CIN,154,135,24,18,4,0,2,8,8,0.178,0.268,0.252,0.52,0.241,47,0.074,0.268,84.7,11.3,0.035,0.247,106.0,0.42200000000000004,0.325,0.253,0.037000000000000005,0.435,0.38799999999999996,0.17600000000000002,0.11800000000000001,0.682,0.2,0.07400000000000001,0.177,0.252,0.238,0.084,0.33799999999999997,0.25,0.297,0.6920000000000001,0.451,0.526,0.883,0.7390000000000001,0.38799999999999996,0.584,0.11699999999999999,0.16399999999999998,3.0,0.1,-0.4,9,0.1,-0.7,-9.7,-2.1,-6.7,2024
Javier Baez,DET,289,272,50,32,12,0,6,25,37,0.184,0.221,0.294,0.516,0.224,41,0.11,0.22,88.3,11.2,0.078,0.39799999999999996,111.1,0.466,0.35,0.184,0.125,0.442,0.369,0.18899999999999997,0.19399999999999998,0.534,0.272,0.083,0.223,0.347,0.265,0.042,0.239,0.17,0.44,0.67,0.524,0.608,0.847,0.7190000000000001,0.363,0.6679999999999999,0.14800000000000002,0.161,4.9,0.8,0.1,14,0.6,-0.7,-18.7,2.0,-7.1,2024
Vaughn Grissom,BOS,114,105,20,17,3,0,0,10,6,0.19,0.246,0.219,0.465,0.213,30,0.029,0.244,86.1,8.4,0.049,0.32899999999999996,105.1,0.46299999999999997,0.293,0.244,0.0,0.341,0.39,0.268,0.183,0.585,0.23199999999999998,0.0,0.254,0.337,0.287,0.061,0.21100000000000002,0.29,0.326,0.637,0.45399999999999996,0.659,0.897,0.7959999999999999,0.41100000000000003,0.5529999999999999,0.092,0.2,4.6,0.2,0.9,4,0.5,-0.7,-8.7,-1.5,-6.4,2024
Ji Hwan Bae,PIT,81,74,14,12,2,0,0,11,6,0.189,0.247,0.216,0.463,0.213,31,0.027,0.275,87.3,2.4,0.11800000000000001,0.373,108.1,0.574,0.27699999999999997,0.149,0.0,0.33299999999999996,0.41200000000000003,0.255,0.13699999999999998,0.529,0.33299999999999996,0.0,0.217,0.337,0.274,0.07400000000000001,0.29600000000000004,0.25,0.322,0.669,0.47600000000000003,0.5539999999999999,0.828,0.725,0.444,0.679,0.131,0.13699999999999998,6.5,0.2,0.7,3,0.2,-0.7,-6.5,-2.8,-6.6,2024
Henry Davis,PIT,122,104,15,10,4,0,1,9,5,0.144,0.242,0.212,0.453,0.213,31,0.067,0.233,85.3,17.2,0.048,0.349,111.5,0.39299999999999996,0.44299999999999995,0.16399999999999998,0.37,0.516,0.226,0.258,0.32299999999999995,0.5,0.177,0.037000000000000005,0.156,0.227,0.226,0.107,0.369,0.29,0.275,0.741,0.46799999999999997,0.536,0.75,0.6759999999999999,0.415,0.623,0.151,0.146,1.4,-0.2,,5,-0.2,-0.7,-10.3,-0.6,-6.8,2024
Pablo Reyes,- - -,64,60,11,9,2,0,0,5,5,0.183,0.234,0.217,0.451,0.207,25,0.033,0.268,88.0,13.2,0.049,0.317,108.0,0.46299999999999997,0.39,0.146,0.063,0.46299999999999997,0.268,0.268,0.146,0.659,0.195,0.0,0.211,0.3,0.251,0.047,0.297,0.16,0.255,0.6,0.413,0.8,0.841,0.8270000000000001,0.456,0.672,0.071,0.24100000000000002,3.4,-0.7,0.2,2,-0.7,-0.7,-6.2,-2.9,-7.0,2024
Jose Fermin,STL,79,71,11,9,1,1,0,7,4,0.155,0.241,0.197,0.438,0.207,31,0.042,0.183,85.4,8.3,0.0,0.25,105.7,0.61,0.271,0.11900000000000001,0.313,0.5,0.317,0.183,0.15,0.617,0.233,0.0,0.201,0.246,0.246,0.08900000000000001,0.139,0.64,0.257,0.5489999999999999,0.395,0.8640000000000001,0.94,0.914,0.47200000000000003,0.5820000000000001,0.034,0.23800000000000002,6.4,-0.1,,3,0.2,-0.7,-6.4,-3.3,-7.1,2024
Bobby Dalbec,BOS,93,83,11,8,2,0,1,6,8,0.133,0.217,0.193,0.41,0.194,16,0.06,0.256,86.0,10.0,0.024,0.39,107.8,0.425,0.425,0.15,0.059000000000000004,0.341,0.293,0.366,0.22,0.488,0.293,0.059000000000000004,0.119,0.171,0.18,0.086,0.462,0.19,0.314,0.69,0.47,0.5529999999999999,0.636,0.603,0.414,0.645,0.18600000000000003,0.19,4.9,0.5,-1.0,2,-0.1,-0.7,-9.1,-0.6,-6.6,2024
Braden Shewmake,CHW,67,64,8,5,2,0,1,4,4,0.125,0.134,0.203,0.337,0.144,-15,0.078,0.127,86.5,14.3,0.036000000000000004,0.268,109.1,0.473,0.436,0.091,0.20800000000000002,0.518,0.161,0.321,0.196,0.589,0.214,0.042,0.172,0.246,0.188,0.015,0.149,0.1,0.42700000000000005,0.67,0.537,0.62,0.877,0.765,0.45299999999999996,0.627,0.126,0.159,6.2,0.5,,-1,0.9,-0.7,-7.9,-1.2,-6.9,2024
Alan Trejo,COL,67,63,9,9,0,0,0,4,1,0.143,0.182,0.143,0.325,0.152,-22,0.0,0.188,86.5,13.5,0.02,0.245,102.7,0.478,0.37,0.152,0.0,0.22399999999999998,0.51,0.265,0.102,0.5920000000000001,0.306,0.0,0.185,0.242,0.201,0.03,0.22399999999999998,0.13,0.40299999999999997,0.804,0.57,0.5770000000000001,0.878,0.754,0.41600000000000004,0.672,0.14,0.135,1.8,-0.1,-0.4,-1,-0.1,-0.7,-9.9,1.1,-6.5,2024
Ty France,- - -,535,479,112,75,24,0,13,46,51,0.234,0.305,0.365,0.67,0.296,93,0.132,0.277,88.7,12.9,0.073,0.4,111.1,0.457,0.36200000000000004,0.18100000000000002,0.11199999999999999,0.359,0.36200000000000004,0.278,0.141,0.573,0.28600000000000003,0.09699999999999999,0.228,0.387,0.303,0.071,0.213,0.33,0.32,0.7829999999999999,0.512,0.608,0.889,0.7859999999999999,0.414,0.624,0.109,0.128,1.6,-1.2,-1.8,57,-3.6,-0.8,-7.8,-18.2,-8.2,2024
Gavin Sheets,CHW,501,451,105,70,24,1,10,35,45,0.233,0.303,0.357,0.66,0.291,88,0.124,0.281,87.8,13.5,0.057,0.353,110.0,0.368,0.414,0.218,0.11800000000000001,0.402,0.325,0.273,0.175,0.5429999999999999,0.282,0.069,0.251,0.38,0.308,0.086,0.212,0.41,0.353,0.624,0.461,0.698,0.87,0.7909999999999999,0.401,0.573,0.096,0.184,2.0,-1.3,-2.2,51,-2.9,-0.8,-9.6,-15.0,-8.0,2024
Nolan Jones,COL,297,256,58,41,13,1,3,28,28,0.227,0.321,0.32,0.641,0.287,69,0.094,0.333,88.2,7.8,0.059000000000000004,0.444,112.0,0.524,0.27399999999999997,0.20199999999999999,0.109,0.272,0.43200000000000005,0.29600000000000004,0.136,0.5329999999999999,0.331,0.065,0.211,0.322,0.287,0.121,0.306,0.4,0.259,0.583,0.39899999999999997,0.62,0.85,0.765,0.431,0.606,0.094,0.22399999999999998,3.9,-1.2,1.1,29,-0.4,-0.8,-11.4,-6.7,-8.2,2024
Kris Bryant,COL,155,133,29,22,5,0,2,9,15,0.218,0.323,0.301,0.623,0.287,69,0.083,0.321,85.1,18.5,0.047,0.302,107.3,0.37200000000000005,0.384,0.244,0.152,0.5,0.314,0.18600000000000003,0.198,0.523,0.27899999999999997,0.061,0.211,0.315,0.29,0.084,0.31,0.27,0.349,0.682,0.47700000000000004,0.504,0.7859999999999999,0.659,0.38299999999999995,0.619,0.163,0.166,0.6,-0.3,-0.2,15,-0.6,-0.8,-6.3,-6.4,-7.6,2024
Luis Matos,SFG,156,150,32,22,5,0,5,14,25,0.213,0.237,0.347,0.584,0.25,60,0.133,0.221,86.9,14.1,0.039,0.37,109.1,0.386,0.449,0.165,0.12300000000000001,0.512,0.331,0.157,0.22,0.496,0.28300000000000003,0.08800000000000001,0.24,0.355,0.267,0.032,0.154,0.21,0.425,0.695,0.542,0.7709999999999999,0.9390000000000001,0.8640000000000001,0.434,0.615,0.073,0.158,1.3,-0.2,,11,0.0,-0.8,-7.6,-5.6,-7.9,2024
Dominic Fletcher,CHW,241,223,46,37,8,0,1,14,17,0.206,0.252,0.256,0.508,0.227,43,0.049,0.273,84.4,12.1,0.018000000000000002,0.266,105.4,0.442,0.33299999999999996,0.22399999999999998,0.127,0.304,0.39299999999999996,0.304,0.196,0.5770000000000001,0.226,0.018000000000000002,0.219,0.282,0.244,0.046,0.24100000000000002,0.19,0.341,0.638,0.46799999999999997,0.716,0.882,0.812,0.42700000000000005,0.664,0.08800000000000001,0.20800000000000002,1.0,-0.4,,12,-0.5,-0.8,-16.1,0.3,-7.8,2024
Trey Lipscomb,WSN,211,190,38,34,3,0,1,20,10,0.2,0.268,0.232,0.5,0.231,45,0.032,0.247,86.5,0.7,0.006999999999999999,0.314,108.2,0.623,0.225,0.152,0.17600000000000002,0.309,0.382,0.309,0.217,0.579,0.204,0.028999999999999998,0.23,0.29,0.267,0.076,0.19,0.4,0.35200000000000004,0.706,0.505,0.603,0.8740000000000001,0.7659999999999999,0.43200000000000005,0.6679999999999999,0.11800000000000001,0.158,5.3,1.0,,11,0.0,-0.8,-13.9,-0.9,-7.7,2024
Eloy Jimenez,- - -,349,324,77,57,14,0,6,25,23,0.238,0.289,0.336,0.626,0.276,78,0.099,0.285,92.0,4.4,0.078,0.49,112.3,0.561,0.28600000000000003,0.153,0.13699999999999998,0.40399999999999997,0.41600000000000004,0.18,0.145,0.514,0.341,0.08199999999999999,0.248,0.382,0.3,0.063,0.201,0.31,0.371,0.6990000000000001,0.503,0.614,0.893,0.77,0.401,0.639,0.11599999999999999,0.157,2.7,0.0,-3.4,31,-2.5,-0.9,-11.2,-9.4,-9.0,2024
Edward Olivares,PIT,196,174,39,30,4,0,5,22,23,0.224,0.291,0.333,0.624,0.276,74,0.109,0.25,86.8,9.2,0.064,0.355,109.9,0.496,0.326,0.177,0.217,0.504,0.305,0.191,0.24100000000000002,0.525,0.23399999999999999,0.109,0.28,0.397,0.332,0.08199999999999999,0.18899999999999997,0.43,0.34700000000000003,0.713,0.508,0.611,0.892,0.785,0.44,0.602,0.109,0.14800000000000002,3.0,-0.2,0.0,18,0.3,-0.9,-5.9,-9.6,-8.9,2024
Christopher Morel,- - -,611,535,105,70,11,3,21,56,60,0.196,0.288,0.346,0.634,0.28,81,0.15,0.233,89.2,14.2,0.102,0.40399999999999997,111.4,0.45399999999999996,0.402,0.14400000000000002,0.17600000000000002,0.465,0.365,0.171,0.18600000000000003,0.478,0.336,0.13699999999999998,0.225,0.399,0.316,0.1,0.26,0.38,0.297,0.7190000000000001,0.47,0.55,0.764,0.684,0.41,0.642,0.14800000000000002,0.149,3.8,-2.3,0.3,57,-2.3,-1.0,-15.6,-14.5,-9.7,2024
Joey Meneses,WSN,313,281,65,51,11,0,3,19,42,0.231,0.291,0.302,0.593,0.264,67,0.071,0.281,88.9,8.3,0.045,0.39299999999999996,114.2,0.496,0.344,0.161,0.078,0.41100000000000003,0.397,0.192,0.134,0.5710000000000001,0.295,0.039,0.223,0.326,0.275,0.067,0.201,0.33,0.364,0.7190000000000001,0.508,0.632,0.904,0.7879999999999999,0.405,0.617,0.10800000000000001,0.147,2.3,-0.2,0.3,25,-0.1,-1.0,-12.5,-7.6,-9.7,2024
Adam Duvall,ATL,330,303,55,34,10,0,11,29,30,0.182,0.245,0.323,0.569,0.252,59,0.142,0.227,86.9,22.2,0.107,0.366,113.0,0.312,0.507,0.18,0.163,0.522,0.302,0.17600000000000002,0.22399999999999998,0.434,0.341,0.106,0.197,0.387,0.283,0.064,0.3,0.21,0.369,0.664,0.49,0.596,0.863,0.7440000000000001,0.41100000000000003,0.639,0.125,0.182,1.2,-0.5,-0.4,23,-0.2,-1.0,-16.6,-4.3,-9.9,2024
Jordan Beck,COL,184,170,32,23,6,0,3,14,13,0.188,0.245,0.276,0.521,0.231,31,0.088,0.282,86.4,13.5,0.066,0.321,111.5,0.462,0.33,0.20800000000000002,0.028999999999999998,0.406,0.349,0.245,0.10400000000000001,0.5,0.396,0.086,0.212,0.334,0.267,0.065,0.353,0.18,0.38,0.7509999999999999,0.536,0.552,0.7929999999999999,0.6940000000000001,0.42,0.6629999999999999,0.16399999999999998,0.153,4.7,0.7,,10,1.7,-1.0,-13.4,-2.3,-9.5,2024
Miguel Vargas,- - -,237,206,31,19,7,0,5,22,16,0.15,0.249,0.257,0.506,0.233,46,0.107,0.177,86.2,21.3,0.046,0.263,110.8,0.322,0.507,0.171,0.078,0.42100000000000004,0.32899999999999996,0.25,0.138,0.612,0.25,0.065,0.175,0.288,0.26,0.105,0.24100000000000002,0.44,0.247,0.722,0.445,0.7659999999999999,0.8420000000000001,0.8170000000000001,0.41700000000000004,0.599,0.081,0.16899999999999998,3.6,-0.2,0.9,13,0.6,-1.0,-14.0,-3.6,-9.7,2024
Omar Narvaez,NYM,69,65,10,8,2,0,0,4,5,0.154,0.191,0.185,0.376,0.171,8,0.031,0.189,86.1,21.0,0.0,0.222,99.4,0.34600000000000003,0.5,0.154,0.077,0.278,0.444,0.278,0.222,0.611,0.16699999999999998,0.0,0.177,0.236,0.2,0.043,0.174,0.25,0.301,0.754,0.513,0.767,0.884,0.848,0.46799999999999997,0.623,0.078,0.149,1.4,-0.1,-0.1,0,-0.1,-1.0,-7.7,-4.2,-9.7,2024
Bryan De La Cruz,- - -,622,584,136,90,25,0,21,61,68,0.233,0.271,0.384,0.654,0.283,78,0.151,0.289,89.6,13.1,0.09300000000000001,0.41200000000000003,110.5,0.41100000000000003,0.37,0.22,0.052000000000000005,0.42,0.308,0.272,0.126,0.547,0.327,0.135,0.242,0.419,0.302,0.047,0.273,0.17,0.371,0.772,0.534,0.61,0.8109999999999999,0.728,0.408,0.6459999999999999,0.145,0.135,2.8,-0.8,-1.3,59,-2.6,-1.1,-18.8,-12.4,-10.5,2024
Jack Suwinski,PIT,277,247,45,28,8,0,9,29,26,0.182,0.264,0.324,0.588,0.26,62,0.142,0.225,88.9,12.9,0.08800000000000001,0.382,111.5,0.46399999999999997,0.35700000000000004,0.179,0.083,0.441,0.324,0.235,0.159,0.506,0.335,0.15,0.22,0.361,0.292,0.09699999999999999,0.285,0.34,0.261,0.7140000000000001,0.46399999999999997,0.55,0.8540000000000001,0.76,0.449,0.596,0.111,0.165,4.8,1.0,-0.9,21,1.3,-1.1,-11.2,-9.1,-11.0,2024
Dylan Carlson,- - -,265,235,49,39,7,0,3,19,25,0.209,0.287,0.277,0.563,0.257,67,0.068,0.288,86.8,15.8,0.025,0.258,107.2,0.41,0.385,0.205,0.113,0.41100000000000003,0.331,0.258,0.153,0.589,0.258,0.048,0.195,0.27,0.25,0.083,0.28300000000000003,0.29,0.28,0.7390000000000001,0.48,0.583,0.7759999999999999,0.7120000000000001,0.436,0.6829999999999999,0.138,0.152,2.4,-0.5,1.4,20,0.3,-1.1,-10.1,-9.3,-10.6,2024
Hunter Goodman,COL,224,211,40,18,9,0,13,24,36,0.19,0.228,0.417,0.645,0.274,61,0.227,0.199,88.4,16.5,0.128,0.396,114.7,0.389,0.456,0.154,0.132,0.45,0.322,0.228,0.18100000000000002,0.47,0.349,0.191,0.211,0.408,0.282,0.036000000000000004,0.28600000000000003,0.13,0.436,0.7879999999999999,0.58,0.5489999999999999,0.835,0.708,0.41,0.643,0.16899999999999998,0.114,2.6,-0.4,,20,-0.3,-1.2,-10.8,-8.7,-12.1,2024
Yan Gomes,CHC,96,91,14,10,2,0,2,7,7,0.154,0.179,0.242,0.421,0.184,15,0.088,0.222,87.1,17.1,0.105,0.42100000000000004,106.9,0.33899999999999997,0.429,0.23199999999999998,0.083,0.316,0.42100000000000004,0.263,0.175,0.474,0.35100000000000003,0.083,0.212,0.364,0.259,0.021,0.375,0.06,0.44,0.7859999999999999,0.5870000000000001,0.495,0.816,0.677,0.424,0.635,0.18899999999999997,0.136,1.7,-0.1,0.0,2,-0.1,-1.2,-9.8,-5.0,-11.6,2024
Noelvi Marte,CIN,242,229,48,35,9,0,4,24,18,0.21,0.248,0.301,0.549,0.243,48,0.092,0.291,87.0,11.3,0.065,0.361,111.5,0.452,0.348,0.2,0.16699999999999998,0.413,0.335,0.252,0.19399999999999998,0.51,0.297,0.07400000000000001,0.225,0.346,0.268,0.037000000000000005,0.31,0.12,0.40700000000000003,0.755,0.541,0.5479999999999999,0.8590000000000001,0.715,0.384,0.653,0.154,0.139,5.0,0.2,,15,1.0,-1.4,-14.0,-7.9,-13.9,2024
Tim Anderson,MIA,241,234,50,47,3,0,0,16,9,0.214,0.237,0.226,0.463,0.208,28,0.013,0.301,86.1,1.4,0.018000000000000002,0.301,108.9,0.624,0.152,0.22399999999999998,0.0,0.418,0.297,0.285,0.127,0.6,0.273,0.0,0.215,0.283,0.23,0.028999999999999998,0.282,0.1,0.414,0.72,0.546,0.605,0.792,0.711,0.431,0.635,0.158,0.141,2.9,-1.2,0.2,8,-1.4,-1.4,-22.2,0.5,-13.6,2024
Martin Maldonado,CHW,147,135,16,9,3,0,4,9,11,0.119,0.174,0.23,0.403,0.181,11,0.111,0.15,88.0,20.1,0.08,0.35600000000000004,107.7,0.369,0.5,0.131,0.11900000000000001,0.47100000000000003,0.379,0.149,0.195,0.483,0.322,0.095,0.16,0.288,0.222,0.054000000000000006,0.34700000000000003,0.16,0.342,0.6629999999999999,0.491,0.42200000000000004,0.8009999999999999,0.659,0.46399999999999997,0.728,0.16699999999999998,0.19399999999999998,1.1,-0.1,-2.1,2,-1.4,-1.5,-16.3,-3.1,-14.6,2024
Jose Abreu,HOU,120,113,14,10,2,0,2,10,7,0.124,0.167,0.195,0.361,0.164,0,0.071,0.143,87.8,6.7,0.023,0.337,109.7,0.535,0.326,0.14,0.036000000000000004,0.267,0.45299999999999996,0.27899999999999997,0.151,0.616,0.233,0.071,0.161,0.24,0.198,0.033,0.233,0.14,0.37799999999999995,0.7070000000000001,0.512,0.642,0.843,0.755,0.40700000000000003,0.608,0.126,0.17300000000000001,2.6,-0.1,-1.3,0,-0.7,-1.5,-14.5,-4.2,-14.7,2024
Elehuris Montero,COL,247,224,46,32,10,0,4,23,28,0.205,0.267,0.304,0.571,0.254,47,0.098,0.251,89.5,17.1,0.076,0.415,114.1,0.374,0.474,0.152,0.086,0.415,0.33899999999999997,0.24600000000000002,0.175,0.49700000000000005,0.327,0.049,0.208,0.324,0.269,0.081,0.22699999999999998,0.36,0.425,0.732,0.541,0.531,0.878,0.7070000000000001,0.376,0.6559999999999999,0.158,0.132,1.4,-0.4,-1.4,18,-2.3,-1.9,-18.0,-8.5,-18.2,2024
Eddie Rosario,- - -,319,297,52,30,12,0,10,33,35,0.175,0.215,0.316,0.531,0.23,44,0.141,0.196,90.9,14.4,0.053,0.425,110.2,0.395,0.408,0.19699999999999998,0.077,0.451,0.28800000000000003,0.261,0.111,0.562,0.327,0.11,0.211,0.34,0.257,0.05,0.24100000000000002,0.21,0.37,0.7290000000000001,0.521,0.627,0.821,0.741,0.42,0.586,0.135,0.146,5.4,1.0,-0.3,17,2.0,-2.0,-19.2,-10.7,-19.2,2024
Brandon Drury,LAA,360,325,55,44,7,0,4,28,15,0.169,0.242,0.228,0.469,0.217,35,0.058,0.21,87.6,6.0,0.036000000000000004,0.35600000000000004,113.7,0.5710000000000001,0.275,0.154,0.147,0.368,0.433,0.198,0.223,0.51,0.267,0.059000000000000004,0.202,0.287,0.259,0.075,0.225,0.33,0.294,0.685,0.467,0.648,0.846,0.7759999999999999,0.441,0.65,0.10400000000000001,0.175,2.4,-0.4,-1.0,15,-1.9,-2.1,-28.7,-3.2,-19.9,2024
